job_id,job_title,company,industry,location,experience_required,salary_offered,skills_required,education_required,posted_date,job_type,remote_option
JOB_00001,Machine Operator,Tata Motors,Healthcare,Mumbai,Fresher,32870,Machine Maintenance; CNC Operation; Quality Control,10th Pass,2026-08-24,Internship,Yes
JOB_00002,Software Developer,Axis Bank,Telecommunications,Amravati,Fresher,32856,SQL; Agile; REST API,Post Graduate,2026-07-13,Internship,Hybrid
JOB_00003,Machine Learning Engineer,Byju's,Manufacturing,Solapur,Fresher,27449,TensorFlow; NLP; PyTorch; Python; Scikit-learn,Diploma,2026-08-23,Contract,Hybrid
JOB_00004,Machine Learning Engineer,Vedantu,Telecommunications,Raigad,Fresher,24606,Scikit-learn; Python; SQL,10th Pass,2026-06-16,Contract,Hybrid
JOB_00005,Business Analyst,Axis Bank,FMCG,Pune,Fresher,29857,SQL; Excel; JIRA; Process Mapping; Agile,Diploma,2026-06-15,Part-time,No
JOB_00006,Customer Support Specialist,Tata Motors,Pharmaceuticals,Yavatmal,0-2 years,55294,Communication; Problem Solving; CRM; Customer Service; Zendesk,Diploma,2026-07-18,Part-time,Hybrid
JOB_00007,Sales Executive,Wipro,FMCG,Kolhapur,Fresher,33585,Lead Generation; Communication; CRM; Customer Relationship,Post Graduate,2026-07-26,Internship,No
JOB_00008,Teacher,Mahindra & Mahindra,E-commerce,Aurangabad,5-8 years,212311,Curriculum Development; Communication; Assessment,12th Pass,2026-06-22,Contract,Yes
JOB_00009,DevOps Engineer,Accenture,FMCG,Parbhani,8+ years,283876,Docker; Ansible; Python,12th Pass,2026-06-09,Full-time,No
JOB_00010,Content Writer,Razorpay,Education,Chandrapur,8+ years,378349,WordPress; Content Writing; Copywriting,Diploma,2026-08-21,Internship,Yes
JOB_00011,HR Coordinator,Mahindra & Mahindra,Telecommunications,Raigad,Fresher,31635,Payroll; Recruitment; Communication; Employee Relations,Post Graduate,2026-06-19,Part-time,No
JOB_00012,Logistics Coordinator,Razorpay,Media & Entertainment,Bhiwandi,0-2 years,26276,Coordination; Communication; Documentation,Diploma,2026-08-21,Contract,Yes
JOB_00013,Data Analyst,Accenture,Banking & Finance,Nanded,0-2 years,56148,SQL; Pandas; Tableau; NumPy; Statistics; Excel,Post Graduate,2026-06-26,Contract,Hybrid
JOB_00014,Pharmacy Assistant,ICICI Bank,Media & Entertainment,Ahmednagar,8+ years,429690,Inventory Management; Customer Service; Pharmacy Software,12th Pass,2026-06-30,Full-time,Yes
JOB_00015,Cybersecurity Analyst,Infosys,Automotive,Akola,Fresher,16929,Risk Assessment; Penetration Testing; Network Security; Firewall,Graduate,2026-08-06,Full-time,No
JOB_00016,Digital Marketing Executive,Tata Motors,Construction,Kolhapur,8+ years,447974,SEM; Content Marketing; Email Marketing; Google Analytics; Social Media Marketing; SEO,Post Graduate,2026-07-14,Full-time,Yes
JOB_00017,Technician,Byju's,Retail,Latur,5-8 years,188946,Equipment Maintenance; Safety; Mechanical Systems; Troubleshooting,Post Graduate,2026-08-22,Part-time,Yes
JOB_00018,Electrician,Byju's,E-commerce,Aurangabad,5-8 years,244264,Troubleshooting; Circuit Design; Electrical Wiring; Equipment Maintenance,Graduate,2026-08-23,Full-time,Yes
JOB_00019,Training Coordinator,Max Healthcare,Logistics,Solapur,0-2 years,49836,Curriculum Design; Assessment; Training Delivery; Communication,12th Pass,2026-09-04,Contract,No
JOB_00020,Full Stack Developer,Paytm,E-commerce,Osmanabad,5-8 years,242133,SQL; React; JavaScript; REST API,Diploma,2026-08-28,Full-time,Yes
JOB_00021,Fitter,Razorpay,E-commerce,Jalna,5-8 years,117962,Maintenance; Mechanical Fitting; Assembly,Graduate,2026-06-20,Part-time,No
JOB_00022,Cloud Engineer,Wipro,Automotive,Kolhapur,8+ years,496341,Networking; Linux; Kubernetes,Diploma,2026-06-30,Contract,Yes
JOB_00023,Technician,Mahindra & Mahindra,Retail,Kolhapur,2-5 years,59508,Electrical Systems; Mechanical Systems; Troubleshooting,12th Pass,2026-09-03,Full-time,Yes
JOB_00024,Electrician,Mahindra & Mahindra,E-commerce,Jalna,0-2 years,35338,Electrical Wiring; Circuit Design; Troubleshooting; Safety Standards,10th Pass,2026-07-10,Contract,Hybrid
JOB_00025,Nurse,Crompton Greaves,Media & Entertainment,Mumbai,8+ years,490048,Patient Care; Medical Procedures; Vital Signs; Emergency Care; Medication Administration,Diploma,2026-08-16,Contract,Hybrid
JOB_00026,Business Analyst,Mahindra & Mahindra,Telecommunications,Amravati,2-5 years,50464,Power BI; SQL; Agile; Process Mapping; Excel; Requirements Gathering,Post Graduate,2026-07-24,Contract,Yes
JOB_00027,Warehouse Supervisor,Byju's,Telecommunications,Bhiwandi,5-8 years,139073,Inventory Management; WMS; Logistics,Graduate,2026-06-27,Contract,Hybrid
JOB_00028,Electrician,IBM,IT Services,Ahmednagar,0-2 years,41353,Safety Standards; Electrical Wiring; Circuit Design; Troubleshooting,Graduate,2026-06-11,Contract,Hybrid
JOB_00029,Teacher,Amazon,Media & Entertainment,Satara,5-8 years,106497,Classroom Management; Curriculum Development; Assessment,Diploma,2026-08-13,Internship,Hybrid
JOB_00030,Pharmacy Assistant,Flipkart,FMCG,Sangli,0-2 years,39577,Pharmacy Software; Medication Dispensing; Customer Service,12th Pass,2026-08-10,Contract,No
JOB_00031,Medical Lab Technician,Infosys,Construction,Kolhapur,0-2 years,29549,Quality Control; Equipment Operation; Sample Collection,Diploma,2026-07-31,Internship,Hybrid
JOB_00032,Medical Lab Technician,Infosys,Banking & Finance,Akola,8+ years,427836,Sample Collection; Equipment Operation; Lab Testing; Quality Control,Diploma,2026-07-22,Internship,Hybrid
JOB_00033,Quality Analyst,HDFC Bank,Education,Dhule,Fresher,32036,Agile; SQL; Testing,Post Graduate,2026-06-28,Contract,No
JOB_00034,Digital Marketing Executive,Siemens,Construction,Satara,2-5 years,103528,Email Marketing; Google Analytics; Content Marketing,12th Pass,2026-07-25,Contract,Hybrid
JOB_00035,DevOps Engineer,Fortis Healthcare,Construction,Ahmednagar,0-2 years,44914,CI/CD; AWS; Ansible; Jenkins,Post Graduate,2026-07-30,Internship,Hybrid
JOB_00036,Welder,Unacademy,Logistics,Chandrapur,2-5 years,87196,MIG Welding; Safety Standards; TIG Welding; Arc Welding; Blueprint Reading,10th Pass,2026-07-01,Contract,Yes
JOB_00037,Medical Lab Technician,Crompton Greaves,Healthcare,Yavatmal,0-2 years,41046,Sample Collection; Lab Testing; Quality Control,10th Pass,2026-07-06,Full-time,No
JOB_00038,Accountant,Fortis Healthcare,Logistics,Amravati,8+ years,292215,Excel; QuickBooks; Tally; Taxation; Financial Reporting; Accounting,10th Pass,2026-06-07,Internship,Yes
JOB_00039,Electrician,Vedantu,E-commerce,Nashik,0-2 years,54223,Equipment Maintenance; Safety Standards; Circuit Design; Troubleshooting,12th Pass,2026-08-15,Internship,No
JOB_00040,Logistics Coordinator,Tata Motors,FMCG,Beed,0-2 years,43725,Tracking Systems; Documentation; Coordination; Communication; Transportation Management,Diploma,2026-08-05,Contract,No
JOB_00041,Teacher,IBM,E-commerce,Nagpur,8+ years,312172,Assessment; Classroom Management; Communication,12th Pass,2026-08-27,Internship,No
JOB_00042,Electrician,HCL,Healthcare,Ahmednagar,5-8 years,225037,Troubleshooting; Electrical Wiring; Safety Standards; Circuit Design,Diploma,2026-09-04,Contract,No
JOB_00043,Pharmacy Assistant,Axis Bank,Logistics,Bhiwandi,5-8 years,107608,Inventory Management; Customer Service; Pharmacy Software,Diploma,2026-07-17,Internship,Hybrid
JOB_00044,UI/UX Designer,Infosys,Media & Entertainment,Aurangabad,5-8 years,135572,User Research; HTML/CSS; Figma; Wireframing; Sketch; Adobe XD,Post Graduate,2026-07-07,Full-time,No
JOB_00045,Content Writer,Vedantu,Manufacturing,Amravati,2-5 years,111644,Research; Copywriting; WordPress; SEO; Content Writing,10th Pass,2026-09-02,Full-time,No
JOB_00046,Cybersecurity Analyst,Wipro,FMCG,Beed,Fresher,19993,Penetration Testing; Compliance; Network Security,Post Graduate,2026-08-05,Internship,Hybrid
JOB_00047,Cloud Engineer,Vedantu,Pharmaceuticals,Amravati,8+ years,285860,Linux; Azure; Kubernetes; Terraform; AWS,Graduate,2026-07-27,Full-time,No
JOB_00048,Fitter,HDFC Bank,Banking & Finance,Dhule,5-8 years,248355,Blueprint Reading; Mechanical Fitting; Precision Tools; Maintenance; Assembly,Diploma,2026-08-30,Internship,Hybrid
JOB_00049,Customer Support Specialist,ABB India,IT Services,Jalna,Fresher,30064,Zendesk; Communication; Problem Solving; CRM,12th Pass,2026-08-16,Part-time,Hybrid
JOB_00050,Quality Analyst,Zerodha,Logistics,Satara,2-5 years,61359,JIRA; Agile; Bug Tracking; Manual Testing; Selenium; Testing,12th Pass,2026-07-31,Part-time,No
JOB_00051,Fitter,Fortis Healthcare,Manufacturing,Yavatmal,8+ years,455616,Assembly; Precision Tools; Mechanical Fitting,Diploma,2026-08-08,Contract,No
JOB_00052,Machine Learning Engineer,Tata Motors,Telecommunications,Osmanabad,8+ years,326540,SQL; TensorFlow; Python,12th Pass,2026-07-14,Part-time,Hybrid
JOB_00053,Supply Chain Analyst,Infosys,Banking & Finance,Chandrapur,5-8 years,224062,SAP; Inventory Management; Forecasting; Data Analysis; Logistics,10th Pass,2026-06-26,Contract,No
JOB_00054,Warehouse Supervisor,Larsen & Toubro,Pharmaceuticals,Akola,8+ years,263258,Logistics; WMS; Team Leadership; Inventory Management,Diploma,2026-08-11,Full-time,Hybrid
JOB_00055,Electrician,ICICI Bank,Pharmaceuticals,Amravati,0-2 years,44414,Safety Standards; Equipment Maintenance; Electrical Wiring; Troubleshooting,Diploma,2026-08-06,Part-time,No
JOB_00056,Software Developer,Tata Motors,IT Services,Aurangabad,8+ years,457361,Git; Agile; Java,Graduate,2026-08-22,Contract,No
JOB_00057,Supply Chain Analyst,Reliance Jio,IT Services,Akola,5-8 years,119420,Inventory Management; Excel; Data Analysis; SAP; Logistics,Graduate,2026-06-23,Part-time,Yes
JOB_00058,Nurse,Accenture,Healthcare,Jalgaon,8+ years,318325,Emergency Care; Vital Signs; Medication Administration,12th Pass,2026-06-30,Internship,No
JOB_00059,Full Stack Developer,Crompton Greaves,Automotive,Ahmednagar,8+ years,310637,React; Git; REST API,Graduate,2026-08-02,Part-time,Yes
JOB_00060,UI/UX Designer,Flipkart,IT Services,Nagpur,8+ years,321360,Prototyping; Wireframing; User Research; HTML/CSS; Adobe XD; Figma,Diploma,2026-07-30,Internship,Yes
JOB_00061,Technician,HDFC Bank,Retail,Sangli,0-2 years,34764,Safety; Troubleshooting; Electrical Systems,Post Graduate,2026-08-01,Full-time,Yes
JOB_00062,UI/UX Designer,Godrej Industries,Logistics,Satara,2-5 years,102757,Prototyping; Wireframing; Sketch,10th Pass,2026-08-01,Internship,No
JOB_00063,Digital Marketing Executive,Byju's,Pharmaceuticals,Pune,8+ years,210876,Content Marketing; Google Analytics; SEO; Social Media Marketing; Email Marketing,Diploma,2026-06-10,Full-time,Yes
JOB_00064,Supply Chain Analyst,Unacademy,Media & Entertainment,Beed,8+ years,247837,SAP; Data Analysis; Inventory Management; Logistics; Forecasting,Diploma,2026-07-06,Internship,No
JOB_00065,Sales Executive,ABB India,Retail,Solapur,Fresher,29903,Lead Generation; Communication; Customer Relationship; Negotiation; CRM,Diploma,2026-08-24,Contract,No
JOB_00066,Cloud Engineer,TCS,Construction,Jalna,5-8 years,230676,Networking; AWS; Azure; Kubernetes; GCP; Docker,12th Pass,2026-06-16,Full-time,Yes
JOB_00067,Machine Learning Engineer,Godrej Industries,Logistics,Aurangabad,8+ years,362922,Python; NLP; SQL; TensorFlow; PyTorch; Deep Learning,Graduate,2026-06-26,Internship,Yes
JOB_00068,Cybersecurity Analyst,Capgemini,Construction,Chandrapur,Fresher,30810,Firewall; SIEM; Risk Assessment; Penetration Testing,Post Graduate,2026-07-06,Internship,Hybrid
JOB_00069,DevOps Engineer,PhonePe,Pharmaceuticals,Amravati,5-8 years,233100,Docker; Kubernetes; AWS; Linux,Graduate,2026-08-01,Contract,Hybrid
JOB_00070,Full Stack Developer,Paytm,Energy,Nanded,8+ years,374294,REST API; SQL; MongoDB; Node.js,10th Pass,2026-06-26,Internship,No
JOB_00071,Training Coordinator,Bajaj Finserv,Automotive,Amravati,2-5 years,111993,Curriculum Design; Assessment; Training Delivery; LMS,12th Pass,2026-07-18,Part-time,No
JOB_00072,Project Coordinator,PhonePe,Automotive,Aurangabad,Fresher,15502,Project Management; MS Office; Agile; Documentation; Communication,12th Pass,2026-08-17,Part-time,Yes
JOB_00073,Supply Chain Analyst,Narayana Health,Construction,Akola,2-5 years,91505,Logistics; Data Analysis; Inventory Management,12th Pass,2026-06-16,Full-time,Hybrid
JOB_00074,Digital Marketing Executive,Godrej Industries,Healthcare,Beed,0-2 years,54076,Social Media Marketing; SEO; Content Marketing,Diploma,2026-08-14,Full-time,Yes
JOB_00075,Sales Executive,Larsen & Toubro,Manufacturing,Jalgaon,Fresher,33544,Negotiation; Customer Relationship; Communication; Lead Generation,Post Graduate,2026-06-09,Part-time,Yes
JOB_00076,Digital Marketing Executive,Bajaj Finserv,Logistics,Dhule,8+ years,333864,SEM; Social Media Marketing; Google Analytics; Email Marketing,Graduate,2026-06-11,Internship,No
JOB_00077,Technician,Tech Mahindra,Logistics,Solapur,8+ years,331123,Safety; Electrical Systems; Mechanical Systems; Troubleshooting,Diploma,2026-07-08,Part-time,No
JOB_00078,Pharmacy Assistant,Bajaj Finserv,Retail,Nashik,5-8 years,203758,Inventory Management; Pharmacy Software; Customer Service; Medication Dispensing,Graduate,2026-07-31,Full-time,Hybrid
JOB_00079,Warehouse Supervisor,Axis Bank,Automotive,Jalgaon,5-8 years,135855,Team Leadership; WMS; Logistics; Safety Standards,Graduate,2026-06-16,Full-time,No
JOB_00080,Nurse,Apollo Hospitals,Pharmaceuticals,Pune,5-8 years,208921,Patient Care; Medication Administration; Medical Procedures,Post Graduate,2026-08-13,Part-time,Hybrid
JOB_00081,Teacher,PhonePe,Media & Entertainment,Jalna,2-5 years,94396,Classroom Management; Communication; Curriculum Development; Assessment,12th Pass,2026-08-21,Full-time,Yes
JOB_00082,Logistics Coordinator,Narayana Health,Energy,Yavatmal,0-2 years,33099,Communication; Transportation Management; Documentation; Tracking Systems; Coordination,Diploma,2026-07-08,Contract,Hybrid
JOB_00083,Content Writer,Axis Bank,Logistics,Nashik,2-5 years,79015,Editing; WordPress; Copywriting,Graduate,2026-06-14,Internship,Hybrid
JOB_00084,Full Stack Developer,IBM,IT Services,Nashik,5-8 years,125478,SQL; MongoDB; JavaScript,10th Pass,2026-08-05,Part-time,No
JOB_00085,HR Coordinator,Max Healthcare,Automotive,Yavatmal,2-5 years,103492,Employee Relations; Recruitment; Compliance; Communication,Graduate,2026-07-31,Contract,Yes
JOB_00086,HR Coordinator,Apollo Hospitals,Banking & Finance,Kolhapur,5-8 years,149757,Payroll; Communication; Recruitment; HRMS; Compliance,12th Pass,2026-08-20,Full-time,Hybrid
JOB_00087,Business Analyst,HCL,FMCG,Mumbai,8+ years,490564,Excel; JIRA; Requirements Gathering; Agile; SQL,10th Pass,2026-08-09,Part-time,Yes
JOB_00088,Sales Executive,TCS,Education,Satara,0-2 years,32204,Negotiation; Communication; CRM,Graduate,2026-06-12,Part-time,Yes
JOB_00089,Customer Support Specialist,Siemens,IT Services,Nanded,0-2 years,52588,CRM; Communication; Zendesk,Graduate,2026-06-29,Full-time,No
JOB_00090,HR Coordinator,Cognizant,Logistics,Jalna,2-5 years,54082,Payroll; Recruitment; Communication; HRMS,12th Pass,2026-08-28,Internship,No
JOB_00091,Technician,Unacademy,Banking & Finance,Parbhani,Fresher,19135,Electrical Systems; Troubleshooting; Equipment Maintenance,10th Pass,2026-07-31,Contract,No
JOB_00092,Welder,Vedantu,Telecommunications,Jalgaon,8+ years,425480,Safety Standards; Arc Welding; TIG Welding; Blueprint Reading; MIG Welding,Post Graduate,2026-07-09,Internship,No
JOB_00093,Medical Lab Technician,Max Healthcare,Pharmaceuticals,Dhule,5-8 years,166817,Equipment Operation; Quality Control; Sample Collection,Post Graduate,2026-07-19,Internship,Yes
JOB_00094,Digital Marketing Executive,Byju's,Banking & Finance,Nagpur,Fresher,19005,SEM; Content Marketing; SEO; Google Analytics; Email Marketing,Diploma,2026-07-14,Internship,Hybrid
JOB_00095,Data Analyst,Crompton Greaves,Manufacturing,Satara,2-5 years,113201,Power BI; SQL; Statistics,Graduate,2026-08-07,Contract,Hybrid
JOB_00096,Customer Support Specialist,Axis Bank,FMCG,Sangli,Fresher,15948,Customer Service; Communication; CRM; Problem Solving,Diploma,2026-08-12,Contract,No
JOB_00097,Customer Support Specialist,Amazon,Automotive,Solapur,Fresher,32382,Zendesk; Communication; Customer Service; CRM; Problem Solving,12th Pass,2026-08-08,Internship,No
JOB_00098,Sales Executive,Crompton Greaves,Pharmaceuticals,Latur,0-2 years,35316,Customer Relationship; CRM; Lead Generation; Communication,Graduate,2026-06-17,Full-time,No
JOB_00099,HR Coordinator,Unacademy,Retail,Parbhani,5-8 years,129069,HRMS; Payroll; Recruitment; Compliance; Communication,10th Pass,2026-07-30,Internship,Hybrid
JOB_00100,Technician,Axis Bank,Retail,Pune,2-5 years,67987,Equipment Maintenance; Safety; Mechanical Systems; Troubleshooting; Electrical Systems,Diploma,2026-08-03,Contract,Yes
JOB_00101,Software Developer,Byju's,E-commerce,Raigad,5-8 years,231140,REST API; Git; Agile; Java,Diploma,2026-06-25,Full-time,No
JOB_00102,Pharmacy Assistant,Infosys,Logistics,Ahmednagar,Fresher,33789,Inventory Management; Pharmacy Software; Customer Service,12th Pass,2026-07-15,Contract,Yes
JOB_00103,Content Writer,Flipkart,FMCG,Akola,Fresher,29276,WordPress; Copywriting; Content Writing; SEO; Research; Editing,12th Pass,2026-06-21,Full-time,No
JOB_00104,Pharmacy Assistant,ABB India,Healthcare,Raigad,2-5 years,95793,Customer Service; Medication Dispensing; Inventory Management; Pharmacy Software,Post Graduate,2026-07-22,Part-time,Yes
JOB_00105,DevOps Engineer,Reliance Jio,Automotive,Amravati,2-5 years,110811,Docker; Ansible; Python; AWS,10th Pass,2026-06-24,Internship,Hybrid
JOB_00106,Training Coordinator,Siemens,Energy,Beed,8+ years,431844,Communication; Curriculum Design; Assessment; Training Delivery; LMS,Diploma,2026-06-16,Contract,Hybrid
JOB_00107,Data Analyst,Tech Mahindra,Education,Jalna,2-5 years,61835,NumPy; Python; Pandas; Excel; Tableau; Statistics,10th Pass,2026-06-18,Internship,No
JOB_00108,Fitter,Wipro,Logistics,Raigad,8+ years,232439,Blueprint Reading; Precision Tools; Assembly; Maintenance; Mechanical Fitting,Graduate,2026-07-09,Contract,Hybrid
JOB_00109,Digital Marketing Executive,Reliance Jio,IT Services,Beed,8+ years,474070,Email Marketing; Social Media Marketing; Content Marketing; Google Analytics,Post Graduate,2026-06-18,Contract,No
JOB_00110,Training Coordinator,Max Healthcare,FMCG,Dhule,2-5 years,58639,LMS; Training Delivery; Communication; Curriculum Design,Graduate,2026-07-24,Internship,No
JOB_00111,Machine Learning Engineer,ABB India,Banking & Finance,Aurangabad,8+ years,244417,PyTorch; NLP; Scikit-learn; TensorFlow,10th Pass,2026-07-27,Internship,Hybrid
JOB_00112,Nurse,Razorpay,Banking & Finance,Aurangabad,2-5 years,73627,Vital Signs; Medication Administration; Patient Care; Medical Procedures; Emergency Care,Diploma,2026-08-08,Internship,Yes
JOB_00113,Cybersecurity Analyst,Tech Mahindra,Education,Aurangabad,0-2 years,47070,Risk Assessment; Compliance; Network Security,Post Graduate,2026-06-17,Internship,Yes
JOB_00114,UI/UX Designer,Flipkart,Pharmaceuticals,Osmanabad,0-2 years,54420,Figma; Prototyping; Sketch; Adobe XD; Wireframing; User Research,10th Pass,2026-08-06,Part-time,No
JOB_00115,Project Coordinator,Apollo Hospitals,Construction,Amravati,5-8 years,152349,MS Office; Documentation; Agile; Coordination; Communication; Project Management,Post Graduate,2026-06-19,Contract,Yes
JOB_00116,Machine Operator,Cognizant,Pharmaceuticals,Latur,5-8 years,217786,CNC Operation; Quality Control; Production Planning; Safety Standards; Machine Maintenance,Post Graduate,2026-07-01,Internship,Yes
JOB_00117,Project Coordinator,Larsen & Toubro,Media & Entertainment,Chandrapur,0-2 years,57899,MS Office; Project Management; Agile,Post Graduate,2026-07-19,Internship,Yes
JOB_00118,Customer Support Specialist,Siemens,Media & Entertainment,Mumbai,0-2 years,27510,CRM; Problem Solving; Communication,12th Pass,2026-07-30,Part-time,Hybrid
JOB_00119,Supply Chain Analyst,TCS,Media & Entertainment,Satara,5-8 years,139195,Excel; Logistics; SAP,10th Pass,2026-06-26,Internship,Yes
JOB_00120,Logistics Coordinator,Crompton Greaves,Banking & Finance,Kolhapur,2-5 years,109914,Documentation; Tracking Systems; Communication,Graduate,2026-08-27,Internship,Hybrid
JOB_00121,Electrician,PhonePe,Automotive,Beed,Fresher,15051,Circuit Design; Safety Standards; Equipment Maintenance,Diploma,2026-06-18,Part-time,Hybrid
JOB_00122,Accountant,Accenture,Telecommunications,Yavatmal,0-2 years,55810,Tally; Taxation; Financial Reporting; QuickBooks; Excel,12th Pass,2026-08-30,Contract,No
JOB_00123,Warehouse Supervisor,Tech Mahindra,Manufacturing,Latur,Fresher,16452,Inventory Management; Logistics; WMS,10th Pass,2026-07-21,Contract,Hybrid
JOB_00124,UI/UX Designer,Zerodha,Construction,Osmanabad,5-8 years,109695,HTML/CSS; Adobe XD; Figma; Prototyping,Post Graduate,2026-07-29,Full-time,Yes
JOB_00125,Teacher,Crompton Greaves,Telecommunications,Akola,Fresher,21262,Curriculum Development; Assessment; Classroom Management; Lesson Planning,Diploma,2026-07-30,Full-time,Hybrid
JOB_00126,Sales Executive,Apollo Hospitals,Retail,Nashik,2-5 years,115038,Lead Generation; Customer Relationship; Negotiation; CRM,12th Pass,2026-06-08,Contract,Hybrid
JOB_00127,Machine Learning Engineer,Byju's,Banking & Finance,Raigad,Fresher,17623,SQL; TensorFlow; NLP; PyTorch; Deep Learning; Python,Diploma,2026-07-25,Contract,No
JOB_00128,Welder,Unacademy,Manufacturing,Solapur,5-8 years,171973,Arc Welding; TIG Welding; Safety Standards; MIG Welding,Graduate,2026-06-15,Full-time,Hybrid
JOB_00129,Machine Operator,PhonePe,FMCG,Latur,5-8 years,133090,Machine Maintenance; CNC Operation; Safety Standards; Production Planning; Quality Control,Post Graduate,2026-08-27,Contract,No
JOB_00130,Content Writer,Amazon,Construction,Pune,8+ years,408684,Copywriting; WordPress; Research; Content Writing; Editing; SEO,Diploma,2026-07-26,Part-time,Yes
JOB_00131,Software Developer,Razorpay,Retail,Parbhani,0-2 years,54246,Git; REST API; JavaScript,10th Pass,2026-08-08,Contract,Hybrid
JOB_00132,Training Coordinator,Capgemini,E-commerce,Amravati,5-8 years,216683,Assessment; Curriculum Design; Communication,Diploma,2026-08-24,Contract,Hybrid
JOB_00133,Digital Marketing Executive,Godrej Industries,Media & Entertainment,Bhiwandi,8+ years,263628,SEM; Email Marketing; Google Analytics; Social Media Marketing; SEO,Post Graduate,2026-08-10,Part-time,No
JOB_00134,Software Developer,Apollo Hospitals,Logistics,Bhiwandi,2-5 years,112739,Java; Python; JavaScript; SQL,12th Pass,2026-06-29,Internship,Hybrid
JOB_00135,Digital Marketing Executive,Tech Mahindra,Logistics,Akola,0-2 years,53352,Email Marketing; Content Marketing; Google Analytics; SEO; Social Media Marketing; SEM,Graduate,2026-07-02,Full-time,Hybrid
JOB_00136,DevOps Engineer,Flipkart,Manufacturing,Solapur,2-5 years,82847,Python; CI/CD; Kubernetes; Jenkins,10th Pass,2026-08-10,Contract,Yes
JOB_00137,Machine Operator,Accenture,Telecommunications,Satara,2-5 years,53718,Machine Maintenance; Production Planning; CNC Operation; Safety Standards; Quality Control,Graduate,2026-08-25,Contract,Hybrid
JOB_00138,Business Analyst,Infosys,Logistics,Ahmednagar,8+ years,412909,Agile; Power BI; Process Mapping; Excel; JIRA,12th Pass,2026-07-28,Full-time,Hybrid
JOB_00139,Data Analyst,Max Healthcare,Logistics,Chandrapur,0-2 years,45926,Power BI; Excel; Tableau; SQL; Pandas; NumPy,12th Pass,2026-07-22,Part-time,No
JOB_00140,Quality Analyst,Siemens,Healthcare,Nashik,8+ years,226531,Testing; Manual Testing; SQL; Selenium; JIRA; Agile,12th Pass,2026-07-29,Internship,Yes
JOB_00141,Project Coordinator,Siemens,Healthcare,Akola,0-2 years,45220,MS Office; Coordination; Agile; Communication,Graduate,2026-07-03,Full-time,No
JOB_00142,Quality Analyst,ICICI Bank,Automotive,Kolhapur,5-8 years,223361,Testing; JIRA; Manual Testing; SQL; Bug Tracking,10th Pass,2026-07-30,Full-time,Yes
JOB_00143,Accountant,Apollo Hospitals,FMCG,Sangli,0-2 years,48758,GST; Tally; Accounting; Financial Reporting; QuickBooks; Taxation,Diploma,2026-06-26,Full-time,No
JOB_00144,Quality Analyst,Tata Motors,Energy,Bhiwandi,5-8 years,197831,Selenium; Testing; SQL,10th Pass,2026-07-23,Contract,Yes
JOB_00145,Business Analyst,Narayana Health,Telecommunications,Jalna,8+ years,374609,SQL; JIRA; Excel,10th Pass,2026-07-06,Internship,Yes
JOB_00146,Welder,Siemens,Media & Entertainment,Aurangabad,8+ years,465979,TIG Welding; MIG Welding; Safety Standards; Blueprint Reading; Arc Welding,10th Pass,2026-07-01,Internship,Hybrid
JOB_00147,Fitter,Infosys,Manufacturing,Parbhani,2-5 years,53492,Mechanical Fitting; Assembly; Precision Tools; Blueprint Reading,12th Pass,2026-06-20,Contract,Hybrid
JOB_00148,Nurse,Axis Bank,Pharmaceuticals,Nanded,8+ years,474848,Emergency Care; Vital Signs; Patient Care,10th Pass,2026-06-16,Internship,Yes
JOB_00149,Medical Lab Technician,Capgemini,Healthcare,Pune,0-2 years,34924,Quality Control; Equipment Operation; Sample Collection,Post Graduate,2026-07-14,Internship,Hybrid
JOB_00150,Logistics Coordinator,HCL,Pharmaceuticals,Parbhani,8+ years,370419,Coordination; Documentation; Communication,12th Pass,2026-06-12,Internship,No
JOB_00151,Project Coordinator,ABB India,Telecommunications,Chandrapur,0-2 years,43284,Agile; Documentation; MS Office; Project Management; Coordination,Diploma,2026-06-25,Part-time,No
JOB_00152,Logistics Coordinator,ICICI Bank,Pharmaceuticals,Osmanabad,2-5 years,87721,Tracking Systems; Communication; Documentation; Coordination; Transportation Management,10th Pass,2026-08-20,Internship,No
JOB_00153,Medical Lab Technician,Godrej Industries,IT Services,Aurangabad,2-5 years,112793,Lab Testing; Equipment Operation; Sample Collection; Quality Control,Post Graduate,2026-08-08,Contract,Hybrid
JOB_00154,Retail Associate,Cognizant,Automotive,Aurangabad,2-5 years,80518,Communication; Sales; Customer Service; Inventory Management; Cash Handling,Graduate,2026-08-29,Internship,No
JOB_00155,Retail Associate,IBM,IT Services,Nashik,5-8 years,152286,Sales; Cash Handling; Inventory Management; Communication; Customer Service,Diploma,2026-07-30,Contract,Hybrid
JOB_00156,Data Analyst,Axis Bank,Telecommunications,Beed,Fresher,16190,Excel; Power BI; SQL,12th Pass,2026-07-16,Part-time,Hybrid
JOB_00157,Project Coordinator,TCS,Education,Pune,2-5 years,118723,Documentation; Agile; MS Office,Post Graduate,2026-07-03,Internship,No
JOB_00158,Business Analyst,Flipkart,Pharmaceuticals,Akola,Fresher,24667,Agile; Power BI; Excel; SQL; JIRA; Requirements Gathering,Post Graduate,2026-06-24,Part-time,Hybrid
JOB_00159,Pharmacy Assistant,PhonePe,Manufacturing,Ahmednagar,5-8 years,148439,Pharmacy Software; Inventory Management; Medication Dispensing,12th Pass,2026-08-18,Contract,Yes
JOB_00160,Software Developer,Bajaj Finserv,Logistics,Dhule,2-5 years,84282,Agile; JavaScript; Git; Microservices; Python,Diploma,2026-06-13,Part-time,Yes
JOB_00161,Technician,Crompton Greaves,E-commerce,Chandrapur,Fresher,24667,Safety; Electrical Systems; Mechanical Systems; Equipment Maintenance,10th Pass,2026-07-19,Part-time,Yes
JOB_00162,Project Coordinator,Amazon,Logistics,Parbhani,0-2 years,41217,MS Office; Coordination; Agile; Documentation; Project Management,10th Pass,2026-06-09,Full-time,Hybrid
JOB_00163,HR Coordinator,Apollo Hospitals,Banking & Finance,Osmanabad,8+ years,481364,Recruitment; Payroll; HRMS,Post Graduate,2026-08-16,Contract,Hybrid
JOB_00164,HR Coordinator,ICICI Bank,Pharmaceuticals,Yavatmal,Fresher,31818,Recruitment; Payroll; Employee Relations; Compliance; HRMS; Communication,12th Pass,2026-07-13,Full-time,Hybrid
JOB_00165,HR Coordinator,Infosys,Retail,Raigad,2-5 years,95158,Recruitment; HRMS; Compliance; Employee Relations; Payroll,Graduate,2026-06-07,Full-time,Yes
JOB_00166,Training Coordinator,Godrej Industries,Retail,Pune,5-8 years,200264,Curriculum Design; Assessment; LMS,12th Pass,2026-07-09,Internship,Yes
JOB_00167,Technician,Larsen & Toubro,Banking & Finance,Aurangabad,8+ years,266766,Safety; Mechanical Systems; Electrical Systems,Graduate,2026-08-07,Full-time,No
JOB_00168,HR Coordinator,Fortis Healthcare,Energy,Ahmednagar,8+ years,344519,HRMS; Employee Relations; Communication; Recruitment,Graduate,2026-08-11,Full-time,Hybrid
JOB_00169,Accountant,Bajaj Finserv,Healthcare,Mumbai,8+ years,434063,Tally; Taxation; QuickBooks,Graduate,2026-06-20,Part-time,Hybrid
JOB_00170,Data Analyst,Axis Bank,Telecommunications,Chandrapur,5-8 years,161384,Python; SQL; Tableau; Excel,Diploma,2026-06-23,Contract,Yes
JOB_00171,Full Stack Developer,Razorpay,Healthcare,Yavatmal,0-2 years,52997,SQL; Node.js; JavaScript; REST API; React; Git,12th Pass,2026-06-25,Full-time,No
JOB_00172,Project Coordinator,Siemens,Pharmaceuticals,Jalna,5-8 years,163168,MS Office; Communication; Documentation; Coordination; Project Management; Agile,Diploma,2026-08-07,Part-time,No
JOB_00173,Training Coordinator,Max Healthcare,Retail,Bhiwandi,Fresher,21662,LMS; Curriculum Design; Assessment; Training Delivery; Communication,Graduate,2026-07-24,Internship,No
JOB_00174,Digital Marketing Executive,HDFC Bank,IT Services,Raigad,8+ years,492998,Social Media Marketing; Content Marketing; SEO; Email Marketing; Google Analytics,12th Pass,2026-08-08,Part-time,No
JOB_00175,Full Stack Developer,HDFC Bank,Pharmaceuticals,Amravati,Fresher,34805,REST API; React; HTML/CSS,12th Pass,2026-08-09,Part-time,Hybrid
JOB_00176,Sales Executive,Vedantu,Telecommunications,Dhule,2-5 years,111080,Communication; Customer Relationship; Negotiation; Lead Generation; CRM,12th Pass,2026-08-23,Contract,Yes
JOB_00177,Customer Support Specialist,Wipro,Automotive,Ahmednagar,2-5 years,104732,Problem Solving; Communication; Customer Service,Post Graduate,2026-07-29,Part-time,No
JOB_00178,Cybersecurity Analyst,Bajaj Finserv,Logistics,Nanded,5-8 years,192320,SIEM; Firewall; Risk Assessment; Penetration Testing; Network Security,Post Graduate,2026-08-14,Internship,Yes
JOB_00179,Training Coordinator,HCL,Telecommunications,Beed,8+ years,416212,Training Delivery; LMS; Assessment,Post Graduate,2026-08-18,Full-time,Hybrid
JOB_00180,DevOps Engineer,PhonePe,Logistics,Amravati,Fresher,30986,Jenkins; CI/CD; Python; Linux; AWS,Graduate,2026-09-02,Internship,Yes
JOB_00181,Software Developer,Tata Motors,Telecommunications,Raigad,8+ years,256107,Python; Git; Agile; SQL; Java,10th Pass,2026-08-23,Part-time,Yes
JOB_00182,Business Analyst,Mahindra & Mahindra,Energy,Jalna,8+ years,440647,Power BI; Process Mapping; SQL; JIRA; Excel,Post Graduate,2026-06-24,Part-time,No
JOB_00183,Technician,Wipro,Banking & Finance,Beed,Fresher,16838,Mechanical Systems; Safety; Electrical Systems; Troubleshooting,Graduate,2026-06-15,Part-time,Yes
JOB_00184,Supply Chain Analyst,ABB India,Automotive,Beed,5-8 years,155421,Data Analysis; Excel; SAP,10th Pass,2026-06-08,Internship,No
JOB_00185,Data Analyst,Tata Motors,Media & Entertainment,Yavatmal,Fresher,15513,Excel; Pandas; NumPy,10th Pass,2026-08-09,Part-time,Hybrid
JOB_00186,Medical Lab Technician,Crompton Greaves,E-commerce,Nagpur,5-8 years,136687,Sample Collection; Quality Control; Equipment Operation; Safety; Lab Testing,Graduate,2026-06-08,Contract,Yes
JOB_00187,Cloud Engineer,Tech Mahindra,Manufacturing,Kolhapur,5-8 years,159805,Linux; AWS; Terraform; GCP; Docker; Azure,10th Pass,2026-07-21,Internship,No
JOB_00188,UI/UX Designer,Fortis Healthcare,Banking & Finance,Yavatmal,8+ years,280856,HTML/CSS; Adobe XD; Figma; User Research; Wireframing,Post Graduate,2026-07-18,Internship,No
JOB_00189,Customer Support Specialist,TCS,Education,Nagpur,Fresher,17860,CRM; Customer Service; Communication; Zendesk,12th Pass,2026-08-12,Internship,Hybrid
JOB_00190,Electrician,Cognizant,IT Services,Ahmednagar,8+ years,370094,Safety Standards; Electrical Wiring; Equipment Maintenance,Graduate,2026-07-17,Contract,No
JOB_00191,Content Writer,Bajaj Finserv,Automotive,Raigad,Fresher,23811,WordPress; Research; SEO; Content Writing,Diploma,2026-07-28,Internship,Yes
JOB_00192,Digital Marketing Executive,Tata Motors,Retail,Ahmednagar,0-2 years,57492,Social Media Marketing; SEO; Google Analytics; SEM; Content Marketing,10th Pass,2026-06-20,Part-time,No
JOB_00193,Cloud Engineer,TCS,Retail,Jalgaon,0-2 years,53220,Networking; Terraform; GCP; Docker; Linux,10th Pass,2026-06-13,Part-time,No
JOB_00194,Sales Executive,HDFC Bank,Logistics,Osmanabad,8+ years,457429,Negotiation; Lead Generation; Customer Relationship; Communication,Post Graduate,2026-06-23,Contract,No
JOB_00195,Machine Learning Engineer,Capgemini,Media & Entertainment,Latur,5-8 years,221011,SQL; NLP; TensorFlow; Python,12th Pass,2026-08-09,Contract,Hybrid
JOB_00196,Digital Marketing Executive,Paytm,E-commerce,Yavatmal,5-8 years,198825,SEM; Google Analytics; Email Marketing; Content Marketing; Social Media Marketing,12th Pass,2026-08-26,Internship,Hybrid
JOB_00197,Content Writer,Max Healthcare,Telecommunications,Jalna,8+ years,257341,Copywriting; Editing; Content Writing,Diploma,2026-08-04,Part-time,Hybrid
JOB_00198,Welder,Narayana Health,FMCG,Nanded,Fresher,23478,Safety Standards; Arc Welding; Blueprint Reading; TIG Welding,10th Pass,2026-08-07,Part-time,No
JOB_00199,Customer Support Specialist,PhonePe,E-commerce,Chandrapur,5-8 years,209045,Communication; Zendesk; Customer Service; Problem Solving,Graduate,2026-08-25,Part-time,No
JOB_00200,Full Stack Developer,ICICI Bank,Telecommunications,Chandrapur,2-5 years,58804,HTML/CSS; MongoDB; JavaScript; Git; SQL; React,Graduate,2026-07-28,Full-time,Yes
JOB_00201,Pharmacy Assistant,Cognizant,Construction,Beed,2-5 years,70989,Customer Service; Inventory Management; Medication Dispensing,10th Pass,2026-07-24,Internship,No
JOB_00202,Cybersecurity Analyst,Reliance Jio,E-commerce,Beed,5-8 years,101166,Firewall; Network Security; Penetration Testing; Compliance; SIEM; Risk Assessment,Post Graduate,2026-08-08,Contract,Hybrid
JOB_00203,Nurse,Cognizant,FMCG,Nanded,Fresher,18734,Medical Procedures; Medication Administration; Emergency Care; Patient Care; Vital Signs,12th Pass,2026-08-02,Contract,Hybrid
JOB_00204,Content Writer,Capgemini,Manufacturing,Dhule,8+ years,244434,Research; Editing; SEO; Copywriting; WordPress,Post Graduate,2026-06-10,Contract,Yes
JOB_00205,Cybersecurity Analyst,Reliance Jio,Manufacturing,Nashik,2-5 years,68070,Risk Assessment; Firewall; Compliance; SIEM,12th Pass,2026-06-23,Internship,Yes
JOB_00206,Supply Chain Analyst,Reliance Jio,Telecommunications,Osmanabad,8+ years,364930,Inventory Management; Logistics; SAP; Excel,10th Pass,2026-07-09,Full-time,No
JOB_00207,Project Coordinator,IBM,Healthcare,Parbhani,Fresher,29544,Coordination; Agile; MS Office; Communication; Documentation; Project Management,Post Graduate,2026-07-04,Full-time,Hybrid
JOB_00208,Software Developer,Wipro,Education,Jalgaon,0-2 years,57460,Git; Java; SQL; Microservices,10th Pass,2026-06-26,Full-time,Hybrid
JOB_00209,Cloud Engineer,Apollo Hospitals,Telecommunications,Bhiwandi,2-5 years,105725,Terraform; Kubernetes; Azure,Post Graduate,2026-08-22,Contract,Yes
JOB_00210,HR Coordinator,Accenture,Logistics,Latur,2-5 years,106120,HRMS; Compliance; Communication,10th Pass,2026-08-14,Part-time,Yes
JOB_00211,Medical Lab Technician,Larsen & Toubro,Telecommunications,Pune,0-2 years,43961,Safety; Sample Collection; Quality Control; Equipment Operation,Diploma,2026-06-23,Full-time,Yes
JOB_00212,Project Coordinator,Tata Motors,Energy,Pune,5-8 years,184435,Agile; Communication; Coordination; Project Management,12th Pass,2026-08-04,Internship,Yes
JOB_00213,Fitter,Max Healthcare,Retail,Beed,2-5 years,98374,Mechanical Fitting; Maintenance; Blueprint Reading; Precision Tools,12th Pass,2026-07-08,Contract,Hybrid
JOB_00214,Software Developer,Vedantu,Construction,Raigad,Fresher,29078,Java; REST API; Git; SQL; Microservices,12th Pass,2026-08-08,Contract,No
JOB_00215,Medical Lab Technician,IBM,Automotive,Akola,2-5 years,110238,Equipment Operation; Lab Testing; Quality Control; Safety,Graduate,2026-09-02,Part-time,No
JOB_00216,HR Coordinator,HDFC Bank,Pharmaceuticals,Ahmednagar,Fresher,18058,Compliance; Communication; HRMS; Employee Relations,Diploma,2026-06-13,Contract,Yes
JOB_00217,Customer Support Specialist,Narayana Health,Construction,Pune,0-2 years,31237,Problem Solving; Zendesk; CRM; Communication,Post Graduate,2026-09-04,Internship,Yes
JOB_00218,DevOps Engineer,Razorpay,Construction,Kolhapur,8+ years,269297,Jenkins; Ansible; Python; Kubernetes; Linux; Docker,Graduate,2026-07-05,Part-time,No
JOB_00219,Digital Marketing Executive,Siemens,Manufacturing,Nashik,Fresher,17241,SEM; Social Media Marketing; Email Marketing; Google Analytics; SEO,10th Pass,2026-06-29,Full-time,Hybrid
JOB_00220,Machine Operator,Larsen & Toubro,Pharmaceuticals,Chandrapur,0-2 years,53992,Machine Maintenance; Safety Standards; Quality Control,Graduate,2026-08-08,Full-time,Yes
JOB_00221,Logistics Coordinator,Fortis Healthcare,Manufacturing,Nanded,Fresher,17760,Communication; Documentation; Transportation Management; Tracking Systems,10th Pass,2026-08-04,Contract,Hybrid
JOB_00222,Software Developer,Razorpay,Automotive,Amravati,2-5 years,81370,REST API; JavaScript; Agile; Python,12th Pass,2026-07-03,Full-time,Yes
JOB_00223,Supply Chain Analyst,Razorpay,Media & Entertainment,Nagpur,8+ years,402814,Logistics; Forecasting; SAP,12th Pass,2026-06-24,Contract,Hybrid
JOB_00224,Technician,Tech Mahindra,IT Services,Parbhani,0-2 years,28962,Equipment Maintenance; Safety; Troubleshooting; Mechanical Systems; Electrical Systems,10th Pass,2026-07-16,Contract,Hybrid
JOB_00225,Retail Associate,Byju's,Pharmaceuticals,Ahmednagar,8+ years,362480,Customer Service; Sales; Cash Handling; Communication,10th Pass,2026-08-25,Part-time,Yes
JOB_00226,Electrician,Tech Mahindra,Education,Dhule,2-5 years,106948,Troubleshooting; Circuit Design; Electrical Wiring; Safety Standards; Equipment Maintenance,12th Pass,2026-08-21,Full-time,No
JOB_00227,Technician,TCS,Pharmaceuticals,Nashik,0-2 years,47721,Equipment Maintenance; Troubleshooting; Mechanical Systems,10th Pass,2026-06-30,Contract,Yes
JOB_00228,Customer Support Specialist,Tata Motors,Pharmaceuticals,Raigad,0-2 years,42824,Communication; CRM; Problem Solving,Graduate,2026-06-29,Contract,Hybrid
JOB_00229,Fitter,Vedantu,Telecommunications,Parbhani,Fresher,27048,Mechanical Fitting; Assembly; Precision Tools; Maintenance,Diploma,2026-08-15,Full-time,Hybrid
JOB_00230,Technician,PhonePe,IT Services,Kolhapur,Fresher,30458,Equipment Maintenance; Troubleshooting; Safety,12th Pass,2026-07-20,Part-time,Yes
JOB_00231,Training Coordinator,Max Healthcare,Healthcare,Bhiwandi,Fresher,23888,Curriculum Design; Assessment; Communication; LMS,10th Pass,2026-08-26,Contract,Yes
JOB_00232,Quality Analyst,Axis Bank,FMCG,Solapur,Fresher,24250,SQL; Testing; JIRA,Diploma,2026-07-27,Full-time,Hybrid
JOB_00233,HR Coordinator,HDFC Bank,Education,Latur,Fresher,34388,Compliance; Payroll; HRMS; Employee Relations; Communication,Post Graduate,2026-07-03,Part-time,Yes
JOB_00234,Software Developer,Axis Bank,Telecommunications,Mumbai,5-8 years,127249,Python; JavaScript; Microservices; SQL; REST API,10th Pass,2026-08-09,Part-time,No
JOB_00235,Supply Chain Analyst,Tata Motors,Banking & Finance,Aurangabad,Fresher,27205,SAP; Data Analysis; Inventory Management,Graduate,2026-07-08,Full-time,Hybrid
JOB_00236,DevOps Engineer,HCL,Retail,Nagpur,5-8 years,203010,AWS; Kubernetes; Linux; Python,Diploma,2026-06-07,Contract,No
JOB_00237,Machine Learning Engineer,HDFC Bank,E-commerce,Nagpur,0-2 years,54462,TensorFlow; Python; NLP,Diploma,2026-07-07,Internship,Yes
JOB_00238,Electrician,Unacademy,Education,Amravati,2-5 years,89874,Safety Standards; Electrical Wiring; Troubleshooting; Equipment Maintenance,10th Pass,2026-06-07,Full-time,Yes
JOB_00239,Medical Lab Technician,Accenture,Pharmaceuticals,Aurangabad,2-5 years,56416,Equipment Operation; Quality Control; Safety,Diploma,2026-06-10,Contract,Yes
JOB_00240,Software Developer,Bajaj Finserv,Banking & Finance,Chandrapur,5-8 years,158271,Java; REST API; Microservices; Python; Git; SQL,Post Graduate,2026-08-19,Internship,No
JOB_00241,Technician,Mahindra & Mahindra,Media & Entertainment,Nanded,Fresher,29530,Equipment Maintenance; Safety; Mechanical Systems,Graduate,2026-08-19,Contract,Yes
JOB_00242,Data Analyst,Flipkart,Media & Entertainment,Pune,5-8 years,192784,Pandas; Power BI; Python; NumPy; Tableau; Statistics,Post Graduate,2026-08-08,Contract,No
JOB_00243,HR Coordinator,Bajaj Finserv,Construction,Pune,0-2 years,43335,Employee Relations; Compliance; Payroll; Recruitment; Communication,Post Graduate,2026-07-17,Internship,Yes
JOB_00244,Machine Operator,Infosys,Retail,Kolhapur,8+ years,496564,Quality Control; Safety Standards; Production Planning; Machine Maintenance; CNC Operation,Diploma,2026-07-02,Internship,No
JOB_00245,UI/UX Designer,Axis Bank,IT Services,Akola,Fresher,22627,Figma; Prototyping; User Research; Sketch; Wireframing,Graduate,2026-08-15,Part-time,Hybrid
JOB_00246,Cybersecurity Analyst,HCL,FMCG,Bhiwandi,2-5 years,73081,Risk Assessment; Firewall; SIEM; Network Security,10th Pass,2026-08-05,Contract,Hybrid
JOB_00247,Retail Associate,Infosys,Pharmaceuticals,Nanded,2-5 years,90508,Inventory Management; Sales; Communication; Customer Service; Cash Handling,12th Pass,2026-08-13,Full-time,Yes
JOB_00248,Data Analyst,Axis Bank,IT Services,Satara,0-2 years,36630,Python; Excel; Tableau; SQL; Statistics; Power BI,Graduate,2026-07-25,Full-time,Yes
JOB_00249,Fitter,Razorpay,Energy,Nashik,0-2 years,31621,Mechanical Fitting; Precision Tools; Assembly; Blueprint Reading,Diploma,2026-07-23,Contract,Yes
JOB_00250,UI/UX Designer,Paytm,Construction,Beed,5-8 years,145967,Adobe XD; Wireframing; User Research; Sketch; Figma,Diploma,2026-07-18,Contract,Yes
JOB_00251,UI/UX Designer,Narayana Health,Energy,Osmanabad,Fresher,22238,Adobe XD; User Research; Sketch,10th Pass,2026-06-15,Full-time,No
JOB_00252,DevOps Engineer,Tech Mahindra,Healthcare,Raigad,2-5 years,108540,Python; Docker; Ansible; Jenkins; Kubernetes,Diploma,2026-09-03,Part-time,Yes
JOB_00253,Retail Associate,Mahindra & Mahindra,FMCG,Latur,Fresher,29359,Customer Service; Communication; Sales,Post Graduate,2026-07-13,Internship,No
JOB_00254,Teacher,Fortis Healthcare,Banking & Finance,Latur,5-8 years,119322,Curriculum Development; Classroom Management; Lesson Planning; Assessment,Diploma,2026-08-31,Full-time,No
JOB_00255,Machine Learning Engineer,ABB India,E-commerce,Nagpur,Fresher,16015,TensorFlow; Deep Learning; Python; SQL; NLP; PyTorch,Post Graduate,2026-07-11,Internship,Yes
JOB_00256,Data Analyst,ICICI Bank,Healthcare,Akola,Fresher,16626,Tableau; Statistics; Excel; Pandas; SQL; Python,10th Pass,2026-07-16,Internship,Yes
JOB_00257,Data Analyst,Byju's,Banking & Finance,Mumbai,2-5 years,72391,NumPy; SQL; Python; Statistics; Pandas,Diploma,2026-06-15,Full-time,No
JOB_00258,Pharmacy Assistant,Narayana Health,Logistics,Jalgaon,Fresher,27157,Inventory Management; Medication Dispensing; Customer Service; Pharmacy Software,Diploma,2026-07-18,Part-time,No
JOB_00259,Data Analyst,Vedantu,Education,Chandrapur,2-5 years,62675,Tableau; NumPy; Python; SQL,Diploma,2026-08-25,Internship,Hybrid
JOB_00260,Cybersecurity Analyst,Fortis Healthcare,Energy,Pune,8+ years,406991,Risk Assessment; Firewall; Penetration Testing; Compliance; SIEM; Network Security,10th Pass,2026-08-31,Part-time,Yes
JOB_00261,Project Coordinator,Flipkart,Healthcare,Solapur,5-8 years,214135,Communication; Project Management; MS Office; Coordination,Post Graduate,2026-08-10,Contract,No
JOB_00262,Training Coordinator,Fortis Healthcare,Telecommunications,Nagpur,Fresher,15405,LMS; Communication; Curriculum Design; Assessment,10th Pass,2026-06-07,Internship,Yes
JOB_00263,Accountant,Cognizant,Media & Entertainment,Aurangabad,0-2 years,47535,Taxation; Tally; GST,Diploma,2026-07-14,Internship,Hybrid
JOB_00264,Supply Chain Analyst,Zerodha,IT Services,Satara,8+ years,410616,Logistics; Inventory Management; SAP; Forecasting,12th Pass,2026-08-31,Contract,Hybrid
JOB_00265,Cybersecurity Analyst,Zerodha,Media & Entertainment,Raigad,Fresher,24186,SIEM; Network Security; Compliance; Penetration Testing; Firewall,Graduate,2026-07-04,Part-time,Yes
JOB_00266,Full Stack Developer,Tata Motors,Pharmaceuticals,Akola,5-8 years,226998,React; REST API; MongoDB; Git; HTML/CSS; Node.js,Diploma,2026-06-30,Full-time,Hybrid
JOB_00267,Nurse,Crompton Greaves,Pharmaceuticals,Nagpur,0-2 years,37632,Vital Signs; Medical Procedures; Medication Administration; Patient Care; Emergency Care,Graduate,2026-08-10,Part-time,Yes
JOB_00268,HR Coordinator,HDFC Bank,Education,Latur,Fresher,16001,Employee Relations; Payroll; Compliance; Communication; Recruitment,Diploma,2026-08-05,Internship,Hybrid
JOB_00269,HR Coordinator,Larsen & Toubro,Manufacturing,Parbhani,0-2 years,50333,Communication; Recruitment; Compliance; Payroll,Post Graduate,2026-08-29,Part-time,Yes
JOB_00270,Machine Operator,ICICI Bank,Education,Yavatmal,0-2 years,33671,Safety Standards; CNC Operation; Quality Control; Production Planning; Machine Maintenance,Post Graduate,2026-06-14,Full-time,Yes
JOB_00271,Machine Learning Engineer,Tata Motors,Retail,Jalgaon,8+ years,358411,NLP; PyTorch; Scikit-learn; Deep Learning; Python; TensorFlow,10th Pass,2026-06-10,Internship,Hybrid
JOB_00272,Cloud Engineer,Apollo Hospitals,Telecommunications,Jalna,Fresher,26019,Kubernetes; Linux; AWS; Docker; Networking,Diploma,2026-07-31,Contract,No
JOB_00273,Machine Operator,Amazon,Telecommunications,Amravati,2-5 years,91888,CNC Operation; Safety Standards; Quality Control,Post Graduate,2026-06-09,Full-time,Hybrid
JOB_00274,Supply Chain Analyst,Max Healthcare,Retail,Sangli,2-5 years,96988,Forecasting; Excel; SAP; Inventory Management; Data Analysis; Logistics,Diploma,2026-07-02,Part-time,Hybrid
JOB_00275,Teacher,Godrej Industries,Banking & Finance,Solapur,8+ years,375968,Classroom Management; Communication; Assessment; Lesson Planning,Graduate,2026-06-13,Part-time,No
JOB_00276,Cybersecurity Analyst,ABB India,Manufacturing,Ahmednagar,2-5 years,57035,Risk Assessment; SIEM; Firewall; Network Security; Penetration Testing,10th Pass,2026-06-15,Full-time,No
JOB_00277,Teacher,Capgemini,Energy,Jalna,0-2 years,34002,Assessment; Communication; Classroom Management; Lesson Planning; Curriculum Development,Diploma,2026-08-10,Internship,Hybrid
JOB_00278,Teacher,Siemens,Energy,Aurangabad,5-8 years,182159,Classroom Management; Lesson Planning; Curriculum Development; Communication; Assessment,Graduate,2026-06-15,Full-time,No
JOB_00279,Machine Learning Engineer,Flipkart,Logistics,Solapur,0-2 years,53141,TensorFlow; SQL; Scikit-learn,12th Pass,2026-07-15,Internship,No
JOB_00280,Software Developer,HDFC Bank,Pharmaceuticals,Bhiwandi,Fresher,15135,Python; JavaScript; Git; Java; Microservices,Post Graduate,2026-06-16,Part-time,Hybrid
JOB_00281,Teacher,IBM,Banking & Finance,Jalgaon,2-5 years,55992,Curriculum Development; Communication; Lesson Planning; Assessment,Diploma,2026-07-28,Internship,Hybrid
JOB_00282,Quality Analyst,ABB India,Retail,Jalna,8+ years,286446,Manual Testing; SQL; JIRA; Selenium,Graduate,2026-07-15,Part-time,Yes
JOB_00283,Warehouse Supervisor,Infosys,Automotive,Amravati,0-2 years,41763,Team Leadership; Inventory Management; WMS; Safety Standards; Logistics,10th Pass,2026-06-28,Full-time,Hybrid
JOB_00284,Data Analyst,Infosys,IT Services,Beed,Fresher,19049,Pandas; Power BI; NumPy,Diploma,2026-06-26,Internship,Hybrid
JOB_00285,DevOps Engineer,TCS,Education,Osmanabad,0-2 years,31875,Docker; Python; CI/CD; Kubernetes; Ansible; AWS,10th Pass,2026-07-01,Full-time,No
JOB_00286,Cloud Engineer,HDFC Bank,Automotive,Parbhani,Fresher,26728,Kubernetes; Networking; Terraform; Azure,Diploma,2026-07-14,Part-time,Yes
JOB_00287,Electrician,Zerodha,Manufacturing,Amravati,5-8 years,123331,Electrical Wiring; Equipment Maintenance; Safety Standards,10th Pass,2026-08-21,Internship,Yes
JOB_00288,Project Coordinator,Tech Mahindra,Pharmaceuticals,Jalna,Fresher,24700,Documentation; Communication; MS Office,12th Pass,2026-08-02,Full-time,Yes
JOB_00289,Medical Lab Technician,Godrej Industries,Manufacturing,Pune,0-2 years,28007,Equipment Operation; Quality Control; Safety; Lab Testing; Sample Collection,Post Graduate,2026-09-03,Part-time,No
JOB_00290,Customer Support Specialist,Tata Motors,Media & Entertainment,Satara,5-8 years,205061,Communication; CRM; Problem Solving; Customer Service; Zendesk,12th Pass,2026-07-15,Contract,No
JOB_00291,Retail Associate,Flipkart,Banking & Finance,Ahmednagar,5-8 years,209059,Customer Service; Sales; Communication,12th Pass,2026-06-21,Internship,Yes
JOB_00292,Welder,Infosys,Energy,Latur,5-8 years,215523,MIG Welding; Safety Standards; Blueprint Reading; Arc Welding; TIG Welding,Graduate,2026-08-30,Contract,Hybrid
JOB_00293,Sales Executive,Razorpay,FMCG,Osmanabad,Fresher,29183,Customer Relationship; Negotiation; Communication; Lead Generation; CRM,Post Graduate,2026-06-12,Internship,No
JOB_00294,Technician,HCL,IT Services,Aurangabad,5-8 years,228882,Troubleshooting; Mechanical Systems; Safety; Equipment Maintenance; Electrical Systems,Post Graduate,2026-07-25,Contract,No
JOB_00295,Data Analyst,Fortis Healthcare,Retail,Kolhapur,8+ years,434932,SQL; Power BI; Pandas; Tableau,12th Pass,2026-08-24,Internship,No
JOB_00296,Cloud Engineer,Infosys,Banking & Finance,Raigad,5-8 years,179848,Networking; AWS; Kubernetes; Linux; Terraform; Docker,10th Pass,2026-07-01,Part-time,Hybrid
JOB_00297,Technician,Apollo Hospitals,Energy,Akola,5-8 years,246840,Troubleshooting; Mechanical Systems; Safety,10th Pass,2026-06-17,Internship,Hybrid
JOB_00298,Technician,Unacademy,Banking & Finance,Osmanabad,2-5 years,96548,Troubleshooting; Equipment Maintenance; Safety,Diploma,2026-06-15,Contract,Hybrid
JOB_00299,Cloud Engineer,Paytm,E-commerce,Solapur,Fresher,27874,Azure; GCP; Kubernetes; Terraform; Linux; AWS,12th Pass,2026-08-08,Part-time,Hybrid
JOB_00300,Sales Executive,Wipro,Media & Entertainment,Ahmednagar,Fresher,31345,Customer Relationship; CRM; Negotiation; Communication; Lead Generation,10th Pass,2026-09-04,Full-time,Hybrid
JOB_00301,Training Coordinator,Zerodha,Media & Entertainment,Nanded,5-8 years,201556,Curriculum Design; LMS; Communication; Training Delivery; Assessment,10th Pass,2026-06-12,Contract,Hybrid
JOB_00302,Teacher,Bajaj Finserv,Education,Ahmednagar,5-8 years,136223,Communication; Curriculum Development; Classroom Management; Lesson Planning,10th Pass,2026-07-14,Contract,Hybrid
JOB_00303,Electrician,ICICI Bank,Healthcare,Osmanabad,2-5 years,95258,Equipment Maintenance; Safety Standards; Troubleshooting,Post Graduate,2026-06-10,Part-time,Hybrid
JOB_00304,Electrician,Capgemini,FMCG,Osmanabad,2-5 years,119979,Equipment Maintenance; Troubleshooting; Safety Standards; Circuit Design,12th Pass,2026-07-30,Full-time,Hybrid
JOB_00305,Cloud Engineer,Amazon,IT Services,Dhule,Fresher,24391,Docker; GCP; Azure,Diploma,2026-06-09,Part-time,Yes
JOB_00306,Retail Associate,Wipro,Manufacturing,Amravati,2-5 years,81142,Customer Service; Sales; Inventory Management; Cash Handling,Diploma,2026-07-01,Full-time,No
JOB_00307,Content Writer,Siemens,Telecommunications,Yavatmal,5-8 years,216146,Content Writing; Copywriting; SEO,Diploma,2026-08-07,Part-time,Hybrid
JOB_00308,Project Coordinator,Unacademy,E-commerce,Jalgaon,0-2 years,49720,Communication; Agile; Project Management,12th Pass,2026-08-30,Contract,Hybrid
JOB_00309,Machine Learning Engineer,Mahindra & Mahindra,IT Services,Solapur,0-2 years,46143,Scikit-learn; Deep Learning; TensorFlow; Python; NLP,Graduate,2026-06-20,Contract,No
JOB_00310,Nurse,Larsen & Toubro,Banking & Finance,Bhiwandi,8+ years,418067,Medication Administration; Medical Procedures; Patient Care; Emergency Care; Vital Signs,10th Pass,2026-06-27,Internship,Yes
JOB_00311,Customer Support Specialist,ABB India,Manufacturing,Amravati,0-2 years,25576,CRM; Problem Solving; Customer Service; Zendesk,Diploma,2026-08-21,Internship,Yes
JOB_00312,Teacher,Bajaj Finserv,IT Services,Satara,8+ years,483239,Communication; Assessment; Lesson Planning; Classroom Management; Curriculum Development,Graduate,2026-07-30,Contract,Hybrid
JOB_00313,Nurse,Paytm,IT Services,Chandrapur,8+ years,250308,Medical Procedures; Medication Administration; Vital Signs; Patient Care,10th Pass,2026-08-14,Full-time,Hybrid
JOB_00314,Digital Marketing Executive,ICICI Bank,Energy,Yavatmal,0-2 years,26556,SEO; SEM; Social Media Marketing; Google Analytics; Email Marketing; Content Marketing,Diploma,2026-07-08,Full-time,Yes
JOB_00315,Digital Marketing Executive,Mahindra & Mahindra,Telecommunications,Solapur,Fresher,28357,Content Marketing; SEM; Google Analytics,12th Pass,2026-07-17,Internship,No
JOB_00316,Sales Executive,Capgemini,Telecommunications,Dhule,Fresher,34189,Customer Relationship; CRM; Communication,Graduate,2026-08-30,Contract,Hybrid
JOB_00317,Cloud Engineer,Crompton Greaves,Automotive,Yavatmal,2-5 years,99992,Kubernetes; Networking; Docker,Graduate,2026-07-16,Internship,Yes
JOB_00318,Electrician,Narayana Health,FMCG,Aurangabad,0-2 years,34265,Safety Standards; Circuit Design; Troubleshooting; Equipment Maintenance; Electrical Wiring,Graduate,2026-08-20,Full-time,Hybrid
JOB_00319,Welder,Accenture,Education,Bhiwandi,5-8 years,234362,TIG Welding; MIG Welding; Safety Standards,Post Graduate,2026-08-17,Part-time,Yes
JOB_00320,Welder,Capgemini,E-commerce,Amravati,2-5 years,88096,Blueprint Reading; Arc Welding; TIG Welding; MIG Welding; Safety Standards,Graduate,2026-06-11,Contract,Yes
JOB_00321,Business Analyst,ABB India,Manufacturing,Parbhani,8+ years,349493,Agile; JIRA; Excel; SQL,Graduate,2026-06-17,Part-time,No
JOB_00322,Supply Chain Analyst,Crompton Greaves,Pharmaceuticals,Akola,5-8 years,212278,Data Analysis; Forecasting; Logistics; SAP,Graduate,2026-08-14,Contract,Yes
JOB_00323,Nurse,Byju's,Education,Osmanabad,0-2 years,54186,Medical Procedures; Medication Administration; Emergency Care; Vital Signs,Diploma,2026-07-21,Internship,Hybrid
JOB_00324,Cloud Engineer,Accenture,Energy,Beed,0-2 years,29941,GCP; Kubernetes; Azure; Terraform; AWS,10th Pass,2026-09-02,Full-time,Hybrid
JOB_00325,Fitter,ICICI Bank,Media & Entertainment,Nanded,5-8 years,241473,Maintenance; Precision Tools; Assembly,Post Graduate,2026-07-06,Contract,No
JOB_00326,Cybersecurity Analyst,Godrej Industries,E-commerce,Raigad,8+ years,325242,Risk Assessment; Compliance; Network Security; Penetration Testing; SIEM; Firewall,Post Graduate,2026-06-18,Part-time,No
JOB_00327,UI/UX Designer,Amazon,Pharmaceuticals,Nanded,0-2 years,42324,Sketch; Figma; Adobe XD; Prototyping; Wireframing; HTML/CSS,Post Graduate,2026-07-19,Full-time,Hybrid
JOB_00328,Business Analyst,Fortis Healthcare,Logistics,Latur,8+ years,338053,SQL; JIRA; Power BI; Agile; Requirements Gathering; Excel,10th Pass,2026-06-22,Part-time,No
JOB_00329,Machine Operator,Tech Mahindra,Telecommunications,Latur,5-8 years,192510,Safety Standards; Machine Maintenance; Quality Control; Production Planning,12th Pass,2026-07-22,Internship,Hybrid
JOB_00330,Software Developer,Unacademy,E-commerce,Aurangabad,8+ years,310895,Java; Git; Agile; JavaScript,Post Graduate,2026-08-16,Part-time,No
JOB_00331,Welder,Axis Bank,Retail,Yavatmal,Fresher,30696,Arc Welding; Safety Standards; TIG Welding; MIG Welding,10th Pass,2026-08-09,Part-time,Hybrid
JOB_00332,Medical Lab Technician,Bajaj Finserv,IT Services,Mumbai,5-8 years,234386,Safety; Sample Collection; Lab Testing,10th Pass,2026-08-30,Part-time,Yes
JOB_00333,UI/UX Designer,Razorpay,Retail,Solapur,2-5 years,61239,Wireframing; HTML/CSS; Sketch,12th Pass,2026-08-08,Internship,No
JOB_00334,UI/UX Designer,Amazon,FMCG,Ahmednagar,0-2 years,35991,User Research; Wireframing; HTML/CSS; Sketch,Diploma,2026-06-09,Internship,Hybrid
JOB_00335,Fitter,Fortis Healthcare,Retail,Kolhapur,Fresher,32128,Mechanical Fitting; Maintenance; Assembly,12th Pass,2026-07-02,Part-time,Hybrid
JOB_00336,Cloud Engineer,Wipro,Media & Entertainment,Parbhani,0-2 years,33541,Azure; Docker; Linux,10th Pass,2026-06-19,Full-time,Hybrid
JOB_00337,Machine Operator,Max Healthcare,Manufacturing,Jalna,5-8 years,226385,Production Planning; Safety Standards; CNC Operation,Diploma,2026-07-18,Full-time,No
JOB_00338,DevOps Engineer,Axis Bank,Media & Entertainment,Parbhani,2-5 years,103562,CI/CD; Ansible; Linux,Post Graduate,2026-08-03,Full-time,Hybrid
JOB_00339,Warehouse Supervisor,Razorpay,Banking & Finance,Nanded,Fresher,28397,Inventory Management; Safety Standards; Logistics; WMS; Team Leadership,Graduate,2026-07-20,Part-time,No
JOB_00340,Machine Operator,Mahindra & Mahindra,Energy,Sangli,8+ years,306794,Safety Standards; Quality Control; Production Planning; Machine Maintenance; CNC Operation,10th Pass,2026-07-14,Internship,Yes
JOB_00341,Customer Support Specialist,Zerodha,Education,Bhiwandi,8+ years,272387,Customer Service; CRM; Zendesk; Problem Solving,Graduate,2026-06-12,Part-time,No
JOB_00342,Nurse,ICICI Bank,Telecommunications,Nashik,0-2 years,25346,Medication Administration; Patient Care; Vital Signs; Medical Procedures,Post Graduate,2026-08-24,Internship,Hybrid
JOB_00343,Accountant,Mahindra & Mahindra,Healthcare,Nagpur,Fresher,32072,Tally; Taxation; QuickBooks; Accounting; Excel,10th Pass,2026-07-30,Full-time,Yes
JOB_00344,Machine Operator,TCS,Healthcare,Chandrapur,5-8 years,144428,Production Planning; Quality Control; CNC Operation; Safety Standards; Machine Maintenance,Graduate,2026-06-10,Contract,Yes
JOB_00345,Machine Operator,Accenture,Education,Solapur,Fresher,31965,Quality Control; Safety Standards; Machine Maintenance; CNC Operation,Graduate,2026-09-03,Full-time,Hybrid
JOB_00346,Full Stack Developer,Larsen & Toubro,Manufacturing,Nanded,8+ years,202438,MongoDB; SQL; React; REST API; Git,Post Graduate,2026-08-02,Internship,Hybrid
JOB_00347,Cloud Engineer,PhonePe,Education,Nagpur,8+ years,432138,Azure; Networking; Kubernetes; GCP; Linux,10th Pass,2026-07-18,Internship,Yes
JOB_00348,Logistics Coordinator,Vedantu,Media & Entertainment,Chandrapur,2-5 years,100157,Transportation Management; Tracking Systems; Coordination; Documentation; Communication,Post Graduate,2026-06-15,Part-time,No
JOB_00349,Accountant,TCS,Pharmaceuticals,Jalna,2-5 years,94825,Excel; GST; Tally; Accounting; Financial Reporting,10th Pass,2026-08-26,Part-time,No
JOB_00350,Sales Executive,Tata Motors,E-commerce,Amravati,2-5 years,81726,Negotiation; Lead Generation; Communication; CRM; Customer Relationship,Post Graduate,2026-08-02,Part-time,Yes
JOB_00351,Medical Lab Technician,Larsen & Toubro,E-commerce,Satara,0-2 years,57287,Lab Testing; Safety; Equipment Operation,Graduate,2026-06-18,Full-time,No
JOB_00352,Customer Support Specialist,Paytm,Media & Entertainment,Akola,8+ years,316440,CRM; Zendesk; Communication; Problem Solving; Customer Service,Post Graduate,2026-06-23,Full-time,Hybrid
JOB_00353,Nurse,Wipro,Telecommunications,Parbhani,5-8 years,235844,Vital Signs; Medical Procedures; Emergency Care; Patient Care,Diploma,2026-07-08,Full-time,Yes
JOB_00354,Technician,Cognizant,Manufacturing,Dhule,0-2 years,40541,Safety; Electrical Systems; Equipment Maintenance; Troubleshooting,12th Pass,2026-08-01,Contract,No
JOB_00355,UI/UX Designer,ICICI Bank,Retail,Ahmednagar,5-8 years,249791,Sketch; Prototyping; HTML/CSS; Wireframing; Figma,10th Pass,2026-08-19,Part-time,Yes
JOB_00356,Warehouse Supervisor,Byju's,Energy,Kolhapur,2-5 years,111995,Team Leadership; WMS; Logistics; Inventory Management,Post Graduate,2026-09-03,Internship,No
JOB_00357,DevOps Engineer,Siemens,FMCG,Bhiwandi,8+ years,251891,CI/CD; Kubernetes; Ansible; Python; Jenkins; Docker,Post Graduate,2026-06-08,Full-time,Yes
JOB_00358,Medical Lab Technician,Cognizant,Logistics,Parbhani,2-5 years,95107,Equipment Operation; Safety; Sample Collection; Quality Control; Lab Testing,12th Pass,2026-09-02,Full-time,No
JOB_00359,Pharmacy Assistant,Reliance Jio,FMCG,Amravati,8+ years,241108,Inventory Management; Customer Service; Pharmacy Software; Medication Dispensing,10th Pass,2026-07-18,Contract,No
JOB_00360,Machine Operator,ABB India,Retail,Solapur,0-2 years,47519,Production Planning; Safety Standards; CNC Operation; Quality Control; Machine Maintenance,Diploma,2026-08-06,Contract,Hybrid
JOB_00361,Full Stack Developer,Narayana Health,Education,Satara,2-5 years,71930,HTML/CSS; REST API; SQL; Git; MongoDB; React,Graduate,2026-08-12,Part-time,Hybrid
JOB_00362,Cybersecurity Analyst,Accenture,Healthcare,Raigad,2-5 years,112021,Firewall; Network Security; Risk Assessment; Compliance,Graduate,2026-06-26,Full-time,No
JOB_00363,Quality Analyst,Mahindra & Mahindra,Automotive,Nashik,Fresher,22515,Testing; Agile; SQL; Manual Testing,Diploma,2026-08-04,Internship,Hybrid
JOB_00364,DevOps Engineer,Flipkart,IT Services,Jalna,0-2 years,56205,Python; Linux; Kubernetes,10th Pass,2026-07-07,Contract,Hybrid
JOB_00365,HR Coordinator,Reliance Jio,Automotive,Osmanabad,0-2 years,56565,Compliance; Payroll; Employee Relations; Communication; HRMS; Recruitment,Post Graduate,2026-06-27,Full-time,No
JOB_00366,Full Stack Developer,Mahindra & Mahindra,E-commerce,Ahmednagar,2-5 years,87586,JavaScript; REST API; SQL; React; Node.js,10th Pass,2026-07-06,Full-time,Hybrid
JOB_00367,Training Coordinator,Crompton Greaves,IT Services,Parbhani,5-8 years,149432,Communication; Curriculum Design; Training Delivery; Assessment,10th Pass,2026-07-14,Internship,No
JOB_00368,Cybersecurity Analyst,Fortis Healthcare,Energy,Osmanabad,0-2 years,43656,Penetration Testing; SIEM; Network Security; Compliance; Firewall; Risk Assessment,10th Pass,2026-06-13,Contract,No
JOB_00369,Business Analyst,IBM,Education,Solapur,Fresher,29836,Agile; Process Mapping; Requirements Gathering,10th Pass,2026-08-01,Internship,Yes
JOB_00370,Sales Executive,HCL,Telecommunications,Aurangabad,Fresher,23820,Negotiation; CRM; Customer Relationship,12th Pass,2026-08-19,Full-time,Yes
JOB_00371,Digital Marketing Executive,Paytm,Healthcare,Mumbai,0-2 years,27079,Social Media Marketing; Google Analytics; Email Marketing; SEM; Content Marketing,Graduate,2026-07-24,Part-time,Yes
JOB_00372,Machine Learning Engineer,Zerodha,E-commerce,Nagpur,5-8 years,131971,NLP; PyTorch; Scikit-learn; Python,12th Pass,2026-08-04,Internship,Yes
JOB_00373,Warehouse Supervisor,Vedantu,Pharmaceuticals,Amravati,Fresher,27750,WMS; Team Leadership; Safety Standards,Diploma,2026-06-09,Contract,Yes
JOB_00374,Machine Operator,Razorpay,Banking & Finance,Raigad,Fresher,16706,Safety Standards; Quality Control; CNC Operation; Machine Maintenance,Post Graduate,2026-06-11,Full-time,Yes
JOB_00375,Machine Operator,TCS,E-commerce,Akola,5-8 years,102340,Production Planning; CNC Operation; Machine Maintenance; Safety Standards,10th Pass,2026-08-30,Internship,Hybrid
JOB_00376,Welder,Accenture,Healthcare,Latur,0-2 years,47178,Safety Standards; Arc Welding; TIG Welding,Graduate,2026-06-16,Full-time,No
JOB_00377,Machine Operator,Cognizant,E-commerce,Osmanabad,0-2 years,53751,Machine Maintenance; Quality Control; Safety Standards; Production Planning,Graduate,2026-08-11,Internship,No
JOB_00378,Warehouse Supervisor,Wipro,Logistics,Sangli,0-2 years,37230,Safety Standards; Logistics; WMS; Team Leadership; Inventory Management,Diploma,2026-06-27,Contract,Hybrid
JOB_00379,HR Coordinator,Flipkart,Banking & Finance,Satara,2-5 years,98118,Employee Relations; Communication; Payroll; Compliance,Graduate,2026-07-08,Internship,Hybrid
JOB_00380,UI/UX Designer,Apollo Hospitals,FMCG,Satara,Fresher,21221,Sketch; Wireframing; Figma; Prototyping,12th Pass,2026-06-29,Part-time,Hybrid
JOB_00381,Full Stack Developer,Siemens,Banking & Finance,Ahmednagar,2-5 years,73414,React; JavaScript; REST API,Post Graduate,2026-08-31,Full-time,No
JOB_00382,Business Analyst,Fortis Healthcare,Construction,Pune,Fresher,22232,Requirements Gathering; JIRA; Agile; Power BI; SQL; Excel,Graduate,2026-06-19,Full-time,Yes
JOB_00383,Machine Operator,Vedantu,FMCG,Nagpur,5-8 years,115283,CNC Operation; Quality Control; Safety Standards; Machine Maintenance; Production Planning,Diploma,2026-06-18,Full-time,Hybrid
JOB_00384,Digital Marketing Executive,ICICI Bank,Telecommunications,Nagpur,2-5 years,74832,SEO; SEM; Social Media Marketing,10th Pass,2026-08-11,Part-time,Hybrid
JOB_00385,Machine Operator,Max Healthcare,Pharmaceuticals,Bhiwandi,0-2 years,55062,Production Planning; Quality Control; Safety Standards,12th Pass,2026-06-07,Full-time,Yes
JOB_00386,Nurse,Narayana Health,Telecommunications,Bhiwandi,0-2 years,46276,Medical Procedures; Vital Signs; Emergency Care; Medication Administration,12th Pass,2026-07-19,Internship,Hybrid
JOB_00387,Sales Executive,ICICI Bank,Retail,Kolhapur,8+ years,200102,Communication; Customer Relationship; Negotiation; Lead Generation; CRM,Diploma,2026-08-31,Full-time,Hybrid
JOB_00388,DevOps Engineer,Crompton Greaves,Healthcare,Mumbai,2-5 years,117013,Python; Jenkins; Ansible; Kubernetes,10th Pass,2026-06-25,Part-time,Yes
JOB_00389,Data Analyst,Amazon,E-commerce,Latur,5-8 years,178722,Statistics; Tableau; SQL; NumPy; Excel,10th Pass,2026-08-24,Internship,Hybrid
JOB_00390,Training Coordinator,Tech Mahindra,Pharmaceuticals,Raigad,0-2 years,44686,Assessment; Curriculum Design; LMS; Training Delivery,10th Pass,2026-08-31,Internship,Yes
JOB_00391,Logistics Coordinator,Larsen & Toubro,Media & Entertainment,Akola,Fresher,27533,Tracking Systems; Transportation Management; Coordination; Communication,Diploma,2026-08-29,Full-time,No
JOB_00392,Electrician,Siemens,Telecommunications,Aurangabad,8+ years,464623,Circuit Design; Equipment Maintenance; Electrical Wiring; Troubleshooting; Safety Standards,Post Graduate,2026-08-24,Internship,No
JOB_00393,Nurse,IBM,Manufacturing,Aurangabad,5-8 years,204645,Vital Signs; Patient Care; Medication Administration,Graduate,2026-08-02,Internship,Hybrid
JOB_00394,Accountant,Zerodha,Telecommunications,Aurangabad,0-2 years,59357,Accounting; QuickBooks; Taxation; Excel,Post Graduate,2026-08-04,Full-time,No
JOB_00395,Logistics Coordinator,Accenture,Banking & Finance,Akola,5-8 years,184079,Tracking Systems; Coordination; Documentation; Communication; Transportation Management,10th Pass,2026-07-22,Full-time,No
JOB_00396,UI/UX Designer,Unacademy,Automotive,Satara,2-5 years,98997,Prototyping; Figma; Adobe XD; User Research,Graduate,2026-08-16,Full-time,Hybrid
JOB_00397,Data Analyst,Amazon,Energy,Satara,0-2 years,54495,Python; Excel; Statistics; NumPy; Pandas,Graduate,2026-07-06,Contract,Yes
JOB_00398,Warehouse Supervisor,ICICI Bank,Telecommunications,Amravati,8+ years,397450,Logistics; Safety Standards; WMS; Inventory Management; Team Leadership,10th Pass,2026-06-22,Full-time,No
JOB_00399,UI/UX Designer,HDFC Bank,FMCG,Jalgaon,Fresher,23890,Figma; Prototyping; HTML/CSS; User Research; Adobe XD,Diploma,2026-06-12,Full-time,Yes
JOB_00400,Full Stack Developer,Fortis Healthcare,Telecommunications,Kolhapur,5-8 years,239345,HTML/CSS; MongoDB; SQL,Post Graduate,2026-08-24,Part-time,Hybrid
JOB_00401,Project Coordinator,Infosys,IT Services,Bhiwandi,5-8 years,203127,Coordination; Documentation; Agile; Communication,Graduate,2026-08-15,Contract,Hybrid
JOB_00402,Customer Support Specialist,Crompton Greaves,Healthcare,Beed,2-5 years,53862,CRM; Communication; Customer Service; Problem Solving; Zendesk,Diploma,2026-06-25,Part-time,Yes
JOB_00403,Sales Executive,IBM,Banking & Finance,Yavatmal,5-8 years,211795,Lead Generation; Negotiation; Customer Relationship; CRM; Communication,10th Pass,2026-07-27,Contract,No
JOB_00404,Electrician,IBM,Automotive,Amravati,0-2 years,34512,Circuit Design; Equipment Maintenance; Troubleshooting; Electrical Wiring; Safety Standards,10th Pass,2026-06-13,Part-time,No
JOB_00405,Digital Marketing Executive,Capgemini,E-commerce,Bhiwandi,8+ years,359041,SEM; SEO; Google Analytics; Email Marketing; Social Media Marketing,Diploma,2026-07-10,Part-time,Yes
JOB_00406,Cloud Engineer,Infosys,FMCG,Solapur,0-2 years,48544,Docker; Kubernetes; Azure; Linux; AWS,12th Pass,2026-08-25,Part-time,Hybrid
JOB_00407,Pharmacy Assistant,Apollo Hospitals,E-commerce,Parbhani,8+ years,301323,Pharmacy Software; Customer Service; Medication Dispensing; Inventory Management,Graduate,2026-08-07,Internship,Yes
JOB_00408,Training Coordinator,Axis Bank,Pharmaceuticals,Ahmednagar,2-5 years,114217,Curriculum Design; LMS; Training Delivery; Communication; Assessment,Diploma,2026-06-08,Internship,Yes
JOB_00409,Accountant,Fortis Healthcare,Pharmaceuticals,Pune,5-8 years,128656,Accounting; Taxation; Financial Reporting; Tally; GST,12th Pass,2026-07-09,Full-time,Yes
JOB_00410,Quality Analyst,Wipro,Telecommunications,Dhule,8+ years,408687,Bug Tracking; Agile; Testing; Selenium; SQL; Manual Testing,Diploma,2026-07-28,Internship,Yes
JOB_00411,Accountant,HCL,Pharmaceuticals,Satara,2-5 years,115622,Accounting; Financial Reporting; QuickBooks; Tally,Post Graduate,2026-08-21,Part-time,No
JOB_00412,Accountant,Infosys,E-commerce,Chandrapur,2-5 years,92477,Taxation; Financial Reporting; Excel; Accounting; Tally; QuickBooks,Post Graduate,2026-06-08,Full-time,Yes
JOB_00413,Cloud Engineer,Apollo Hospitals,Banking & Finance,Beed,5-8 years,187868,GCP; Docker; Kubernetes; Networking; AWS; Linux,Post Graduate,2026-06-24,Part-time,Yes
JOB_00414,UI/UX Designer,Crompton Greaves,Education,Ahmednagar,Fresher,15115,Sketch; Wireframing; Adobe XD; Figma; Prototyping; HTML/CSS,Diploma,2026-06-17,Full-time,No
JOB_00415,Supply Chain Analyst,TCS,Automotive,Bhiwandi,5-8 years,120815,SAP; Forecasting; Inventory Management; Data Analysis; Logistics; Excel,10th Pass,2026-06-20,Full-time,Yes
JOB_00416,Teacher,ICICI Bank,IT Services,Sangli,8+ years,382986,Classroom Management; Lesson Planning; Communication,Post Graduate,2026-08-31,Full-time,Hybrid
JOB_00417,Fitter,ABB India,Media & Entertainment,Jalgaon,8+ years,293453,Mechanical Fitting; Maintenance; Blueprint Reading,Diploma,2026-08-15,Part-time,No
JOB_00418,Warehouse Supervisor,Wipro,Banking & Finance,Latur,8+ years,424040,Logistics; WMS; Team Leadership; Inventory Management,Graduate,2026-06-26,Contract,No
JOB_00419,DevOps Engineer,Tata Motors,Manufacturing,Osmanabad,Fresher,33722,AWS; Python; Docker; CI/CD; Jenkins; Ansible,10th Pass,2026-06-16,Full-time,No
JOB_00420,Warehouse Supervisor,Godrej Industries,Retail,Osmanabad,8+ years,494982,Logistics; WMS; Safety Standards; Team Leadership; Inventory Management,10th Pass,2026-07-03,Internship,No
JOB_00421,Nurse,Axis Bank,Pharmaceuticals,Satara,0-2 years,55466,Medical Procedures; Patient Care; Vital Signs; Medication Administration,Graduate,2026-06-16,Part-time,Hybrid
JOB_00422,Accountant,ABB India,Manufacturing,Pune,5-8 years,166694,Tally; Financial Reporting; Excel; GST,Diploma,2026-08-27,Contract,Hybrid
JOB_00423,Electrician,Capgemini,Construction,Mumbai,2-5 years,73020,Safety Standards; Troubleshooting; Equipment Maintenance; Electrical Wiring,Diploma,2026-08-11,Contract,Hybrid
JOB_00424,Supply Chain Analyst,IBM,Logistics,Pune,5-8 years,208515,Forecasting; Inventory Management; Logistics; SAP,10th Pass,2026-08-28,Contract,Hybrid
JOB_00425,Warehouse Supervisor,Infosys,Healthcare,Bhiwandi,2-5 years,54085,Logistics; WMS; Inventory Management; Safety Standards; Team Leadership,12th Pass,2026-07-23,Part-time,Hybrid
JOB_00426,Welder,Capgemini,Energy,Solapur,5-8 years,122753,TIG Welding; Arc Welding; MIG Welding; Blueprint Reading,Post Graduate,2026-07-03,Contract,No
JOB_00427,Medical Lab Technician,Razorpay,Education,Amravati,2-5 years,76489,Lab Testing; Equipment Operation; Safety,12th Pass,2026-08-24,Full-time,No
JOB_00428,Teacher,HDFC Bank,Manufacturing,Aurangabad,8+ years,251512,Curriculum Development; Communication; Classroom Management; Lesson Planning,Post Graduate,2026-06-30,Part-time,Hybrid
JOB_00429,Data Analyst,Razorpay,Banking & Finance,Dhule,5-8 years,122826,Tableau; Python; Statistics,12th Pass,2026-07-24,Full-time,Yes
JOB_00430,Quality Analyst,Crompton Greaves,Construction,Mumbai,2-5 years,86261,Manual Testing; Selenium; Agile; JIRA,Diploma,2026-06-28,Internship,Hybrid
JOB_00431,Cloud Engineer,Flipkart,Education,Aurangabad,2-5 years,117378,AWS; Kubernetes; Networking,Post Graduate,2026-08-22,Contract,Hybrid
JOB_00432,Sales Executive,Godrej Industries,Automotive,Aurangabad,2-5 years,94399,Negotiation; CRM; Customer Relationship,12th Pass,2026-06-27,Full-time,Yes
JOB_00433,Software Developer,HCL,Banking & Finance,Yavatmal,5-8 years,216873,Python; Microservices; SQL; Agile; Java; JavaScript,Diploma,2026-06-18,Contract,No
JOB_00434,Medical Lab Technician,Accenture,Media & Entertainment,Osmanabad,0-2 years,31374,Safety; Sample Collection; Lab Testing; Quality Control,Diploma,2026-07-08,Internship,No
JOB_00435,Cybersecurity Analyst,Mahindra & Mahindra,Media & Entertainment,Aurangabad,0-2 years,56949,Firewall; Penetration Testing; SIEM; Risk Assessment; Compliance,Graduate,2026-09-01,Internship,Yes
JOB_00436,Customer Support Specialist,Flipkart,Education,Chandrapur,5-8 years,206348,Customer Service; Problem Solving; CRM; Communication,Diploma,2026-08-22,Full-time,No
JOB_00437,Electrician,Max Healthcare,Healthcare,Dhule,5-8 years,189316,Circuit Design; Equipment Maintenance; Troubleshooting; Safety Standards; Electrical Wiring,10th Pass,2026-08-09,Internship,No
JOB_00438,Fitter,Bajaj Finserv,E-commerce,Bhiwandi,2-5 years,62799,Mechanical Fitting; Assembly; Maintenance; Blueprint Reading; Precision Tools,Post Graduate,2026-07-10,Contract,No
JOB_00439,Digital Marketing Executive,Fortis Healthcare,Manufacturing,Nashik,8+ years,276926,Email Marketing; SEO; Content Marketing; Social Media Marketing; Google Analytics; SEM,Post Graduate,2026-06-12,Internship,Hybrid
JOB_00440,Full Stack Developer,Unacademy,Healthcare,Satara,5-8 years,213961,HTML/CSS; Node.js; SQL; Git,Graduate,2026-07-22,Full-time,Hybrid
JOB_00441,Quality Analyst,Godrej Industries,IT Services,Aurangabad,5-8 years,173979,Bug Tracking; Testing; Agile; Manual Testing; JIRA,Post Graduate,2026-09-01,Internship,Hybrid
JOB_00442,Fitter,Siemens,Pharmaceuticals,Beed,5-8 years,145458,Assembly; Maintenance; Blueprint Reading; Mechanical Fitting,Post Graduate,2026-07-06,Part-time,Hybrid
JOB_00443,Content Writer,Amazon,Education,Ahmednagar,2-5 years,52058,SEO; Content Writing; Editing; Copywriting,12th Pass,2026-08-17,Internship,Yes
JOB_00444,Digital Marketing Executive,Max Healthcare,Energy,Beed,0-2 years,58385,Email Marketing; Content Marketing; Social Media Marketing; Google Analytics; SEO; SEM,10th Pass,2026-07-12,Internship,No
JOB_00445,Customer Support Specialist,Byju's,Automotive,Solapur,0-2 years,40515,Customer Service; Zendesk; CRM,Diploma,2026-07-02,Internship,Hybrid
JOB_00446,Fitter,Wipro,Automotive,Pune,2-5 years,60494,Precision Tools; Mechanical Fitting; Maintenance; Blueprint Reading,10th Pass,2026-08-17,Contract,No
JOB_00447,Quality Analyst,Accenture,Healthcare,Jalna,Fresher,26257,Agile; JIRA; Testing; Manual Testing; SQL; Bug Tracking,Graduate,2026-06-28,Internship,No
JOB_00448,Quality Analyst,ABB India,Retail,Nanded,5-8 years,179710,JIRA; Manual Testing; Agile; Selenium; Testing,Diploma,2026-06-24,Full-time,Hybrid
JOB_00449,Supply Chain Analyst,HCL,Construction,Solapur,8+ years,243259,Forecasting; Data Analysis; Excel; SAP; Logistics,10th Pass,2026-08-19,Full-time,No
JOB_00450,Machine Learning Engineer,Tata Motors,Education,Satara,0-2 years,34904,Python; Deep Learning; NLP; TensorFlow; PyTorch,12th Pass,2026-06-12,Contract,Yes
JOB_00451,Machine Learning Engineer,Reliance Jio,FMCG,Parbhani,0-2 years,35102,PyTorch; Python; TensorFlow,12th Pass,2026-07-03,Internship,Yes
JOB_00452,Technician,Flipkart,Healthcare,Raigad,5-8 years,113768,Electrical Systems; Equipment Maintenance; Safety; Troubleshooting; Mechanical Systems,12th Pass,2026-08-14,Internship,No
JOB_00453,Full Stack Developer,Axis Bank,Retail,Raigad,5-8 years,175705,REST API; Node.js; React; SQL; MongoDB; JavaScript,12th Pass,2026-07-09,Contract,Hybrid
JOB_00454,Technician,Larsen & Toubro,Energy,Nashik,Fresher,23751,Safety; Electrical Systems; Troubleshooting; Mechanical Systems,Diploma,2026-08-23,Internship,No
JOB_00455,Logistics Coordinator,HDFC Bank,Telecommunications,Raigad,0-2 years,25555,Documentation; Communication; Tracking Systems; Transportation Management,Graduate,2026-08-27,Internship,Yes
JOB_00456,Quality Analyst,Unacademy,Manufacturing,Yavatmal,Fresher,16115,Agile; Manual Testing; JIRA; Selenium,10th Pass,2026-09-01,Full-time,Yes
JOB_00457,Project Coordinator,ICICI Bank,Automotive,Yavatmal,8+ years,268108,Agile; Project Management; Coordination,10th Pass,2026-07-18,Part-time,Yes
JOB_00458,Retail Associate,Godrej Industries,Logistics,Sangli,0-2 years,41864,Customer Service; Cash Handling; Sales; Inventory Management; Communication,Graduate,2026-08-15,Contract,Yes
JOB_00459,Content Writer,HCL,Education,Akola,5-8 years,202926,SEO; Research; Content Writing; WordPress; Editing,12th Pass,2026-08-13,Full-time,Yes
JOB_00460,Electrician,Cognizant,Media & Entertainment,Amravati,5-8 years,118458,Safety Standards; Electrical Wiring; Troubleshooting; Equipment Maintenance,Diploma,2026-06-23,Internship,Yes
JOB_00461,Teacher,TCS,Media & Entertainment,Aurangabad,5-8 years,186463,Assessment; Communication; Lesson Planning,10th Pass,2026-07-16,Full-time,Hybrid
JOB_00462,Retail Associate,Byju's,Retail,Parbhani,5-8 years,131772,Customer Service; Sales; Communication; Cash Handling; Inventory Management,10th Pass,2026-06-24,Contract,No
JOB_00463,Technician,HCL,Construction,Dhule,2-5 years,110245,Equipment Maintenance; Electrical Systems; Mechanical Systems; Troubleshooting; Safety,Post Graduate,2026-07-29,Part-time,Hybrid
JOB_00464,Data Analyst,HDFC Bank,Education,Yavatmal,5-8 years,214814,SQL; Statistics; Pandas; Excel; Power BI; Python,Post Graduate,2026-08-11,Full-time,Yes
JOB_00465,Software Developer,Paytm,Retail,Kolhapur,8+ years,435566,Git; SQL; Microservices,Graduate,2026-09-02,Contract,Yes
JOB_00466,Sales Executive,Capgemini,Healthcare,Dhule,Fresher,17360,Customer Relationship; Lead Generation; Communication; CRM; Negotiation,Post Graduate,2026-08-31,Internship,Hybrid
JOB_00467,Software Developer,Wipro,Healthcare,Satara,5-8 years,180566,Python; Java; Agile; Microservices,12th Pass,2026-08-23,Part-time,Hybrid
JOB_00468,Digital Marketing Executive,Paytm,Automotive,Nashik,Fresher,28173,SEO; SEM; Social Media Marketing; Content Marketing,Graduate,2026-07-25,Part-time,No
JOB_00469,Medical Lab Technician,Reliance Jio,Manufacturing,Pune,0-2 years,52207,Lab Testing; Equipment Operation; Safety,Diploma,2026-08-14,Part-time,No
JOB_00470,Cybersecurity Analyst,IBM,Banking & Finance,Pune,8+ years,294064,Penetration Testing; Network Security; Firewall; Risk Assessment; SIEM; Compliance,10th Pass,2026-08-24,Contract,No
JOB_00471,Retail Associate,IBM,Healthcare,Osmanabad,5-8 years,162718,Inventory Management; Cash Handling; Sales,10th Pass,2026-08-13,Full-time,Hybrid
JOB_00472,UI/UX Designer,Accenture,Construction,Satara,5-8 years,130803,Sketch; Prototyping; Figma; Adobe XD; User Research,Graduate,2026-06-29,Contract,Hybrid
JOB_00473,Quality Analyst,ICICI Bank,Education,Chandrapur,0-2 years,56091,Selenium; Testing; JIRA,Post Graduate,2026-07-03,Part-time,Hybrid
JOB_00474,Training Coordinator,Apollo Hospitals,Education,Pune,Fresher,29848,Assessment; Communication; Curriculum Design,Graduate,2026-08-30,Full-time,Hybrid
JOB_00475,UI/UX Designer,Paytm,Telecommunications,Mumbai,0-2 years,46362,Figma; Adobe XD; Prototyping,Post Graduate,2026-07-13,Contract,Yes
JOB_00476,Logistics Coordinator,Axis Bank,Banking & Finance,Akola,Fresher,22230,Tracking Systems; Documentation; Coordination,12th Pass,2026-08-26,Internship,Yes
JOB_00477,Teacher,ICICI Bank,Media & Entertainment,Aurangabad,5-8 years,219993,Assessment; Classroom Management; Curriculum Development; Communication; Lesson Planning,Diploma,2026-08-11,Contract,Yes
JOB_00478,Sales Executive,HCL,Education,Pune,0-2 years,52408,CRM; Lead Generation; Negotiation,Diploma,2026-08-14,Part-time,No
JOB_00479,Welder,Flipkart,Automotive,Beed,0-2 years,56030,MIG Welding; Arc Welding; Blueprint Reading; TIG Welding; Safety Standards,Diploma,2026-07-07,Full-time,Hybrid
JOB_00480,Accountant,Siemens,Retail,Kolhapur,0-2 years,52379,Taxation; Excel; QuickBooks; Tally,Graduate,2026-08-30,Internship,Hybrid
JOB_00481,Logistics Coordinator,Byju's,Telecommunications,Pune,8+ years,326097,Tracking Systems; Transportation Management; Documentation; Communication,10th Pass,2026-08-25,Full-time,Hybrid
JOB_00482,Warehouse Supervisor,IBM,Manufacturing,Amravati,5-8 years,179911,Team Leadership; Inventory Management; Safety Standards; WMS,12th Pass,2026-08-15,Full-time,No
JOB_00483,HR Coordinator,Narayana Health,E-commerce,Osmanabad,0-2 years,50223,Compliance; Employee Relations; Recruitment; Communication; Payroll,Diploma,2026-06-08,Full-time,No
JOB_00484,Accountant,ICICI Bank,FMCG,Osmanabad,2-5 years,117467,Taxation; GST; Tally,Diploma,2026-06-10,Full-time,Yes
JOB_00485,Content Writer,Wipro,Manufacturing,Chandrapur,2-5 years,68141,SEO; Editing; Content Writing; Copywriting; Research,Post Graduate,2026-07-24,Full-time,Hybrid
JOB_00486,Supply Chain Analyst,ICICI Bank,FMCG,Osmanabad,8+ years,421736,Logistics; Forecasting; Data Analysis; Inventory Management,Graduate,2026-07-31,Full-time,No
JOB_00487,Customer Support Specialist,PhonePe,Telecommunications,Parbhani,5-8 years,196507,Zendesk; CRM; Problem Solving,Graduate,2026-06-10,Part-time,No
JOB_00488,Digital Marketing Executive,Reliance Jio,Education,Dhule,Fresher,18670,SEO; SEM; Google Analytics,Post Graduate,2026-06-07,Internship,Yes
JOB_00489,Pharmacy Assistant,Infosys,Education,Jalna,0-2 years,54088,Customer Service; Pharmacy Software; Inventory Management; Medication Dispensing,Graduate,2026-06-14,Contract,Yes
JOB_00490,Digital Marketing Executive,Razorpay,Construction,Kolhapur,Fresher,30930,Social Media Marketing; Content Marketing; Google Analytics; Email Marketing; SEM,10th Pass,2026-06-21,Internship,No
JOB_00491,Full Stack Developer,Crompton Greaves,E-commerce,Aurangabad,8+ years,277772,MongoDB; REST API; Node.js; HTML/CSS; JavaScript,Diploma,2026-07-21,Internship,Yes
JOB_00492,Welder,Godrej Industries,E-commerce,Osmanabad,0-2 years,32662,MIG Welding; Blueprint Reading; Arc Welding,Diploma,2026-08-30,Part-time,No
JOB_00493,Machine Learning Engineer,ICICI Bank,Telecommunications,Solapur,2-5 years,69391,Deep Learning; PyTorch; NLP,12th Pass,2026-07-19,Part-time,Hybrid
JOB_00494,Full Stack Developer,Narayana Health,Media & Entertainment,Mumbai,Fresher,32896,Node.js; MongoDB; REST API; React; JavaScript; HTML/CSS,Diploma,2026-07-02,Contract,No
JOB_00495,Teacher,Amazon,FMCG,Nanded,2-5 years,55253,Assessment; Communication; Curriculum Development; Lesson Planning; Classroom Management,10th Pass,2026-08-18,Full-time,No
JOB_00496,Software Developer,Axis Bank,Logistics,Satara,5-8 years,238001,Java; JavaScript; Python; Git; Microservices,Diploma,2026-08-07,Part-time,Yes
JOB_00497,Digital Marketing Executive,Accenture,Telecommunications,Chandrapur,8+ years,408434,SEM; Social Media Marketing; Google Analytics; Content Marketing; SEO; Email Marketing,12th Pass,2026-08-17,Contract,No
JOB_00498,Customer Support Specialist,Larsen & Toubro,Manufacturing,Jalgaon,Fresher,28618,Zendesk; Communication; Customer Service; Problem Solving,Diploma,2026-07-10,Part-time,Hybrid
JOB_00499,Teacher,Max Healthcare,E-commerce,Raigad,5-8 years,224416,Curriculum Development; Lesson Planning; Assessment; Communication; Classroom Management,Diploma,2026-06-29,Full-time,Hybrid
JOB_00500,Logistics Coordinator,TCS,Retail,Nagpur,5-8 years,152234,Communication; Tracking Systems; Transportation Management; Documentation; Coordination,12th Pass,2026-08-12,Contract,Hybrid
JOB_00501,Supply Chain Analyst,Crompton Greaves,Logistics,Jalgaon,Fresher,30484,SAP; Excel; Data Analysis; Inventory Management; Forecasting; Logistics,Diploma,2026-08-20,Internship,Yes
JOB_00502,Supply Chain Analyst,Capgemini,FMCG,Mumbai,0-2 years,53578,Inventory Management; Excel; Logistics; Forecasting; SAP,12th Pass,2026-08-02,Full-time,No
JOB_00503,Quality Analyst,Mahindra & Mahindra,E-commerce,Mumbai,8+ years,271039,Selenium; Manual Testing; SQL,Post Graduate,2026-07-21,Full-time,No
JOB_00504,Customer Support Specialist,Larsen & Toubro,IT Services,Beed,5-8 years,148037,CRM; Communication; Customer Service; Zendesk,10th Pass,2026-08-23,Part-time,Hybrid
JOB_00505,Sales Executive,Crompton Greaves,Education,Yavatmal,2-5 years,51690,Communication; CRM; Customer Relationship; Negotiation; Lead Generation,10th Pass,2026-08-18,Contract,No
JOB_00506,Logistics Coordinator,ABB India,Media & Entertainment,Ahmednagar,5-8 years,231958,Transportation Management; Documentation; Coordination,Post Graduate,2026-08-07,Full-time,No
JOB_00507,HR Coordinator,IBM,Media & Entertainment,Nashik,Fresher,26880,Employee Relations; Communication; Payroll,12th Pass,2026-08-18,Contract,Yes
JOB_00508,Retail Associate,Capgemini,Healthcare,Mumbai,2-5 years,66429,Sales; Communication; Cash Handling,Post Graduate,2026-08-09,Full-time,No
JOB_00509,Retail Associate,Infosys,FMCG,Nagpur,Fresher,16074,Cash Handling; Customer Service; Communication; Inventory Management,10th Pass,2026-06-12,Full-time,No
JOB_00510,Cloud Engineer,Tech Mahindra,Education,Pune,2-5 years,76922,Azure; Networking; AWS,Post Graduate,2026-06-21,Part-time,Hybrid
JOB_00511,Customer Support Specialist,Amazon,Energy,Nagpur,Fresher,31544,CRM; Customer Service; Problem Solving; Communication; Zendesk,Graduate,2026-06-24,Full-time,Hybrid
JOB_00512,Logistics Coordinator,ICICI Bank,Pharmaceuticals,Jalna,Fresher,15141,Communication; Documentation; Coordination,Post Graduate,2026-08-23,Internship,No
JOB_00513,Retail Associate,Unacademy,Construction,Solapur,8+ years,422346,Sales; Inventory Management; Communication,10th Pass,2026-08-08,Part-time,No
JOB_00514,Cloud Engineer,Vedantu,Banking & Finance,Nashik,2-5 years,55322,Terraform; Networking; GCP; Linux,Diploma,2026-08-25,Internship,Yes
JOB_00515,Content Writer,Crompton Greaves,Construction,Chandrapur,2-5 years,59123,SEO; Editing; Research; WordPress; Copywriting; Content Writing,Diploma,2026-07-06,Part-time,Yes
JOB_00516,Technician,Cognizant,Retail,Yavatmal,5-8 years,203497,Safety; Equipment Maintenance; Mechanical Systems; Electrical Systems,10th Pass,2026-07-15,Full-time,Hybrid
JOB_00517,Training Coordinator,Apollo Hospitals,Healthcare,Nagpur,0-2 years,52833,Curriculum Design; Assessment; Training Delivery; Communication,Diploma,2026-07-03,Contract,Hybrid
JOB_00518,Project Coordinator,Zerodha,Construction,Latur,5-8 years,132031,MS Office; Coordination; Documentation; Project Management; Communication; Agile,12th Pass,2026-08-03,Internship,Yes
JOB_00519,Machine Operator,Cognizant,Pharmaceuticals,Mumbai,0-2 years,26753,CNC Operation; Safety Standards; Quality Control,12th Pass,2026-08-13,Contract,Yes
JOB_00520,Full Stack Developer,Cognizant,FMCG,Satara,8+ years,305870,REST API; Git; MongoDB,12th Pass,2026-07-29,Internship,Hybrid
JOB_00521,Machine Learning Engineer,Infosys,FMCG,Akola,8+ years,435990,Scikit-learn; Python; NLP,12th Pass,2026-07-26,Internship,No
JOB_00522,Data Analyst,Crompton Greaves,Media & Entertainment,Solapur,Fresher,27749,NumPy; Power BI; SQL; Excel,Graduate,2026-07-04,Internship,Hybrid
JOB_00523,Electrician,Zerodha,Logistics,Nanded,8+ years,398074,Circuit Design; Electrical Wiring; Equipment Maintenance; Safety Standards; Troubleshooting,Diploma,2026-06-18,Contract,No
JOB_00524,Data Analyst,Wipro,E-commerce,Nanded,Fresher,26182,Statistics; Pandas; NumPy; Tableau; Python,Graduate,2026-07-18,Internship,No
JOB_00525,Customer Support Specialist,HCL,Construction,Latur,5-8 years,181815,Problem Solving; Customer Service; CRM,Graduate,2026-06-21,Full-time,No
JOB_00526,Cloud Engineer,Infosys,Telecommunications,Solapur,2-5 years,84946,AWS; Docker; Linux; Networking; Kubernetes,12th Pass,2026-09-02,Full-time,No
JOB_00527,Content Writer,Siemens,Automotive,Dhule,8+ years,376143,Research; Content Writing; SEO,10th Pass,2026-07-03,Contract,Yes
JOB_00528,Welder,Byju's,Healthcare,Latur,2-5 years,56230,Arc Welding; MIG Welding; Safety Standards; TIG Welding,10th Pass,2026-07-28,Internship,Yes
JOB_00529,Welder,Cognizant,Automotive,Osmanabad,Fresher,28995,TIG Welding; Arc Welding; Blueprint Reading; MIG Welding,Diploma,2026-08-09,Full-time,Hybrid
JOB_00530,Medical Lab Technician,Crompton Greaves,Retail,Jalna,2-5 years,82933,Safety; Equipment Operation; Lab Testing; Sample Collection; Quality Control,10th Pass,2026-06-17,Internship,Hybrid
JOB_00531,Logistics Coordinator,Infosys,Construction,Solapur,8+ years,444997,Coordination; Documentation; Communication; Tracking Systems; Transportation Management,10th Pass,2026-08-01,Internship,Hybrid
JOB_00532,Warehouse Supervisor,HDFC Bank,Manufacturing,Jalna,Fresher,29266,Team Leadership; WMS; Inventory Management; Safety Standards,Diploma,2026-07-14,Full-time,Hybrid
JOB_00533,Business Analyst,Godrej Industries,Construction,Sangli,5-8 years,206395,Power BI; Agile; Requirements Gathering; Excel,Graduate,2026-08-05,Part-time,Yes
JOB_00534,Software Developer,Vedantu,Logistics,Jalgaon,0-2 years,33941,REST API; Agile; Python; Java; Git; SQL,Diploma,2026-09-01,Contract,Hybrid
JOB_00535,Electrician,Wipro,Pharmaceuticals,Beed,0-2 years,44528,Electrical Wiring; Equipment Maintenance; Troubleshooting; Circuit Design,12th Pass,2026-08-27,Contract,Hybrid
JOB_00536,Technician,IBM,Healthcare,Dhule,Fresher,34019,Safety; Equipment Maintenance; Electrical Systems,Diploma,2026-06-29,Internship,Yes
JOB_00537,Cybersecurity Analyst,Siemens,Manufacturing,Nashik,8+ years,291831,Compliance; Penetration Testing; Firewall; Network Security; SIEM; Risk Assessment,Diploma,2026-08-08,Internship,No
JOB_00538,Machine Learning Engineer,Paytm,Telecommunications,Pune,8+ years,329156,Deep Learning; Python; PyTorch; Scikit-learn; TensorFlow,Post Graduate,2026-07-31,Contract,No
JOB_00539,Retail Associate,Infosys,Construction,Jalgaon,2-5 years,100422,Customer Service; Communication; Inventory Management; Cash Handling; Sales,Diploma,2026-07-27,Full-time,Hybrid
JOB_00540,Pharmacy Assistant,Fortis Healthcare,IT Services,Chandrapur,0-2 years,44491,Inventory Management; Customer Service; Medication Dispensing; Pharmacy Software,Post Graduate,2026-08-09,Internship,Hybrid
JOB_00541,Sales Executive,Tata Motors,Energy,Pune,5-8 years,208255,Lead Generation; Customer Relationship; Communication,12th Pass,2026-07-24,Full-time,Yes
JOB_00542,Retail Associate,Tech Mahindra,Manufacturing,Jalna,2-5 years,56828,Communication; Inventory Management; Sales; Customer Service,Post Graduate,2026-06-14,Internship,Hybrid
JOB_00543,DevOps Engineer,HDFC Bank,Construction,Dhule,Fresher,23179,Python; CI/CD; Jenkins; Ansible; Docker,Post Graduate,2026-06-30,Internship,No
JOB_00544,HR Coordinator,IBM,Education,Raigad,5-8 years,152078,Compliance; Payroll; Communication; HRMS,12th Pass,2026-08-25,Contract,Yes
JOB_00545,Content Writer,Axis Bank,IT Services,Nanded,5-8 years,123324,Editing; WordPress; SEO,Post Graduate,2026-07-07,Contract,Hybrid
JOB_00546,Pharmacy Assistant,Narayana Health,Automotive,Pune,0-2 years,36149,Inventory Management; Medication Dispensing; Pharmacy Software; Customer Service,Graduate,2026-06-24,Full-time,Hybrid
JOB_00547,Quality Analyst,Paytm,Banking & Finance,Chandrapur,5-8 years,175487,Agile; Selenium; JIRA; Manual Testing,12th Pass,2026-07-03,Part-time,No
JOB_00548,Pharmacy Assistant,ICICI Bank,Energy,Satara,0-2 years,34564,Customer Service; Pharmacy Software; Medication Dispensing; Inventory Management,Diploma,2026-09-01,Contract,Yes
JOB_00549,Welder,Apollo Hospitals,Automotive,Kolhapur,5-8 years,184736,Safety Standards; Arc Welding; Blueprint Reading; MIG Welding; TIG Welding,12th Pass,2026-06-08,Part-time,Hybrid
JOB_00550,Content Writer,Mahindra & Mahindra,Banking & Finance,Raigad,5-8 years,187257,Editing; Content Writing; WordPress,12th Pass,2026-08-05,Contract,Hybrid
JOB_00551,Project Coordinator,Wipro,IT Services,Osmanabad,8+ years,394459,Coordination; Agile; MS Office; Communication; Documentation,10th Pass,2026-08-19,Full-time,Hybrid
JOB_00552,UI/UX Designer,PhonePe,Logistics,Solapur,2-5 years,119523,Prototyping; Adobe XD; Figma; Sketch; HTML/CSS,Post Graduate,2026-07-11,Contract,Yes
JOB_00553,Sales Executive,Paytm,Energy,Aurangabad,Fresher,23642,Communication; Lead Generation; Negotiation; Customer Relationship,Diploma,2026-06-30,Internship,Yes
JOB_00554,Sales Executive,Unacademy,IT Services,Aurangabad,5-8 years,148009,Negotiation; CRM; Lead Generation,12th Pass,2026-08-31,Contract,Yes
JOB_00555,Retail Associate,Capgemini,Media & Entertainment,Ahmednagar,5-8 years,219998,Customer Service; Cash Handling; Sales; Inventory Management,Graduate,2026-07-03,Part-time,Yes
JOB_00556,Customer Support Specialist,Godrej Industries,E-commerce,Amravati,Fresher,34191,Customer Service; CRM; Zendesk,10th Pass,2026-08-08,Full-time,Hybrid
JOB_00557,Logistics Coordinator,Max Healthcare,Media & Entertainment,Solapur,8+ years,249443,Documentation; Tracking Systems; Communication,Graduate,2026-07-24,Contract,Hybrid
JOB_00558,Technician,Apollo Hospitals,Automotive,Dhule,Fresher,17656,Electrical Systems; Troubleshooting; Equipment Maintenance,12th Pass,2026-07-08,Internship,Hybrid
JOB_00559,Project Coordinator,TCS,Manufacturing,Satara,2-5 years,92587,Agile; Coordination; MS Office,Post Graduate,2026-06-24,Part-time,Yes
JOB_00560,Nurse,HCL,Pharmaceuticals,Akola,2-5 years,102279,Emergency Care; Vital Signs; Patient Care,Post Graduate,2026-08-03,Part-time,No
JOB_00561,Digital Marketing Executive,Flipkart,Retail,Amravati,Fresher,25161,Google Analytics; SEM; SEO; Content Marketing; Email Marketing; Social Media Marketing,10th Pass,2026-06-09,Part-time,No
JOB_00562,Technician,PhonePe,Healthcare,Latur,Fresher,33450,Mechanical Systems; Safety; Troubleshooting; Electrical Systems,12th Pass,2026-06-20,Full-time,No
JOB_00563,Nurse,Reliance Jio,Retail,Satara,2-5 years,79390,Vital Signs; Patient Care; Emergency Care; Medical Procedures; Medication Administration,Post Graduate,2026-06-14,Internship,Hybrid
JOB_00564,Machine Operator,Godrej Industries,Logistics,Nagpur,8+ years,266998,CNC Operation; Safety Standards; Machine Maintenance; Production Planning,Diploma,2026-06-09,Part-time,Hybrid
JOB_00565,Accountant,HCL,Telecommunications,Nanded,2-5 years,116932,Tally; Taxation; QuickBooks,12th Pass,2026-07-12,Full-time,No
JOB_00566,Technician,Larsen & Toubro,Education,Sangli,8+ years,295529,Equipment Maintenance; Safety; Mechanical Systems; Troubleshooting; Electrical Systems,Graduate,2026-07-16,Full-time,No
JOB_00567,Teacher,Vedantu,FMCG,Akola,2-5 years,74259,Assessment; Communication; Classroom Management; Lesson Planning; Curriculum Development,10th Pass,2026-08-25,Contract,Hybrid
JOB_00568,Cloud Engineer,Infosys,IT Services,Bhiwandi,5-8 years,206192,Azure; AWS; Terraform; Docker; Kubernetes; GCP,10th Pass,2026-06-12,Internship,No
JOB_00569,Welder,Narayana Health,FMCG,Latur,8+ years,300035,Arc Welding; MIG Welding; Blueprint Reading; TIG Welding,Graduate,2026-08-21,Part-time,Yes
JOB_00570,Business Analyst,Amazon,Construction,Beed,5-8 years,122568,Process Mapping; Agile; Requirements Gathering; Excel,12th Pass,2026-07-28,Part-time,No
JOB_00571,Accountant,Flipkart,Media & Entertainment,Nashik,Fresher,30449,Financial Reporting; QuickBooks; Accounting; Taxation,12th Pass,2026-09-02,Part-time,Yes
JOB_00572,Full Stack Developer,HCL,Manufacturing,Dhule,8+ years,426381,React; HTML/CSS; Git,12th Pass,2026-07-13,Contract,Yes
JOB_00573,Supply Chain Analyst,PhonePe,Automotive,Parbhani,5-8 years,170214,SAP; Excel; Data Analysis; Forecasting; Logistics; Inventory Management,12th Pass,2026-06-14,Internship,Yes
JOB_00574,Supply Chain Analyst,Larsen & Toubro,Logistics,Beed,8+ years,380275,Excel; SAP; Logistics; Inventory Management; Forecasting; Data Analysis,Post Graduate,2026-07-10,Part-time,Hybrid
JOB_00575,Training Coordinator,Vedantu,E-commerce,Satara,2-5 years,111908,Assessment; LMS; Communication; Curriculum Design,10th Pass,2026-08-15,Part-time,No
JOB_00576,Retail Associate,Zerodha,E-commerce,Yavatmal,Fresher,31127,Sales; Communication; Inventory Management,12th Pass,2026-08-23,Internship,No
JOB_00577,Cybersecurity Analyst,HCL,IT Services,Bhiwandi,0-2 years,29172,SIEM; Compliance; Penetration Testing; Network Security; Risk Assessment,12th Pass,2026-07-23,Full-time,Hybrid
JOB_00578,Cybersecurity Analyst,Axis Bank,Logistics,Bhiwandi,Fresher,19953,SIEM; Compliance; Network Security; Risk Assessment; Penetration Testing,10th Pass,2026-06-08,Full-time,Hybrid
JOB_00579,Data Analyst,Capgemini,Banking & Finance,Chandrapur,5-8 years,143790,Python; Tableau; NumPy,Graduate,2026-06-16,Part-time,No
JOB_00580,UI/UX Designer,Unacademy,FMCG,Osmanabad,2-5 years,66119,Wireframing; Figma; Adobe XD; Sketch; User Research; HTML/CSS,12th Pass,2026-08-10,Internship,Yes
JOB_00581,Cybersecurity Analyst,Godrej Industries,Telecommunications,Akola,5-8 years,208792,Network Security; SIEM; Risk Assessment; Firewall,Post Graduate,2026-07-20,Part-time,Hybrid
JOB_00582,Accountant,Byju's,Retail,Aurangabad,0-2 years,25651,Accounting; Taxation; GST; Tally; Excel; QuickBooks,Graduate,2026-06-30,Full-time,No
JOB_00583,Sales Executive,Byju's,IT Services,Solapur,5-8 years,236256,CRM; Negotiation; Communication; Customer Relationship,12th Pass,2026-07-29,Internship,Hybrid
JOB_00584,Retail Associate,Siemens,Media & Entertainment,Jalgaon,8+ years,411779,Customer Service; Inventory Management; Cash Handling; Communication,Post Graduate,2026-07-09,Internship,Hybrid
JOB_00585,Customer Support Specialist,Crompton Greaves,Banking & Finance,Amravati,5-8 years,133031,Customer Service; CRM; Problem Solving,10th Pass,2026-06-30,Contract,Yes
JOB_00586,Digital Marketing Executive,Crompton Greaves,Telecommunications,Bhiwandi,8+ years,326531,Email Marketing; SEM; SEO; Social Media Marketing; Content Marketing,12th Pass,2026-07-28,Full-time,Hybrid
JOB_00587,Data Analyst,PhonePe,Manufacturing,Sangli,2-5 years,66351,Python; Pandas; Statistics,Diploma,2026-07-09,Full-time,No
JOB_00588,Sales Executive,Axis Bank,Manufacturing,Raigad,0-2 years,59056,Communication; Negotiation; Customer Relationship; Lead Generation,Graduate,2026-08-04,Contract,Hybrid
JOB_00589,Fitter,Vedantu,Banking & Finance,Latur,0-2 years,31045,Assembly; Maintenance; Mechanical Fitting,12th Pass,2026-08-28,Part-time,No
JOB_00590,Business Analyst,Apollo Hospitals,Construction,Nagpur,5-8 years,210997,Requirements Gathering; JIRA; Agile; Process Mapping; Excel; Power BI,12th Pass,2026-07-10,Internship,Yes
JOB_00591,DevOps Engineer,Paytm,Pharmaceuticals,Aurangabad,8+ years,311485,Kubernetes; Python; CI/CD; Linux; Jenkins; Ansible,12th Pass,2026-07-08,Full-time,Hybrid
JOB_00592,UI/UX Designer,Capgemini,Automotive,Latur,8+ years,261730,Figma; HTML/CSS; Sketch; User Research; Wireframing; Prototyping,Diploma,2026-07-19,Contract,No
JOB_00593,Full Stack Developer,Amazon,E-commerce,Mumbai,5-8 years,228134,JavaScript; Node.js; Git; React; SQL; HTML/CSS,Graduate,2026-09-04,Contract,Yes
JOB_00594,Pharmacy Assistant,Zerodha,Automotive,Ahmednagar,Fresher,34847,Pharmacy Software; Customer Service; Inventory Management; Medication Dispensing,Post Graduate,2026-08-19,Internship,No
JOB_00595,Technician,Siemens,Banking & Finance,Aurangabad,5-8 years,188866,Safety; Mechanical Systems; Troubleshooting; Equipment Maintenance; Electrical Systems,Graduate,2026-06-27,Internship,Hybrid
JOB_00596,Machine Learning Engineer,Infosys,Automotive,Solapur,Fresher,32754,SQL; Deep Learning; Python; NLP; Scikit-learn,Graduate,2026-06-23,Part-time,No
JOB_00597,Quality Analyst,Reliance Jio,IT Services,Nashik,Fresher,32483,JIRA; Selenium; Agile; SQL; Testing,Diploma,2026-06-19,Internship,Hybrid
JOB_00598,Data Analyst,ABB India,Retail,Mumbai,5-8 years,200141,Pandas; Python; Tableau; Excel,Graduate,2026-08-03,Full-time,Yes
JOB_00599,Electrician,Amazon,E-commerce,Jalgaon,0-2 years,36088,Electrical Wiring; Circuit Design; Troubleshooting; Safety Standards,10th Pass,2026-08-28,Contract,Yes
JOB_00600,Software Developer,Fortis Healthcare,Banking & Finance,Jalgaon,Fresher,18963,JavaScript; SQL; Microservices; Agile; REST API,Post Graduate,2026-08-29,Part-time,Hybrid
JOB_00601,Fitter,PhonePe,FMCG,Parbhani,0-2 years,55462,Assembly; Mechanical Fitting; Blueprint Reading; Maintenance; Precision Tools,12th Pass,2026-06-26,Full-time,No
JOB_00602,Software Developer,Axis Bank,Media & Entertainment,Beed,5-8 years,126610,Git; Microservices; REST API,10th Pass,2026-08-04,Part-time,No
JOB_00603,Fitter,Accenture,Energy,Chandrapur,5-8 years,164267,Maintenance; Blueprint Reading; Mechanical Fitting; Assembly; Precision Tools,12th Pass,2026-06-28,Internship,Yes
JOB_00604,Software Developer,Godrej Industries,Construction,Satara,5-8 years,165769,Python; Microservices; SQL; JavaScript,12th Pass,2026-06-09,Contract,Hybrid
JOB_00605,Business Analyst,Godrej Industries,IT Services,Jalna,8+ years,357621,Agile; Requirements Gathering; JIRA; SQL,12th Pass,2026-08-24,Full-time,Yes
JOB_00606,Warehouse Supervisor,Byju's,Healthcare,Sangli,8+ years,437354,WMS; Logistics; Safety Standards; Team Leadership; Inventory Management,Post Graduate,2026-08-01,Contract,No
JOB_00607,Business Analyst,ABB India,IT Services,Satara,5-8 years,101121,Agile; SQL; Requirements Gathering; Process Mapping,Post Graduate,2026-09-03,Internship,Hybrid
JOB_00608,Teacher,Accenture,FMCG,Dhule,5-8 years,192535,Lesson Planning; Curriculum Development; Communication; Classroom Management; Assessment,10th Pass,2026-07-18,Contract,No
JOB_00609,UI/UX Designer,Vedantu,Manufacturing,Nashik,Fresher,24212,Prototyping; Figma; Adobe XD; Wireframing,Diploma,2026-06-09,Part-time,Yes
JOB_00610,Medical Lab Technician,Crompton Greaves,FMCG,Beed,8+ years,347197,Sample Collection; Safety; Quality Control; Equipment Operation; Lab Testing,10th Pass,2026-07-03,Part-time,Yes
JOB_00611,Business Analyst,Tata Motors,Automotive,Nashik,5-8 years,117052,Excel; Requirements Gathering; JIRA; Agile; SQL; Power BI,Diploma,2026-08-19,Part-time,Hybrid
JOB_00612,Warehouse Supervisor,Infosys,Pharmaceuticals,Amravati,2-5 years,105982,WMS; Logistics; Safety Standards; Team Leadership; Inventory Management,Graduate,2026-06-14,Contract,No
JOB_00613,Pharmacy Assistant,Capgemini,Construction,Sangli,5-8 years,112311,Pharmacy Software; Customer Service; Medication Dispensing; Inventory Management,12th Pass,2026-07-31,Internship,No
JOB_00614,Software Developer,ABB India,Banking & Finance,Amravati,5-8 years,119514,SQL; Agile; Microservices,Post Graduate,2026-08-04,Part-time,No
JOB_00615,Full Stack Developer,Cognizant,IT Services,Beed,Fresher,23098,Git; REST API; JavaScript; SQL; Node.js; React,12th Pass,2026-08-22,Part-time,No
JOB_00616,Medical Lab Technician,Razorpay,FMCG,Akola,Fresher,29629,Lab Testing; Quality Control; Safety,Graduate,2026-06-22,Full-time,Yes
JOB_00617,Training Coordinator,Siemens,Media & Entertainment,Dhule,Fresher,24878,Training Delivery; Curriculum Design; LMS; Assessment; Communication,12th Pass,2026-06-18,Full-time,Yes
JOB_00618,Technician,HCL,Education,Bhiwandi,Fresher,22638,Mechanical Systems; Equipment Maintenance; Electrical Systems; Troubleshooting,10th Pass,2026-06-20,Full-time,No
JOB_00619,Content Writer,Cognizant,Manufacturing,Ahmednagar,5-8 years,150457,Research; Editing; Copywriting,Graduate,2026-08-22,Full-time,Hybrid
JOB_00620,Retail Associate,HDFC Bank,Media & Entertainment,Nanded,Fresher,29569,Sales; Inventory Management; Communication; Cash Handling; Customer Service,Post Graduate,2026-08-12,Part-time,Yes
JOB_00621,Data Analyst,Byju's,Telecommunications,Jalgaon,0-2 years,55770,Tableau; NumPy; Pandas; SQL; Statistics,10th Pass,2026-07-27,Contract,No
JOB_00622,Customer Support Specialist,Amazon,IT Services,Jalna,Fresher,26266,Customer Service; Communication; Problem Solving,Post Graduate,2026-08-10,Part-time,Yes
JOB_00623,Sales Executive,Zerodha,Pharmaceuticals,Yavatmal,0-2 years,52439,Lead Generation; Communication; Customer Relationship; Negotiation; CRM,Post Graduate,2026-07-24,Full-time,No
JOB_00624,Teacher,Axis Bank,Media & Entertainment,Parbhani,Fresher,21984,Classroom Management; Curriculum Development; Assessment,12th Pass,2026-08-05,Contract,Hybrid
JOB_00625,Content Writer,Reliance Jio,Energy,Dhule,0-2 years,48454,Copywriting; Content Writing; Editing,10th Pass,2026-09-01,Full-time,Yes
JOB_00626,Full Stack Developer,Apollo Hospitals,IT Services,Amravati,5-8 years,145651,MongoDB; React; Node.js,Diploma,2026-08-07,Part-time,No
JOB_00627,Pharmacy Assistant,Reliance Jio,Healthcare,Kolhapur,8+ years,211006,Customer Service; Pharmacy Software; Medication Dispensing,Post Graduate,2026-06-10,Internship,Hybrid
JOB_00628,Nurse,ICICI Bank,Education,Akola,Fresher,32266,Medical Procedures; Medication Administration; Emergency Care; Patient Care,12th Pass,2026-06-17,Full-time,Yes
JOB_00629,DevOps Engineer,HDFC Bank,Telecommunications,Amravati,0-2 years,37392,Python; Kubernetes; CI/CD; AWS; Docker; Jenkins,Diploma,2026-06-28,Part-time,No
JOB_00630,Cybersecurity Analyst,Tata Motors,Energy,Beed,Fresher,17667,Risk Assessment; Compliance; Firewall; Network Security,10th Pass,2026-07-06,Full-time,Yes
JOB_00631,Quality Analyst,PhonePe,Manufacturing,Beed,5-8 years,237750,Bug Tracking; SQL; Selenium; Manual Testing; Agile; JIRA,12th Pass,2026-06-08,Internship,No
JOB_00632,Machine Learning Engineer,Wipro,Healthcare,Dhule,8+ years,314606,TensorFlow; Scikit-learn; NLP; Deep Learning,12th Pass,2026-07-27,Internship,Hybrid
JOB_00633,UI/UX Designer,Accenture,E-commerce,Sangli,2-5 years,96081,Sketch; Prototyping; User Research,10th Pass,2026-08-06,Full-time,No
JOB_00634,Quality Analyst,Byju's,Logistics,Akola,8+ years,400472,SQL; JIRA; Manual Testing; Agile; Selenium; Bug Tracking,Post Graduate,2026-09-01,Internship,Yes
JOB_00635,Machine Learning Engineer,Accenture,Education,Latur,Fresher,18224,NLP; PyTorch; TensorFlow,Graduate,2026-08-20,Contract,Yes
JOB_00636,Electrician,HDFC Bank,Construction,Akola,0-2 years,37493,Safety Standards; Equipment Maintenance; Troubleshooting; Circuit Design,Post Graduate,2026-06-19,Contract,Yes
JOB_00637,Logistics Coordinator,Larsen & Toubro,FMCG,Jalgaon,2-5 years,102101,Tracking Systems; Transportation Management; Documentation; Coordination,Post Graduate,2026-08-06,Part-time,No
JOB_00638,Cybersecurity Analyst,Vedantu,Pharmaceuticals,Nanded,8+ years,309882,SIEM; Network Security; Compliance; Risk Assessment; Penetration Testing; Firewall,12th Pass,2026-07-10,Full-time,No
JOB_00639,DevOps Engineer,Crompton Greaves,Pharmaceuticals,Aurangabad,8+ years,385945,Ansible; Linux; Python,Post Graduate,2026-07-23,Internship,No
JOB_00640,Technician,Crompton Greaves,Manufacturing,Osmanabad,5-8 years,248947,Equipment Maintenance; Safety; Mechanical Systems; Electrical Systems; Troubleshooting,10th Pass,2026-06-16,Internship,No
JOB_00641,Business Analyst,Fortis Healthcare,Healthcare,Nagpur,5-8 years,124442,SQL; Power BI; Requirements Gathering; Process Mapping; Agile; Excel,Graduate,2026-08-14,Part-time,Yes
JOB_00642,Medical Lab Technician,Infosys,E-commerce,Parbhani,8+ years,307946,Lab Testing; Quality Control; Sample Collection,Diploma,2026-08-06,Full-time,No
JOB_00643,Data Analyst,TCS,E-commerce,Jalna,2-5 years,104842,Pandas; Power BI; SQL; Python; Statistics,Graduate,2026-07-05,Internship,Yes
JOB_00644,DevOps Engineer,Byju's,Energy,Jalgaon,0-2 years,55078,Kubernetes; CI/CD; Linux; Ansible; Docker; Python,Post Graduate,2026-07-31,Full-time,Yes
JOB_00645,HR Coordinator,Bajaj Finserv,Telecommunications,Dhule,Fresher,17985,Payroll; Employee Relations; Compliance; HRMS; Recruitment,12th Pass,2026-07-30,Contract,Hybrid
JOB_00646,Medical Lab Technician,Reliance Jio,Retail,Dhule,2-5 years,100418,Sample Collection; Quality Control; Safety,Post Graduate,2026-06-12,Full-time,No
JOB_00647,Retail Associate,Flipkart,Education,Kolhapur,Fresher,31170,Communication; Inventory Management; Cash Handling; Customer Service; Sales,10th Pass,2026-07-14,Full-time,No
JOB_00648,Digital Marketing Executive,Siemens,Retail,Jalna,Fresher,15875,SEM; Google Analytics; Email Marketing; Content Marketing; SEO; Social Media Marketing,12th Pass,2026-08-26,Internship,No
JOB_00649,Warehouse Supervisor,Narayana Health,IT Services,Amravati,5-8 years,135777,Logistics; Inventory Management; WMS,12th Pass,2026-07-25,Internship,No
JOB_00650,Digital Marketing Executive,Bajaj Finserv,Pharmaceuticals,Bhiwandi,Fresher,34889,SEM; Social Media Marketing; Google Analytics; SEO; Content Marketing; Email Marketing,Post Graduate,2026-08-23,Contract,Yes
JOB_00651,Electrician,Tech Mahindra,Construction,Solapur,5-8 years,193870,Safety Standards; Circuit Design; Troubleshooting,Post Graduate,2026-08-13,Full-time,Hybrid
JOB_00652,Electrician,HCL,Energy,Chandrapur,0-2 years,28435,Equipment Maintenance; Electrical Wiring; Circuit Design; Safety Standards; Troubleshooting,Graduate,2026-06-20,Full-time,No
JOB_00653,Logistics Coordinator,Apollo Hospitals,Media & Entertainment,Kolhapur,0-2 years,52635,Documentation; Transportation Management; Tracking Systems,Graduate,2026-09-01,Contract,Yes
JOB_00654,Technician,Cognizant,FMCG,Kolhapur,Fresher,25719,Troubleshooting; Safety; Equipment Maintenance; Mechanical Systems; Electrical Systems,10th Pass,2026-07-25,Part-time,Hybrid
JOB_00655,Business Analyst,Byju's,Banking & Finance,Dhule,8+ years,291027,Excel; SQL; Power BI; Requirements Gathering,12th Pass,2026-09-03,Contract,Yes
JOB_00656,Content Writer,Axis Bank,Banking & Finance,Chandrapur,0-2 years,39323,WordPress; Editing; Copywriting; Content Writing; Research,Diploma,2026-07-14,Internship,Yes
JOB_00657,Retail Associate,Flipkart,Education,Nanded,8+ years,403720,Communication; Inventory Management; Cash Handling,Post Graduate,2026-06-10,Contract,Yes
JOB_00658,Machine Operator,Zerodha,Banking & Finance,Yavatmal,2-5 years,115984,CNC Operation; Safety Standards; Machine Maintenance; Production Planning,Graduate,2026-06-21,Part-time,Yes
JOB_00659,Welder,Bajaj Finserv,Pharmaceuticals,Jalgaon,Fresher,27272,MIG Welding; Arc Welding; Safety Standards; TIG Welding,Diploma,2026-07-03,Part-time,Yes
JOB_00660,Content Writer,Wipro,Healthcare,Beed,0-2 years,59135,WordPress; Copywriting; SEO; Research; Editing; Content Writing,Diploma,2026-07-13,Full-time,Yes
JOB_00661,Pharmacy Assistant,Bajaj Finserv,Healthcare,Akola,2-5 years,100002,Customer Service; Inventory Management; Medication Dispensing,Diploma,2026-06-30,Part-time,No
JOB_00662,Machine Operator,Paytm,Banking & Finance,Nagpur,Fresher,19114,CNC Operation; Machine Maintenance; Production Planning,Post Graduate,2026-08-24,Part-time,Yes
JOB_00663,Quality Analyst,Vedantu,Education,Ahmednagar,Fresher,20781,Agile; Selenium; JIRA; SQL,Post Graduate,2026-06-19,Contract,No
JOB_00664,Fitter,HDFC Bank,Education,Beed,5-8 years,143978,Mechanical Fitting; Precision Tools; Blueprint Reading; Assembly,12th Pass,2026-07-06,Internship,Hybrid
JOB_00665,Welder,Zerodha,IT Services,Aurangabad,5-8 years,244926,Safety Standards; Arc Welding; MIG Welding; Blueprint Reading,Diploma,2026-08-13,Internship,No
JOB_00666,Full Stack Developer,Fortis Healthcare,Telecommunications,Jalgaon,5-8 years,149709,React; Node.js; REST API; MongoDB; HTML/CSS; JavaScript,Graduate,2026-09-04,Contract,No
JOB_00667,Content Writer,Apollo Hospitals,Retail,Dhule,5-8 years,200879,Copywriting; Editing; Content Writing; SEO; Research; WordPress,Post Graduate,2026-06-24,Part-time,No
JOB_00668,Project Coordinator,Larsen & Toubro,Telecommunications,Raigad,2-5 years,82347,Agile; Documentation; Project Management; Coordination; Communication; MS Office,12th Pass,2026-08-04,Full-time,No
JOB_00669,Machine Operator,Amazon,Education,Osmanabad,Fresher,15404,Safety Standards; Machine Maintenance; Production Planning; CNC Operation; Quality Control,Graduate,2026-08-21,Internship,No
JOB_00670,Retail Associate,Razorpay,Media & Entertainment,Nagpur,8+ years,332577,Cash Handling; Sales; Communication,Diploma,2026-06-08,Internship,Hybrid
JOB_00671,Full Stack Developer,Accenture,Banking & Finance,Raigad,5-8 years,180766,Node.js; REST API; HTML/CSS; React; MongoDB,Post Graduate,2026-09-04,Internship,Yes
JOB_00672,Cloud Engineer,Max Healthcare,Telecommunications,Osmanabad,Fresher,21107,Kubernetes; Linux; Docker; Azure; Terraform; Networking,Post Graduate,2026-08-18,Internship,Yes
JOB_00673,Quality Analyst,ICICI Bank,E-commerce,Chandrapur,Fresher,23498,Testing; Agile; Selenium; Bug Tracking,12th Pass,2026-07-14,Full-time,Hybrid
JOB_00674,UI/UX Designer,Accenture,Retail,Jalgaon,Fresher,15972,Sketch; Figma; HTML/CSS,Post Graduate,2026-06-22,Internship,No
JOB_00675,Technician,HCL,Education,Mumbai,Fresher,21916,Safety; Equipment Maintenance; Mechanical Systems,Graduate,2026-06-30,Internship,Hybrid
JOB_00676,Quality Analyst,Zerodha,FMCG,Parbhani,2-5 years,94967,Bug Tracking; SQL; Manual Testing; JIRA; Agile,Post Graduate,2026-07-26,Contract,Hybrid
JOB_00677,Content Writer,HCL,Manufacturing,Satara,5-8 years,136402,Content Writing; WordPress; Research; Copywriting; SEO,10th Pass,2026-09-01,Full-time,Hybrid
JOB_00678,Machine Learning Engineer,Unacademy,Automotive,Latur,0-2 years,26089,SQL; Scikit-learn; TensorFlow; Python; PyTorch; NLP,Diploma,2026-06-15,Full-time,Hybrid
JOB_00679,Sales Executive,Paytm,Retail,Kolhapur,5-8 years,126333,Customer Relationship; CRM; Negotiation; Communication; Lead Generation,Diploma,2026-07-17,Part-time,Hybrid
JOB_00680,DevOps Engineer,PhonePe,IT Services,Nanded,8+ years,487701,Ansible; Linux; Jenkins; Kubernetes,Post Graduate,2026-07-07,Internship,Yes
JOB_00681,Supply Chain Analyst,Bajaj Finserv,Healthcare,Kolhapur,8+ years,215320,Forecasting; Excel; Data Analysis; SAP,Diploma,2026-08-15,Internship,No
JOB_00682,Cybersecurity Analyst,Zerodha,Media & Entertainment,Yavatmal,2-5 years,61854,Compliance; Penetration Testing; Firewall,Diploma,2026-06-08,Part-time,Hybrid
JOB_00683,Logistics Coordinator,ABB India,Retail,Nagpur,8+ years,260654,Tracking Systems; Coordination; Transportation Management; Communication; Documentation,Graduate,2026-07-29,Full-time,Yes
JOB_00684,Sales Executive,Capgemini,Automotive,Amravati,8+ years,362948,Negotiation; Communication; Customer Relationship; CRM,10th Pass,2026-08-28,Part-time,No
JOB_00685,Accountant,IBM,Telecommunications,Latur,2-5 years,91409,Tally; Accounting; QuickBooks; Financial Reporting,Diploma,2026-08-17,Part-time,No
JOB_00686,Technician,Godrej Industries,E-commerce,Aurangabad,5-8 years,225378,Equipment Maintenance; Electrical Systems; Troubleshooting; Safety; Mechanical Systems,Post Graduate,2026-06-16,Internship,No
JOB_00687,Retail Associate,ABB India,E-commerce,Pune,5-8 years,227796,Sales; Communication; Inventory Management; Customer Service; Cash Handling,Diploma,2026-07-16,Part-time,Yes
JOB_00688,Electrician,Byju's,Construction,Akola,5-8 years,238371,Safety Standards; Troubleshooting; Circuit Design; Electrical Wiring,Diploma,2026-07-30,Part-time,Hybrid
JOB_00689,Pharmacy Assistant,Cognizant,E-commerce,Dhule,8+ years,285823,Medication Dispensing; Inventory Management; Customer Service; Pharmacy Software,Post Graduate,2026-06-23,Internship,Hybrid
JOB_00690,Supply Chain Analyst,ICICI Bank,Healthcare,Aurangabad,2-5 years,63362,Forecasting; Excel; Logistics; Inventory Management,Post Graduate,2026-06-10,Internship,No
JOB_00691,Technician,Cognizant,Manufacturing,Pune,0-2 years,53430,Troubleshooting; Equipment Maintenance; Mechanical Systems; Safety,12th Pass,2026-08-16,Part-time,Yes
JOB_00692,Cloud Engineer,Paytm,Education,Dhule,0-2 years,55387,Networking; Terraform; Linux; AWS,12th Pass,2026-06-13,Contract,Hybrid
JOB_00693,Machine Operator,TCS,Banking & Finance,Latur,5-8 years,233627,CNC Operation; Production Planning; Machine Maintenance,Graduate,2026-08-07,Internship,No
JOB_00694,Retail Associate,Reliance Jio,Retail,Nanded,Fresher,18258,Cash Handling; Inventory Management; Communication; Customer Service,Graduate,2026-07-25,Part-time,No
JOB_00695,Medical Lab Technician,Razorpay,Logistics,Dhule,Fresher,18844,Safety; Lab Testing; Quality Control,10th Pass,2026-08-12,Part-time,Yes
JOB_00696,Electrician,Capgemini,IT Services,Akola,5-8 years,142260,Equipment Maintenance; Circuit Design; Safety Standards,10th Pass,2026-08-24,Contract,Yes
JOB_00697,Digital Marketing Executive,Crompton Greaves,Manufacturing,Jalna,Fresher,16512,Social Media Marketing; SEO; SEM; Email Marketing,Diploma,2026-06-30,Internship,Yes
JOB_00698,Fitter,Siemens,Telecommunications,Osmanabad,5-8 years,111727,Maintenance; Blueprint Reading; Precision Tools; Mechanical Fitting,Graduate,2026-08-05,Part-time,Yes
JOB_00699,Full Stack Developer,ICICI Bank,Automotive,Aurangabad,0-2 years,29873,SQL; React; HTML/CSS; REST API; MongoDB,Diploma,2026-06-26,Contract,No
JOB_00700,Machine Operator,Vedantu,Banking & Finance,Dhule,0-2 years,29624,Safety Standards; Machine Maintenance; Quality Control; CNC Operation,Diploma,2026-06-16,Part-time,Hybrid
JOB_00701,Customer Support Specialist,PhonePe,Automotive,Yavatmal,8+ years,427345,Zendesk; Problem Solving; Customer Service,Graduate,2026-07-18,Part-time,Yes
JOB_00702,Machine Learning Engineer,Capgemini,Construction,Bhiwandi,Fresher,19794,Python; PyTorch; NLP; Deep Learning; TensorFlow; Scikit-learn,Diploma,2026-08-07,Full-time,Yes
JOB_00703,Content Writer,Cognizant,FMCG,Dhule,0-2 years,57087,SEO; Editing; Copywriting,10th Pass,2026-08-23,Contract,Hybrid
JOB_00704,Fitter,Tata Motors,Automotive,Bhiwandi,2-5 years,101060,Mechanical Fitting; Blueprint Reading; Assembly,Diploma,2026-08-12,Internship,No
JOB_00705,Fitter,TCS,Construction,Sangli,0-2 years,28464,Blueprint Reading; Maintenance; Mechanical Fitting; Assembly; Precision Tools,Diploma,2026-06-15,Part-time,Hybrid
JOB_00706,Welder,Vedantu,E-commerce,Osmanabad,5-8 years,172305,TIG Welding; Safety Standards; Blueprint Reading; MIG Welding,10th Pass,2026-07-12,Part-time,No
JOB_00707,Machine Operator,Max Healthcare,FMCG,Jalgaon,Fresher,18068,CNC Operation; Production Planning; Safety Standards; Quality Control,10th Pass,2026-08-14,Full-time,Yes
JOB_00708,Warehouse Supervisor,Paytm,FMCG,Bhiwandi,2-5 years,115248,Safety Standards; Team Leadership; WMS,10th Pass,2026-07-01,Full-time,No
JOB_00709,Software Developer,TCS,Pharmaceuticals,Amravati,8+ years,435222,Agile; Java; Microservices; Git; Python; JavaScript,10th Pass,2026-08-14,Part-time,Yes
JOB_00710,Digital Marketing Executive,PhonePe,Manufacturing,Aurangabad,2-5 years,72345,Social Media Marketing; Email Marketing; Content Marketing,Graduate,2026-07-19,Contract,Hybrid
JOB_00711,Cybersecurity Analyst,Godrej Industries,Education,Nashik,8+ years,359813,SIEM; Compliance; Penetration Testing; Network Security; Firewall; Risk Assessment,10th Pass,2026-06-14,Full-time,No
JOB_00712,Teacher,HCL,Manufacturing,Parbhani,8+ years,356421,Curriculum Development; Assessment; Classroom Management,Graduate,2026-07-21,Full-time,No
JOB_00713,Teacher,Larsen & Toubro,IT Services,Dhule,0-2 years,30553,Assessment; Curriculum Development; Lesson Planning,10th Pass,2026-06-29,Part-time,No
JOB_00714,Cloud Engineer,Amazon,FMCG,Mumbai,5-8 years,195550,Docker; Terraform; Networking; GCP; Kubernetes,Post Graduate,2026-07-12,Contract,Yes
JOB_00715,HR Coordinator,IBM,Manufacturing,Solapur,5-8 years,110552,Recruitment; Communication; HRMS; Compliance; Payroll; Employee Relations,12th Pass,2026-08-18,Internship,Hybrid
JOB_00716,Sales Executive,HDFC Bank,Logistics,Solapur,Fresher,19175,Communication; CRM; Negotiation; Customer Relationship; Lead Generation,12th Pass,2026-07-25,Internship,Yes
JOB_00717,Cloud Engineer,IBM,E-commerce,Mumbai,Fresher,26211,AWS; Networking; Linux; Azure; Terraform,10th Pass,2026-07-12,Full-time,No
JOB_00718,Supply Chain Analyst,Paytm,Banking & Finance,Jalgaon,2-5 years,86849,SAP; Data Analysis; Forecasting; Logistics; Excel; Inventory Management,Diploma,2026-08-21,Part-time,Hybrid
JOB_00719,Medical Lab Technician,Zerodha,Pharmaceuticals,Amravati,5-8 years,138987,Safety; Sample Collection; Lab Testing,Graduate,2026-08-06,Part-time,No
JOB_00720,Data Analyst,Amazon,Retail,Amravati,2-5 years,99853,Power BI; Python; Pandas,10th Pass,2026-07-14,Contract,Hybrid
JOB_00721,Machine Operator,ABB India,Retail,Kolhapur,0-2 years,44941,CNC Operation; Safety Standards; Quality Control; Production Planning,Diploma,2026-08-21,Contract,No
JOB_00722,Project Coordinator,Max Healthcare,Healthcare,Osmanabad,2-5 years,92157,Project Management; Communication; Agile; MS Office; Documentation,Diploma,2026-08-08,Internship,No
JOB_00723,Training Coordinator,Byju's,E-commerce,Nashik,8+ years,258473,Assessment; Communication; Curriculum Design; LMS,Graduate,2026-08-23,Part-time,No
JOB_00724,Customer Support Specialist,Razorpay,Automotive,Raigad,2-5 years,61433,Problem Solving; CRM; Communication; Customer Service,Post Graduate,2026-08-22,Full-time,Yes
JOB_00725,Fitter,Unacademy,Media & Entertainment,Amravati,0-2 years,56077,Mechanical Fitting; Precision Tools; Blueprint Reading,10th Pass,2026-08-10,Part-time,Yes
JOB_00726,DevOps Engineer,Mahindra & Mahindra,Media & Entertainment,Ahmednagar,0-2 years,29437,Python; AWS; Ansible; Jenkins; Linux,12th Pass,2026-07-05,Full-time,Yes
JOB_00727,Welder,IBM,Education,Osmanabad,2-5 years,74928,Blueprint Reading; Arc Welding; TIG Welding,12th Pass,2026-07-16,Full-time,Yes
JOB_00728,HR Coordinator,Fortis Healthcare,Retail,Dhule,8+ years,204645,HRMS; Compliance; Recruitment; Employee Relations; Communication,12th Pass,2026-07-01,Contract,No
JOB_00729,Pharmacy Assistant,Tata Motors,Telecommunications,Jalgaon,0-2 years,59967,Customer Service; Medication Dispensing; Inventory Management,Diploma,2026-08-05,Full-time,Hybrid
JOB_00730,DevOps Engineer,Tata Motors,Energy,Aurangabad,2-5 years,65228,AWS; Linux; Docker,Diploma,2026-09-04,Contract,No
JOB_00731,Digital Marketing Executive,IBM,Retail,Sangli,8+ years,346638,Google Analytics; SEO; Content Marketing; SEM; Social Media Marketing,Diploma,2026-08-13,Full-time,Hybrid
JOB_00732,Technician,Fortis Healthcare,Construction,Nashik,8+ years,370007,Safety; Troubleshooting; Mechanical Systems; Equipment Maintenance,Post Graduate,2026-08-01,Internship,Yes
JOB_00733,HR Coordinator,Byju's,Manufacturing,Raigad,0-2 years,55106,Employee Relations; Recruitment; Compliance; Payroll,Post Graduate,2026-08-12,Part-time,Hybrid
JOB_00734,Supply Chain Analyst,Godrej Industries,IT Services,Beed,0-2 years,29551,SAP; Forecasting; Inventory Management; Logistics; Excel,Graduate,2026-08-17,Internship,Yes
JOB_00735,HR Coordinator,Razorpay,E-commerce,Nashik,5-8 years,200660,Payroll; Recruitment; Employee Relations,Graduate,2026-09-02,Full-time,Hybrid
JOB_00736,Training Coordinator,Bajaj Finserv,FMCG,Aurangabad,Fresher,34648,Communication; Curriculum Design; LMS,Graduate,2026-09-03,Full-time,Hybrid
JOB_00737,Warehouse Supervisor,Accenture,Healthcare,Osmanabad,2-5 years,90289,Safety Standards; WMS; Inventory Management,12th Pass,2026-07-24,Part-time,Yes
JOB_00738,Data Analyst,Tata Motors,Construction,Osmanabad,8+ years,253904,Python; Pandas; NumPy,Diploma,2026-06-27,Full-time,Hybrid
JOB_00739,Teacher,TCS,Media & Entertainment,Aurangabad,5-8 years,201025,Lesson Planning; Classroom Management; Assessment,Diploma,2026-08-17,Contract,Yes
JOB_00740,Training Coordinator,Capgemini,Logistics,Yavatmal,5-8 years,173875,Training Delivery; Curriculum Design; LMS,Graduate,2026-07-21,Contract,Yes
JOB_00741,Customer Support Specialist,Amazon,E-commerce,Pune,Fresher,28934,Customer Service; CRM; Zendesk; Communication,Diploma,2026-08-16,Contract,No
JOB_00742,Teacher,Paytm,Construction,Sangli,Fresher,19803,Communication; Lesson Planning; Assessment; Curriculum Development,Post Graduate,2026-07-26,Internship,No
JOB_00743,Warehouse Supervisor,Capgemini,Automotive,Nagpur,5-8 years,133432,Logistics; Team Leadership; Inventory Management; Safety Standards,12th Pass,2026-08-12,Contract,No
JOB_00744,Supply Chain Analyst,Max Healthcare,Automotive,Parbhani,5-8 years,241229,SAP; Forecasting; Inventory Management; Data Analysis; Logistics,12th Pass,2026-06-28,Part-time,No
JOB_00745,Digital Marketing Executive,Max Healthcare,Telecommunications,Osmanabad,8+ years,201502,Email Marketing; SEO; SEM; Social Media Marketing,Graduate,2026-08-09,Contract,Hybrid
JOB_00746,Supply Chain Analyst,HCL,Media & Entertainment,Nashik,0-2 years,52595,Logistics; SAP; Forecasting; Data Analysis; Excel,Post Graduate,2026-08-04,Part-time,Yes
JOB_00747,Warehouse Supervisor,Amazon,Retail,Nashik,0-2 years,29834,Inventory Management; Safety Standards; Team Leadership; WMS; Logistics,10th Pass,2026-07-05,Part-time,Yes
JOB_00748,DevOps Engineer,Accenture,Healthcare,Aurangabad,2-5 years,69623,Jenkins; CI/CD; AWS,12th Pass,2026-08-12,Part-time,Hybrid
JOB_00749,Quality Analyst,Max Healthcare,Pharmaceuticals,Parbhani,2-5 years,70432,SQL; Agile; Testing; Manual Testing; Bug Tracking,Graduate,2026-08-28,Part-time,Hybrid
JOB_00750,UI/UX Designer,Byju's,Construction,Dhule,Fresher,28882,User Research; Wireframing; Sketch; HTML/CSS; Prototyping; Figma,Diploma,2026-08-15,Full-time,Hybrid
JOB_00751,Content Writer,ICICI Bank,Retail,Raigad,0-2 years,30059,SEO; Research; WordPress,12th Pass,2026-06-08,Internship,No
JOB_00752,Machine Operator,Flipkart,IT Services,Dhule,5-8 years,127367,Safety Standards; Machine Maintenance; Production Planning; CNC Operation,Diploma,2026-08-26,Contract,Yes
JOB_00753,Cybersecurity Analyst,Cognizant,Banking & Finance,Solapur,2-5 years,76440,Risk Assessment; Network Security; SIEM; Compliance,Graduate,2026-06-15,Part-time,No
JOB_00754,Digital Marketing Executive,Wipro,Automotive,Nanded,8+ years,386986,SEO; Email Marketing; Google Analytics; Content Marketing; SEM; Social Media Marketing,12th Pass,2026-07-30,Part-time,No
JOB_00755,Logistics Coordinator,Larsen & Toubro,E-commerce,Raigad,5-8 years,106208,Transportation Management; Communication; Documentation; Coordination; Tracking Systems,12th Pass,2026-06-21,Internship,Hybrid
JOB_00756,Pharmacy Assistant,Flipkart,E-commerce,Jalgaon,Fresher,22066,Medication Dispensing; Inventory Management; Pharmacy Software; Customer Service,Post Graduate,2026-06-09,Part-time,Hybrid
JOB_00757,Quality Analyst,Razorpay,Media & Entertainment,Beed,8+ years,425916,SQL; Selenium; Manual Testing; Bug Tracking; Agile,12th Pass,2026-08-30,Part-time,Yes
JOB_00758,Welder,Amazon,Automotive,Nagpur,8+ years,486856,Safety Standards; Arc Welding; Blueprint Reading; TIG Welding; MIG Welding,12th Pass,2026-08-24,Full-time,No
JOB_00759,Sales Executive,Flipkart,Banking & Finance,Jalgaon,0-2 years,29661,Customer Relationship; Communication; Negotiation; CRM,12th Pass,2026-08-13,Contract,No
JOB_00760,Machine Learning Engineer,IBM,Banking & Finance,Beed,5-8 years,215560,Python; PyTorch; Deep Learning; Scikit-learn; TensorFlow; NLP,10th Pass,2026-07-20,Contract,No
JOB_00761,Digital Marketing Executive,Unacademy,Education,Jalna,5-8 years,247010,Content Marketing; SEO; SEM,Post Graduate,2026-09-03,Full-time,No
JOB_00762,Content Writer,Narayana Health,Energy,Nanded,0-2 years,31127,SEO; Research; Editing,12th Pass,2026-07-22,Internship,Hybrid
JOB_00763,Electrician,Accenture,E-commerce,Nashik,5-8 years,186172,Electrical Wiring; Troubleshooting; Circuit Design; Equipment Maintenance; Safety Standards,Diploma,2026-08-27,Contract,Hybrid
JOB_00764,Supply Chain Analyst,Zerodha,Banking & Finance,Osmanabad,0-2 years,38989,Inventory Management; Excel; SAP; Forecasting; Data Analysis,10th Pass,2026-07-26,Full-time,Hybrid
JOB_00765,Logistics Coordinator,Apollo Hospitals,FMCG,Pune,5-8 years,106014,Tracking Systems; Documentation; Transportation Management; Communication,12th Pass,2026-06-09,Contract,No
JOB_00766,Machine Operator,Amazon,Banking & Finance,Nagpur,0-2 years,52506,Safety Standards; CNC Operation; Machine Maintenance; Quality Control,Post Graduate,2026-06-29,Contract,Yes
JOB_00767,Medical Lab Technician,Byju's,Manufacturing,Nagpur,Fresher,30781,Sample Collection; Safety; Quality Control; Equipment Operation,10th Pass,2026-07-06,Part-time,Hybrid
JOB_00768,Accountant,Fortis Healthcare,Energy,Osmanabad,2-5 years,60198,Taxation; QuickBooks; Excel,10th Pass,2026-06-11,Part-time,No
JOB_00769,Technician,Amazon,Media & Entertainment,Mumbai,2-5 years,103265,Troubleshooting; Mechanical Systems; Safety; Equipment Maintenance,10th Pass,2026-08-02,Full-time,No
JOB_00770,Project Coordinator,Unacademy,Construction,Beed,0-2 years,52536,Project Management; Communication; Coordination,10th Pass,2026-06-07,Part-time,Hybrid
JOB_00771,Content Writer,ICICI Bank,Healthcare,Latur,0-2 years,44788,Copywriting; WordPress; Content Writing,10th Pass,2026-07-27,Full-time,Hybrid
JOB_00772,Supply Chain Analyst,Max Healthcare,Manufacturing,Ahmednagar,5-8 years,220277,Data Analysis; Inventory Management; Logistics; Excel; Forecasting,Diploma,2026-07-12,Part-time,Hybrid
JOB_00773,Welder,Byju's,Retail,Bhiwandi,0-2 years,30742,Safety Standards; TIG Welding; Blueprint Reading; Arc Welding,Graduate,2026-08-22,Full-time,Hybrid
JOB_00774,Training Coordinator,Paytm,Pharmaceuticals,Nashik,5-8 years,175996,LMS; Training Delivery; Communication; Curriculum Design; Assessment,Post Graduate,2026-07-13,Part-time,No
JOB_00775,Electrician,HDFC Bank,Energy,Nashik,5-8 years,203758,Electrical Wiring; Safety Standards; Circuit Design; Troubleshooting,Diploma,2026-09-04,Part-time,Hybrid
JOB_00776,Full Stack Developer,Mahindra & Mahindra,Education,Yavatmal,2-5 years,70103,MongoDB; JavaScript; REST API; Git; SQL; HTML/CSS,10th Pass,2026-07-19,Contract,No
JOB_00777,UI/UX Designer,Bajaj Finserv,Telecommunications,Ahmednagar,8+ years,267565,Adobe XD; User Research; Prototyping; Figma; Sketch; HTML/CSS,12th Pass,2026-06-15,Part-time,No
JOB_00778,Teacher,Flipkart,Retail,Jalna,2-5 years,65515,Lesson Planning; Classroom Management; Communication,10th Pass,2026-06-16,Internship,Hybrid
JOB_00779,Training Coordinator,Flipkart,Manufacturing,Bhiwandi,2-5 years,107333,Training Delivery; LMS; Assessment,10th Pass,2026-09-03,Part-time,Yes
JOB_00780,Welder,Fortis Healthcare,IT Services,Nagpur,8+ years,325683,MIG Welding; Safety Standards; TIG Welding; Blueprint Reading; Arc Welding,Post Graduate,2026-06-13,Contract,Yes
JOB_00781,Electrician,Fortis Healthcare,FMCG,Raigad,0-2 years,26516,Electrical Wiring; Safety Standards; Equipment Maintenance; Troubleshooting,10th Pass,2026-06-15,Full-time,Yes
JOB_00782,HR Coordinator,Cognizant,E-commerce,Nashik,8+ years,389476,Communication; HRMS; Recruitment; Employee Relations; Payroll,12th Pass,2026-08-09,Full-time,No
JOB_00783,Nurse,Tech Mahindra,Logistics,Ahmednagar,Fresher,25275,Patient Care; Medical Procedures; Medication Administration; Vital Signs; Emergency Care,12th Pass,2026-06-15,Part-time,Yes
JOB_00784,Full Stack Developer,Wipro,Banking & Finance,Solapur,Fresher,20190,HTML/CSS; MongoDB; SQL; REST API; JavaScript,Diploma,2026-06-30,Full-time,Yes
JOB_00785,Welder,Infosys,Telecommunications,Bhiwandi,Fresher,15966,MIG Welding; Blueprint Reading; Safety Standards; Arc Welding; TIG Welding,Post Graduate,2026-07-25,Part-time,Yes
JOB_00786,Warehouse Supervisor,Tata Motors,Logistics,Sangli,0-2 years,44288,Inventory Management; Logistics; Safety Standards,12th Pass,2026-07-07,Internship,Hybrid
JOB_00787,Project Coordinator,Mahindra & Mahindra,E-commerce,Amravati,5-8 years,181680,Agile; Documentation; MS Office; Project Management,Post Graduate,2026-08-14,Internship,No
JOB_00788,Teacher,Tata Motors,Energy,Ahmednagar,5-8 years,212541,Curriculum Development; Lesson Planning; Communication; Classroom Management,10th Pass,2026-08-10,Contract,No
JOB_00789,Teacher,Flipkart,Media & Entertainment,Chandrapur,Fresher,28428,Curriculum Development; Communication; Assessment,10th Pass,2026-07-29,Contract,No
JOB_00790,Software Developer,Siemens,Retail,Solapur,Fresher,27178,Agile; Java; Python; REST API,Post Graduate,2026-07-19,Contract,Yes
JOB_00791,Software Developer,TCS,Pharmaceuticals,Osmanabad,2-5 years,58681,SQL; Microservices; Git; JavaScript; Java,Diploma,2026-07-17,Part-time,Hybrid
JOB_00792,Business Analyst,Tata Motors,Pharmaceuticals,Bhiwandi,Fresher,29260,Requirements Gathering; Agile; Process Mapping,Diploma,2026-07-26,Part-time,Yes
JOB_00793,Data Analyst,Wipro,Education,Parbhani,5-8 years,200363,SQL; Python; Power BI; NumPy; Excel; Statistics,10th Pass,2026-08-05,Full-time,No
JOB_00794,Software Developer,Vedantu,Education,Mumbai,8+ years,220510,REST API; Python; Git; Agile,Graduate,2026-07-23,Full-time,No
JOB_00795,Cloud Engineer,Crompton Greaves,Education,Raigad,5-8 years,229451,Linux; Docker; AWS; Kubernetes; GCP,Graduate,2026-06-18,Internship,No
JOB_00796,Retail Associate,Capgemini,Energy,Parbhani,5-8 years,112539,Communication; Customer Service; Cash Handling; Inventory Management,Post Graduate,2026-09-03,Full-time,No
JOB_00797,Pharmacy Assistant,Flipkart,Banking & Finance,Kolhapur,5-8 years,113760,Inventory Management; Pharmacy Software; Medication Dispensing,Graduate,2026-08-02,Full-time,Yes
JOB_00798,Project Coordinator,Mahindra & Mahindra,Manufacturing,Nagpur,2-5 years,66552,Documentation; Communication; Coordination; Agile; MS Office; Project Management,Post Graduate,2026-07-26,Internship,Hybrid
JOB_00799,HR Coordinator,Razorpay,Healthcare,Jalna,Fresher,18008,Compliance; Employee Relations; Communication; HRMS; Payroll; Recruitment,Diploma,2026-08-02,Full-time,No
JOB_00800,Electrician,ICICI Bank,Pharmaceuticals,Yavatmal,0-2 years,38924,Electrical Wiring; Troubleshooting; Equipment Maintenance,Post Graduate,2026-09-03,Internship,No
JOB_00801,Business Analyst,ABB India,Healthcare,Nashik,5-8 years,127698,JIRA; Power BI; Process Mapping; Excel; Agile,Post Graduate,2026-08-19,Contract,No
JOB_00802,HR Coordinator,HDFC Bank,FMCG,Jalna,8+ years,253511,HRMS; Recruitment; Communication; Compliance; Payroll; Employee Relations,12th Pass,2026-08-17,Full-time,Hybrid
JOB_00803,Cloud Engineer,Vedantu,E-commerce,Mumbai,0-2 years,48065,AWS; Docker; Linux; Kubernetes; Networking,Graduate,2026-08-02,Full-time,No
JOB_00804,Accountant,Narayana Health,Telecommunications,Aurangabad,0-2 years,31410,Taxation; GST; Tally; Accounting; Excel; Financial Reporting,12th Pass,2026-08-29,Internship,Yes
JOB_00805,Full Stack Developer,Reliance Jio,Automotive,Dhule,0-2 years,41314,REST API; SQL; MongoDB; JavaScript; Git,Post Graduate,2026-08-21,Full-time,Yes
JOB_00806,Teacher,Tata Motors,Healthcare,Nanded,Fresher,22420,Curriculum Development; Lesson Planning; Classroom Management,12th Pass,2026-06-17,Internship,No
JOB_00807,Cloud Engineer,Tata Motors,Logistics,Raigad,0-2 years,43873,GCP; Networking; Azure; Terraform,Diploma,2026-06-20,Full-time,Yes
JOB_00808,UI/UX Designer,Zerodha,Pharmaceuticals,Osmanabad,8+ years,236414,HTML/CSS; Wireframing; Adobe XD; User Research; Prototyping,Post Graduate,2026-08-14,Contract,No
JOB_00809,DevOps Engineer,Zerodha,Retail,Yavatmal,Fresher,15318,Jenkins; Docker; Kubernetes; Ansible; Linux,Diploma,2026-06-20,Internship,Hybrid
JOB_00810,Software Developer,Zerodha,Banking & Finance,Kolhapur,5-8 years,176194,Python; Git; Agile,10th Pass,2026-08-06,Part-time,Yes
JOB_00811,Logistics Coordinator,Crompton Greaves,FMCG,Nashik,Fresher,30941,Communication; Tracking Systems; Documentation; Coordination; Transportation Management,Diploma,2026-08-03,Internship,Yes
JOB_00812,Medical Lab Technician,ABB India,Media & Entertainment,Jalgaon,2-5 years,69385,Safety; Quality Control; Lab Testing; Sample Collection; Equipment Operation,Post Graduate,2026-07-14,Part-time,No
JOB_00813,Supply Chain Analyst,Byju's,Manufacturing,Kolhapur,Fresher,18536,Forecasting; Excel; SAP; Inventory Management,10th Pass,2026-07-31,Internship,Hybrid
JOB_00814,UI/UX Designer,Larsen & Toubro,Media & Entertainment,Yavatmal,2-5 years,74978,Prototyping; User Research; HTML/CSS; Sketch; Adobe XD,10th Pass,2026-08-30,Contract,Hybrid
JOB_00815,Cloud Engineer,Larsen & Toubro,Education,Chandrapur,5-8 years,138569,AWS; Docker; Linux,Post Graduate,2026-07-07,Contract,Hybrid
JOB_00816,Electrician,Paytm,Education,Jalgaon,0-2 years,27683,Safety Standards; Electrical Wiring; Circuit Design,Diploma,2026-08-08,Full-time,Yes
JOB_00817,Supply Chain Analyst,Byju's,Manufacturing,Mumbai,2-5 years,95903,Excel; Logistics; SAP,10th Pass,2026-07-30,Part-time,Yes
JOB_00818,Retail Associate,HDFC Bank,Retail,Aurangabad,2-5 years,96482,Customer Service; Inventory Management; Communication; Cash Handling; Sales,12th Pass,2026-08-04,Internship,No
JOB_00819,Project Coordinator,Crompton Greaves,Automotive,Sangli,Fresher,33945,Communication; Coordination; MS Office; Documentation; Agile,Post Graduate,2026-08-18,Contract,Yes
JOB_00820,Accountant,Crompton Greaves,Education,Amravati,8+ years,486172,GST; Taxation; Accounting,12th Pass,2026-08-12,Internship,Yes
JOB_00821,DevOps Engineer,Siemens,Telecommunications,Chandrapur,8+ years,415093,Ansible; Kubernetes; AWS; Python; CI/CD,Graduate,2026-07-07,Full-time,No
JOB_00822,Digital Marketing Executive,Crompton Greaves,FMCG,Satara,0-2 years,44224,Content Marketing; Email Marketing; Google Analytics; SEO,12th Pass,2026-08-29,Part-time,No
JOB_00823,Technician,Razorpay,Logistics,Chandrapur,Fresher,18507,Equipment Maintenance; Safety; Troubleshooting,10th Pass,2026-07-24,Full-time,No
JOB_00824,Fitter,ABB India,Energy,Osmanabad,5-8 years,153756,Mechanical Fitting; Maintenance; Precision Tools,Post Graduate,2026-06-30,Internship,Yes
JOB_00825,Cybersecurity Analyst,Crompton Greaves,Pharmaceuticals,Jalgaon,0-2 years,32517,Firewall; Risk Assessment; Penetration Testing,Graduate,2026-08-27,Part-time,Hybrid
JOB_00826,Teacher,Cognizant,Healthcare,Jalna,Fresher,31574,Lesson Planning; Assessment; Curriculum Development,12th Pass,2026-07-10,Full-time,Yes
JOB_00827,Full Stack Developer,Reliance Jio,Energy,Parbhani,5-8 years,132295,SQL; Git; REST API; MongoDB,Post Graduate,2026-07-11,Full-time,Yes
JOB_00828,DevOps Engineer,PhonePe,Pharmaceuticals,Solapur,0-2 years,31554,Ansible; AWS; Kubernetes; Python,12th Pass,2026-06-21,Contract,Hybrid
JOB_00829,Machine Learning Engineer,Cognizant,Logistics,Dhule,5-8 years,131490,NLP; Scikit-learn; TensorFlow; Python; SQL; PyTorch,12th Pass,2026-06-24,Full-time,Hybrid
JOB_00830,Full Stack Developer,Unacademy,IT Services,Beed,Fresher,15298,Node.js; MongoDB; HTML/CSS; Git; REST API,Diploma,2026-08-15,Part-time,No
JOB_00831,Teacher,PhonePe,Banking & Finance,Dhule,8+ years,495251,Classroom Management; Communication; Assessment,12th Pass,2026-07-23,Part-time,No
JOB_00832,Nurse,Tech Mahindra,Media & Entertainment,Dhule,2-5 years,66963,Vital Signs; Emergency Care; Medical Procedures; Patient Care; Medication Administration,Diploma,2026-06-07,Contract,Hybrid
JOB_00833,Welder,Wipro,IT Services,Nagpur,5-8 years,224888,MIG Welding; Blueprint Reading; Arc Welding; TIG Welding; Safety Standards,Post Graduate,2026-07-25,Part-time,Yes
JOB_00834,Teacher,Fortis Healthcare,FMCG,Raigad,0-2 years,32502,Lesson Planning; Curriculum Development; Communication; Classroom Management,Graduate,2026-08-31,Internship,No
JOB_00835,Welder,Siemens,Banking & Finance,Solapur,Fresher,23273,Safety Standards; Blueprint Reading; Arc Welding; TIG Welding; MIG Welding,12th Pass,2026-07-04,Contract,Yes
JOB_00836,Business Analyst,Razorpay,FMCG,Ahmednagar,0-2 years,38339,SQL; Requirements Gathering; JIRA; Agile,Post Graduate,2026-08-31,Full-time,No
JOB_00837,Logistics Coordinator,Tech Mahindra,Manufacturing,Nanded,5-8 years,154388,Coordination; Tracking Systems; Transportation Management,12th Pass,2026-06-23,Contract,No
JOB_00838,Welder,Tech Mahindra,Logistics,Aurangabad,8+ years,266685,Safety Standards; Arc Welding; TIG Welding; Blueprint Reading,Diploma,2026-06-30,Full-time,Yes
JOB_00839,Supply Chain Analyst,ABB India,IT Services,Pune,0-2 years,48455,Logistics; Forecasting; Inventory Management; Data Analysis,Post Graduate,2026-08-27,Contract,Yes
JOB_00840,Electrician,Razorpay,Media & Entertainment,Kolhapur,8+ years,446928,Equipment Maintenance; Safety Standards; Circuit Design; Electrical Wiring; Troubleshooting,Graduate,2026-08-02,Full-time,No
JOB_00841,Accountant,ABB India,Media & Entertainment,Amravati,2-5 years,93202,Excel; QuickBooks; Taxation,Graduate,2026-06-12,Part-time,No
JOB_00842,Digital Marketing Executive,Wipro,Manufacturing,Satara,8+ years,489105,Social Media Marketing; Content Marketing; SEO,Post Graduate,2026-07-05,Contract,Hybrid
JOB_00843,Data Analyst,Paytm,Telecommunications,Pune,Fresher,22463,Statistics; Power BI; Pandas; Excel,Graduate,2026-09-02,Full-time,Yes
JOB_00844,Electrician,Infosys,Telecommunications,Dhule,8+ years,425296,Electrical Wiring; Troubleshooting; Circuit Design; Equipment Maintenance,12th Pass,2026-06-07,Part-time,Yes
JOB_00845,HR Coordinator,Apollo Hospitals,Manufacturing,Satara,Fresher,22603,Communication; Employee Relations; Recruitment; Payroll,10th Pass,2026-08-24,Full-time,Yes
JOB_00846,Accountant,Wipro,FMCG,Nanded,8+ years,229823,QuickBooks; Financial Reporting; Excel,Graduate,2026-08-26,Part-time,No
JOB_00847,UI/UX Designer,Siemens,Manufacturing,Pune,2-5 years,112744,Sketch; Adobe XD; User Research; Prototyping,Graduate,2026-06-12,Full-time,Yes
JOB_00848,Machine Learning Engineer,Paytm,Pharmaceuticals,Amravati,8+ years,489095,NLP; TensorFlow; Scikit-learn; PyTorch; Deep Learning,Post Graduate,2026-07-29,Contract,No
JOB_00849,Retail Associate,Cognizant,IT Services,Jalna,8+ years,306721,Cash Handling; Communication; Sales; Customer Service,10th Pass,2026-08-18,Part-time,No
JOB_00850,Warehouse Supervisor,Capgemini,Manufacturing,Amravati,8+ years,259893,Team Leadership; Inventory Management; Safety Standards; WMS; Logistics,12th Pass,2026-09-02,Full-time,No
JOB_00851,Machine Learning Engineer,Crompton Greaves,Energy,Dhule,8+ years,401293,Python; PyTorch; SQL,Graduate,2026-07-03,Internship,No
JOB_00852,HR Coordinator,ICICI Bank,Retail,Kolhapur,Fresher,24999,Compliance; Employee Relations; Recruitment; Communication,10th Pass,2026-08-31,Contract,Yes
JOB_00853,Training Coordinator,Mahindra & Mahindra,FMCG,Akola,8+ years,229946,Curriculum Design; Training Delivery; LMS; Communication; Assessment,10th Pass,2026-08-22,Internship,Hybrid
JOB_00854,Training Coordinator,Vedantu,Retail,Bhiwandi,2-5 years,81224,LMS; Communication; Training Delivery; Curriculum Design; Assessment,Graduate,2026-08-19,Contract,Hybrid
JOB_00855,Project Coordinator,Bajaj Finserv,FMCG,Nagpur,2-5 years,97408,Documentation; Coordination; MS Office; Project Management; Communication,Diploma,2026-08-01,Full-time,Yes
JOB_00856,Full Stack Developer,Siemens,Energy,Yavatmal,8+ years,204650,Node.js; MongoDB; Git; JavaScript; HTML/CSS,Graduate,2026-07-07,Contract,No
JOB_00857,Machine Operator,Max Healthcare,IT Services,Amravati,8+ years,430917,CNC Operation; Quality Control; Safety Standards; Machine Maintenance; Production Planning,Diploma,2026-08-12,Contract,No
JOB_00858,Pharmacy Assistant,Axis Bank,Construction,Aurangabad,5-8 years,160993,Customer Service; Inventory Management; Medication Dispensing,Graduate,2026-08-21,Part-time,Hybrid
JOB_00859,Quality Analyst,Siemens,IT Services,Nanded,5-8 years,104225,Testing; Agile; Manual Testing; Bug Tracking,Diploma,2026-06-10,Full-time,Hybrid
JOB_00860,Cybersecurity Analyst,Tech Mahindra,Telecommunications,Nashik,2-5 years,98674,Network Security; Risk Assessment; Compliance; Firewall; SIEM; Penetration Testing,12th Pass,2026-06-09,Full-time,Hybrid
JOB_00861,Accountant,Infosys,Manufacturing,Aurangabad,2-5 years,54083,GST; Accounting; QuickBooks; Financial Reporting; Excel,Diploma,2026-08-15,Full-time,No
JOB_00862,Training Coordinator,Infosys,Banking & Finance,Nanded,0-2 years,49827,Curriculum Design; Communication; Assessment; LMS; Training Delivery,Graduate,2026-06-22,Part-time,No
JOB_00863,Logistics Coordinator,Axis Bank,Automotive,Nagpur,Fresher,34893,Coordination; Tracking Systems; Communication; Transportation Management; Documentation,10th Pass,2026-07-06,Internship,No
JOB_00864,Machine Learning Engineer,Godrej Industries,Media & Entertainment,Nanded,0-2 years,54872,PyTorch; TensorFlow; NLP; Deep Learning,Graduate,2026-07-26,Part-time,No
JOB_00865,Warehouse Supervisor,Accenture,Manufacturing,Latur,5-8 years,217694,WMS; Inventory Management; Team Leadership; Logistics; Safety Standards,Post Graduate,2026-07-13,Part-time,Hybrid
JOB_00866,Cybersecurity Analyst,IBM,Automotive,Yavatmal,5-8 years,207086,SIEM; Compliance; Risk Assessment; Network Security; Firewall,10th Pass,2026-07-13,Part-time,Hybrid
JOB_00867,Supply Chain Analyst,Vedantu,IT Services,Solapur,0-2 years,55792,Excel; Inventory Management; Logistics; Data Analysis,Post Graduate,2026-08-23,Full-time,No
JOB_00868,Software Developer,IBM,Telecommunications,Nagpur,0-2 years,44227,REST API; JavaScript; Java; SQL; Agile; Microservices,Diploma,2026-08-20,Contract,Hybrid
JOB_00869,Welder,Wipro,Banking & Finance,Nashik,8+ years,351671,TIG Welding; Safety Standards; MIG Welding; Blueprint Reading; Arc Welding,Post Graduate,2026-07-05,Part-time,Hybrid
JOB_00870,Logistics Coordinator,Accenture,E-commerce,Jalna,8+ years,437778,Coordination; Communication; Tracking Systems,Diploma,2026-07-18,Internship,Yes
JOB_00871,Quality Analyst,Cognizant,Healthcare,Sangli,8+ years,369240,SQL; Manual Testing; Testing; JIRA; Selenium,Diploma,2026-07-17,Part-time,Yes
JOB_00872,Data Analyst,Razorpay,Education,Ahmednagar,0-2 years,43864,SQL; Excel; Pandas; NumPy; Python,12th Pass,2026-07-31,Internship,Yes
JOB_00873,Teacher,Mahindra & Mahindra,Automotive,Jalgaon,0-2 years,31289,Classroom Management; Communication; Lesson Planning,10th Pass,2026-08-09,Part-time,Yes
JOB_00874,Welder,HDFC Bank,IT Services,Bhiwandi,Fresher,33715,Arc Welding; TIG Welding; Blueprint Reading; MIG Welding,12th Pass,2026-07-12,Part-time,No
JOB_00875,Full Stack Developer,Capgemini,Logistics,Osmanabad,Fresher,18816,REST API; Node.js; JavaScript; React; Git; MongoDB,Graduate,2026-07-21,Part-time,Hybrid
JOB_00876,Digital Marketing Executive,PhonePe,Manufacturing,Solapur,2-5 years,55027,Social Media Marketing; Content Marketing; SEO; Google Analytics; SEM,Graduate,2026-07-11,Contract,Yes
JOB_00877,Medical Lab Technician,Wipro,Construction,Yavatmal,8+ years,302591,Lab Testing; Sample Collection; Safety; Quality Control; Equipment Operation,12th Pass,2026-08-02,Part-time,No
JOB_00878,Medical Lab Technician,Paytm,Education,Raigad,0-2 years,39037,Sample Collection; Lab Testing; Equipment Operation,12th Pass,2026-09-04,Full-time,No
JOB_00879,Electrician,Reliance Jio,IT Services,Amravati,8+ years,382821,Safety Standards; Troubleshooting; Equipment Maintenance; Electrical Wiring,10th Pass,2026-07-05,Part-time,No
JOB_00880,Medical Lab Technician,Paytm,Logistics,Jalgaon,0-2 years,31326,Quality Control; Equipment Operation; Safety; Sample Collection; Lab Testing,Graduate,2026-08-07,Contract,No
JOB_00881,HR Coordinator,Byju's,Banking & Finance,Kolhapur,2-5 years,102178,Employee Relations; Communication; Recruitment; HRMS,12th Pass,2026-08-19,Internship,Hybrid
JOB_00882,Accountant,Godrej Industries,Education,Mumbai,0-2 years,42144,QuickBooks; Accounting; Tally; GST,Diploma,2026-06-10,Internship,No
JOB_00883,Nurse,Narayana Health,Education,Ahmednagar,5-8 years,157395,Medication Administration; Vital Signs; Emergency Care,Graduate,2026-07-23,Contract,No
JOB_00884,Accountant,Flipkart,Telecommunications,Nanded,0-2 years,33468,QuickBooks; Financial Reporting; Tally; GST,10th Pass,2026-06-19,Full-time,Hybrid
JOB_00885,Software Developer,ABB India,Media & Entertainment,Nagpur,5-8 years,194921,Java; Agile; Python; Git; Microservices,Post Graduate,2026-06-28,Part-time,Hybrid
JOB_00886,Content Writer,Flipkart,Media & Entertainment,Jalgaon,0-2 years,25893,Copywriting; Research; SEO; WordPress; Content Writing,Graduate,2026-08-31,Full-time,Hybrid
JOB_00887,Content Writer,Flipkart,Education,Pune,5-8 years,132412,Content Writing; SEO; Editing; WordPress; Research,12th Pass,2026-07-18,Part-time,Hybrid
JOB_00888,Teacher,Tech Mahindra,Banking & Finance,Nagpur,2-5 years,101265,Assessment; Lesson Planning; Curriculum Development; Communication; Classroom Management,10th Pass,2026-08-11,Contract,No
JOB_00889,Accountant,Infosys,Education,Raigad,8+ years,447149,Accounting; Excel; Tally; GST; QuickBooks,Diploma,2026-07-18,Internship,Yes
JOB_00890,Cybersecurity Analyst,Tata Motors,Logistics,Bhiwandi,5-8 years,230294,Compliance; Risk Assessment; Penetration Testing; Firewall; Network Security,Diploma,2026-07-16,Full-time,No
JOB_00891,Cybersecurity Analyst,Narayana Health,FMCG,Mumbai,8+ years,257120,Firewall; SIEM; Compliance; Risk Assessment,Diploma,2026-06-14,Contract,Yes
JOB_00892,Nurse,Flipkart,Healthcare,Nashik,Fresher,28211,Emergency Care; Medical Procedures; Patient Care; Medication Administration,12th Pass,2026-06-18,Part-time,Yes
JOB_00893,Logistics Coordinator,Max Healthcare,Education,Sangli,5-8 years,101460,Communication; Documentation; Transportation Management; Tracking Systems; Coordination,Post Graduate,2026-08-01,Internship,Hybrid
JOB_00894,Supply Chain Analyst,Bajaj Finserv,Manufacturing,Beed,2-5 years,99241,Forecasting; Inventory Management; Excel; Data Analysis; SAP; Logistics,Graduate,2026-08-19,Part-time,Hybrid
JOB_00895,Warehouse Supervisor,HDFC Bank,Logistics,Solapur,Fresher,20594,Inventory Management; Safety Standards; Team Leadership,10th Pass,2026-06-16,Internship,Yes
JOB_00896,Warehouse Supervisor,Narayana Health,IT Services,Ahmednagar,8+ years,473930,Inventory Management; Safety Standards; Team Leadership; Logistics,10th Pass,2026-07-25,Contract,Hybrid
JOB_00897,Machine Operator,Godrej Industries,Telecommunications,Aurangabad,0-2 years,55335,Machine Maintenance; Quality Control; Safety Standards; Production Planning; CNC Operation,Diploma,2026-08-09,Part-time,Yes
JOB_00898,Quality Analyst,Siemens,Retail,Mumbai,5-8 years,181747,Selenium; SQL; Testing; Bug Tracking,Post Graduate,2026-06-07,Part-time,Hybrid
JOB_00899,Cloud Engineer,ABB India,Banking & Finance,Chandrapur,8+ years,235007,Terraform; Kubernetes; Azure,10th Pass,2026-07-22,Part-time,No
JOB_00900,Machine Operator,Tata Motors,Education,Amravati,Fresher,23347,Production Planning; Quality Control; Machine Maintenance; Safety Standards,10th Pass,2026-06-25,Part-time,Yes
JOB_00901,Fitter,ICICI Bank,Education,Nashik,0-2 years,59230,Precision Tools; Mechanical Fitting; Assembly,12th Pass,2026-06-21,Contract,Hybrid
JOB_00902,Logistics Coordinator,Tata Motors,FMCG,Satara,8+ years,321546,Coordination; Tracking Systems; Transportation Management; Communication; Documentation,Graduate,2026-08-08,Part-time,Yes
JOB_00903,UI/UX Designer,Siemens,Banking & Finance,Mumbai,5-8 years,211517,Adobe XD; User Research; Prototyping,12th Pass,2026-06-11,Contract,No
JOB_00904,Quality Analyst,Narayana Health,Retail,Kolhapur,Fresher,32389,Agile; SQL; Manual Testing; Bug Tracking; JIRA; Selenium,10th Pass,2026-08-25,Part-time,Yes
JOB_00905,Project Coordinator,Amazon,Energy,Osmanabad,2-5 years,107070,Coordination; MS Office; Agile; Documentation; Communication; Project Management,Diploma,2026-06-13,Part-time,Yes
JOB_00906,Pharmacy Assistant,Larsen & Toubro,Pharmaceuticals,Chandrapur,2-5 years,99047,Customer Service; Inventory Management; Medication Dispensing; Pharmacy Software,Graduate,2026-08-13,Part-time,No
JOB_00907,Customer Support Specialist,TCS,Automotive,Amravati,8+ years,463608,CRM; Communication; Problem Solving; Customer Service,10th Pass,2026-09-03,Contract,Yes
JOB_00908,Machine Operator,Zerodha,Retail,Beed,2-5 years,57500,Quality Control; Production Planning; Safety Standards,Graduate,2026-06-23,Internship,Hybrid
JOB_00909,Machine Operator,Reliance Jio,Logistics,Parbhani,5-8 years,140158,Production Planning; CNC Operation; Safety Standards; Machine Maintenance; Quality Control,Post Graduate,2026-08-13,Full-time,No
JOB_00910,Medical Lab Technician,Unacademy,Construction,Pune,Fresher,15546,Lab Testing; Equipment Operation; Safety; Sample Collection; Quality Control,Diploma,2026-07-24,Part-time,Hybrid
JOB_00911,Warehouse Supervisor,TCS,Construction,Jalna,2-5 years,115735,Safety Standards; Inventory Management; WMS; Logistics,Diploma,2026-08-17,Full-time,Yes
JOB_00912,HR Coordinator,HDFC Bank,Pharmaceuticals,Sangli,Fresher,26188,HRMS; Recruitment; Communication; Compliance; Employee Relations; Payroll,10th Pass,2026-07-07,Full-time,Hybrid
JOB_00913,Training Coordinator,Capgemini,Media & Entertainment,Nagpur,5-8 years,183231,Curriculum Design; Training Delivery; Assessment,Graduate,2026-06-21,Part-time,Yes
JOB_00914,Business Analyst,Accenture,Media & Entertainment,Chandrapur,2-5 years,90696,Power BI; Agile; Excel; Requirements Gathering,12th Pass,2026-08-29,Contract,Yes
JOB_00915,Machine Learning Engineer,Siemens,Retail,Nanded,0-2 years,36607,NLP; TensorFlow; PyTorch; Deep Learning,Diploma,2026-07-29,Internship,No
JOB_00916,Digital Marketing Executive,Apollo Hospitals,Manufacturing,Latur,5-8 years,241020,Email Marketing; SEM; SEO; Google Analytics; Content Marketing; Social Media Marketing,Post Graduate,2026-06-24,Internship,No
JOB_00917,Machine Operator,ABB India,Pharmaceuticals,Amravati,2-5 years,78607,Production Planning; Quality Control; CNC Operation; Safety Standards; Machine Maintenance,Diploma,2026-07-07,Full-time,Yes
JOB_00918,Quality Analyst,IBM,Logistics,Parbhani,0-2 years,31855,Manual Testing; Bug Tracking; SQL; Testing; Selenium,Diploma,2026-06-16,Full-time,Yes
JOB_00919,Accountant,ABB India,Construction,Akola,5-8 years,142662,Excel; GST; Financial Reporting,10th Pass,2026-07-07,Part-time,Yes
JOB_00920,HR Coordinator,Byju's,Pharmaceuticals,Chandrapur,8+ years,452999,Employee Relations; HRMS; Communication; Compliance; Payroll; Recruitment,12th Pass,2026-06-10,Contract,Yes
JOB_00921,Training Coordinator,Cognizant,Retail,Jalna,0-2 years,35749,Communication; Assessment; LMS; Training Delivery,Post Graduate,2026-07-01,Contract,Hybrid
JOB_00922,Project Coordinator,IBM,E-commerce,Amravati,8+ years,440497,Project Management; Agile; Documentation; Coordination; Communication,Post Graduate,2026-07-16,Internship,Yes
JOB_00923,Technician,Reliance Jio,Education,Amravati,0-2 years,53609,Equipment Maintenance; Troubleshooting; Safety; Electrical Systems,Post Graduate,2026-08-24,Part-time,Hybrid
JOB_00924,Electrician,Zerodha,E-commerce,Mumbai,2-5 years,77851,Electrical Wiring; Troubleshooting; Safety Standards; Circuit Design,12th Pass,2026-07-06,Internship,Hybrid
JOB_00925,Cybersecurity Analyst,IBM,Manufacturing,Dhule,Fresher,28913,Firewall; SIEM; Risk Assessment; Compliance,12th Pass,2026-06-20,Full-time,No
JOB_00926,Supply Chain Analyst,Axis Bank,Media & Entertainment,Mumbai,8+ years,462907,SAP; Logistics; Data Analysis; Forecasting,10th Pass,2026-09-04,Internship,Yes
JOB_00927,Machine Operator,Paytm,Healthcare,Aurangabad,0-2 years,31085,Machine Maintenance; Quality Control; Production Planning,12th Pass,2026-07-23,Part-time,No
JOB_00928,DevOps Engineer,Fortis Healthcare,Construction,Jalgaon,2-5 years,117809,Jenkins; Kubernetes; AWS; Docker; CI/CD; Python,12th Pass,2026-08-22,Full-time,No
JOB_00929,Technician,Narayana Health,FMCG,Beed,Fresher,33831,Troubleshooting; Electrical Systems; Equipment Maintenance,12th Pass,2026-07-02,Internship,Yes
JOB_00930,Supply Chain Analyst,HCL,Education,Ahmednagar,5-8 years,187834,Logistics; Excel; Inventory Management; Forecasting; SAP; Data Analysis,Diploma,2026-06-28,Full-time,Yes
JOB_00931,Accountant,Accenture,E-commerce,Dhule,8+ years,335180,GST; Financial Reporting; Taxation,10th Pass,2026-08-10,Internship,No
JOB_00932,Data Analyst,Wipro,Banking & Finance,Jalgaon,5-8 years,211595,NumPy; Excel; Python; Tableau; Pandas; SQL,Diploma,2026-07-23,Full-time,Hybrid
JOB_00933,Machine Learning Engineer,Larsen & Toubro,Retail,Jalgaon,0-2 years,27334,Scikit-learn; PyTorch; Deep Learning,Graduate,2026-06-20,Contract,Hybrid
JOB_00934,Data Analyst,Narayana Health,Healthcare,Raigad,8+ years,275835,SQL; Tableau; Python; NumPy,12th Pass,2026-06-15,Internship,No
JOB_00935,Customer Support Specialist,Bajaj Finserv,Media & Entertainment,Osmanabad,5-8 years,197726,Customer Service; Zendesk; Communication; CRM; Problem Solving,Post Graduate,2026-08-31,Full-time,No
JOB_00936,Quality Analyst,Crompton Greaves,Retail,Akola,Fresher,21279,Testing; Selenium; Manual Testing; JIRA; Agile; SQL,Diploma,2026-06-23,Contract,Hybrid
JOB_00937,Quality Analyst,HCL,Manufacturing,Kolhapur,8+ years,409018,Selenium; SQL; Manual Testing; JIRA; Agile; Testing,Diploma,2026-08-12,Contract,Yes
JOB_00938,Accountant,Max Healthcare,Construction,Mumbai,0-2 years,31366,GST; QuickBooks; Accounting; Financial Reporting,Post Graduate,2026-08-07,Full-time,Hybrid
JOB_00939,Sales Executive,Godrej Industries,Pharmaceuticals,Nagpur,0-2 years,50496,Customer Relationship; Lead Generation; Communication; Negotiation; CRM,10th Pass,2026-07-06,Full-time,No
JOB_00940,Sales Executive,Unacademy,E-commerce,Latur,2-5 years,101126,Lead Generation; Negotiation; Communication; CRM,12th Pass,2026-08-03,Full-time,Hybrid
JOB_00941,Pharmacy Assistant,Paytm,Telecommunications,Nagpur,8+ years,352999,Medication Dispensing; Pharmacy Software; Customer Service; Inventory Management,12th Pass,2026-07-26,Internship,Yes
JOB_00942,DevOps Engineer,Flipkart,Automotive,Nanded,8+ years,323060,Linux; AWS; Jenkins; Kubernetes; Ansible,10th Pass,2026-07-18,Part-time,No
JOB_00943,Welder,Narayana Health,Healthcare,Nashik,Fresher,20213,Arc Welding; TIG Welding; Blueprint Reading,10th Pass,2026-07-15,Internship,No
JOB_00944,Logistics Coordinator,Tata Motors,Manufacturing,Ahmednagar,0-2 years,39752,Transportation Management; Communication; Tracking Systems; Documentation,12th Pass,2026-07-15,Internship,No
JOB_00945,Medical Lab Technician,Reliance Jio,Retail,Solapur,5-8 years,125774,Lab Testing; Equipment Operation; Sample Collection; Safety,10th Pass,2026-07-17,Internship,No
JOB_00946,Accountant,Infosys,Automotive,Beed,0-2 years,51789,Excel; Taxation; Financial Reporting; Tally,Diploma,2026-09-02,Part-time,Yes
JOB_00947,Fitter,Accenture,Manufacturing,Yavatmal,5-8 years,234043,Maintenance; Assembly; Precision Tools,Post Graduate,2026-08-11,Internship,No
JOB_00948,Warehouse Supervisor,Zerodha,Media & Entertainment,Solapur,0-2 years,27024,Team Leadership; Logistics; Inventory Management; WMS; Safety Standards,10th Pass,2026-08-09,Internship,No
JOB_00949,Cybersecurity Analyst,Bajaj Finserv,FMCG,Chandrapur,8+ years,373675,Firewall; Risk Assessment; Network Security; SIEM,Post Graduate,2026-08-15,Internship,Hybrid
JOB_00950,Project Coordinator,Wipro,Construction,Mumbai,Fresher,32607,Coordination; MS Office; Agile; Project Management; Communication; Documentation,10th Pass,2026-08-20,Full-time,No
JOB_00951,Supply Chain Analyst,Narayana Health,Energy,Jalgaon,Fresher,29043,Logistics; Inventory Management; Data Analysis,Graduate,2026-08-20,Part-time,No
JOB_00952,Logistics Coordinator,Flipkart,Manufacturing,Nashik,8+ years,310145,Communication; Documentation; Transportation Management; Tracking Systems,Graduate,2026-08-02,Contract,Hybrid
JOB_00953,Retail Associate,Paytm,FMCG,Chandrapur,Fresher,29571,Inventory Management; Communication; Sales,12th Pass,2026-07-24,Contract,Hybrid
JOB_00954,Machine Learning Engineer,IBM,E-commerce,Pune,8+ years,352682,Python; TensorFlow; PyTorch; SQL; Scikit-learn,Post Graduate,2026-07-27,Contract,No
JOB_00955,Retail Associate,Godrej Industries,E-commerce,Yavatmal,5-8 years,167451,Sales; Communication; Inventory Management; Cash Handling; Customer Service,Post Graduate,2026-06-15,Full-time,Yes
JOB_00956,Fitter,TCS,Education,Aurangabad,2-5 years,95116,Maintenance; Assembly; Blueprint Reading; Mechanical Fitting,Post Graduate,2026-06-14,Contract,Hybrid
JOB_00957,Customer Support Specialist,Flipkart,Energy,Parbhani,5-8 years,116974,Zendesk; Problem Solving; Customer Service; CRM; Communication,Post Graduate,2026-07-23,Contract,Yes
JOB_00958,Cybersecurity Analyst,Capgemini,Construction,Sangli,0-2 years,25799,SIEM; Firewall; Risk Assessment; Compliance,Post Graduate,2026-06-29,Part-time,No
JOB_00959,Technician,Cognizant,Manufacturing,Dhule,Fresher,29635,Equipment Maintenance; Electrical Systems; Mechanical Systems; Safety; Troubleshooting,10th Pass,2026-06-24,Part-time,Yes
JOB_00960,Machine Learning Engineer,Bajaj Finserv,Healthcare,Osmanabad,0-2 years,30987,TensorFlow; Python; SQL; PyTorch; Scikit-learn; NLP,Graduate,2026-08-11,Part-time,Hybrid
JOB_00961,Full Stack Developer,Axis Bank,Healthcare,Amravati,Fresher,17393,REST API; JavaScript; SQL; Git; Node.js; MongoDB,12th Pass,2026-08-10,Full-time,No
JOB_00962,Digital Marketing Executive,Cognizant,Telecommunications,Amravati,5-8 years,102517,Content Marketing; Social Media Marketing; Google Analytics; Email Marketing,12th Pass,2026-06-22,Full-time,Hybrid
JOB_00963,Teacher,HDFC Bank,Automotive,Beed,5-8 years,170973,Curriculum Development; Assessment; Lesson Planning; Classroom Management; Communication,Post Graduate,2026-07-03,Contract,Hybrid
JOB_00964,Supply Chain Analyst,Crompton Greaves,Education,Jalgaon,8+ years,430709,Logistics; Forecasting; Data Analysis; Inventory Management,Post Graduate,2026-08-21,Internship,Yes
JOB_00965,Sales Executive,Paytm,E-commerce,Parbhani,8+ years,359719,CRM; Lead Generation; Communication,12th Pass,2026-08-23,Contract,Hybrid
JOB_00966,Technician,HDFC Bank,FMCG,Solapur,8+ years,463077,Troubleshooting; Safety; Mechanical Systems,Diploma,2026-07-27,Internship,Yes
JOB_00967,Technician,ICICI Bank,Automotive,Satara,2-5 years,72515,Troubleshooting; Electrical Systems; Equipment Maintenance; Mechanical Systems; Safety,10th Pass,2026-08-15,Part-time,No
JOB_00968,Project Coordinator,Max Healthcare,FMCG,Parbhani,8+ years,276014,Communication; Documentation; MS Office; Agile; Coordination,Diploma,2026-07-27,Contract,Hybrid
JOB_00969,Sales Executive,Byju's,Automotive,Jalgaon,5-8 years,207161,Lead Generation; CRM; Negotiation; Customer Relationship,Post Graduate,2026-07-21,Internship,No
JOB_00970,Software Developer,Mahindra & Mahindra,Education,Amravati,0-2 years,38071,Python; JavaScript; SQL; Agile; REST API,10th Pass,2026-08-08,Internship,No
JOB_00971,Cloud Engineer,Flipkart,Manufacturing,Kolhapur,Fresher,24179,Terraform; AWS; Linux; Docker; Kubernetes; Networking,10th Pass,2026-06-19,Internship,Yes
JOB_00972,Cloud Engineer,ABB India,Education,Beed,Fresher,17424,Terraform; GCP; AWS; Docker; Azure,12th Pass,2026-07-25,Part-time,Yes
JOB_00973,Fitter,HDFC Bank,Telecommunications,Nanded,2-5 years,84172,Assembly; Blueprint Reading; Maintenance,10th Pass,2026-06-25,Contract,Hybrid
JOB_00974,Software Developer,Siemens,Energy,Nagpur,0-2 years,55692,Microservices; Agile; Java; REST API; JavaScript,12th Pass,2026-08-06,Contract,No
JOB_00975,Business Analyst,Infosys,E-commerce,Sangli,2-5 years,101944,Agile; Process Mapping; JIRA,Graduate,2026-07-04,Full-time,Hybrid
JOB_00976,Customer Support Specialist,Byju's,IT Services,Nanded,Fresher,17475,CRM; Zendesk; Problem Solving; Customer Service; Communication,Graduate,2026-06-24,Full-time,Hybrid
JOB_00977,UI/UX Designer,Vedantu,Automotive,Nagpur,8+ years,444168,HTML/CSS; Figma; Prototyping; Sketch,Post Graduate,2026-07-09,Contract,Yes
JOB_00978,UI/UX Designer,Vedantu,Telecommunications,Akola,8+ years,209894,Figma; Prototyping; User Research; Sketch; HTML/CSS; Adobe XD,Post Graduate,2026-09-03,Contract,No
JOB_00979,DevOps Engineer,Siemens,Telecommunications,Kolhapur,2-5 years,69435,AWS; Linux; CI/CD; Kubernetes; Docker; Jenkins,Diploma,2026-08-09,Part-time,Yes
JOB_00980,Software Developer,Wipro,FMCG,Satara,8+ years,320640,Agile; Python; JavaScript; Microservices,Post Graduate,2026-06-12,Part-time,No
JOB_00981,UI/UX Designer,Axis Bank,Media & Entertainment,Sangli,5-8 years,215249,HTML/CSS; Sketch; Figma; Adobe XD,12th Pass,2026-08-20,Full-time,No
JOB_00982,Pharmacy Assistant,HCL,Logistics,Dhule,0-2 years,33169,Pharmacy Software; Medication Dispensing; Inventory Management; Customer Service,Post Graduate,2026-08-24,Full-time,Yes
JOB_00983,Logistics Coordinator,Paytm,Pharmaceuticals,Nashik,0-2 years,30950,Communication; Coordination; Documentation; Transportation Management; Tracking Systems,Diploma,2026-07-02,Internship,No
JOB_00984,Quality Analyst,Infosys,IT Services,Chandrapur,Fresher,25157,JIRA; SQL; Agile; Testing; Selenium; Manual Testing,12th Pass,2026-08-27,Contract,Yes
JOB_00985,Retail Associate,Fortis Healthcare,Media & Entertainment,Beed,Fresher,16486,Customer Service; Inventory Management; Cash Handling; Sales,Post Graduate,2026-08-17,Part-time,Hybrid
JOB_00986,Software Developer,Amazon,E-commerce,Jalna,0-2 years,52189,Python; Microservices; Git; Java; JavaScript; Agile,12th Pass,2026-08-15,Part-time,Yes
JOB_00987,Training Coordinator,Reliance Jio,Manufacturing,Aurangabad,8+ years,306995,Curriculum Design; Training Delivery; LMS,12th Pass,2026-07-27,Contract,No
JOB_00988,Welder,Infosys,Manufacturing,Mumbai,2-5 years,68919,Safety Standards; Arc Welding; TIG Welding,Graduate,2026-07-14,Internship,Hybrid
JOB_00989,Warehouse Supervisor,Flipkart,Banking & Finance,Solapur,8+ years,420139,Logistics; Team Leadership; Inventory Management,Graduate,2026-08-27,Internship,No
JOB_00990,Accountant,IBM,Energy,Chandrapur,8+ years,334669,GST; Accounting; Financial Reporting,Diploma,2026-08-19,Contract,Hybrid
JOB_00991,Technician,Paytm,Pharmaceuticals,Parbhani,Fresher,22390,Troubleshooting; Safety; Equipment Maintenance; Electrical Systems; Mechanical Systems,Graduate,2026-06-12,Full-time,Hybrid
JOB_00992,Content Writer,Cognizant,Healthcare,Satara,2-5 years,110574,Copywriting; SEO; WordPress; Editing,10th Pass,2026-06-11,Contract,Yes
JOB_00993,Sales Executive,Amazon,Automotive,Latur,5-8 years,147755,CRM; Lead Generation; Communication; Customer Relationship; Negotiation,Post Graduate,2026-09-03,Full-time,Yes
JOB_00994,UI/UX Designer,TCS,Automotive,Akola,5-8 years,218801,Prototyping; Sketch; Adobe XD; HTML/CSS; User Research; Figma,Diploma,2026-06-17,Internship,Yes
JOB_00995,Warehouse Supervisor,PhonePe,Media & Entertainment,Beed,2-5 years,113878,Logistics; Team Leadership; Safety Standards; WMS,12th Pass,2026-06-26,Full-time,Hybrid
JOB_00996,Pharmacy Assistant,Mahindra & Mahindra,Banking & Finance,Jalna,2-5 years,62397,Pharmacy Software; Inventory Management; Medication Dispensing; Customer Service,12th Pass,2026-08-06,Full-time,Yes
JOB_00997,Electrician,Larsen & Toubro,Education,Aurangabad,2-5 years,102108,Troubleshooting; Electrical Wiring; Safety Standards; Equipment Maintenance,Post Graduate,2026-07-01,Part-time,Hybrid
JOB_00998,Cybersecurity Analyst,Larsen & Toubro,Telecommunications,Amravati,Fresher,26883,Risk Assessment; Compliance; Network Security; SIEM,Post Graduate,2026-06-27,Part-time,No
JOB_00999,UI/UX Designer,Flipkart,Construction,Yavatmal,Fresher,21625,HTML/CSS; Wireframing; Adobe XD; Prototyping,Graduate,2026-07-31,Internship,No
JOB_01000,Content Writer,Zerodha,Logistics,Ahmednagar,8+ years,491376,SEO; Copywriting; Content Writing; Research; WordPress,Diploma,2026-06-11,Part-time,Hybrid
JOB_01001,Welder,HCL,FMCG,Nagpur,8+ years,327120,MIG Welding; Blueprint Reading; Safety Standards; Arc Welding,Post Graduate,2026-07-16,Internship,No
JOB_01002,Fitter,Larsen & Toubro,Banking & Finance,Kolhapur,0-2 years,33091,Precision Tools; Blueprint Reading; Assembly,Post Graduate,2026-06-22,Part-time,No
JOB_01003,DevOps Engineer,TCS,Construction,Akola,2-5 years,111749,CI/CD; Ansible; Jenkins,12th Pass,2026-08-06,Contract,Yes
JOB_01004,Electrician,Amazon,Banking & Finance,Chandrapur,8+ years,259159,Safety Standards; Equipment Maintenance; Electrical Wiring; Circuit Design; Troubleshooting,12th Pass,2026-06-16,Internship,Hybrid
JOB_01005,UI/UX Designer,Axis Bank,Telecommunications,Jalgaon,5-8 years,195040,Figma; Wireframing; User Research,12th Pass,2026-08-05,Internship,No
JOB_01006,Data Analyst,Tata Motors,Media & Entertainment,Sangli,Fresher,17722,Statistics; Power BI; NumPy; Excel; Tableau,Graduate,2026-09-03,Internship,Yes
JOB_01007,Fitter,Byju's,Construction,Kolhapur,5-8 years,236044,Mechanical Fitting; Assembly; Precision Tools; Blueprint Reading,12th Pass,2026-06-11,Full-time,Hybrid
JOB_01008,Cloud Engineer,Cognizant,Automotive,Beed,8+ years,389111,Azure; Networking; Terraform,10th Pass,2026-06-22,Internship,No
JOB_01009,Retail Associate,Unacademy,Energy,Latur,Fresher,15840,Communication; Customer Service; Sales; Inventory Management,10th Pass,2026-08-08,Part-time,Yes
JOB_01010,Machine Operator,Godrej Industries,Media & Entertainment,Nashik,2-5 years,95095,CNC Operation; Safety Standards; Machine Maintenance; Quality Control,Post Graduate,2026-07-21,Contract,No
JOB_01011,Nurse,Vedantu,Pharmaceuticals,Akola,Fresher,26420,Medication Administration; Medical Procedures; Patient Care; Vital Signs; Emergency Care,12th Pass,2026-08-13,Full-time,No
JOB_01012,Customer Support Specialist,Axis Bank,Manufacturing,Bhiwandi,8+ years,364062,Communication; Customer Service; CRM; Problem Solving,12th Pass,2026-06-17,Part-time,No
JOB_01013,Business Analyst,Paytm,Manufacturing,Osmanabad,2-5 years,92304,JIRA; Process Mapping; Power BI; Excel; SQL,Graduate,2026-09-02,Part-time,Hybrid
JOB_01014,Full Stack Developer,Godrej Industries,FMCG,Osmanabad,8+ years,304133,Git; SQL; HTML/CSS; JavaScript,Graduate,2026-08-24,Internship,No
JOB_01015,DevOps Engineer,Larsen & Toubro,Retail,Bhiwandi,2-5 years,60775,Linux; Jenkins; Python; Kubernetes,Post Graduate,2026-07-25,Internship,Yes
JOB_01016,Cybersecurity Analyst,Tata Motors,IT Services,Aurangabad,8+ years,276219,Penetration Testing; Compliance; Risk Assessment; Network Security; Firewall; SIEM,Diploma,2026-09-03,Part-time,Yes
JOB_01017,Pharmacy Assistant,Unacademy,Retail,Parbhani,8+ years,402953,Pharmacy Software; Medication Dispensing; Customer Service,Diploma,2026-08-02,Contract,No
JOB_01018,Customer Support Specialist,Siemens,Telecommunications,Kolhapur,2-5 years,66877,Communication; Problem Solving; Zendesk; Customer Service,10th Pass,2026-08-23,Internship,Hybrid
JOB_01019,Sales Executive,Axis Bank,Pharmaceuticals,Satara,Fresher,33817,Customer Relationship; Negotiation; Lead Generation; Communication,12th Pass,2026-08-29,Internship,No
JOB_01020,Fitter,Flipkart,IT Services,Nagpur,5-8 years,116718,Assembly; Mechanical Fitting; Blueprint Reading; Precision Tools; Maintenance,Diploma,2026-06-09,Full-time,Hybrid
JOB_01021,Machine Learning Engineer,Infosys,Pharmaceuticals,Sangli,8+ years,362437,Scikit-learn; Deep Learning; TensorFlow; NLP; Python; SQL,Diploma,2026-06-28,Contract,Yes
JOB_01022,Fitter,Amazon,FMCG,Ahmednagar,8+ years,262748,Maintenance; Precision Tools; Mechanical Fitting; Assembly; Blueprint Reading,10th Pass,2026-08-26,Full-time,Hybrid
JOB_01023,Accountant,HDFC Bank,Healthcare,Raigad,0-2 years,32831,QuickBooks; Excel; Tally; Accounting,Graduate,2026-07-24,Full-time,No
JOB_01024,Fitter,Fortis Healthcare,Pharmaceuticals,Ahmednagar,5-8 years,181578,Blueprint Reading; Precision Tools; Mechanical Fitting; Assembly,Post Graduate,2026-07-21,Internship,No
JOB_01025,Supply Chain Analyst,Mahindra & Mahindra,Retail,Solapur,Fresher,29802,SAP; Logistics; Excel; Forecasting,10th Pass,2026-08-23,Contract,Yes
JOB_01026,Teacher,HCL,Construction,Pune,8+ years,202443,Lesson Planning; Classroom Management; Curriculum Development; Communication,12th Pass,2026-07-25,Contract,Yes
JOB_01027,Nurse,Apollo Hospitals,Energy,Nanded,8+ years,461200,Medical Procedures; Emergency Care; Medication Administration,10th Pass,2026-08-12,Part-time,No
JOB_01028,Cloud Engineer,Apollo Hospitals,Automotive,Satara,0-2 years,34755,Terraform; Linux; Azure; Kubernetes,Graduate,2026-07-10,Full-time,Hybrid
JOB_01029,Teacher,Godrej Industries,Banking & Finance,Jalgaon,Fresher,21329,Classroom Management; Curriculum Development; Lesson Planning; Assessment,Post Graduate,2026-06-19,Contract,No
JOB_01030,Training Coordinator,Unacademy,Banking & Finance,Dhule,8+ years,274124,LMS; Training Delivery; Curriculum Design; Assessment; Communication,12th Pass,2026-08-05,Part-time,No
JOB_01031,Data Analyst,Zerodha,FMCG,Pune,2-5 years,92015,SQL; Statistics; Pandas,10th Pass,2026-06-29,Internship,Hybrid
JOB_01032,Machine Operator,Siemens,E-commerce,Jalgaon,0-2 years,51492,Machine Maintenance; Quality Control; Safety Standards; Production Planning,12th Pass,2026-07-11,Full-time,No
JOB_01033,Software Developer,Siemens,Telecommunications,Nashik,5-8 years,110913,REST API; JavaScript; SQL; Microservices; Python; Git,Graduate,2026-08-11,Contract,Hybrid
JOB_01034,Warehouse Supervisor,Reliance Jio,Construction,Bhiwandi,8+ years,401799,Inventory Management; WMS; Safety Standards; Team Leadership,Diploma,2026-08-11,Full-time,Hybrid
JOB_01035,Pharmacy Assistant,PhonePe,Telecommunications,Raigad,5-8 years,156228,Inventory Management; Pharmacy Software; Medication Dispensing,12th Pass,2026-08-23,Part-time,Yes
JOB_01036,Retail Associate,ICICI Bank,Logistics,Nagpur,2-5 years,100002,Communication; Customer Service; Cash Handling,Graduate,2026-08-09,Contract,Yes
JOB_01037,Teacher,ABB India,E-commerce,Yavatmal,0-2 years,35218,Classroom Management; Communication; Curriculum Development; Lesson Planning,10th Pass,2026-08-17,Part-time,Hybrid
JOB_01038,Technician,Crompton Greaves,Healthcare,Ahmednagar,2-5 years,104216,Electrical Systems; Mechanical Systems; Safety; Equipment Maintenance; Troubleshooting,Diploma,2026-07-18,Part-time,No
JOB_01039,Machine Learning Engineer,Narayana Health,IT Services,Mumbai,8+ years,260439,TensorFlow; Deep Learning; NLP; Python; PyTorch; Scikit-learn,12th Pass,2026-08-15,Full-time,Yes
JOB_01040,Electrician,Mahindra & Mahindra,Construction,Solapur,2-5 years,84275,Troubleshooting; Safety Standards; Equipment Maintenance; Circuit Design; Electrical Wiring,Graduate,2026-08-22,Internship,Yes
JOB_01041,Project Coordinator,Paytm,Healthcare,Bhiwandi,Fresher,18582,Coordination; Project Management; MS Office; Communication,Post Graduate,2026-08-21,Full-time,No
JOB_01042,UI/UX Designer,Tech Mahindra,Healthcare,Osmanabad,Fresher,31502,User Research; Sketch; Prototyping; Adobe XD; HTML/CSS; Figma,Post Graduate,2026-08-11,Contract,Yes
JOB_01043,Fitter,ABB India,Energy,Aurangabad,Fresher,16849,Blueprint Reading; Precision Tools; Maintenance; Mechanical Fitting,12th Pass,2026-07-16,Part-time,No
JOB_01044,Quality Analyst,Reliance Jio,Construction,Kolhapur,Fresher,29435,Manual Testing; Agile; SQL; Testing,Post Graduate,2026-08-27,Contract,Hybrid
JOB_01045,UI/UX Designer,Siemens,IT Services,Bhiwandi,0-2 years,58950,Wireframing; Figma; Prototyping,Graduate,2026-06-28,Part-time,Hybrid
JOB_01046,Training Coordinator,Wipro,E-commerce,Latur,2-5 years,50448,Curriculum Design; Training Delivery; LMS,Graduate,2026-06-24,Internship,Hybrid
JOB_01047,Cloud Engineer,Wipro,Automotive,Beed,0-2 years,50300,AWS; Linux; Docker,10th Pass,2026-07-30,Internship,No
JOB_01048,Training Coordinator,Paytm,Automotive,Yavatmal,0-2 years,54767,Communication; Assessment; Curriculum Design; Training Delivery,Diploma,2026-06-28,Part-time,Yes
JOB_01049,Full Stack Developer,Mahindra & Mahindra,Media & Entertainment,Dhule,0-2 years,44651,HTML/CSS; REST API; JavaScript; MongoDB,Graduate,2026-08-17,Internship,No
JOB_01050,Retail Associate,Narayana Health,E-commerce,Kolhapur,8+ years,441477,Inventory Management; Sales; Cash Handling; Communication; Customer Service,12th Pass,2026-07-09,Internship,No
JOB_01051,Customer Support Specialist,Narayana Health,E-commerce,Akola,2-5 years,75506,Customer Service; Problem Solving; Communication; CRM; Zendesk,10th Pass,2026-06-12,Contract,No
JOB_01052,Electrician,Crompton Greaves,Healthcare,Latur,5-8 years,178727,Circuit Design; Troubleshooting; Electrical Wiring; Equipment Maintenance,12th Pass,2026-06-17,Full-time,Yes
JOB_01053,Business Analyst,Flipkart,Construction,Bhiwandi,2-5 years,100589,Requirements Gathering; Process Mapping; Excel; Agile; SQL; Power BI,Post Graduate,2026-06-24,Contract,Hybrid
JOB_01054,Technician,Narayana Health,Automotive,Aurangabad,8+ years,445670,Troubleshooting; Mechanical Systems; Safety,Post Graduate,2026-08-04,Internship,No
JOB_01055,Welder,Wipro,Construction,Jalna,8+ years,204544,Arc Welding; Blueprint Reading; Safety Standards,Diploma,2026-08-29,Full-time,No
JOB_01056,Training Coordinator,Amazon,Healthcare,Amravati,2-5 years,108538,Training Delivery; Communication; Assessment; Curriculum Design,Diploma,2026-07-06,Part-time,No
JOB_01057,Full Stack Developer,Flipkart,Media & Entertainment,Bhiwandi,Fresher,28424,Node.js; MongoDB; JavaScript; SQL,10th Pass,2026-08-15,Internship,Hybrid
JOB_01058,Machine Learning Engineer,Amazon,Media & Entertainment,Nashik,0-2 years,56252,Python; NLP; TensorFlow; Scikit-learn; SQL; PyTorch,Graduate,2026-08-14,Contract,No
JOB_01059,Fitter,Unacademy,Media & Entertainment,Solapur,8+ years,244569,Assembly; Precision Tools; Blueprint Reading,Graduate,2026-07-19,Part-time,Yes
JOB_01060,Welder,Narayana Health,Media & Entertainment,Yavatmal,2-5 years,92034,Arc Welding; MIG Welding; TIG Welding,Graduate,2026-07-29,Contract,Hybrid
JOB_01061,Nurse,Max Healthcare,E-commerce,Mumbai,5-8 years,236428,Medication Administration; Medical Procedures; Emergency Care; Vital Signs,12th Pass,2026-09-01,Contract,Yes
JOB_01062,Data Analyst,Crompton Greaves,Education,Osmanabad,0-2 years,30258,Pandas; Excel; Python; NumPy; Power BI; Tableau,10th Pass,2026-07-24,Full-time,Yes
JOB_01063,Pharmacy Assistant,Infosys,Education,Mumbai,8+ years,218865,Customer Service; Pharmacy Software; Inventory Management; Medication Dispensing,Diploma,2026-06-08,Internship,No
JOB_01064,Customer Support Specialist,Max Healthcare,Pharmaceuticals,Ahmednagar,8+ years,489607,Problem Solving; CRM; Zendesk; Customer Service,12th Pass,2026-08-11,Contract,No
JOB_01065,Digital Marketing Executive,Accenture,FMCG,Yavatmal,5-8 years,163690,Content Marketing; SEO; Email Marketing; Social Media Marketing; Google Analytics,Post Graduate,2026-08-26,Contract,Yes
JOB_01066,DevOps Engineer,Accenture,Energy,Kolhapur,8+ years,378852,Jenkins; Python; Ansible,Graduate,2026-06-17,Part-time,Hybrid
JOB_01067,Machine Operator,ABB India,FMCG,Beed,5-8 years,121274,CNC Operation; Production Planning; Safety Standards; Quality Control; Machine Maintenance,Graduate,2026-08-12,Full-time,Yes
JOB_01068,Accountant,HCL,Pharmaceuticals,Amravati,0-2 years,37624,Accounting; GST; Taxation,Post Graduate,2026-07-06,Internship,Hybrid
JOB_01069,Retail Associate,Godrej Industries,Pharmaceuticals,Parbhani,0-2 years,30213,Communication; Customer Service; Sales; Cash Handling; Inventory Management,Post Graduate,2026-08-13,Contract,Yes
JOB_01070,Teacher,HDFC Bank,Pharmaceuticals,Nanded,8+ years,368509,Lesson Planning; Classroom Management; Curriculum Development,Post Graduate,2026-08-06,Internship,Hybrid
JOB_01071,Medical Lab Technician,Max Healthcare,Telecommunications,Jalgaon,8+ years,326233,Equipment Operation; Sample Collection; Quality Control; Safety; Lab Testing,Graduate,2026-06-29,Contract,No
JOB_01072,Logistics Coordinator,HCL,Banking & Finance,Nagpur,0-2 years,30239,Communication; Transportation Management; Coordination; Documentation,12th Pass,2026-06-10,Full-time,Hybrid
JOB_01073,Technician,Apollo Hospitals,Pharmaceuticals,Akola,Fresher,29771,Safety; Equipment Maintenance; Electrical Systems; Troubleshooting; Mechanical Systems,12th Pass,2026-07-21,Contract,No
JOB_01074,Full Stack Developer,HDFC Bank,Healthcare,Akola,5-8 years,221882,JavaScript; HTML/CSS; Node.js; MongoDB,Diploma,2026-07-07,Internship,No
JOB_01075,Pharmacy Assistant,Amazon,E-commerce,Chandrapur,5-8 years,199996,Pharmacy Software; Medication Dispensing; Inventory Management; Customer Service,Post Graduate,2026-06-16,Internship,No
JOB_01076,Software Developer,Reliance Jio,E-commerce,Yavatmal,5-8 years,223807,SQL; Python; REST API; Microservices,Diploma,2026-08-16,Contract,Yes
JOB_01077,Software Developer,Flipkart,Education,Dhule,5-8 years,213470,SQL; Java; Microservices; Git; Agile,Post Graduate,2026-07-11,Internship,Hybrid
JOB_01078,Data Analyst,Tech Mahindra,Manufacturing,Nashik,2-5 years,104571,Tableau; SQL; Pandas; NumPy; Power BI; Python,Graduate,2026-07-04,Contract,Hybrid
JOB_01079,UI/UX Designer,Crompton Greaves,Construction,Beed,2-5 years,94708,User Research; Figma; HTML/CSS; Adobe XD; Sketch; Prototyping,Post Graduate,2026-07-19,Contract,Hybrid
JOB_01080,Supply Chain Analyst,Unacademy,Manufacturing,Mumbai,Fresher,30603,SAP; Forecasting; Logistics; Inventory Management; Excel; Data Analysis,10th Pass,2026-07-31,Contract,Hybrid
JOB_01081,Nurse,HDFC Bank,Media & Entertainment,Osmanabad,2-5 years,81066,Medication Administration; Medical Procedures; Emergency Care,12th Pass,2026-08-04,Internship,Yes
JOB_01082,Sales Executive,Fortis Healthcare,FMCG,Nashik,8+ years,477471,Customer Relationship; Communication; CRM,12th Pass,2026-07-04,Contract,Yes
JOB_01083,HR Coordinator,Tata Motors,Pharmaceuticals,Amravati,5-8 years,158545,Communication; Recruitment; Employee Relations; Payroll,Graduate,2026-06-15,Contract,No
JOB_01084,Medical Lab Technician,Amazon,FMCG,Parbhani,8+ years,298668,Equipment Operation; Quality Control; Sample Collection; Lab Testing,10th Pass,2026-06-20,Full-time,No
JOB_01085,Warehouse Supervisor,HDFC Bank,Telecommunications,Raigad,Fresher,24770,Logistics; Team Leadership; Safety Standards; WMS; Inventory Management,Post Graduate,2026-08-02,Part-time,No
JOB_01086,Software Developer,Max Healthcare,Banking & Finance,Beed,Fresher,33194,Microservices; REST API; Java; SQL; Git,10th Pass,2026-08-15,Internship,No
JOB_01087,Cloud Engineer,Tata Motors,Healthcare,Chandrapur,2-5 years,66241,Kubernetes; Azure; Terraform; Networking; GCP; AWS,Diploma,2026-08-29,Internship,No
JOB_01088,DevOps Engineer,Fortis Healthcare,Telecommunications,Raigad,2-5 years,101843,Linux; Python; Kubernetes,Diploma,2026-08-13,Full-time,Hybrid
JOB_01089,Full Stack Developer,Wipro,Media & Entertainment,Nanded,2-5 years,58899,Node.js; MongoDB; JavaScript,Post Graduate,2026-08-18,Full-time,Hybrid
JOB_01090,UI/UX Designer,Apollo Hospitals,Manufacturing,Nagpur,0-2 years,51251,Figma; Prototyping; Sketch; HTML/CSS; Adobe XD,Graduate,2026-06-27,Internship,Hybrid
JOB_01091,Nurse,Amazon,Telecommunications,Osmanabad,5-8 years,130211,Medical Procedures; Vital Signs; Patient Care,Post Graduate,2026-08-02,Part-time,Yes
JOB_01092,Machine Operator,HCL,Construction,Mumbai,8+ years,321983,Machine Maintenance; Safety Standards; CNC Operation; Quality Control; Production Planning,Post Graduate,2026-08-16,Contract,No
JOB_01093,Content Writer,PhonePe,FMCG,Mumbai,5-8 years,110519,Research; Content Writing; WordPress; Copywriting; Editing,10th Pass,2026-08-10,Full-time,Yes
JOB_01094,Cybersecurity Analyst,TCS,Manufacturing,Parbhani,8+ years,408237,Risk Assessment; SIEM; Penetration Testing,Post Graduate,2026-08-08,Full-time,Hybrid
JOB_01095,Warehouse Supervisor,Tata Motors,Telecommunications,Jalgaon,8+ years,334363,WMS; Safety Standards; Inventory Management; Logistics,Post Graduate,2026-07-24,Contract,No
JOB_01096,Content Writer,Godrej Industries,Logistics,Beed,Fresher,21704,Research; Editing; WordPress,Graduate,2026-08-12,Full-time,No
JOB_01097,Nurse,ICICI Bank,Healthcare,Raigad,Fresher,30197,Medication Administration; Medical Procedures; Emergency Care; Vital Signs; Patient Care,Post Graduate,2026-08-29,Contract,Yes
JOB_01098,Quality Analyst,TCS,Healthcare,Jalgaon,Fresher,27732,JIRA; Manual Testing; Selenium; SQL,12th Pass,2026-07-25,Internship,Hybrid
JOB_01099,Logistics Coordinator,Zerodha,Telecommunications,Parbhani,0-2 years,27044,Communication; Documentation; Transportation Management; Coordination; Tracking Systems,Graduate,2026-06-17,Full-time,No
JOB_01100,Training Coordinator,Unacademy,Retail,Jalgaon,Fresher,22055,LMS; Curriculum Design; Training Delivery; Communication; Assessment,Post Graduate,2026-06-14,Internship,Hybrid
JOB_01101,Teacher,Tata Motors,Retail,Nagpur,2-5 years,68591,Lesson Planning; Communication; Curriculum Development; Assessment; Classroom Management,12th Pass,2026-08-02,Part-time,Yes
JOB_01102,Training Coordinator,Reliance Jio,IT Services,Parbhani,Fresher,33998,Training Delivery; Curriculum Design; Assessment,10th Pass,2026-06-08,Contract,No
JOB_01103,Software Developer,Tech Mahindra,Pharmaceuticals,Parbhani,8+ years,215675,SQL; Python; Microservices; Agile,12th Pass,2026-08-31,Internship,No
JOB_01104,Accountant,Wipro,Construction,Mumbai,0-2 years,56402,QuickBooks; GST; Financial Reporting,Diploma,2026-08-10,Full-time,Hybrid
JOB_01105,Machine Learning Engineer,Unacademy,FMCG,Kolhapur,0-2 years,53530,Deep Learning; Python; SQL,12th Pass,2026-06-25,Part-time,Hybrid
JOB_01106,Pharmacy Assistant,Apollo Hospitals,Banking & Finance,Jalgaon,Fresher,27165,Pharmacy Software; Customer Service; Medication Dispensing; Inventory Management,10th Pass,2026-06-26,Part-time,No
JOB_01107,Warehouse Supervisor,Reliance Jio,Automotive,Ahmednagar,2-5 years,69350,Logistics; Safety Standards; Team Leadership; WMS,12th Pass,2026-06-10,Internship,No
JOB_01108,Project Coordinator,Mahindra & Mahindra,Media & Entertainment,Nagpur,5-8 years,241351,Documentation; Agile; MS Office; Communication,Post Graduate,2026-06-09,Full-time,No
JOB_01109,Quality Analyst,ABB India,Telecommunications,Satara,0-2 years,50975,JIRA; Bug Tracking; Selenium; Agile,12th Pass,2026-08-25,Full-time,Hybrid
JOB_01110,Electrician,Cognizant,Automotive,Jalna,Fresher,22431,Safety Standards; Circuit Design; Equipment Maintenance,Diploma,2026-06-09,Internship,Yes
JOB_01111,Sales Executive,Narayana Health,Telecommunications,Bhiwandi,2-5 years,63949,Lead Generation; Negotiation; Communication; Customer Relationship; CRM,12th Pass,2026-08-07,Part-time,Hybrid
JOB_01112,Teacher,TCS,Media & Entertainment,Osmanabad,0-2 years,40848,Lesson Planning; Assessment; Curriculum Development; Communication; Classroom Management,Diploma,2026-07-15,Part-time,Hybrid
JOB_01113,Machine Operator,Infosys,IT Services,Amravati,Fresher,21085,Quality Control; CNC Operation; Safety Standards,Graduate,2026-06-09,Full-time,No
JOB_01114,HR Coordinator,Larsen & Toubro,Construction,Ahmednagar,Fresher,21830,Recruitment; Payroll; Communication; HRMS; Employee Relations; Compliance,12th Pass,2026-07-28,Internship,Hybrid
JOB_01115,Welder,Paytm,IT Services,Pune,8+ years,448301,TIG Welding; Blueprint Reading; Arc Welding; MIG Welding,10th Pass,2026-07-17,Full-time,No
JOB_01116,Retail Associate,Larsen & Toubro,Construction,Satara,8+ years,245523,Customer Service; Cash Handling; Communication; Sales,Diploma,2026-07-06,Full-time,Yes
JOB_01117,Cybersecurity Analyst,Fortis Healthcare,Pharmaceuticals,Chandrapur,Fresher,25151,Penetration Testing; Risk Assessment; Firewall; Network Security; Compliance,12th Pass,2026-06-26,Part-time,Hybrid
JOB_01118,Accountant,IBM,Automotive,Mumbai,Fresher,31451,Taxation; Accounting; Tally,12th Pass,2026-08-12,Contract,Hybrid
JOB_01119,Fitter,HCL,Education,Bhiwandi,5-8 years,142662,Mechanical Fitting; Assembly; Maintenance; Blueprint Reading; Precision Tools,Diploma,2026-08-30,Contract,No
JOB_01120,Cloud Engineer,HDFC Bank,Logistics,Nagpur,0-2 years,44810,Docker; AWS; Terraform; Azure; Linux; Networking,Post Graduate,2026-08-12,Contract,Hybrid
JOB_01121,Fitter,Unacademy,FMCG,Kolhapur,5-8 years,247526,Mechanical Fitting; Maintenance; Assembly; Precision Tools; Blueprint Reading,12th Pass,2026-09-01,Internship,No
JOB_01122,Nurse,Razorpay,Media & Entertainment,Mumbai,5-8 years,173112,Medication Administration; Patient Care; Medical Procedures; Emergency Care; Vital Signs,10th Pass,2026-07-11,Internship,Yes
JOB_01123,Digital Marketing Executive,Larsen & Toubro,Logistics,Sangli,Fresher,17830,Content Marketing; SEM; Email Marketing; SEO; Google Analytics; Social Media Marketing,Post Graduate,2026-06-23,Part-time,No
JOB_01124,Technician,Mahindra & Mahindra,Logistics,Latur,8+ years,493426,Troubleshooting; Mechanical Systems; Equipment Maintenance,Post Graduate,2026-08-30,Part-time,Yes
JOB_01125,Full Stack Developer,Narayana Health,IT Services,Raigad,0-2 years,59768,JavaScript; SQL; REST API; HTML/CSS; Node.js,Diploma,2026-09-03,Part-time,No
JOB_01126,Training Coordinator,ICICI Bank,Healthcare,Parbhani,0-2 years,36299,Assessment; LMS; Curriculum Design; Training Delivery; Communication,10th Pass,2026-07-17,Full-time,Yes
JOB_01127,Technician,Amazon,Energy,Jalna,0-2 years,35795,Mechanical Systems; Equipment Maintenance; Electrical Systems,12th Pass,2026-08-04,Contract,Yes
JOB_01128,Medical Lab Technician,HCL,FMCG,Ahmednagar,2-5 years,75245,Lab Testing; Equipment Operation; Sample Collection; Safety,Diploma,2026-06-11,Internship,No
JOB_01129,Welder,IBM,Logistics,Raigad,0-2 years,59161,Blueprint Reading; Safety Standards; TIG Welding; Arc Welding; MIG Welding,12th Pass,2026-07-30,Full-time,No
JOB_01130,Welder,Tech Mahindra,Telecommunications,Ahmednagar,Fresher,24089,MIG Welding; Arc Welding; Blueprint Reading,Diploma,2026-07-16,Internship,Hybrid
JOB_01131,Nurse,Siemens,Media & Entertainment,Jalgaon,2-5 years,111515,Vital Signs; Emergency Care; Medical Procedures; Patient Care,Graduate,2026-07-23,Internship,No
JOB_01132,Electrician,Tech Mahindra,Education,Satara,8+ years,369955,Safety Standards; Equipment Maintenance; Circuit Design; Electrical Wiring; Troubleshooting,10th Pass,2026-08-05,Part-time,No
JOB_01133,Full Stack Developer,Razorpay,Construction,Akola,0-2 years,34127,SQL; Node.js; REST API; MongoDB; React; Git,Diploma,2026-06-08,Part-time,Hybrid
JOB_01134,Technician,Siemens,Healthcare,Osmanabad,2-5 years,82378,Safety; Troubleshooting; Equipment Maintenance; Mechanical Systems,10th Pass,2026-08-09,Contract,Yes
JOB_01135,Teacher,Bajaj Finserv,Retail,Latur,5-8 years,138362,Communication; Assessment; Curriculum Development; Classroom Management,10th Pass,2026-08-03,Full-time,No
JOB_01136,Cloud Engineer,Narayana Health,IT Services,Bhiwandi,5-8 years,229775,Docker; Networking; GCP,10th Pass,2026-07-08,Contract,Hybrid
JOB_01137,Fitter,Tata Motors,IT Services,Amravati,5-8 years,201419,Assembly; Mechanical Fitting; Blueprint Reading; Precision Tools,Graduate,2026-07-26,Part-time,Yes
JOB_01138,Cloud Engineer,Wipro,Energy,Pune,2-5 years,85181,Kubernetes; AWS; Terraform,Graduate,2026-08-19,Internship,Yes
JOB_01139,Data Analyst,TCS,Banking & Finance,Pune,8+ years,315572,Tableau; Excel; Power BI; SQL; NumPy,10th Pass,2026-06-17,Contract,Hybrid
JOB_01140,Customer Support Specialist,Infosys,Telecommunications,Aurangabad,0-2 years,26142,CRM; Problem Solving; Communication; Zendesk; Customer Service,Graduate,2026-08-15,Contract,No
JOB_01141,Cloud Engineer,Max Healthcare,Healthcare,Kolhapur,Fresher,22220,Terraform; Kubernetes; Azure; Linux,Graduate,2026-07-31,Full-time,Yes
JOB_01142,Technician,Fortis Healthcare,Logistics,Ahmednagar,2-5 years,103547,Troubleshooting; Equipment Maintenance; Mechanical Systems,12th Pass,2026-07-10,Part-time,Hybrid
JOB_01143,Teacher,Fortis Healthcare,IT Services,Satara,5-8 years,237346,Communication; Classroom Management; Curriculum Development; Assessment; Lesson Planning,Diploma,2026-07-23,Full-time,No
JOB_01144,Quality Analyst,Unacademy,Automotive,Dhule,8+ years,288280,Manual Testing; Selenium; Testing; SQL,Post Graduate,2026-07-15,Part-time,No
JOB_01145,Customer Support Specialist,Bajaj Finserv,Pharmaceuticals,Sangli,5-8 years,106363,Problem Solving; Zendesk; CRM; Customer Service,10th Pass,2026-06-09,Part-time,Hybrid
JOB_01146,Retail Associate,Infosys,Retail,Chandrapur,Fresher,29296,Inventory Management; Communication; Sales; Customer Service; Cash Handling,12th Pass,2026-07-09,Full-time,No
JOB_01147,Machine Learning Engineer,Tata Motors,Manufacturing,Kolhapur,2-5 years,117786,Scikit-learn; TensorFlow; Deep Learning; SQL; PyTorch,10th Pass,2026-06-20,Part-time,Yes
JOB_01148,Content Writer,Axis Bank,Banking & Finance,Pune,2-5 years,60388,Content Writing; Editing; WordPress; SEO,Diploma,2026-06-29,Internship,Yes
JOB_01149,Full Stack Developer,Tata Motors,Energy,Ahmednagar,0-2 years,59112,MongoDB; REST API; Node.js; React,Post Graduate,2026-08-27,Full-time,Hybrid
JOB_01150,Data Analyst,Reliance Jio,Education,Beed,8+ years,240395,Pandas; SQL; NumPy; Python; Statistics; Excel,Graduate,2026-08-27,Contract,Yes
JOB_01151,Electrician,Apollo Hospitals,Pharmaceuticals,Chandrapur,Fresher,15286,Circuit Design; Equipment Maintenance; Electrical Wiring,Post Graduate,2026-07-25,Contract,Hybrid
JOB_01152,Medical Lab Technician,PhonePe,Media & Entertainment,Jalna,Fresher,16584,Quality Control; Sample Collection; Lab Testing,Post Graduate,2026-07-06,Part-time,Yes
JOB_01153,Pharmacy Assistant,Tata Motors,Logistics,Latur,8+ years,330136,Pharmacy Software; Medication Dispensing; Inventory Management,10th Pass,2026-08-15,Full-time,Yes
JOB_01154,Content Writer,Godrej Industries,Logistics,Mumbai,0-2 years,51555,WordPress; Research; Editing; Copywriting; SEO; Content Writing,10th Pass,2026-08-03,Internship,Yes
JOB_01155,Quality Analyst,Wipro,Healthcare,Aurangabad,5-8 years,130287,Bug Tracking; Manual Testing; Agile,12th Pass,2026-06-19,Internship,No
JOB_01156,Full Stack Developer,Siemens,Logistics,Mumbai,2-5 years,108974,JavaScript; React; MongoDB; Git,Post Graduate,2026-06-21,Contract,No
JOB_01157,Cybersecurity Analyst,Axis Bank,Media & Entertainment,Mumbai,0-2 years,38414,SIEM; Firewall; Risk Assessment; Penetration Testing; Compliance; Network Security,Post Graduate,2026-07-07,Internship,Yes
JOB_01158,Cybersecurity Analyst,Cognizant,Education,Beed,0-2 years,30119,Network Security; SIEM; Firewall; Penetration Testing; Risk Assessment,Diploma,2026-06-20,Contract,Hybrid
JOB_01159,Electrician,Zerodha,Banking & Finance,Pune,5-8 years,102898,Safety Standards; Circuit Design; Troubleshooting; Electrical Wiring,Post Graduate,2026-08-23,Contract,Yes
JOB_01160,Software Developer,Razorpay,Manufacturing,Amravati,8+ years,441325,Microservices; SQL; JavaScript,10th Pass,2026-07-22,Contract,No
JOB_01161,Customer Support Specialist,Capgemini,Media & Entertainment,Jalna,Fresher,32956,Zendesk; Customer Service; CRM; Communication,10th Pass,2026-06-24,Full-time,Yes
JOB_01162,Training Coordinator,Unacademy,Pharmaceuticals,Akola,5-8 years,200634,Communication; Curriculum Design; Training Delivery; LMS; Assessment,12th Pass,2026-07-31,Part-time,Yes
JOB_01163,Data Analyst,IBM,Healthcare,Mumbai,2-5 years,50074,Power BI; NumPy; SQL; Pandas; Excel; Python,Post Graduate,2026-08-27,Full-time,No
JOB_01164,Warehouse Supervisor,Axis Bank,Logistics,Nagpur,5-8 years,220483,Safety Standards; Inventory Management; WMS,10th Pass,2026-07-23,Contract,No
JOB_01165,Project Coordinator,ABB India,Construction,Nanded,2-5 years,79648,Coordination; Communication; Documentation; MS Office; Project Management,12th Pass,2026-09-02,Internship,No
JOB_01166,Sales Executive,Paytm,Pharmaceuticals,Jalgaon,8+ years,277579,CRM; Communication; Negotiation; Customer Relationship,Post Graduate,2026-06-25,Part-time,Yes
JOB_01167,HR Coordinator,PhonePe,Manufacturing,Nashik,0-2 years,30316,Compliance; Employee Relations; Payroll; Communication; HRMS; Recruitment,Post Graduate,2026-08-04,Internship,Hybrid
JOB_01168,Digital Marketing Executive,Byju's,Retail,Pune,2-5 years,65496,SEM; Social Media Marketing; Content Marketing; SEO; Email Marketing; Google Analytics,Post Graduate,2026-07-27,Internship,No
JOB_01169,Training Coordinator,ICICI Bank,Retail,Nanded,5-8 years,188109,Curriculum Design; Communication; Training Delivery; Assessment,10th Pass,2026-08-15,Contract,Hybrid
JOB_01170,Content Writer,Accenture,Banking & Finance,Nashik,Fresher,31143,SEO; Editing; Research,Post Graduate,2026-08-24,Full-time,Yes
JOB_01171,Supply Chain Analyst,IBM,Education,Pune,0-2 years,45300,Forecasting; Logistics; Excel; Inventory Management; Data Analysis,Graduate,2026-07-24,Full-time,Hybrid
JOB_01172,Digital Marketing Executive,TCS,Energy,Satara,Fresher,23759,SEM; Social Media Marketing; Content Marketing; SEO,Diploma,2026-06-21,Full-time,Hybrid
JOB_01173,Full Stack Developer,Vedantu,Automotive,Nagpur,0-2 years,57533,Node.js; HTML/CSS; Git; SQL; JavaScript,Post Graduate,2026-06-19,Contract,Yes
JOB_01174,Content Writer,Flipkart,Pharmaceuticals,Yavatmal,2-5 years,80818,Research; Copywriting; Editing; SEO; WordPress; Content Writing,Diploma,2026-07-27,Part-time,Yes
JOB_01175,HR Coordinator,Amazon,IT Services,Osmanabad,0-2 years,34678,Recruitment; Payroll; Compliance,12th Pass,2026-08-22,Part-time,Yes
JOB_01176,Warehouse Supervisor,ABB India,Pharmaceuticals,Jalgaon,Fresher,29265,WMS; Team Leadership; Logistics; Safety Standards,Graduate,2026-07-14,Contract,Hybrid
JOB_01177,Business Analyst,Wipro,Manufacturing,Beed,5-8 years,112822,Process Mapping; Excel; Power BI; SQL,Diploma,2026-08-31,Internship,Yes
JOB_01178,Medical Lab Technician,Narayana Health,FMCG,Chandrapur,5-8 years,182519,Equipment Operation; Quality Control; Lab Testing; Sample Collection; Safety,Post Graduate,2026-06-24,Full-time,Yes
JOB_01179,Project Coordinator,Accenture,Logistics,Ahmednagar,2-5 years,86419,Communication; Project Management; Agile; Coordination; MS Office,Post Graduate,2026-08-10,Internship,Yes
JOB_01180,Logistics Coordinator,Apollo Hospitals,Pharmaceuticals,Beed,Fresher,18427,Coordination; Communication; Documentation; Transportation Management,10th Pass,2026-07-05,Part-time,Yes
JOB_01181,DevOps Engineer,PhonePe,Education,Yavatmal,2-5 years,88036,AWS; Ansible; Python; Jenkins; Linux; Kubernetes,12th Pass,2026-06-28,Full-time,No
JOB_01182,Sales Executive,Tech Mahindra,Logistics,Ahmednagar,Fresher,29721,Lead Generation; Negotiation; Customer Relationship; CRM,Diploma,2026-08-02,Full-time,Yes
JOB_01183,Technician,Narayana Health,Education,Sangli,8+ years,316287,Safety; Troubleshooting; Equipment Maintenance,Post Graduate,2026-07-09,Internship,Yes
JOB_01184,Accountant,Tata Motors,Telecommunications,Nagpur,Fresher,32501,Tally; Taxation; GST; QuickBooks; Excel; Accounting,10th Pass,2026-06-12,Contract,Yes
JOB_01185,Pharmacy Assistant,ABB India,E-commerce,Dhule,0-2 years,30221,Medication Dispensing; Inventory Management; Customer Service,Post Graduate,2026-07-24,Internship,Yes
JOB_01186,Cloud Engineer,Mahindra & Mahindra,E-commerce,Raigad,0-2 years,35741,Kubernetes; Docker; Azure; Networking; Linux,Graduate,2026-07-20,Contract,No
JOB_01187,Electrician,Tech Mahindra,Banking & Finance,Beed,8+ years,234593,Electrical Wiring; Equipment Maintenance; Troubleshooting,Post Graduate,2026-08-01,Full-time,No
JOB_01188,Sales Executive,Vedantu,Telecommunications,Jalna,Fresher,26673,Lead Generation; Communication; CRM,Diploma,2026-08-24,Part-time,No
JOB_01189,Nurse,Mahindra & Mahindra,Pharmaceuticals,Bhiwandi,0-2 years,35635,Emergency Care; Patient Care; Vital Signs,Diploma,2026-08-17,Part-time,Hybrid
JOB_01190,Medical Lab Technician,Zerodha,Media & Entertainment,Amravati,8+ years,254300,Equipment Operation; Lab Testing; Sample Collection; Safety; Quality Control,12th Pass,2026-07-01,Part-time,Yes
JOB_01191,Business Analyst,Zerodha,FMCG,Beed,8+ years,492268,Agile; Excel; Process Mapping,12th Pass,2026-07-08,Contract,Hybrid
JOB_01192,Customer Support Specialist,Wipro,Logistics,Pune,0-2 years,49414,Communication; CRM; Customer Service,Diploma,2026-06-13,Internship,Hybrid
JOB_01193,Medical Lab Technician,Vedantu,Banking & Finance,Akola,Fresher,19448,Lab Testing; Safety; Equipment Operation,12th Pass,2026-07-06,Contract,Yes
JOB_01194,Welder,Siemens,Healthcare,Beed,Fresher,18492,Blueprint Reading; Safety Standards; MIG Welding; Arc Welding,Diploma,2026-08-28,Part-time,Hybrid
JOB_01195,Machine Learning Engineer,Tata Motors,Manufacturing,Aurangabad,5-8 years,178596,Python; SQL; PyTorch; NLP; TensorFlow; Deep Learning,Graduate,2026-07-14,Full-time,No
JOB_01196,Sales Executive,Accenture,Energy,Osmanabad,0-2 years,32430,Customer Relationship; CRM; Negotiation,Diploma,2026-08-23,Contract,No
JOB_01197,Teacher,ICICI Bank,Automotive,Solapur,Fresher,25206,Classroom Management; Lesson Planning; Curriculum Development,10th Pass,2026-06-26,Full-time,Hybrid
JOB_01198,Electrician,Crompton Greaves,Media & Entertainment,Osmanabad,8+ years,420290,Safety Standards; Electrical Wiring; Circuit Design; Troubleshooting; Equipment Maintenance,Diploma,2026-08-24,Contract,Hybrid
JOB_01199,Data Analyst,Cognizant,Automotive,Nagpur,0-2 years,55751,SQL; Power BI; Python,12th Pass,2026-07-20,Full-time,No
JOB_01200,UI/UX Designer,Bajaj Finserv,Banking & Finance,Bhiwandi,8+ years,208831,Adobe XD; HTML/CSS; User Research; Figma; Sketch,Post Graduate,2026-07-06,Part-time,Yes
JOB_01201,Warehouse Supervisor,Max Healthcare,IT Services,Kolhapur,8+ years,487081,WMS; Logistics; Safety Standards; Inventory Management; Team Leadership,Graduate,2026-08-05,Internship,Yes
JOB_01202,Welder,Razorpay,Education,Amravati,5-8 years,175409,MIG Welding; Safety Standards; TIG Welding; Blueprint Reading,Post Graduate,2026-08-01,Full-time,Hybrid
JOB_01203,Accountant,Paytm,IT Services,Beed,2-5 years,83152,Accounting; Taxation; Excel,Post Graduate,2026-06-08,Part-time,Hybrid
JOB_01204,Fitter,Bajaj Finserv,E-commerce,Yavatmal,Fresher,27934,Mechanical Fitting; Blueprint Reading; Maintenance; Precision Tools; Assembly,Post Graduate,2026-08-18,Contract,Yes
JOB_01205,Fitter,ICICI Bank,Pharmaceuticals,Beed,Fresher,26185,Mechanical Fitting; Assembly; Maintenance,12th Pass,2026-08-09,Part-time,Yes
JOB_01206,Warehouse Supervisor,Siemens,Retail,Latur,Fresher,19781,WMS; Logistics; Team Leadership; Inventory Management,12th Pass,2026-08-09,Contract,Yes
JOB_01207,Pharmacy Assistant,Paytm,Education,Parbhani,0-2 years,55381,Medication Dispensing; Customer Service; Pharmacy Software; Inventory Management,Graduate,2026-08-15,Full-time,Hybrid
JOB_01208,HR Coordinator,ICICI Bank,Retail,Jalgaon,8+ years,346448,Communication; HRMS; Compliance,12th Pass,2026-08-13,Full-time,No
JOB_01209,Nurse,Vedantu,Manufacturing,Nagpur,8+ years,449998,Medical Procedures; Vital Signs; Patient Care; Emergency Care,Diploma,2026-07-17,Part-time,No
JOB_01210,Cybersecurity Analyst,Infosys,FMCG,Aurangabad,5-8 years,244637,Compliance; Firewall; Risk Assessment; Network Security,Post Graduate,2026-07-01,Full-time,No
JOB_01211,Warehouse Supervisor,Mahindra & Mahindra,Pharmaceuticals,Jalna,2-5 years,102915,Logistics; WMS; Safety Standards,Graduate,2026-09-02,Full-time,Yes
JOB_01212,Teacher,Bajaj Finserv,FMCG,Sangli,2-5 years,69542,Curriculum Development; Classroom Management; Communication; Assessment; Lesson Planning,Diploma,2026-09-02,Internship,Hybrid
JOB_01213,Sales Executive,HDFC Bank,E-commerce,Parbhani,Fresher,23910,Communication; Lead Generation; Negotiation,Post Graduate,2026-06-21,Internship,Hybrid
JOB_01214,Medical Lab Technician,Larsen & Toubro,Banking & Finance,Nanded,8+ years,224014,Quality Control; Sample Collection; Lab Testing; Safety,Diploma,2026-07-23,Internship,Yes
JOB_01215,Electrician,Axis Bank,Retail,Parbhani,2-5 years,103835,Electrical Wiring; Equipment Maintenance; Troubleshooting; Safety Standards; Circuit Design,Post Graduate,2026-08-30,Internship,No
JOB_01216,Electrician,Unacademy,Pharmaceuticals,Nashik,Fresher,27152,Circuit Design; Equipment Maintenance; Electrical Wiring,Graduate,2026-08-23,Contract,Yes
JOB_01217,Training Coordinator,Capgemini,Education,Ahmednagar,8+ years,324103,LMS; Assessment; Training Delivery; Communication; Curriculum Design,Graduate,2026-06-18,Full-time,No
JOB_01218,Nurse,Bajaj Finserv,IT Services,Bhiwandi,8+ years,456664,Medication Administration; Medical Procedures; Emergency Care; Patient Care,12th Pass,2026-08-08,Contract,Yes
JOB_01219,Digital Marketing Executive,Axis Bank,Media & Entertainment,Nanded,8+ years,491654,SEO; Social Media Marketing; Google Analytics; SEM; Content Marketing,Post Graduate,2026-06-07,Full-time,Hybrid
JOB_01220,Cloud Engineer,Tata Motors,Healthcare,Mumbai,8+ years,294052,GCP; Azure; Linux; AWS,Post Graduate,2026-08-10,Part-time,Yes
JOB_01221,Full Stack Developer,Unacademy,Healthcare,Pune,5-8 years,196113,JavaScript; REST API; HTML/CSS; React,Diploma,2026-06-16,Internship,Yes
JOB_01222,Retail Associate,Zerodha,Retail,Solapur,Fresher,32466,Sales; Inventory Management; Customer Service,12th Pass,2026-08-13,Full-time,Yes
JOB_01223,Logistics Coordinator,Tech Mahindra,E-commerce,Amravati,0-2 years,42441,Transportation Management; Tracking Systems; Coordination; Communication,10th Pass,2026-06-30,Contract,No
JOB_01224,UI/UX Designer,ICICI Bank,Logistics,Bhiwandi,8+ years,312274,Adobe XD; User Research; Prototyping; Sketch; HTML/CSS; Wireframing,Post Graduate,2026-09-02,Internship,No
JOB_01225,Content Writer,Accenture,Energy,Chandrapur,8+ years,320448,WordPress; SEO; Content Writing,10th Pass,2026-06-07,Full-time,Hybrid
JOB_01226,Supply Chain Analyst,IBM,IT Services,Beed,5-8 years,113305,Data Analysis; SAP; Forecasting; Excel,10th Pass,2026-07-01,Full-time,Yes
JOB_01227,Electrician,ABB India,Telecommunications,Nagpur,8+ years,293485,Electrical Wiring; Safety Standards; Circuit Design; Troubleshooting; Equipment Maintenance,12th Pass,2026-08-30,Internship,Yes
JOB_01228,DevOps Engineer,Accenture,Telecommunications,Osmanabad,0-2 years,30253,Ansible; Jenkins; AWS; CI/CD,12th Pass,2026-07-25,Part-time,Hybrid
JOB_01229,Machine Learning Engineer,Wipro,FMCG,Mumbai,2-5 years,53977,NLP; Python; Deep Learning,Diploma,2026-08-25,Part-time,Hybrid
JOB_01230,Nurse,Accenture,Pharmaceuticals,Nagpur,8+ years,482607,Vital Signs; Patient Care; Medical Procedures,Diploma,2026-06-14,Full-time,Hybrid
JOB_01231,Warehouse Supervisor,Amazon,Manufacturing,Mumbai,8+ years,353164,Safety Standards; Inventory Management; Logistics; Team Leadership,Post Graduate,2026-08-02,Full-time,Hybrid
JOB_01232,Medical Lab Technician,Zerodha,Education,Satara,0-2 years,43938,Safety; Lab Testing; Quality Control; Equipment Operation,10th Pass,2026-07-02,Full-time,No
JOB_01233,Content Writer,PhonePe,Retail,Pune,5-8 years,199063,Content Writing; WordPress; Editing; Research; SEO; Copywriting,Diploma,2026-07-22,Full-time,No
JOB_01234,Warehouse Supervisor,Razorpay,E-commerce,Sangli,8+ years,278262,Safety Standards; Inventory Management; WMS; Team Leadership,10th Pass,2026-08-01,Part-time,No
JOB_01235,Customer Support Specialist,Crompton Greaves,Energy,Latur,Fresher,16372,Customer Service; Zendesk; CRM,Graduate,2026-06-26,Internship,Yes
JOB_01236,Accountant,Max Healthcare,Automotive,Kolhapur,0-2 years,28978,Taxation; GST; Tally; Excel; QuickBooks; Financial Reporting,Graduate,2026-08-01,Full-time,No
JOB_01237,Machine Learning Engineer,Razorpay,Pharmaceuticals,Nashik,8+ years,293032,PyTorch; Deep Learning; NLP,12th Pass,2026-06-26,Internship,Yes
JOB_01238,Quality Analyst,HDFC Bank,Telecommunications,Dhule,0-2 years,35148,SQL; Manual Testing; Selenium,Graduate,2026-06-10,Part-time,Hybrid
JOB_01239,Content Writer,Godrej Industries,Pharmaceuticals,Yavatmal,8+ years,356021,Editing; WordPress; Copywriting; SEO,Graduate,2026-08-15,Part-time,No
JOB_01240,Logistics Coordinator,Razorpay,Retail,Latur,0-2 years,30384,Transportation Management; Communication; Documentation,Graduate,2026-07-07,Internship,No
JOB_01241,Project Coordinator,Larsen & Toubro,FMCG,Solapur,5-8 years,196743,Documentation; Project Management; Communication; MS Office; Coordination,10th Pass,2026-07-23,Part-time,No
JOB_01242,Business Analyst,Accenture,Logistics,Yavatmal,Fresher,22401,Power BI; Process Mapping; JIRA; Requirements Gathering; Agile; SQL,Diploma,2026-08-22,Part-time,Hybrid
JOB_01243,Retail Associate,Reliance Jio,Energy,Jalna,8+ years,378220,Inventory Management; Sales; Cash Handling; Customer Service,Diploma,2026-08-31,Full-time,No
JOB_01244,Cybersecurity Analyst,ICICI Bank,FMCG,Amravati,0-2 years,33007,Penetration Testing; Risk Assessment; SIEM; Firewall; Compliance,Post Graduate,2026-07-16,Part-time,Yes
JOB_01245,Digital Marketing Executive,Vedantu,Telecommunications,Osmanabad,Fresher,34441,Email Marketing; SEO; Content Marketing; Google Analytics; Social Media Marketing; SEM,Post Graduate,2026-08-24,Internship,Yes
JOB_01246,DevOps Engineer,Siemens,Healthcare,Beed,5-8 years,120143,Linux; Ansible; Jenkins,10th Pass,2026-08-25,Internship,No
JOB_01247,Content Writer,PhonePe,Energy,Chandrapur,Fresher,15870,Editing; WordPress; Content Writing; Research; Copywriting; SEO,10th Pass,2026-09-01,Full-time,No
JOB_01248,Logistics Coordinator,IBM,Energy,Nashik,5-8 years,223803,Coordination; Transportation Management; Tracking Systems; Documentation; Communication,12th Pass,2026-06-15,Contract,Hybrid
JOB_01249,Full Stack Developer,Max Healthcare,Media & Entertainment,Nashik,8+ years,381294,MongoDB; REST API; Node.js,Graduate,2026-08-18,Full-time,No
JOB_01250,Welder,Razorpay,Construction,Nashik,Fresher,22580,TIG Welding; Arc Welding; Blueprint Reading; MIG Welding; Safety Standards,10th Pass,2026-07-16,Internship,No
JOB_01251,Medical Lab Technician,IBM,FMCG,Nanded,Fresher,22064,Sample Collection; Safety; Equipment Operation; Lab Testing,10th Pass,2026-06-19,Part-time,Yes
JOB_01252,Cybersecurity Analyst,ABB India,Manufacturing,Sangli,5-8 years,236231,Network Security; Compliance; SIEM; Risk Assessment; Penetration Testing; Firewall,12th Pass,2026-06-28,Full-time,No
JOB_01253,Machine Operator,Bajaj Finserv,Logistics,Akola,Fresher,32017,Safety Standards; Production Planning; Quality Control; CNC Operation,Graduate,2026-06-08,Full-time,Hybrid
JOB_01254,DevOps Engineer,Wipro,Healthcare,Mumbai,5-8 years,204288,AWS; Kubernetes; Ansible,Graduate,2026-06-19,Full-time,No
JOB_01255,DevOps Engineer,Siemens,Pharmaceuticals,Nagpur,5-8 years,189268,Docker; Ansible; Linux; Kubernetes,Graduate,2026-07-21,Internship,Hybrid
JOB_01256,Electrician,Cognizant,Logistics,Ahmednagar,0-2 years,59373,Troubleshooting; Equipment Maintenance; Safety Standards; Electrical Wiring; Circuit Design,Diploma,2026-08-02,Full-time,Yes
JOB_01257,Cybersecurity Analyst,TCS,FMCG,Bhiwandi,2-5 years,103406,Penetration Testing; SIEM; Risk Assessment; Network Security; Compliance; Firewall,Post Graduate,2026-08-30,Part-time,Hybrid
JOB_01258,Customer Support Specialist,Capgemini,IT Services,Raigad,8+ years,209465,CRM; Zendesk; Customer Service,Graduate,2026-06-19,Contract,Hybrid
JOB_01259,Fitter,Godrej Industries,Automotive,Jalgaon,Fresher,34100,Mechanical Fitting; Assembly; Blueprint Reading,12th Pass,2026-08-14,Internship,Hybrid
JOB_01260,Fitter,Godrej Industries,Energy,Yavatmal,5-8 years,240316,Maintenance; Assembly; Mechanical Fitting; Blueprint Reading; Precision Tools,10th Pass,2026-07-20,Internship,Hybrid
JOB_01261,Project Coordinator,Amazon,Manufacturing,Kolhapur,8+ years,498572,Documentation; Project Management; Agile,Post Graduate,2026-06-17,Part-time,Yes
JOB_01262,Cloud Engineer,Godrej Industries,FMCG,Kolhapur,0-2 years,28589,Networking; Docker; Kubernetes; Linux,10th Pass,2026-07-14,Full-time,Hybrid
JOB_01263,Supply Chain Analyst,Capgemini,Logistics,Dhule,0-2 years,39949,Excel; Inventory Management; SAP; Logistics; Forecasting; Data Analysis,10th Pass,2026-06-30,Part-time,No
JOB_01264,Technician,Bajaj Finserv,Media & Entertainment,Latur,8+ years,413632,Troubleshooting; Equipment Maintenance; Safety; Mechanical Systems; Electrical Systems,Graduate,2026-06-12,Part-time,Hybrid
JOB_01265,Fitter,ABB India,IT Services,Ahmednagar,8+ years,427617,Blueprint Reading; Assembly; Precision Tools; Maintenance; Mechanical Fitting,Diploma,2026-06-12,Full-time,Hybrid
JOB_01266,Content Writer,Larsen & Toubro,Retail,Dhule,8+ years,423322,SEO; Content Writing; Research,Post Graduate,2026-08-23,Part-time,Hybrid
JOB_01267,Sales Executive,Capgemini,Education,Akola,8+ years,278093,Communication; Lead Generation; Customer Relationship,10th Pass,2026-08-05,Contract,Hybrid
JOB_01268,Machine Learning Engineer,Flipkart,Logistics,Mumbai,Fresher,34673,Python; NLP; SQL; Scikit-learn,12th Pass,2026-07-16,Full-time,Yes
JOB_01269,Cloud Engineer,HDFC Bank,Banking & Finance,Jalna,5-8 years,187776,Docker; Networking; Kubernetes,Graduate,2026-09-01,Full-time,No
JOB_01270,Quality Analyst,Tata Motors,Banking & Finance,Satara,Fresher,29848,Agile; Bug Tracking; Testing; Manual Testing; JIRA,Post Graduate,2026-07-14,Part-time,Hybrid
JOB_01271,Project Coordinator,Max Healthcare,Construction,Beed,5-8 years,173347,Project Management; Documentation; Communication; Coordination,Graduate,2026-08-01,Internship,No
JOB_01272,HR Coordinator,Narayana Health,E-commerce,Jalgaon,8+ years,411403,Compliance; Employee Relations; HRMS,Post Graduate,2026-07-14,Part-time,No
JOB_01273,Software Developer,Paytm,Pharmaceuticals,Nagpur,8+ years,211919,REST API; Python; Java; Git; Microservices; Agile,10th Pass,2026-07-16,Contract,Yes
JOB_01274,Business Analyst,Vedantu,Healthcare,Amravati,0-2 years,36222,Excel; Power BI; Agile,Diploma,2026-08-10,Internship,Yes
JOB_01275,HR Coordinator,Vedantu,IT Services,Nagpur,8+ years,285659,HRMS; Recruitment; Payroll; Communication,12th Pass,2026-09-04,Full-time,Yes
JOB_01276,Logistics Coordinator,PhonePe,Construction,Kolhapur,5-8 years,198561,Documentation; Tracking Systems; Coordination; Communication,Post Graduate,2026-08-20,Part-time,No
JOB_01277,Digital Marketing Executive,Crompton Greaves,Education,Jalgaon,8+ years,225053,Email Marketing; SEM; Google Analytics,12th Pass,2026-08-17,Contract,Hybrid
JOB_01278,Data Analyst,Tata Motors,Education,Ahmednagar,Fresher,23196,Power BI; NumPy; SQL,12th Pass,2026-08-22,Internship,Hybrid
JOB_01279,Cloud Engineer,Paytm,Construction,Chandrapur,0-2 years,31046,GCP; AWS; Networking; Azure,10th Pass,2026-07-04,Part-time,Yes
JOB_01280,Machine Operator,Razorpay,Media & Entertainment,Sangli,0-2 years,53700,Machine Maintenance; Quality Control; Safety Standards; Production Planning,12th Pass,2026-08-06,Part-time,Hybrid
JOB_01281,Cybersecurity Analyst,Reliance Jio,Telecommunications,Jalna,Fresher,15750,Firewall; Network Security; SIEM; Risk Assessment; Penetration Testing,10th Pass,2026-07-03,Internship,No
JOB_01282,Technician,Zerodha,Pharmaceuticals,Chandrapur,Fresher,28273,Mechanical Systems; Safety; Equipment Maintenance,Post Graduate,2026-06-30,Full-time,No
JOB_01283,Logistics Coordinator,Amazon,Banking & Finance,Dhule,Fresher,20217,Documentation; Coordination; Transportation Management; Tracking Systems; Communication,12th Pass,2026-08-24,Contract,Yes
JOB_01284,Logistics Coordinator,Unacademy,Media & Entertainment,Bhiwandi,2-5 years,69705,Communication; Tracking Systems; Coordination,10th Pass,2026-08-26,Part-time,Yes
JOB_01285,Fitter,Narayana Health,Logistics,Akola,0-2 years,26059,Mechanical Fitting; Precision Tools; Maintenance; Blueprint Reading; Assembly,Post Graduate,2026-08-15,Full-time,No
JOB_01286,Nurse,Axis Bank,Construction,Satara,Fresher,24769,Vital Signs; Medication Administration; Emergency Care; Medical Procedures; Patient Care,Diploma,2026-06-19,Full-time,Hybrid
JOB_01287,Digital Marketing Executive,Unacademy,Construction,Latur,2-5 years,102645,SEO; Social Media Marketing; Email Marketing; SEM; Content Marketing; Google Analytics,12th Pass,2026-07-09,Internship,Yes
JOB_01288,Electrician,Unacademy,Education,Mumbai,0-2 years,57433,Electrical Wiring; Equipment Maintenance; Safety Standards; Circuit Design,10th Pass,2026-06-18,Internship,No
JOB_01289,Electrician,Byju's,Telecommunications,Satara,0-2 years,57368,Circuit Design; Equipment Maintenance; Troubleshooting; Electrical Wiring,10th Pass,2026-08-31,Contract,Hybrid
JOB_01290,Quality Analyst,Reliance Jio,Construction,Dhule,Fresher,26808,Manual Testing; Testing; JIRA; Agile,12th Pass,2026-07-17,Contract,Hybrid
JOB_01291,HR Coordinator,Infosys,Construction,Pune,8+ years,379637,HRMS; Communication; Compliance,Diploma,2026-07-19,Contract,Yes
JOB_01292,Training Coordinator,Vedantu,Automotive,Dhule,8+ years,297354,Curriculum Design; LMS; Assessment; Communication,Post Graduate,2026-06-15,Part-time,Hybrid
JOB_01293,Electrician,Narayana Health,Energy,Sangli,8+ years,412284,Circuit Design; Electrical Wiring; Equipment Maintenance,Diploma,2026-08-14,Full-time,Hybrid
JOB_01294,Technician,ABB India,Pharmaceuticals,Solapur,2-5 years,72525,Troubleshooting; Electrical Systems; Safety; Equipment Maintenance,10th Pass,2026-07-15,Part-time,Hybrid
JOB_01295,Cybersecurity Analyst,Apollo Hospitals,Banking & Finance,Jalna,2-5 years,97946,Risk Assessment; Network Security; Firewall; Penetration Testing,12th Pass,2026-09-01,Contract,No
JOB_01296,Project Coordinator,Infosys,Automotive,Akola,8+ years,301795,MS Office; Documentation; Coordination; Project Management; Agile,10th Pass,2026-07-27,Full-time,Hybrid
JOB_01297,Teacher,Tech Mahindra,Media & Entertainment,Nanded,8+ years,224583,Assessment; Curriculum Development; Lesson Planning,10th Pass,2026-08-10,Contract,Hybrid
JOB_01298,Cybersecurity Analyst,Accenture,Energy,Pune,2-5 years,88489,Penetration Testing; Firewall; SIEM; Network Security; Compliance,Graduate,2026-07-08,Contract,No
JOB_01299,Business Analyst,Reliance Jio,Manufacturing,Amravati,Fresher,22803,JIRA; Process Mapping; Agile; SQL,12th Pass,2026-07-12,Contract,Yes
JOB_01300,Software Developer,Amazon,Pharmaceuticals,Sangli,8+ years,218450,Git; REST API; Python,Post Graduate,2026-07-21,Internship,No
JOB_01301,Welder,Razorpay,Logistics,Nashik,8+ years,389260,Arc Welding; MIG Welding; Safety Standards; Blueprint Reading; TIG Welding,Post Graduate,2026-08-19,Contract,No
JOB_01302,UI/UX Designer,Byju's,Retail,Akola,0-2 years,52231,Sketch; User Research; Wireframing,10th Pass,2026-07-09,Internship,No
JOB_01303,Full Stack Developer,Paytm,Pharmaceuticals,Aurangabad,0-2 years,52653,HTML/CSS; REST API; Git; Node.js; SQL,Diploma,2026-07-20,Contract,Yes
JOB_01304,Quality Analyst,Capgemini,Banking & Finance,Jalgaon,0-2 years,35219,Manual Testing; Testing; Selenium; Agile; SQL; JIRA,Diploma,2026-07-27,Part-time,Hybrid
JOB_01305,Machine Operator,Bajaj Finserv,E-commerce,Nagpur,0-2 years,25365,CNC Operation; Quality Control; Machine Maintenance; Production Planning; Safety Standards,Diploma,2026-07-25,Internship,Yes
JOB_01306,Quality Analyst,Byju's,Telecommunications,Beed,0-2 years,43636,Agile; Testing; Manual Testing; Bug Tracking,10th Pass,2026-06-30,Internship,No
JOB_01307,Fitter,Paytm,E-commerce,Osmanabad,8+ years,353442,Blueprint Reading; Assembly; Maintenance; Precision Tools,12th Pass,2026-06-14,Part-time,Hybrid
JOB_01308,Software Developer,PhonePe,Pharmaceuticals,Latur,0-2 years,59460,Agile; JavaScript; Java; Python,Post Graduate,2026-08-08,Full-time,Hybrid
JOB_01309,DevOps Engineer,IBM,Healthcare,Nagpur,0-2 years,31068,Jenkins; Python; Kubernetes; CI/CD,12th Pass,2026-08-28,Full-time,Yes
JOB_01310,Quality Analyst,Mahindra & Mahindra,Logistics,Ahmednagar,0-2 years,47610,Selenium; Agile; Bug Tracking; SQL,10th Pass,2026-09-01,Part-time,No
JOB_01311,Content Writer,Accenture,Construction,Osmanabad,8+ years,336493,SEO; WordPress; Copywriting; Editing; Research; Content Writing,10th Pass,2026-07-20,Contract,No
JOB_01312,DevOps Engineer,Wipro,Manufacturing,Aurangabad,5-8 years,200247,Docker; CI/CD; Python; AWS,10th Pass,2026-06-12,Part-time,Hybrid
JOB_01313,Cloud Engineer,Reliance Jio,Pharmaceuticals,Pune,5-8 years,156378,Azure; Linux; Docker; Terraform; AWS; Kubernetes,12th Pass,2026-08-10,Part-time,Hybrid
JOB_01314,Machine Operator,Infosys,Manufacturing,Solapur,8+ years,497205,Machine Maintenance; Production Planning; Quality Control,Post Graduate,2026-06-18,Internship,Yes
JOB_01315,Project Coordinator,Byju's,FMCG,Raigad,Fresher,22742,Agile; Coordination; Project Management; Documentation; Communication,10th Pass,2026-06-26,Part-time,Yes
JOB_01316,Teacher,Apollo Hospitals,Pharmaceuticals,Akola,0-2 years,45189,Curriculum Development; Classroom Management; Assessment,12th Pass,2026-08-01,Full-time,No
JOB_01317,Warehouse Supervisor,Paytm,Healthcare,Raigad,5-8 years,105127,Safety Standards; Logistics; Inventory Management,Diploma,2026-06-23,Contract,No
JOB_01318,Fitter,Capgemini,E-commerce,Satara,5-8 years,249695,Maintenance; Assembly; Mechanical Fitting; Precision Tools,12th Pass,2026-08-13,Full-time,Yes
JOB_01319,Data Analyst,Vedantu,FMCG,Kolhapur,2-5 years,118019,SQL; NumPy; Power BI; Excel; Pandas; Tableau,Post Graduate,2026-08-04,Part-time,Yes
JOB_01320,Nurse,Apollo Hospitals,Retail,Aurangabad,Fresher,23693,Patient Care; Medical Procedures; Emergency Care; Medication Administration; Vital Signs,12th Pass,2026-06-26,Internship,Hybrid
JOB_01321,Quality Analyst,Unacademy,Manufacturing,Nanded,8+ years,296813,Agile; JIRA; Manual Testing; Bug Tracking,10th Pass,2026-08-05,Internship,Yes
JOB_01322,Nurse,Infosys,Education,Amravati,Fresher,33765,Medical Procedures; Vital Signs; Medication Administration; Patient Care,Diploma,2026-06-23,Full-time,No
JOB_01323,Digital Marketing Executive,ICICI Bank,Energy,Solapur,2-5 years,95645,SEO; SEM; Content Marketing,Graduate,2026-06-12,Full-time,No
JOB_01324,Business Analyst,PhonePe,Healthcare,Sangli,5-8 years,208942,Requirements Gathering; Excel; SQL,Graduate,2026-07-06,Part-time,Hybrid
JOB_01325,Fitter,Capgemini,E-commerce,Nagpur,5-8 years,130293,Mechanical Fitting; Blueprint Reading; Precision Tools; Maintenance,Post Graduate,2026-08-09,Full-time,Hybrid
JOB_01326,Training Coordinator,Vedantu,FMCG,Ahmednagar,5-8 years,129546,Curriculum Design; Training Delivery; Assessment; Communication; LMS,12th Pass,2026-07-18,Full-time,Yes
JOB_01327,Training Coordinator,Capgemini,Automotive,Pune,0-2 years,41297,Training Delivery; Assessment; LMS; Curriculum Design; Communication,10th Pass,2026-08-10,Part-time,Yes
JOB_01328,Full Stack Developer,Byju's,Retail,Amravati,8+ years,358054,MongoDB; SQL; JavaScript; React; REST API,Graduate,2026-06-30,Part-time,No
JOB_01329,UI/UX Designer,Godrej Industries,IT Services,Nagpur,Fresher,19411,Wireframing; User Research; Adobe XD; Sketch; Figma; HTML/CSS,10th Pass,2026-08-16,Contract,No
JOB_01330,DevOps Engineer,HDFC Bank,Pharmaceuticals,Nanded,Fresher,22032,Python; Ansible; AWS; Jenkins; CI/CD,10th Pass,2026-06-11,Contract,Yes
JOB_01331,Logistics Coordinator,Infosys,FMCG,Parbhani,8+ years,274385,Documentation; Tracking Systems; Transportation Management,Post Graduate,2026-07-31,Internship,No
JOB_01332,Electrician,Apollo Hospitals,Retail,Bhiwandi,2-5 years,59823,Circuit Design; Equipment Maintenance; Electrical Wiring; Troubleshooting,Graduate,2026-08-16,Part-time,No
JOB_01333,Training Coordinator,Capgemini,Manufacturing,Ahmednagar,Fresher,16976,Curriculum Design; Assessment; Training Delivery; LMS; Communication,10th Pass,2026-08-14,Full-time,No
JOB_01334,Warehouse Supervisor,Byju's,Energy,Ahmednagar,Fresher,24220,Inventory Management; Safety Standards; WMS; Logistics; Team Leadership,Graduate,2026-06-29,Contract,No
JOB_01335,Machine Learning Engineer,TCS,Healthcare,Yavatmal,0-2 years,48801,Python; TensorFlow; NLP; SQL; Scikit-learn,12th Pass,2026-07-15,Internship,No
JOB_01336,Accountant,Tech Mahindra,Manufacturing,Satara,2-5 years,72607,Taxation; Financial Reporting; GST; QuickBooks; Excel; Accounting,Diploma,2026-08-04,Internship,Yes
JOB_01337,DevOps Engineer,Byju's,IT Services,Chandrapur,2-5 years,65533,Jenkins; CI/CD; Ansible,Graduate,2026-07-01,Full-time,Yes
JOB_01338,Software Developer,Axis Bank,Banking & Finance,Bhiwandi,5-8 years,235339,REST API; JavaScript; Python; SQL; Java; Git,10th Pass,2026-08-30,Full-time,Hybrid
JOB_01339,Cloud Engineer,Cognizant,E-commerce,Chandrapur,2-5 years,57969,Azure; GCP; Linux,Graduate,2026-07-07,Part-time,Hybrid
JOB_01340,Data Analyst,Cognizant,Healthcare,Chandrapur,5-8 years,187068,NumPy; Statistics; SQL,Graduate,2026-08-25,Contract,No
JOB_01341,Quality Analyst,Crompton Greaves,Healthcare,Parbhani,2-5 years,73819,Selenium; Testing; JIRA; Agile; SQL; Bug Tracking,10th Pass,2026-07-22,Contract,No
JOB_01342,Accountant,Mahindra & Mahindra,Logistics,Satara,5-8 years,101433,Excel; Tally; Taxation,Post Graduate,2026-07-24,Part-time,Hybrid
JOB_01343,Content Writer,Mahindra & Mahindra,Energy,Chandrapur,0-2 years,59381,Research; WordPress; SEO; Content Writing; Editing; Copywriting,Post Graduate,2026-08-05,Internship,Yes
JOB_01344,Data Analyst,Narayana Health,Retail,Sangli,Fresher,18816,SQL; Excel; Pandas; Tableau; Python; Power BI,12th Pass,2026-08-29,Internship,Hybrid
JOB_01345,HR Coordinator,Wipro,IT Services,Sangli,Fresher,33814,Payroll; HRMS; Recruitment; Communication; Compliance,Diploma,2026-09-04,Part-time,Hybrid
JOB_01346,Retail Associate,Reliance Jio,IT Services,Akola,Fresher,34593,Communication; Customer Service; Inventory Management; Sales,12th Pass,2026-07-03,Internship,Hybrid
JOB_01347,Cybersecurity Analyst,Vedantu,Automotive,Amravati,Fresher,28463,Compliance; Network Security; Firewall; Penetration Testing; SIEM; Risk Assessment,Graduate,2026-07-18,Part-time,Yes
JOB_01348,Supply Chain Analyst,Paytm,Logistics,Pune,2-5 years,73988,SAP; Forecasting; Data Analysis; Inventory Management; Logistics,10th Pass,2026-08-09,Contract,Hybrid
JOB_01349,Fitter,Unacademy,FMCG,Satara,Fresher,29116,Mechanical Fitting; Precision Tools; Maintenance,Post Graduate,2026-06-12,Full-time,Yes
JOB_01350,HR Coordinator,Vedantu,Energy,Jalna,Fresher,20189,Recruitment; Compliance; Employee Relations; Payroll,Graduate,2026-06-12,Contract,Yes
JOB_01351,Pharmacy Assistant,Bajaj Finserv,Manufacturing,Nagpur,8+ years,211750,Customer Service; Medication Dispensing; Inventory Management; Pharmacy Software,10th Pass,2026-06-28,Contract,Hybrid
JOB_01352,Quality Analyst,Narayana Health,Media & Entertainment,Nagpur,Fresher,29787,Manual Testing; Bug Tracking; Selenium; Agile; Testing,10th Pass,2026-07-21,Part-time,Hybrid
JOB_01353,HR Coordinator,Unacademy,Media & Entertainment,Latur,8+ years,213470,Payroll; HRMS; Recruitment,10th Pass,2026-08-02,Full-time,No
JOB_01354,Supply Chain Analyst,Accenture,Energy,Parbhani,2-5 years,102852,SAP; Inventory Management; Excel; Forecasting,Graduate,2026-08-24,Part-time,Hybrid
JOB_01355,Teacher,Tata Motors,FMCG,Yavatmal,5-8 years,232300,Curriculum Development; Assessment; Communication,12th Pass,2026-08-16,Internship,Hybrid
JOB_01356,Project Coordinator,HCL,Education,Yavatmal,5-8 years,130910,Coordination; Documentation; Communication,Graduate,2026-08-02,Internship,Yes
JOB_01357,Customer Support Specialist,Paytm,Media & Entertainment,Pune,5-8 years,187374,Problem Solving; Customer Service; Zendesk; CRM; Communication,Diploma,2026-07-18,Full-time,No
JOB_01358,Fitter,Godrej Industries,Construction,Solapur,5-8 years,174197,Maintenance; Assembly; Precision Tools,12th Pass,2026-06-18,Internship,Hybrid
JOB_01359,Cybersecurity Analyst,Byju's,IT Services,Satara,2-5 years,108188,Firewall; Risk Assessment; SIEM; Network Security; Compliance,Post Graduate,2026-09-03,Contract,Yes
JOB_01360,Content Writer,Larsen & Toubro,Automotive,Solapur,0-2 years,33195,WordPress; Research; Copywriting; Editing,10th Pass,2026-09-04,Part-time,No
JOB_01361,Electrician,PhonePe,Healthcare,Bhiwandi,5-8 years,225704,Electrical Wiring; Troubleshooting; Equipment Maintenance; Circuit Design; Safety Standards,10th Pass,2026-08-16,Internship,Hybrid
JOB_01362,Fitter,Infosys,Automotive,Ahmednagar,Fresher,22027,Mechanical Fitting; Precision Tools; Maintenance,10th Pass,2026-08-21,Part-time,No
JOB_01363,Technician,Flipkart,Energy,Beed,8+ years,311853,Mechanical Systems; Equipment Maintenance; Safety,12th Pass,2026-07-06,Full-time,No
JOB_01364,UI/UX Designer,Mahindra & Mahindra,Manufacturing,Pune,0-2 years,35851,Prototyping; Sketch; Figma,Diploma,2026-07-20,Contract,No
JOB_01365,DevOps Engineer,Cognizant,Retail,Nashik,2-5 years,53703,Jenkins; Linux; Docker; Kubernetes; CI/CD,12th Pass,2026-06-24,Internship,Yes
JOB_01366,Supply Chain Analyst,Tech Mahindra,FMCG,Raigad,5-8 years,241830,Forecasting; Logistics; Excel; Data Analysis,12th Pass,2026-09-04,Internship,Hybrid
JOB_01367,DevOps Engineer,Accenture,Logistics,Sangli,Fresher,21052,Linux; CI/CD; Jenkins; Docker; Kubernetes,12th Pass,2026-07-16,Contract,Hybrid
JOB_01368,Accountant,Bajaj Finserv,Pharmaceuticals,Yavatmal,8+ years,497387,Financial Reporting; Taxation; QuickBooks; Accounting; Excel; GST,Graduate,2026-07-27,Contract,No
JOB_01369,Fitter,HCL,Banking & Finance,Akola,2-5 years,73669,Maintenance; Blueprint Reading; Precision Tools,12th Pass,2026-08-28,Contract,Yes
JOB_01370,Retail Associate,Wipro,Manufacturing,Osmanabad,5-8 years,210751,Customer Service; Cash Handling; Communication,Graduate,2026-06-09,Part-time,Hybrid
JOB_01371,Electrician,ICICI Bank,Retail,Dhule,8+ years,252433,Circuit Design; Troubleshooting; Safety Standards; Electrical Wiring,10th Pass,2026-07-01,Contract,No
JOB_01372,Customer Support Specialist,Fortis Healthcare,Logistics,Pune,8+ years,357880,Communication; Customer Service; CRM,Diploma,2026-08-18,Contract,Yes
JOB_01373,Data Analyst,Fortis Healthcare,Construction,Dhule,2-5 years,92844,Pandas; Power BI; NumPy; Statistics; Python,Diploma,2026-07-11,Part-time,Yes
JOB_01374,Medical Lab Technician,Byju's,Energy,Akola,2-5 years,109063,Quality Control; Safety; Sample Collection; Lab Testing,Diploma,2026-07-27,Part-time,Yes
JOB_01375,Nurse,Infosys,Retail,Satara,8+ years,412041,Medical Procedures; Medication Administration; Emergency Care,Post Graduate,2026-07-18,Part-time,No
JOB_01376,Sales Executive,Cognizant,Retail,Pune,2-5 years,105770,Communication; Customer Relationship; CRM; Lead Generation; Negotiation,Post Graduate,2026-08-15,Full-time,Yes
JOB_01377,DevOps Engineer,Unacademy,Retail,Solapur,2-5 years,58825,Ansible; Kubernetes; AWS; Docker; Linux; Python,Graduate,2026-07-17,Full-time,Yes
JOB_01378,UI/UX Designer,Cognizant,Banking & Finance,Osmanabad,2-5 years,50802,HTML/CSS; User Research; Sketch; Prototyping; Figma,Graduate,2026-06-28,Full-time,No
JOB_01379,Fitter,Zerodha,Pharmaceuticals,Dhule,8+ years,290643,Maintenance; Blueprint Reading; Mechanical Fitting; Precision Tools,10th Pass,2026-06-23,Contract,No
JOB_01380,Training Coordinator,Unacademy,E-commerce,Sangli,Fresher,19825,Assessment; Communication; Training Delivery; Curriculum Design; LMS,Post Graduate,2026-08-21,Full-time,Yes
JOB_01381,Quality Analyst,Zerodha,Manufacturing,Kolhapur,2-5 years,119768,SQL; Manual Testing; Bug Tracking; JIRA,12th Pass,2026-08-29,Contract,Hybrid
JOB_01382,UI/UX Designer,PhonePe,E-commerce,Sangli,2-5 years,92506,Adobe XD; Figma; User Research; HTML/CSS; Sketch,Diploma,2026-08-03,Contract,Yes
JOB_01383,Data Analyst,Crompton Greaves,Construction,Sangli,5-8 years,151592,Tableau; Statistics; Power BI; Excel; SQL,Graduate,2026-08-26,Part-time,Yes
JOB_01384,DevOps Engineer,Paytm,Construction,Jalgaon,5-8 years,154075,Ansible; AWS; Linux,Diploma,2026-08-04,Part-time,No
JOB_01385,UI/UX Designer,Fortis Healthcare,Construction,Amravati,Fresher,15413,HTML/CSS; Figma; Prototyping; Sketch,10th Pass,2026-06-13,Full-time,Yes
JOB_01386,Welder,Wipro,Education,Kolhapur,5-8 years,185196,MIG Welding; Arc Welding; Blueprint Reading; Safety Standards,10th Pass,2026-06-27,Part-time,No
JOB_01387,Welder,Axis Bank,Media & Entertainment,Akola,0-2 years,58731,Arc Welding; Blueprint Reading; TIG Welding; Safety Standards,12th Pass,2026-08-27,Internship,No
JOB_01388,Quality Analyst,Tech Mahindra,Energy,Jalna,2-5 years,84295,Manual Testing; Selenium; JIRA; Bug Tracking; Agile; SQL,12th Pass,2026-08-02,Full-time,Hybrid
JOB_01389,Business Analyst,Tech Mahindra,Logistics,Latur,8+ years,208162,Process Mapping; Agile; Requirements Gathering; SQL,Diploma,2026-06-14,Part-time,Hybrid
JOB_01390,Welder,Vedantu,Telecommunications,Aurangabad,Fresher,34623,TIG Welding; Safety Standards; Blueprint Reading; MIG Welding; Arc Welding,Diploma,2026-08-28,Contract,No
JOB_01391,Fitter,Cognizant,Education,Parbhani,0-2 years,27387,Blueprint Reading; Precision Tools; Maintenance; Mechanical Fitting,10th Pass,2026-08-24,Internship,Hybrid
JOB_01392,Machine Learning Engineer,IBM,Media & Entertainment,Sangli,0-2 years,35664,NLP; SQL; TensorFlow; Scikit-learn,Post Graduate,2026-06-30,Part-time,Hybrid
JOB_01393,Nurse,Capgemini,Construction,Aurangabad,Fresher,33565,Emergency Care; Vital Signs; Patient Care; Medical Procedures; Medication Administration,Post Graduate,2026-08-09,Full-time,Hybrid
JOB_01394,Fitter,Flipkart,E-commerce,Amravati,8+ years,297053,Mechanical Fitting; Maintenance; Assembly,Post Graduate,2026-08-06,Full-time,Yes
JOB_01395,Digital Marketing Executive,Vedantu,Retail,Dhule,8+ years,263807,SEO; Email Marketing; Content Marketing; Google Analytics; SEM; Social Media Marketing,10th Pass,2026-09-03,Full-time,No
JOB_01396,Business Analyst,Accenture,Education,Dhule,2-5 years,87927,Agile; Excel; Requirements Gathering,Post Graduate,2026-07-26,Full-time,Hybrid
JOB_01397,Quality Analyst,Tata Motors,Retail,Parbhani,Fresher,34290,Selenium; Manual Testing; Agile; SQL,Graduate,2026-07-26,Full-time,Yes
JOB_01398,Business Analyst,Narayana Health,Media & Entertainment,Chandrapur,Fresher,34278,SQL; Power BI; Agile; Requirements Gathering,12th Pass,2026-07-18,Full-time,No
JOB_01399,Software Developer,Byju's,Media & Entertainment,Ahmednagar,Fresher,27877,REST API; JavaScript; Python; Agile; Git; Microservices,Diploma,2026-07-19,Full-time,Hybrid
JOB_01400,Digital Marketing Executive,TCS,FMCG,Jalgaon,0-2 years,27749,Content Marketing; Google Analytics; SEO; SEM; Email Marketing; Social Media Marketing,10th Pass,2026-06-30,Full-time,No
JOB_01401,Logistics Coordinator,Byju's,Retail,Amravati,8+ years,480124,Documentation; Communication; Tracking Systems; Transportation Management; Coordination,10th Pass,2026-06-24,Internship,Yes
JOB_01402,Content Writer,TCS,Telecommunications,Chandrapur,8+ years,477421,Editing; Research; Content Writing; SEO,12th Pass,2026-06-09,Full-time,No
JOB_01403,Software Developer,Byju's,E-commerce,Nanded,2-5 years,99421,Microservices; REST API; Python; Git; SQL,10th Pass,2026-09-02,Part-time,Yes
JOB_01404,Software Developer,Byju's,Media & Entertainment,Aurangabad,Fresher,27456,Microservices; REST API; Agile; Git; Java,Diploma,2026-09-03,Full-time,Hybrid
JOB_01405,Pharmacy Assistant,Apollo Hospitals,Media & Entertainment,Nanded,Fresher,25997,Medication Dispensing; Customer Service; Inventory Management,Diploma,2026-07-01,Full-time,No
JOB_01406,Supply Chain Analyst,Accenture,Construction,Jalgaon,5-8 years,148464,Inventory Management; Logistics; Forecasting; Data Analysis,Graduate,2026-08-26,Part-time,No
JOB_01407,Digital Marketing Executive,Narayana Health,E-commerce,Osmanabad,8+ years,468554,Google Analytics; SEM; Content Marketing; SEO; Social Media Marketing; Email Marketing,Graduate,2026-06-21,Internship,Yes
JOB_01408,Nurse,Apollo Hospitals,Education,Raigad,2-5 years,88489,Patient Care; Medication Administration; Vital Signs,12th Pass,2026-07-19,Full-time,No
JOB_01409,Accountant,TCS,Energy,Aurangabad,8+ years,209469,Excel; GST; Accounting; Tally,Graduate,2026-08-29,Internship,Yes
JOB_01410,Training Coordinator,Tata Motors,IT Services,Ahmednagar,2-5 years,111604,Curriculum Design; LMS; Training Delivery; Assessment,10th Pass,2026-08-13,Part-time,Hybrid
JOB_01411,Welder,Tata Motors,IT Services,Raigad,2-5 years,117726,Arc Welding; Safety Standards; TIG Welding,Post Graduate,2026-08-12,Contract,Hybrid
JOB_01412,HR Coordinator,IBM,Retail,Nagpur,0-2 years,25409,Employee Relations; Payroll; Communication,Graduate,2026-07-05,Full-time,No
JOB_01413,Project Coordinator,HCL,Banking & Finance,Beed,8+ years,293323,Coordination; Documentation; Project Management,Graduate,2026-07-07,Full-time,No
JOB_01414,UI/UX Designer,Wipro,Pharmaceuticals,Nagpur,5-8 years,111495,Adobe XD; Prototyping; Figma; HTML/CSS; User Research,12th Pass,2026-08-31,Full-time,No
JOB_01415,Fitter,TCS,IT Services,Yavatmal,2-5 years,92890,Precision Tools; Mechanical Fitting; Maintenance; Blueprint Reading,Diploma,2026-06-07,Part-time,Hybrid
JOB_01416,DevOps Engineer,Vedantu,Retail,Jalna,8+ years,334789,Linux; Kubernetes; Docker; CI/CD,12th Pass,2026-07-31,Full-time,No
JOB_01417,Medical Lab Technician,PhonePe,Media & Entertainment,Satara,Fresher,32642,Quality Control; Sample Collection; Safety,Post Graduate,2026-08-25,Full-time,Yes
JOB_01418,Machine Learning Engineer,Amazon,Manufacturing,Pune,2-5 years,77962,TensorFlow; Deep Learning; NLP; Python; SQL; PyTorch,12th Pass,2026-07-20,Contract,Hybrid
JOB_01419,Logistics Coordinator,Amazon,Retail,Akola,0-2 years,53132,Transportation Management; Tracking Systems; Documentation; Communication; Coordination,Post Graduate,2026-07-09,Part-time,Hybrid
JOB_01420,Machine Learning Engineer,PhonePe,Healthcare,Bhiwandi,2-5 years,89048,TensorFlow; PyTorch; NLP; Scikit-learn; Deep Learning,Post Graduate,2026-07-15,Full-time,No
JOB_01421,Sales Executive,Unacademy,Media & Entertainment,Chandrapur,Fresher,25995,CRM; Lead Generation; Negotiation; Communication,Graduate,2026-07-21,Contract,No
JOB_01422,UI/UX Designer,Reliance Jio,Pharmaceuticals,Nanded,0-2 years,46843,User Research; Figma; HTML/CSS,Graduate,2026-07-25,Full-time,No
JOB_01423,Machine Operator,Infosys,Construction,Raigad,2-5 years,110646,CNC Operation; Machine Maintenance; Production Planning; Quality Control; Safety Standards,12th Pass,2026-07-02,Full-time,Hybrid
JOB_01424,Technician,ABB India,FMCG,Aurangabad,Fresher,20511,Mechanical Systems; Safety; Equipment Maintenance; Electrical Systems,Graduate,2026-06-15,Internship,Hybrid
JOB_01425,Welder,Siemens,Energy,Kolhapur,2-5 years,67725,Arc Welding; MIG Welding; Blueprint Reading; TIG Welding,12th Pass,2026-08-12,Contract,Hybrid
JOB_01426,Customer Support Specialist,Flipkart,Energy,Mumbai,Fresher,26051,Communication; Customer Service; Problem Solving; Zendesk,Post Graduate,2026-08-08,Contract,Hybrid
JOB_01427,Technician,Unacademy,Construction,Sangli,8+ years,458113,Electrical Systems; Equipment Maintenance; Troubleshooting; Safety; Mechanical Systems,12th Pass,2026-08-23,Part-time,Yes
JOB_01428,HR Coordinator,HCL,Media & Entertainment,Bhiwandi,8+ years,320900,Compliance; Payroll; Communication; Employee Relations; Recruitment,Graduate,2026-06-11,Full-time,Yes
JOB_01429,Content Writer,ICICI Bank,Education,Yavatmal,2-5 years,50393,SEO; Editing; Content Writing,Diploma,2026-07-31,Part-time,Yes
JOB_01430,Teacher,Wipro,Telecommunications,Ahmednagar,0-2 years,39508,Communication; Lesson Planning; Assessment; Classroom Management; Curriculum Development,Diploma,2026-06-13,Part-time,Hybrid
JOB_01431,Customer Support Specialist,Apollo Hospitals,Construction,Kolhapur,2-5 years,59261,CRM; Problem Solving; Communication; Zendesk; Customer Service,Graduate,2026-08-31,Internship,No
JOB_01432,Fitter,Infosys,Retail,Mumbai,8+ years,450347,Assembly; Mechanical Fitting; Maintenance; Blueprint Reading; Precision Tools,Graduate,2026-08-02,Part-time,No
JOB_01433,Quality Analyst,IBM,Pharmaceuticals,Osmanabad,2-5 years,90207,Agile; Selenium; Bug Tracking; Manual Testing,Diploma,2026-06-22,Part-time,Yes
JOB_01434,Software Developer,Vedantu,Retail,Parbhani,5-8 years,142121,Agile; JavaScript; Python; Java,Diploma,2026-06-15,Full-time,Yes
JOB_01435,Supply Chain Analyst,Siemens,Education,Dhule,0-2 years,55105,Inventory Management; SAP; Logistics; Excel,Diploma,2026-06-28,Part-time,Hybrid
JOB_01436,Data Analyst,Amazon,Healthcare,Yavatmal,0-2 years,25998,Tableau; Excel; Python; Statistics,10th Pass,2026-08-31,Full-time,Hybrid
JOB_01437,Teacher,Wipro,Manufacturing,Yavatmal,5-8 years,166395,Lesson Planning; Assessment; Communication,Graduate,2026-08-04,Part-time,Yes
JOB_01438,Digital Marketing Executive,Unacademy,Healthcare,Dhule,5-8 years,187690,Content Marketing; SEO; Google Analytics; Social Media Marketing,Diploma,2026-07-08,Internship,No
JOB_01439,Pharmacy Assistant,Accenture,E-commerce,Solapur,8+ years,321081,Inventory Management; Medication Dispensing; Customer Service; Pharmacy Software,12th Pass,2026-08-05,Part-time,Yes
JOB_01440,Teacher,Apollo Hospitals,Manufacturing,Chandrapur,0-2 years,26616,Classroom Management; Lesson Planning; Curriculum Development; Communication; Assessment,10th Pass,2026-06-08,Part-time,Yes
JOB_01441,Training Coordinator,Accenture,FMCG,Nashik,5-8 years,147430,Curriculum Design; LMS; Communication; Training Delivery,12th Pass,2026-08-11,Part-time,Yes
JOB_01442,Machine Operator,Flipkart,Banking & Finance,Raigad,8+ years,202241,Production Planning; CNC Operation; Quality Control; Machine Maintenance,Diploma,2026-06-09,Full-time,No
JOB_01443,Cloud Engineer,Byju's,Healthcare,Jalna,Fresher,33644,Linux; Kubernetes; Networking; AWS; GCP,12th Pass,2026-07-07,Part-time,Hybrid
JOB_01444,Retail Associate,Razorpay,IT Services,Dhule,Fresher,17200,Customer Service; Inventory Management; Communication; Sales; Cash Handling,12th Pass,2026-06-26,Part-time,Hybrid
JOB_01445,Training Coordinator,Reliance Jio,FMCG,Parbhani,8+ years,469438,Communication; LMS; Curriculum Design; Training Delivery; Assessment,Post Graduate,2026-08-18,Internship,Yes
JOB_01446,Software Developer,ICICI Bank,Automotive,Solapur,Fresher,16938,JavaScript; Agile; Java; REST API; Git,Graduate,2026-08-03,Contract,No
JOB_01447,Supply Chain Analyst,ICICI Bank,Pharmaceuticals,Beed,2-5 years,105241,Forecasting; Data Analysis; Excel; Inventory Management,10th Pass,2026-07-20,Part-time,Hybrid
JOB_01448,Software Developer,TCS,E-commerce,Raigad,0-2 years,34782,SQL; Python; JavaScript,Post Graduate,2026-08-07,Part-time,Hybrid
JOB_01449,HR Coordinator,IBM,Pharmaceuticals,Latur,5-8 years,110860,HRMS; Communication; Compliance,10th Pass,2026-08-19,Full-time,No
JOB_01450,Sales Executive,Mahindra & Mahindra,Retail,Ahmednagar,Fresher,34492,CRM; Customer Relationship; Negotiation,12th Pass,2026-08-06,Internship,No
JOB_01451,Customer Support Specialist,Cognizant,Automotive,Nanded,5-8 years,123503,Problem Solving; Customer Service; Communication; CRM; Zendesk,Graduate,2026-07-13,Internship,No
JOB_01452,Content Writer,Flipkart,Automotive,Pune,8+ years,483751,Content Writing; WordPress; Copywriting; Editing,Graduate,2026-07-31,Internship,No
JOB_01453,UI/UX Designer,Accenture,FMCG,Nanded,0-2 years,57839,Figma; Prototyping; Wireframing; HTML/CSS,Diploma,2026-08-28,Internship,Hybrid
JOB_01454,Teacher,Narayana Health,Logistics,Ahmednagar,2-5 years,101642,Assessment; Classroom Management; Communication,Graduate,2026-08-16,Internship,No
JOB_01455,Customer Support Specialist,Godrej Industries,FMCG,Jalgaon,Fresher,27829,CRM; Communication; Problem Solving; Customer Service,Diploma,2026-08-10,Part-time,Hybrid
JOB_01456,Cybersecurity Analyst,Larsen & Toubro,IT Services,Ahmednagar,8+ years,299495,Compliance; Risk Assessment; Firewall; Network Security; Penetration Testing,Post Graduate,2026-08-19,Internship,Yes
JOB_01457,Accountant,Godrej Industries,E-commerce,Nagpur,Fresher,33179,Excel; Accounting; QuickBooks; GST; Financial Reporting,Diploma,2026-06-07,Contract,Hybrid
JOB_01458,DevOps Engineer,PhonePe,Energy,Yavatmal,Fresher,18214,Ansible; CI/CD; Python,12th Pass,2026-06-17,Part-time,Hybrid
JOB_01459,Cybersecurity Analyst,Accenture,Construction,Osmanabad,2-5 years,67560,SIEM; Penetration Testing; Risk Assessment; Compliance; Firewall; Network Security,12th Pass,2026-07-30,Part-time,No
JOB_01460,Technician,Bajaj Finserv,Healthcare,Latur,Fresher,22893,Electrical Systems; Troubleshooting; Equipment Maintenance,Graduate,2026-08-26,Contract,Hybrid
JOB_01461,Quality Analyst,Infosys,Manufacturing,Dhule,5-8 years,186723,Manual Testing; SQL; Agile; JIRA; Selenium,12th Pass,2026-07-08,Contract,Hybrid
JOB_01462,Logistics Coordinator,Apollo Hospitals,Healthcare,Amravati,2-5 years,100680,Communication; Tracking Systems; Documentation; Coordination,10th Pass,2026-06-20,Internship,Yes
JOB_01463,Accountant,IBM,Banking & Finance,Sangli,0-2 years,25519,GST; QuickBooks; Financial Reporting; Tally,Diploma,2026-06-23,Contract,Hybrid
JOB_01464,Digital Marketing Executive,Narayana Health,Automotive,Solapur,2-5 years,89595,Google Analytics; Email Marketing; Social Media Marketing; SEM,Post Graduate,2026-07-09,Full-time,Yes
JOB_01465,Software Developer,IBM,Healthcare,Sangli,5-8 years,174950,Java; JavaScript; Microservices; SQL; Python,Diploma,2026-08-29,Part-time,Yes
JOB_01466,Nurse,Capgemini,Education,Ahmednagar,0-2 years,54675,Medication Administration; Medical Procedures; Emergency Care; Patient Care,12th Pass,2026-06-24,Part-time,Hybrid
JOB_01467,Logistics Coordinator,Cognizant,Media & Entertainment,Kolhapur,5-8 years,239153,Transportation Management; Coordination; Communication; Tracking Systems; Documentation,Post Graduate,2026-07-21,Part-time,Yes
JOB_01468,Digital Marketing Executive,Unacademy,Banking & Finance,Raigad,2-5 years,73097,Google Analytics; SEM; Content Marketing; Social Media Marketing; Email Marketing,10th Pass,2026-07-11,Internship,No
JOB_01469,Machine Learning Engineer,Capgemini,Logistics,Pune,5-8 years,189505,Deep Learning; TensorFlow; Python; Scikit-learn,Post Graduate,2026-08-17,Internship,No
JOB_01470,HR Coordinator,Byju's,Retail,Nanded,0-2 years,32305,Employee Relations; HRMS; Payroll; Compliance; Recruitment,Graduate,2026-07-31,Full-time,Hybrid
JOB_01471,Retail Associate,Unacademy,Media & Entertainment,Aurangabad,2-5 years,54766,Customer Service; Communication; Sales; Inventory Management; Cash Handling,Post Graduate,2026-09-01,Internship,Hybrid
JOB_01472,UI/UX Designer,Crompton Greaves,E-commerce,Nagpur,0-2 years,26734,Prototyping; Wireframing; Adobe XD; Figma; User Research,Diploma,2026-06-19,Part-time,Hybrid
JOB_01473,Retail Associate,Narayana Health,Telecommunications,Amravati,Fresher,18985,Customer Service; Cash Handling; Communication; Inventory Management; Sales,12th Pass,2026-08-10,Contract,No
JOB_01474,Retail Associate,Narayana Health,E-commerce,Jalna,0-2 years,47542,Customer Service; Sales; Inventory Management; Cash Handling; Communication,Diploma,2026-08-19,Contract,Hybrid
JOB_01475,Technician,Amazon,E-commerce,Kolhapur,0-2 years,37458,Mechanical Systems; Troubleshooting; Electrical Systems,10th Pass,2026-06-30,Part-time,Yes
JOB_01476,Full Stack Developer,Axis Bank,FMCG,Parbhani,2-5 years,61417,MongoDB; React; Git; REST API; SQL,Diploma,2026-07-02,Full-time,No
JOB_01477,Content Writer,Vedantu,IT Services,Pune,Fresher,31569,Research; Editing; WordPress; Content Writing,Post Graduate,2026-08-15,Internship,Yes
JOB_01478,Cloud Engineer,Capgemini,E-commerce,Parbhani,Fresher,33357,Azure; GCP; Linux; Kubernetes; Terraform; Networking,Post Graduate,2026-06-16,Full-time,No
JOB_01479,Technician,Mahindra & Mahindra,Telecommunications,Osmanabad,5-8 years,216029,Mechanical Systems; Safety; Equipment Maintenance; Troubleshooting,Post Graduate,2026-08-02,Part-time,Yes
JOB_01480,Project Coordinator,Amazon,E-commerce,Osmanabad,0-2 years,31955,Agile; Coordination; Project Management; Documentation,Diploma,2026-06-19,Contract,Yes
JOB_01481,Customer Support Specialist,Amazon,Pharmaceuticals,Yavatmal,8+ years,229968,Problem Solving; Customer Service; CRM; Zendesk; Communication,Post Graduate,2026-07-18,Contract,Yes
JOB_01482,Customer Support Specialist,Bajaj Finserv,Energy,Dhule,Fresher,23898,Zendesk; Problem Solving; Communication; CRM; Customer Service,12th Pass,2026-07-16,Contract,Yes
JOB_01483,Medical Lab Technician,Paytm,Construction,Mumbai,0-2 years,34731,Sample Collection; Equipment Operation; Lab Testing; Safety,Graduate,2026-09-03,Part-time,No
JOB_01484,UI/UX Designer,HCL,Telecommunications,Yavatmal,5-8 years,195780,Wireframing; Prototyping; Adobe XD; HTML/CSS; Sketch,Graduate,2026-07-17,Contract,Hybrid
JOB_01485,Machine Learning Engineer,Apollo Hospitals,Manufacturing,Pune,5-8 years,122669,SQL; Python; TensorFlow; Deep Learning; NLP,Diploma,2026-07-12,Full-time,Yes
JOB_01486,Fitter,Byju's,Education,Akola,2-5 years,99279,Maintenance; Mechanical Fitting; Precision Tools,Post Graduate,2026-06-21,Contract,No
JOB_01487,Electrician,Reliance Jio,IT Services,Latur,5-8 years,144230,Electrical Wiring; Circuit Design; Equipment Maintenance; Troubleshooting,Post Graduate,2026-07-11,Full-time,Yes
JOB_01488,Welder,IBM,Pharmaceuticals,Nashik,5-8 years,249834,Arc Welding; MIG Welding; Safety Standards; Blueprint Reading; TIG Welding,12th Pass,2026-08-04,Internship,No
JOB_01489,Electrician,Vedantu,Retail,Beed,8+ years,238898,Equipment Maintenance; Troubleshooting; Electrical Wiring,12th Pass,2026-08-14,Internship,No
JOB_01490,Cybersecurity Analyst,Reliance Jio,E-commerce,Satara,Fresher,32848,Compliance; Firewall; Network Security; Penetration Testing; SIEM; Risk Assessment,Diploma,2026-07-13,Part-time,Hybrid
JOB_01491,Training Coordinator,Crompton Greaves,Healthcare,Beed,0-2 years,50049,LMS; Training Delivery; Communication,Diploma,2026-07-24,Part-time,Yes
JOB_01492,Project Coordinator,ABB India,E-commerce,Yavatmal,8+ years,263465,Project Management; Communication; Agile; MS Office,Graduate,2026-06-21,Contract,Yes
JOB_01493,Logistics Coordinator,Fortis Healthcare,Education,Parbhani,2-5 years,50902,Coordination; Tracking Systems; Documentation; Communication,Graduate,2026-08-29,Part-time,No
JOB_01494,Project Coordinator,Narayana Health,Education,Chandrapur,8+ years,434789,Coordination; MS Office; Agile; Communication; Documentation,12th Pass,2026-06-21,Contract,Yes
JOB_01495,Accountant,Larsen & Toubro,Retail,Dhule,0-2 years,26510,GST; QuickBooks; Tally,Post Graduate,2026-07-14,Contract,No
JOB_01496,Retail Associate,HDFC Bank,IT Services,Parbhani,0-2 years,55435,Cash Handling; Inventory Management; Communication; Sales; Customer Service,Graduate,2026-07-10,Full-time,Hybrid
JOB_01497,Fitter,Fortis Healthcare,Healthcare,Aurangabad,2-5 years,111073,Blueprint Reading; Mechanical Fitting; Precision Tools; Maintenance,Post Graduate,2026-09-03,Contract,No
JOB_01498,Cloud Engineer,Flipkart,Logistics,Jalna,0-2 years,44004,Docker; Terraform; GCP; Azure; AWS; Kubernetes,10th Pass,2026-06-29,Contract,Hybrid
JOB_01499,Content Writer,Max Healthcare,Construction,Jalgaon,2-5 years,90290,SEO; Copywriting; Editing; WordPress; Research; Content Writing,Graduate,2026-08-03,Contract,Hybrid
JOB_01500,Cloud Engineer,Bajaj Finserv,FMCG,Nanded,5-8 years,174734,Kubernetes; GCP; Terraform; Docker,10th Pass,2026-08-07,Contract,No
JOB_01501,Machine Learning Engineer,Flipkart,E-commerce,Jalna,Fresher,19204,Python; SQL; PyTorch; Scikit-learn,12th Pass,2026-06-19,Part-time,Hybrid
JOB_01502,Technician,Razorpay,Automotive,Beed,8+ years,204181,Equipment Maintenance; Troubleshooting; Safety; Electrical Systems,12th Pass,2026-06-23,Part-time,Yes
JOB_01503,Retail Associate,Zerodha,FMCG,Nashik,0-2 years,58985,Cash Handling; Inventory Management; Sales,Post Graduate,2026-07-22,Contract,Hybrid
JOB_01504,Retail Associate,ABB India,Logistics,Latur,5-8 years,111248,Sales; Communication; Customer Service; Inventory Management; Cash Handling,Diploma,2026-07-28,Internship,No
JOB_01505,Content Writer,Axis Bank,Automotive,Aurangabad,Fresher,18494,Content Writing; SEO; Copywriting,Graduate,2026-08-18,Part-time,Hybrid
JOB_01506,Pharmacy Assistant,Narayana Health,Energy,Akola,5-8 years,223562,Pharmacy Software; Medication Dispensing; Customer Service; Inventory Management,10th Pass,2026-09-04,Internship,Yes
JOB_01507,Training Coordinator,ICICI Bank,Banking & Finance,Satara,8+ years,371576,Communication; LMS; Training Delivery; Curriculum Design,12th Pass,2026-07-16,Part-time,Yes
JOB_01508,Digital Marketing Executive,Apollo Hospitals,IT Services,Bhiwandi,0-2 years,35326,Google Analytics; SEM; Content Marketing; Social Media Marketing,Post Graduate,2026-06-11,Full-time,Yes
JOB_01509,Business Analyst,Godrej Industries,E-commerce,Chandrapur,2-5 years,80407,Process Mapping; Excel; SQL; Requirements Gathering; Agile,12th Pass,2026-06-12,Internship,Hybrid
JOB_01510,Warehouse Supervisor,Infosys,IT Services,Bhiwandi,5-8 years,113139,Logistics; Team Leadership; WMS; Safety Standards; Inventory Management,Graduate,2026-08-16,Internship,No
JOB_01511,Teacher,Vedantu,Education,Nagpur,2-5 years,91751,Lesson Planning; Communication; Curriculum Development,Post Graduate,2026-08-28,Part-time,Hybrid
JOB_01512,Nurse,Flipkart,E-commerce,Pune,2-5 years,73746,Emergency Care; Medication Administration; Medical Procedures; Vital Signs; Patient Care,Diploma,2026-07-09,Part-time,Yes
JOB_01513,Business Analyst,Amazon,Automotive,Jalna,0-2 years,46639,SQL; Excel; JIRA; Agile,10th Pass,2026-07-15,Full-time,Yes
JOB_01514,Business Analyst,Infosys,Healthcare,Kolhapur,Fresher,17219,Power BI; Process Mapping; Agile; Requirements Gathering,Graduate,2026-06-08,Internship,No
JOB_01515,Customer Support Specialist,Byju's,E-commerce,Chandrapur,Fresher,16856,Customer Service; CRM; Problem Solving; Communication,Diploma,2026-08-13,Contract,Yes
JOB_01516,Data Analyst,Axis Bank,Pharmaceuticals,Solapur,Fresher,23875,NumPy; SQL; Pandas; Python; Statistics,Graduate,2026-08-19,Part-time,Hybrid
JOB_01517,Full Stack Developer,Infosys,Banking & Finance,Nagpur,5-8 years,197858,Node.js; React; HTML/CSS; Git; REST API; JavaScript,12th Pass,2026-08-28,Internship,No
JOB_01518,Technician,Cognizant,Energy,Chandrapur,8+ years,255506,Mechanical Systems; Electrical Systems; Troubleshooting; Safety,10th Pass,2026-06-17,Part-time,No
JOB_01519,Data Analyst,Axis Bank,Telecommunications,Latur,5-8 years,232589,Excel; Pandas; Statistics; Power BI; SQL; Tableau,Post Graduate,2026-08-27,Part-time,No
JOB_01520,Welder,ABB India,Retail,Nanded,Fresher,31617,Blueprint Reading; TIG Welding; Safety Standards; MIG Welding,Post Graduate,2026-08-17,Internship,Yes
JOB_01521,Machine Operator,Tech Mahindra,FMCG,Chandrapur,0-2 years,30632,CNC Operation; Machine Maintenance; Production Planning,Graduate,2026-08-29,Internship,Hybrid
JOB_01522,Data Analyst,Larsen & Toubro,Pharmaceuticals,Osmanabad,0-2 years,44093,Python; Statistics; NumPy; Power BI; Pandas; SQL,Graduate,2026-06-08,Part-time,Hybrid
JOB_01523,DevOps Engineer,Mahindra & Mahindra,Pharmaceuticals,Nashik,2-5 years,63372,Kubernetes; CI/CD; Ansible; Jenkins; AWS,Post Graduate,2026-08-13,Part-time,No
JOB_01524,Project Coordinator,Mahindra & Mahindra,Healthcare,Raigad,5-8 years,105626,Coordination; MS Office; Communication; Project Management,Diploma,2026-07-20,Part-time,Yes
JOB_01525,Cloud Engineer,Fortis Healthcare,Construction,Solapur,5-8 years,151196,Kubernetes; Terraform; Linux; Docker; Azure,10th Pass,2026-09-04,Part-time,Yes
JOB_01526,Full Stack Developer,Unacademy,Media & Entertainment,Jalgaon,2-5 years,115417,SQL; REST API; Git,10th Pass,2026-07-01,Contract,Yes
JOB_01527,Machine Learning Engineer,Flipkart,IT Services,Mumbai,5-8 years,182109,SQL; Deep Learning; Scikit-learn; PyTorch; Python,12th Pass,2026-08-11,Internship,No
JOB_01528,Welder,Byju's,Construction,Dhule,0-2 years,40281,MIG Welding; Blueprint Reading; TIG Welding; Safety Standards; Arc Welding,Post Graduate,2026-08-01,Internship,No
JOB_01529,Supply Chain Analyst,Flipkart,Media & Entertainment,Solapur,2-5 years,102345,Data Analysis; SAP; Excel; Forecasting; Inventory Management,10th Pass,2026-07-22,Full-time,Yes
JOB_01530,Nurse,Infosys,Construction,Aurangabad,8+ years,261355,Emergency Care; Medical Procedures; Patient Care; Vital Signs,Diploma,2026-08-26,Internship,Yes
JOB_01531,Data Analyst,Siemens,Manufacturing,Nanded,0-2 years,51778,Power BI; NumPy; SQL; Pandas; Statistics; Excel,10th Pass,2026-08-13,Contract,Hybrid
JOB_01532,Logistics Coordinator,Byju's,Retail,Pune,0-2 years,58709,Communication; Coordination; Tracking Systems,10th Pass,2026-09-01,Contract,Yes
JOB_01533,Business Analyst,Cognizant,Healthcare,Raigad,0-2 years,39709,SQL; Power BI; Requirements Gathering,Graduate,2026-08-15,Full-time,Yes
JOB_01534,Pharmacy Assistant,Reliance Jio,FMCG,Nashik,0-2 years,58512,Inventory Management; Pharmacy Software; Customer Service,Graduate,2026-06-12,Contract,Hybrid
JOB_01535,DevOps Engineer,Max Healthcare,Telecommunications,Bhiwandi,5-8 years,185646,Linux; Kubernetes; Jenkins; Python; CI/CD; Ansible,10th Pass,2026-08-02,Full-time,No
JOB_01536,Full Stack Developer,TCS,IT Services,Aurangabad,2-5 years,118736,Node.js; SQL; Git; MongoDB; HTML/CSS; REST API,Post Graduate,2026-07-05,Contract,Hybrid
JOB_01537,Sales Executive,Narayana Health,Education,Beed,5-8 years,133895,Communication; CRM; Customer Relationship; Negotiation,Diploma,2026-08-08,Part-time,Yes
JOB_01538,Welder,Byju's,FMCG,Osmanabad,0-2 years,36994,MIG Welding; Arc Welding; Safety Standards,Diploma,2026-09-02,Full-time,Yes
JOB_01539,Full Stack Developer,Mahindra & Mahindra,Telecommunications,Satara,0-2 years,58494,React; Node.js; HTML/CSS; MongoDB,Graduate,2026-06-24,Full-time,No
JOB_01540,Pharmacy Assistant,Amazon,Energy,Chandrapur,8+ years,469320,Inventory Management; Pharmacy Software; Medication Dispensing; Customer Service,Post Graduate,2026-06-07,Full-time,Hybrid
JOB_01541,Electrician,Axis Bank,Media & Entertainment,Pune,Fresher,15069,Troubleshooting; Equipment Maintenance; Electrical Wiring; Safety Standards,Graduate,2026-08-28,Contract,Yes
JOB_01542,Warehouse Supervisor,ABB India,Healthcare,Bhiwandi,0-2 years,28041,Safety Standards; Team Leadership; Inventory Management; Logistics; WMS,Post Graduate,2026-07-25,Contract,Yes
JOB_01543,Teacher,TCS,Media & Entertainment,Kolhapur,8+ years,495989,Curriculum Development; Classroom Management; Assessment; Lesson Planning,Graduate,2026-06-18,Full-time,No
JOB_01544,Content Writer,Byju's,E-commerce,Osmanabad,8+ years,306874,Research; SEO; Editing; Content Writing; Copywriting; WordPress,12th Pass,2026-08-08,Internship,Hybrid
JOB_01545,Digital Marketing Executive,Capgemini,Media & Entertainment,Akola,8+ years,489485,SEM; Social Media Marketing; Content Marketing; SEO; Google Analytics; Email Marketing,Graduate,2026-07-27,Full-time,Yes
JOB_01546,Business Analyst,PhonePe,FMCG,Yavatmal,0-2 years,31497,Excel; JIRA; Requirements Gathering; Agile,10th Pass,2026-06-10,Part-time,No
JOB_01547,Teacher,Tech Mahindra,Telecommunications,Chandrapur,0-2 years,57309,Communication; Lesson Planning; Classroom Management; Curriculum Development,Graduate,2026-07-17,Full-time,No
JOB_01548,Logistics Coordinator,Flipkart,IT Services,Nanded,2-5 years,59838,Coordination; Transportation Management; Communication; Documentation; Tracking Systems,Post Graduate,2026-06-17,Internship,Hybrid
JOB_01549,HR Coordinator,Vedantu,Media & Entertainment,Nashik,5-8 years,239785,Communication; Payroll; Employee Relations,Post Graduate,2026-06-14,Contract,No
JOB_01550,Technician,Infosys,Pharmaceuticals,Solapur,5-8 years,239949,Troubleshooting; Mechanical Systems; Safety; Electrical Systems; Equipment Maintenance,Post Graduate,2026-07-17,Contract,Hybrid
JOB_01551,Medical Lab Technician,Siemens,Logistics,Aurangabad,Fresher,25687,Equipment Operation; Sample Collection; Quality Control,10th Pass,2026-08-07,Contract,Hybrid
JOB_01552,Accountant,Crompton Greaves,Media & Entertainment,Chandrapur,Fresher,23785,Taxation; QuickBooks; Tally; Accounting,12th Pass,2026-06-16,Part-time,Hybrid
JOB_01553,Accountant,Crompton Greaves,Banking & Finance,Nanded,5-8 years,245030,Taxation; QuickBooks; Accounting; Financial Reporting; Tally; GST,12th Pass,2026-06-20,Contract,Hybrid
JOB_01554,Technician,Larsen & Toubro,Construction,Sangli,5-8 years,233446,Safety; Electrical Systems; Troubleshooting; Mechanical Systems; Equipment Maintenance,10th Pass,2026-08-11,Contract,Yes
JOB_01555,Accountant,Godrej Industries,Energy,Kolhapur,5-8 years,199829,Taxation; Financial Reporting; GST; Excel; Accounting; Tally,10th Pass,2026-07-29,Full-time,No
JOB_01556,Full Stack Developer,Flipkart,Construction,Mumbai,2-5 years,102228,JavaScript; Node.js; React; REST API; SQL; MongoDB,12th Pass,2026-08-18,Full-time,No
JOB_01557,Content Writer,HCL,IT Services,Bhiwandi,2-5 years,118168,Copywriting; Editing; WordPress; SEO,Post Graduate,2026-08-22,Full-time,Hybrid
JOB_01558,Teacher,HDFC Bank,Energy,Nanded,8+ years,448369,Lesson Planning; Communication; Classroom Management; Assessment; Curriculum Development,Graduate,2026-08-02,Contract,No
JOB_01559,Pharmacy Assistant,Amazon,Media & Entertainment,Mumbai,0-2 years,38949,Inventory Management; Medication Dispensing; Pharmacy Software; Customer Service,Diploma,2026-08-30,Internship,Hybrid
JOB_01560,Content Writer,Larsen & Toubro,Construction,Nanded,Fresher,18181,Content Writing; Copywriting; Research; SEO,Diploma,2026-06-25,Part-time,No
JOB_01561,Electrician,Unacademy,Automotive,Ahmednagar,2-5 years,52556,Equipment Maintenance; Troubleshooting; Safety Standards,Graduate,2026-06-13,Internship,Yes
JOB_01562,Accountant,Capgemini,Construction,Mumbai,Fresher,22566,Accounting; GST; Tally; Taxation,Diploma,2026-08-01,Contract,No
JOB_01563,DevOps Engineer,Wipro,Retail,Satara,8+ years,286420,CI/CD; Python; Kubernetes; AWS; Ansible; Docker,Graduate,2026-07-28,Internship,Yes
JOB_01564,Nurse,Siemens,Media & Entertainment,Nashik,0-2 years,45671,Emergency Care; Vital Signs; Medical Procedures; Patient Care,Post Graduate,2026-07-12,Part-time,Yes
JOB_01565,Cloud Engineer,ABB India,Healthcare,Mumbai,8+ years,461569,Kubernetes; Docker; AWS; GCP,12th Pass,2026-07-27,Internship,No
JOB_01566,Electrician,Siemens,Manufacturing,Yavatmal,2-5 years,80377,Circuit Design; Troubleshooting; Equipment Maintenance; Electrical Wiring; Safety Standards,Post Graduate,2026-06-28,Contract,Yes
JOB_01567,Supply Chain Analyst,Godrej Industries,Manufacturing,Aurangabad,Fresher,15108,SAP; Excel; Forecasting; Logistics; Data Analysis,12th Pass,2026-08-04,Part-time,Hybrid
JOB_01568,UI/UX Designer,Zerodha,Healthcare,Nagpur,Fresher,28946,Wireframing; Prototyping; HTML/CSS; Adobe XD,10th Pass,2026-08-01,Part-time,Hybrid
JOB_01569,Customer Support Specialist,Siemens,Telecommunications,Akola,8+ years,289292,Problem Solving; Customer Service; CRM; Zendesk,Diploma,2026-06-09,Part-time,Hybrid
JOB_01570,Pharmacy Assistant,Narayana Health,Banking & Finance,Nashik,2-5 years,58724,Pharmacy Software; Customer Service; Medication Dispensing; Inventory Management,Diploma,2026-08-28,Full-time,Hybrid
JOB_01571,Pharmacy Assistant,Crompton Greaves,Automotive,Latur,Fresher,25068,Inventory Management; Customer Service; Pharmacy Software,12th Pass,2026-08-01,Part-time,No
JOB_01572,Machine Operator,Amazon,Education,Latur,0-2 years,32804,Production Planning; Quality Control; CNC Operation; Machine Maintenance,10th Pass,2026-07-21,Contract,Hybrid
JOB_01573,Nurse,HDFC Bank,Education,Chandrapur,8+ years,321303,Emergency Care; Medical Procedures; Patient Care; Vital Signs,10th Pass,2026-07-04,Full-time,Yes
JOB_01574,Business Analyst,ICICI Bank,Retail,Jalna,Fresher,22852,JIRA; SQL; Excel,10th Pass,2026-06-14,Part-time,No
JOB_01575,Training Coordinator,Zerodha,Telecommunications,Jalna,Fresher,32803,Curriculum Design; Training Delivery; LMS; Assessment; Communication,Post Graduate,2026-07-06,Full-time,No
JOB_01576,Medical Lab Technician,Reliance Jio,Manufacturing,Ahmednagar,8+ years,360290,Lab Testing; Equipment Operation; Safety; Quality Control; Sample Collection,Diploma,2026-07-14,Part-time,No
JOB_01577,Warehouse Supervisor,PhonePe,IT Services,Parbhani,0-2 years,52843,WMS; Inventory Management; Team Leadership,12th Pass,2026-06-09,Part-time,No
JOB_01578,Machine Learning Engineer,Accenture,Pharmaceuticals,Parbhani,5-8 years,117119,Scikit-learn; Deep Learning; NLP; TensorFlow; PyTorch; SQL,Post Graduate,2026-07-27,Part-time,No
JOB_01579,DevOps Engineer,Mahindra & Mahindra,Media & Entertainment,Satara,8+ years,219362,Linux; Kubernetes; Ansible; Jenkins; CI/CD; Python,Graduate,2026-08-21,Contract,No
JOB_01580,Cybersecurity Analyst,Axis Bank,Energy,Mumbai,8+ years,473713,Penetration Testing; Network Security; Risk Assessment; SIEM; Compliance,Diploma,2026-07-29,Part-time,Hybrid
JOB_01581,Full Stack Developer,PhonePe,FMCG,Sangli,5-8 years,247073,REST API; SQL; Node.js; MongoDB; React,12th Pass,2026-07-19,Contract,Hybrid
JOB_01582,Retail Associate,Razorpay,E-commerce,Latur,8+ years,431267,Customer Service; Communication; Cash Handling; Inventory Management; Sales,12th Pass,2026-06-22,Full-time,Yes
JOB_01583,Full Stack Developer,HDFC Bank,Construction,Bhiwandi,8+ years,372349,React; MongoDB; JavaScript; Node.js; SQL; REST API,Diploma,2026-08-23,Part-time,No
JOB_01584,Supply Chain Analyst,Narayana Health,Telecommunications,Jalna,0-2 years,26945,Excel; SAP; Data Analysis,10th Pass,2026-08-09,Contract,No
JOB_01585,Pharmacy Assistant,Accenture,Automotive,Nashik,8+ years,344232,Pharmacy Software; Inventory Management; Medication Dispensing,10th Pass,2026-07-23,Full-time,Yes
JOB_01586,Warehouse Supervisor,Flipkart,Energy,Yavatmal,8+ years,224638,Safety Standards; WMS; Logistics,Diploma,2026-07-19,Part-time,Hybrid
JOB_01587,Pharmacy Assistant,ICICI Bank,Healthcare,Ahmednagar,5-8 years,221812,Medication Dispensing; Inventory Management; Customer Service; Pharmacy Software,Diploma,2026-09-03,Part-time,Yes
JOB_01588,Technician,Capgemini,Banking & Finance,Mumbai,5-8 years,224337,Troubleshooting; Equipment Maintenance; Mechanical Systems; Electrical Systems; Safety,Post Graduate,2026-07-27,Contract,No
JOB_01589,Cloud Engineer,Byju's,IT Services,Raigad,0-2 years,31623,Linux; Networking; Kubernetes,Graduate,2026-07-02,Full-time,No
JOB_01590,Sales Executive,Crompton Greaves,Healthcare,Aurangabad,Fresher,32397,Lead Generation; Negotiation; Customer Relationship; CRM; Communication,Post Graduate,2026-07-03,Internship,No
JOB_01591,DevOps Engineer,ICICI Bank,Pharmaceuticals,Nagpur,5-8 years,163437,Linux; CI/CD; Docker; Python; Kubernetes,Graduate,2026-06-17,Full-time,Hybrid
JOB_01592,Sales Executive,Byju's,Banking & Finance,Akola,8+ years,245061,Communication; Lead Generation; Customer Relationship; CRM,Diploma,2026-06-13,Internship,No
JOB_01593,Cybersecurity Analyst,Reliance Jio,Manufacturing,Parbhani,8+ years,405986,Network Security; Compliance; Firewall; Penetration Testing; Risk Assessment,10th Pass,2026-06-10,Full-time,Hybrid
JOB_01594,DevOps Engineer,Zerodha,Logistics,Kolhapur,8+ years,421157,Ansible; Jenkins; Docker; CI/CD,12th Pass,2026-06-13,Internship,Yes
JOB_01595,Sales Executive,Reliance Jio,Telecommunications,Jalgaon,0-2 years,29501,Lead Generation; Communication; Negotiation,12th Pass,2026-06-09,Full-time,Yes
JOB_01596,Teacher,Vedantu,Manufacturing,Satara,Fresher,23703,Classroom Management; Communication; Assessment; Curriculum Development; Lesson Planning,Diploma,2026-08-30,Full-time,Yes
JOB_01597,Business Analyst,TCS,E-commerce,Bhiwandi,8+ years,309330,Excel; SQL; Power BI; JIRA; Process Mapping; Requirements Gathering,Post Graduate,2026-07-12,Full-time,No
JOB_01598,Machine Operator,Tata Motors,Logistics,Yavatmal,2-5 years,91548,Production Planning; Machine Maintenance; Quality Control,Graduate,2026-08-08,Internship,Hybrid
JOB_01599,Nurse,Paytm,Retail,Ahmednagar,Fresher,20673,Emergency Care; Patient Care; Medication Administration; Vital Signs,10th Pass,2026-07-02,Contract,Hybrid
JOB_01600,Quality Analyst,Siemens,FMCG,Sangli,5-8 years,218928,Testing; Agile; Selenium; Manual Testing; SQL,12th Pass,2026-08-18,Full-time,No
JOB_01601,Machine Learning Engineer,Byju's,FMCG,Mumbai,0-2 years,42759,NLP; Python; Scikit-learn,Post Graduate,2026-08-31,Contract,Yes
JOB_01602,Fitter,Tech Mahindra,Telecommunications,Jalna,8+ years,468419,Blueprint Reading; Assembly; Maintenance; Precision Tools,Post Graduate,2026-08-07,Part-time,No
JOB_01603,Full Stack Developer,TCS,Energy,Chandrapur,5-8 years,129548,React; REST API; HTML/CSS; JavaScript; SQL,Post Graduate,2026-07-22,Internship,Yes
JOB_01604,UI/UX Designer,Narayana Health,E-commerce,Aurangabad,8+ years,289331,Sketch; Adobe XD; Figma; HTML/CSS; User Research,Graduate,2026-08-06,Full-time,Hybrid
JOB_01605,Machine Operator,Vedantu,E-commerce,Chandrapur,2-5 years,52579,Quality Control; Production Planning; CNC Operation,12th Pass,2026-08-28,Contract,Yes
JOB_01606,Fitter,Tata Motors,Manufacturing,Solapur,0-2 years,56635,Maintenance; Mechanical Fitting; Assembly,Diploma,2026-06-18,Full-time,Hybrid
JOB_01607,Training Coordinator,Tata Motors,Telecommunications,Aurangabad,0-2 years,41761,Training Delivery; Assessment; LMS; Curriculum Design,12th Pass,2026-06-23,Part-time,Yes
JOB_01608,UI/UX Designer,Paytm,Energy,Nagpur,2-5 years,84736,HTML/CSS; Adobe XD; Wireframing; Sketch; Figma,Post Graduate,2026-06-08,Part-time,No
JOB_01609,Cloud Engineer,HCL,IT Services,Bhiwandi,Fresher,18251,Kubernetes; Docker; Terraform; Networking,12th Pass,2026-06-08,Part-time,Yes
JOB_01610,Supply Chain Analyst,Narayana Health,Logistics,Aurangabad,Fresher,34482,Excel; SAP; Forecasting; Inventory Management,Post Graduate,2026-07-24,Internship,No
JOB_01611,Warehouse Supervisor,Apollo Hospitals,Healthcare,Nagpur,0-2 years,55464,WMS; Inventory Management; Safety Standards; Team Leadership,10th Pass,2026-07-06,Contract,Yes
JOB_01612,Data Analyst,Bajaj Finserv,E-commerce,Parbhani,Fresher,17931,Python; NumPy; Power BI; SQL; Statistics,Graduate,2026-08-11,Internship,Yes
JOB_01613,UI/UX Designer,ICICI Bank,Telecommunications,Nashik,Fresher,31240,User Research; Figma; HTML/CSS; Prototyping; Wireframing; Adobe XD,Post Graduate,2026-08-17,Full-time,Yes
JOB_01614,Nurse,Tata Motors,Pharmaceuticals,Akola,2-5 years,58965,Patient Care; Vital Signs; Emergency Care; Medication Administration,Graduate,2026-07-06,Internship,No
JOB_01615,Full Stack Developer,HCL,E-commerce,Ahmednagar,0-2 years,48628,SQL; Node.js; React; HTML/CSS,Graduate,2026-08-17,Internship,Yes
JOB_01616,DevOps Engineer,ICICI Bank,Media & Entertainment,Solapur,2-5 years,89988,Docker; Ansible; Python; Jenkins; Kubernetes,12th Pass,2026-07-09,Part-time,No
JOB_01617,Welder,Reliance Jio,Retail,Amravati,Fresher,30411,TIG Welding; Blueprint Reading; Arc Welding; Safety Standards; MIG Welding,Graduate,2026-07-14,Internship,Hybrid
JOB_01618,Medical Lab Technician,Infosys,Construction,Raigad,2-5 years,97066,Equipment Operation; Safety; Quality Control,10th Pass,2026-06-22,Contract,Yes
JOB_01619,Content Writer,Cognizant,Banking & Finance,Aurangabad,Fresher,20594,Copywriting; Editing; Content Writing,10th Pass,2026-07-11,Internship,Hybrid
JOB_01620,Full Stack Developer,Max Healthcare,Education,Bhiwandi,8+ years,443064,Git; REST API; SQL; MongoDB; React; JavaScript,Graduate,2026-07-18,Full-time,Hybrid
JOB_01621,Quality Analyst,Vedantu,Education,Jalgaon,2-5 years,107451,Bug Tracking; Agile; Selenium,10th Pass,2026-06-12,Full-time,Hybrid
JOB_01622,Cloud Engineer,Paytm,Education,Pune,8+ years,226398,Azure; Docker; GCP; AWS,10th Pass,2026-07-15,Part-time,No
JOB_01623,Welder,Siemens,Healthcare,Amravati,0-2 years,42722,Blueprint Reading; TIG Welding; Safety Standards; MIG Welding,Graduate,2026-07-09,Part-time,Yes
JOB_01624,Cybersecurity Analyst,Max Healthcare,Manufacturing,Jalna,8+ years,288170,Firewall; Penetration Testing; Risk Assessment; SIEM; Network Security,Post Graduate,2026-08-27,Part-time,Hybrid
JOB_01625,Warehouse Supervisor,Amazon,Energy,Yavatmal,5-8 years,154561,Logistics; WMS; Inventory Management,Graduate,2026-08-08,Full-time,Yes
JOB_01626,Software Developer,Fortis Healthcare,Healthcare,Jalna,8+ years,202531,REST API; SQL; Java; Git; Python,10th Pass,2026-09-04,Full-time,Yes
JOB_01627,Machine Learning Engineer,TCS,IT Services,Dhule,Fresher,22703,Scikit-learn; SQL; TensorFlow,12th Pass,2026-08-18,Part-time,No
JOB_01628,Warehouse Supervisor,Vedantu,Pharmaceuticals,Yavatmal,8+ years,357392,WMS; Inventory Management; Team Leadership; Safety Standards; Logistics,Graduate,2026-06-27,Internship,No
JOB_01629,Machine Learning Engineer,Wipro,IT Services,Kolhapur,5-8 years,172700,SQL; NLP; Deep Learning,Post Graduate,2026-06-09,Part-time,No
JOB_01630,Cloud Engineer,Bajaj Finserv,Logistics,Raigad,Fresher,25431,Azure; Kubernetes; AWS,10th Pass,2026-08-24,Contract,Hybrid
JOB_01631,Machine Learning Engineer,Amazon,FMCG,Jalna,2-5 years,51577,TensorFlow; Python; NLP; PyTorch; Scikit-learn,Diploma,2026-08-27,Part-time,No
JOB_01632,Logistics Coordinator,Max Healthcare,Retail,Sangli,0-2 years,41409,Tracking Systems; Communication; Documentation,10th Pass,2026-07-30,Contract,No
JOB_01633,Accountant,HCL,Banking & Finance,Aurangabad,5-8 years,104202,Taxation; Excel; GST,10th Pass,2026-08-18,Full-time,Hybrid
JOB_01634,Quality Analyst,Axis Bank,Telecommunications,Aurangabad,0-2 years,27207,Bug Tracking; Manual Testing; Testing; Selenium; SQL; JIRA,Diploma,2026-06-29,Full-time,No
JOB_01635,Machine Learning Engineer,Vedantu,Healthcare,Aurangabad,2-5 years,79133,Deep Learning; TensorFlow; Scikit-learn; PyTorch; Python,12th Pass,2026-07-22,Full-time,Yes
JOB_01636,Full Stack Developer,Cognizant,FMCG,Solapur,Fresher,28719,HTML/CSS; JavaScript; SQL; Git,Post Graduate,2026-08-27,Contract,No
JOB_01637,Fitter,Narayana Health,Banking & Finance,Jalgaon,Fresher,20665,Mechanical Fitting; Assembly; Precision Tools,Graduate,2026-08-07,Contract,No
JOB_01638,Accountant,Accenture,E-commerce,Pune,Fresher,15970,Taxation; Excel; Accounting; Tally,Post Graduate,2026-08-24,Part-time,Yes
JOB_01639,Fitter,Larsen & Toubro,Banking & Finance,Nagpur,5-8 years,198110,Mechanical Fitting; Precision Tools; Assembly,12th Pass,2026-09-03,Internship,No
JOB_01640,Logistics Coordinator,Mahindra & Mahindra,Education,Kolhapur,2-5 years,68917,Transportation Management; Communication; Tracking Systems; Coordination,12th Pass,2026-07-10,Part-time,Hybrid
JOB_01641,Full Stack Developer,Cognizant,Automotive,Mumbai,5-8 years,195931,HTML/CSS; React; JavaScript,Post Graduate,2026-07-03,Contract,No
JOB_01642,Pharmacy Assistant,Bajaj Finserv,Manufacturing,Sangli,0-2 years,35694,Medication Dispensing; Customer Service; Inventory Management; Pharmacy Software,Graduate,2026-07-26,Part-time,No
JOB_01643,Technician,Unacademy,IT Services,Dhule,0-2 years,51226,Mechanical Systems; Safety; Electrical Systems; Troubleshooting; Equipment Maintenance,Post Graduate,2026-08-16,Contract,Yes
JOB_01644,Project Coordinator,Max Healthcare,Energy,Chandrapur,8+ years,283699,Coordination; Documentation; Agile; Communication; MS Office; Project Management,Graduate,2026-06-22,Part-time,No
JOB_01645,Software Developer,Cognizant,FMCG,Ahmednagar,Fresher,25263,Microservices; JavaScript; Java; Agile; Git,Post Graduate,2026-08-01,Contract,Yes
JOB_01646,Full Stack Developer,Fortis Healthcare,Telecommunications,Raigad,5-8 years,213462,React; REST API; JavaScript; Node.js,10th Pass,2026-08-03,Contract,Yes
JOB_01647,Customer Support Specialist,Reliance Jio,IT Services,Nanded,2-5 years,66216,CRM; Customer Service; Zendesk; Communication,10th Pass,2026-08-23,Internship,Yes
JOB_01648,Electrician,Razorpay,E-commerce,Nagpur,8+ years,322422,Circuit Design; Electrical Wiring; Safety Standards; Equipment Maintenance,Post Graduate,2026-07-27,Contract,Hybrid
JOB_01649,Fitter,PhonePe,FMCG,Jalna,2-5 years,105020,Mechanical Fitting; Precision Tools; Assembly,Graduate,2026-06-28,Internship,No
JOB_01650,Machine Learning Engineer,Cognizant,Energy,Latur,Fresher,20275,Python; TensorFlow; NLP,Diploma,2026-07-19,Part-time,Hybrid
JOB_01651,Warehouse Supervisor,Reliance Jio,Healthcare,Nagpur,2-5 years,90757,Inventory Management; Safety Standards; WMS,10th Pass,2026-06-18,Internship,Yes
JOB_01652,Medical Lab Technician,Amazon,Banking & Finance,Parbhani,0-2 years,35692,Safety; Quality Control; Lab Testing; Equipment Operation; Sample Collection,Post Graduate,2026-08-28,Full-time,Hybrid
JOB_01653,HR Coordinator,HCL,Banking & Finance,Nanded,8+ years,310025,Communication; Recruitment; Payroll,12th Pass,2026-07-28,Full-time,Yes
JOB_01654,Cloud Engineer,Cognizant,Automotive,Raigad,5-8 years,193003,Networking; AWS; Linux; Terraform; Docker; Kubernetes,10th Pass,2026-06-09,Full-time,Hybrid
JOB_01655,Quality Analyst,Godrej Industries,Energy,Nashik,2-5 years,60097,JIRA; Bug Tracking; Manual Testing; Agile; Testing; SQL,12th Pass,2026-08-09,Contract,Yes
JOB_01656,Sales Executive,Capgemini,IT Services,Solapur,8+ years,447292,Negotiation; Lead Generation; Communication; CRM,12th Pass,2026-08-18,Full-time,Hybrid
JOB_01657,Cybersecurity Analyst,Max Healthcare,Banking & Finance,Nashik,5-8 years,134020,Network Security; Risk Assessment; Compliance; SIEM; Penetration Testing; Firewall,10th Pass,2026-08-10,Internship,No
JOB_01658,Supply Chain Analyst,HDFC Bank,Logistics,Nashik,5-8 years,101828,SAP; Excel; Inventory Management; Forecasting; Data Analysis,Diploma,2026-08-12,Full-time,Hybrid
JOB_01659,Warehouse Supervisor,Larsen & Toubro,Logistics,Latur,8+ years,301792,Inventory Management; WMS; Safety Standards; Team Leadership; Logistics,Post Graduate,2026-08-18,Internship,Yes
JOB_01660,UI/UX Designer,Wipro,FMCG,Dhule,Fresher,28055,User Research; Wireframing; Prototyping; Sketch; Adobe XD; HTML/CSS,12th Pass,2026-06-11,Full-time,No
JOB_01661,Nurse,Larsen & Toubro,Banking & Finance,Yavatmal,5-8 years,137234,Emergency Care; Patient Care; Vital Signs; Medical Procedures,Diploma,2026-08-24,Full-time,Hybrid
JOB_01662,Cloud Engineer,Amazon,Retail,Jalgaon,5-8 years,157038,AWS; Docker; Terraform,Diploma,2026-08-10,Full-time,Hybrid
JOB_01663,Quality Analyst,Godrej Industries,Energy,Solapur,2-5 years,67950,Agile; JIRA; Testing; Selenium,10th Pass,2026-07-30,Contract,Hybrid
JOB_01664,Digital Marketing Executive,TCS,Education,Mumbai,0-2 years,26013,Email Marketing; Social Media Marketing; SEO,Post Graduate,2026-07-26,Full-time,Yes
JOB_01665,Cloud Engineer,Fortis Healthcare,Logistics,Nagpur,2-5 years,80289,Networking; Linux; GCP; Docker; Azure,10th Pass,2026-06-11,Contract,Yes
JOB_01666,Full Stack Developer,Accenture,IT Services,Nagpur,8+ years,420521,JavaScript; Git; REST API; Node.js; MongoDB,Post Graduate,2026-08-02,Internship,Hybrid
JOB_01667,Medical Lab Technician,Capgemini,Manufacturing,Ahmednagar,8+ years,271730,Sample Collection; Equipment Operation; Safety; Lab Testing,Graduate,2026-06-27,Internship,No
JOB_01668,Sales Executive,Axis Bank,Automotive,Aurangabad,Fresher,26185,Customer Relationship; Lead Generation; Communication; CRM,Diploma,2026-07-20,Part-time,No
JOB_01669,Pharmacy Assistant,Vedantu,E-commerce,Yavatmal,Fresher,24687,Pharmacy Software; Medication Dispensing; Inventory Management,12th Pass,2026-07-29,Contract,No
JOB_01670,Accountant,Amazon,IT Services,Chandrapur,5-8 years,153365,Tally; Accounting; QuickBooks; Taxation; Excel,10th Pass,2026-08-28,Internship,Yes
JOB_01671,Customer Support Specialist,Zerodha,Telecommunications,Sangli,5-8 years,125612,Problem Solving; Zendesk; CRM; Communication; Customer Service,Diploma,2026-07-04,Contract,Yes
JOB_01672,Quality Analyst,Unacademy,Education,Solapur,Fresher,25627,JIRA; Manual Testing; Bug Tracking,Post Graduate,2026-07-08,Internship,Yes
JOB_01673,UI/UX Designer,ABB India,Education,Solapur,8+ years,490980,Wireframing; User Research; Prototyping; Adobe XD; HTML/CSS; Figma,Diploma,2026-06-30,Full-time,No
JOB_01674,Accountant,IBM,IT Services,Sangli,5-8 years,154139,Financial Reporting; Accounting; Excel; Taxation; QuickBooks; Tally,Post Graduate,2026-07-23,Internship,No
JOB_01675,Accountant,IBM,Healthcare,Latur,0-2 years,42252,Financial Reporting; Taxation; Accounting; Tally; Excel; QuickBooks,10th Pass,2026-06-30,Internship,Hybrid
JOB_01676,Technician,HCL,Pharmaceuticals,Solapur,0-2 years,47731,Electrical Systems; Troubleshooting; Mechanical Systems; Equipment Maintenance,10th Pass,2026-09-01,Part-time,No
JOB_01677,Business Analyst,Accenture,Media & Entertainment,Ahmednagar,8+ years,364768,Requirements Gathering; Process Mapping; Agile; Power BI; SQL,Diploma,2026-08-11,Internship,No
JOB_01678,Data Analyst,Vedantu,Logistics,Jalna,5-8 years,107240,Statistics; Excel; SQL; Power BI; Python,10th Pass,2026-08-05,Contract,Yes
JOB_01679,Pharmacy Assistant,ICICI Bank,Energy,Parbhani,0-2 years,28908,Customer Service; Pharmacy Software; Medication Dispensing; Inventory Management,Post Graduate,2026-08-13,Part-time,No
JOB_01680,Cloud Engineer,Vedantu,Energy,Nagpur,Fresher,18493,Terraform; Docker; Kubernetes; AWS; Networking,Post Graduate,2026-07-12,Full-time,No
JOB_01681,UI/UX Designer,Apollo Hospitals,Banking & Finance,Bhiwandi,8+ years,396501,Sketch; User Research; Prototyping; Adobe XD; Figma,Graduate,2026-08-13,Internship,Hybrid
JOB_01682,Software Developer,Reliance Jio,E-commerce,Nanded,0-2 years,25911,JavaScript; Agile; SQL,Diploma,2026-08-23,Part-time,Hybrid
JOB_01683,Content Writer,Tech Mahindra,IT Services,Parbhani,2-5 years,78316,Editing; Content Writing; WordPress; SEO; Copywriting; Research,12th Pass,2026-08-25,Part-time,No
JOB_01684,Teacher,TCS,IT Services,Akola,Fresher,28541,Curriculum Development; Classroom Management; Lesson Planning; Communication,Post Graduate,2026-07-08,Contract,No
JOB_01685,Content Writer,Capgemini,Energy,Kolhapur,8+ years,491088,SEO; Editing; Copywriting; WordPress; Research; Content Writing,10th Pass,2026-09-04,Part-time,Hybrid
JOB_01686,Data Analyst,Mahindra & Mahindra,IT Services,Akola,5-8 years,244190,Statistics; Tableau; NumPy; Pandas,Graduate,2026-07-25,Part-time,Hybrid
JOB_01687,Welder,Vedantu,Pharmaceuticals,Aurangabad,0-2 years,30702,Safety Standards; MIG Welding; TIG Welding,10th Pass,2026-08-15,Full-time,No
JOB_01688,Cybersecurity Analyst,HCL,Education,Beed,2-5 years,101790,Network Security; Penetration Testing; Firewall; SIEM; Risk Assessment; Compliance,Diploma,2026-06-14,Part-time,No
JOB_01689,Pharmacy Assistant,Crompton Greaves,Manufacturing,Bhiwandi,0-2 years,26533,Pharmacy Software; Customer Service; Inventory Management,Graduate,2026-07-09,Internship,No
JOB_01690,Medical Lab Technician,Paytm,Manufacturing,Ahmednagar,Fresher,18384,Lab Testing; Sample Collection; Safety; Equipment Operation,Post Graduate,2026-06-24,Full-time,Yes
JOB_01691,UI/UX Designer,Crompton Greaves,Media & Entertainment,Latur,Fresher,32767,User Research; Figma; Sketch; HTML/CSS,Graduate,2026-06-23,Part-time,Yes
JOB_01692,Teacher,HDFC Bank,Healthcare,Latur,0-2 years,41035,Classroom Management; Lesson Planning; Assessment,Graduate,2026-07-21,Full-time,Yes
JOB_01693,Nurse,ABB India,Manufacturing,Beed,2-5 years,87182,Patient Care; Medical Procedures; Vital Signs,Graduate,2026-07-24,Part-time,No
JOB_01694,Fitter,Godrej Industries,Pharmaceuticals,Bhiwandi,8+ years,301055,Maintenance; Blueprint Reading; Mechanical Fitting,Diploma,2026-08-15,Part-time,No
JOB_01695,Training Coordinator,Byju's,E-commerce,Nanded,0-2 years,40105,LMS; Training Delivery; Curriculum Design,Post Graduate,2026-08-20,Contract,No
JOB_01696,Digital Marketing Executive,HCL,Logistics,Nanded,0-2 years,28698,Content Marketing; Social Media Marketing; Google Analytics; Email Marketing; SEO,Post Graduate,2026-08-20,Part-time,No
JOB_01697,Content Writer,Zerodha,Logistics,Nagpur,0-2 years,25975,Editing; Copywriting; WordPress; Content Writing; Research,Post Graduate,2026-07-17,Contract,Hybrid
JOB_01698,Digital Marketing Executive,Unacademy,Manufacturing,Amravati,8+ years,407368,Content Marketing; SEM; Email Marketing,Graduate,2026-07-09,Part-time,Yes
JOB_01699,Supply Chain Analyst,Narayana Health,E-commerce,Kolhapur,2-5 years,100213,Logistics; Inventory Management; Forecasting; Excel; SAP; Data Analysis,Post Graduate,2026-08-22,Full-time,Hybrid
JOB_01700,Accountant,Axis Bank,IT Services,Chandrapur,Fresher,32466,Taxation; QuickBooks; Excel,Diploma,2026-08-01,Part-time,No
JOB_01701,Data Analyst,Cognizant,Banking & Finance,Solapur,0-2 years,45827,Power BI; Pandas; Excel; Statistics; Python,Diploma,2026-08-23,Part-time,Hybrid
JOB_01702,Logistics Coordinator,Cognizant,Education,Nashik,0-2 years,55211,Transportation Management; Tracking Systems; Documentation,Post Graduate,2026-06-15,Contract,No
JOB_01703,Welder,Mahindra & Mahindra,Energy,Latur,0-2 years,40483,MIG Welding; Arc Welding; TIG Welding,Diploma,2026-08-03,Full-time,Hybrid
JOB_01704,UI/UX Designer,Zerodha,Logistics,Jalgaon,Fresher,33827,Prototyping; HTML/CSS; Wireframing,Post Graduate,2026-08-10,Part-time,Yes
JOB_01705,Fitter,Byju's,Manufacturing,Bhiwandi,8+ years,378411,Precision Tools; Mechanical Fitting; Assembly,10th Pass,2026-07-07,Contract,No
JOB_01706,Machine Learning Engineer,ABB India,Construction,Jalna,Fresher,32743,Deep Learning; SQL; NLP; TensorFlow; PyTorch,Diploma,2026-08-14,Internship,Hybrid
JOB_01707,Nurse,Narayana Health,FMCG,Aurangabad,5-8 years,226420,Patient Care; Medication Administration; Medical Procedures,10th Pass,2026-08-19,Part-time,No
JOB_01708,Full Stack Developer,Siemens,Pharmaceuticals,Beed,0-2 years,35421,React; Git; SQL; MongoDB; REST API,Post Graduate,2026-08-13,Contract,Yes
JOB_01709,Logistics Coordinator,Reliance Jio,Manufacturing,Bhiwandi,Fresher,33103,Tracking Systems; Documentation; Coordination; Communication; Transportation Management,Post Graduate,2026-07-14,Contract,Yes
JOB_01710,Machine Operator,Flipkart,FMCG,Nagpur,Fresher,24419,Machine Maintenance; Quality Control; CNC Operation,10th Pass,2026-06-24,Part-time,Hybrid
JOB_01711,Software Developer,Max Healthcare,Retail,Satara,Fresher,28058,Microservices; Python; Java; SQL,Diploma,2026-09-04,Contract,Yes
JOB_01712,Project Coordinator,Byju's,Healthcare,Latur,8+ years,220624,Project Management; MS Office; Documentation; Coordination,Post Graduate,2026-09-02,Full-time,Yes
JOB_01713,Warehouse Supervisor,Axis Bank,Healthcare,Nanded,Fresher,24760,Team Leadership; WMS; Inventory Management; Logistics,Graduate,2026-07-07,Full-time,Hybrid
JOB_01714,Cybersecurity Analyst,Wipro,Retail,Mumbai,5-8 years,227363,Risk Assessment; Penetration Testing; Firewall,Graduate,2026-06-12,Contract,No
JOB_01715,Machine Learning Engineer,Max Healthcare,Energy,Nashik,5-8 years,202477,Scikit-learn; NLP; TensorFlow,Post Graduate,2026-07-30,Contract,Yes
JOB_01716,Software Developer,Axis Bank,Logistics,Akola,8+ years,433147,SQL; JavaScript; Microservices; Python,Post Graduate,2026-07-12,Part-time,Hybrid
JOB_01717,Cloud Engineer,Max Healthcare,Banking & Finance,Amravati,0-2 years,31104,Kubernetes; GCP; Linux,Diploma,2026-07-11,Part-time,Yes
JOB_01718,Retail Associate,Larsen & Toubro,Education,Dhule,Fresher,30201,Customer Service; Sales; Cash Handling; Communication,12th Pass,2026-07-06,Contract,No
JOB_01719,Project Coordinator,Byju's,Energy,Pune,5-8 years,111797,Documentation; Coordination; Agile; Project Management,12th Pass,2026-07-31,Full-time,No
JOB_01720,Sales Executive,PhonePe,Telecommunications,Nashik,2-5 years,72601,CRM; Customer Relationship; Negotiation; Lead Generation,Post Graduate,2026-07-28,Full-time,Yes
JOB_01721,Full Stack Developer,Unacademy,Education,Kolhapur,8+ years,340859,SQL; JavaScript; MongoDB; React; REST API,12th Pass,2026-07-22,Contract,Yes
JOB_01722,Quality Analyst,Mahindra & Mahindra,Logistics,Nanded,5-8 years,240526,Selenium; Manual Testing; Agile,Post Graduate,2026-07-19,Internship,Yes
JOB_01723,Accountant,Wipro,Education,Nanded,8+ years,233145,Excel; QuickBooks; Taxation; Accounting; GST; Financial Reporting,Graduate,2026-06-13,Full-time,Hybrid
JOB_01724,Sales Executive,ABB India,Construction,Jalna,0-2 years,50612,Lead Generation; Communication; CRM; Customer Relationship,Post Graduate,2026-07-31,Contract,Hybrid
JOB_01725,Welder,Axis Bank,Logistics,Pune,Fresher,24985,Arc Welding; TIG Welding; Safety Standards; MIG Welding; Blueprint Reading,12th Pass,2026-07-04,Full-time,No
JOB_01726,Cybersecurity Analyst,Razorpay,Education,Jalna,5-8 years,121588,Penetration Testing; Firewall; Network Security; Compliance; SIEM,12th Pass,2026-06-27,Contract,No
JOB_01727,Machine Learning Engineer,IBM,Construction,Chandrapur,5-8 years,122840,NLP; TensorFlow; Scikit-learn; Python; Deep Learning; PyTorch,Diploma,2026-06-30,Full-time,Yes
JOB_01728,DevOps Engineer,Flipkart,Automotive,Parbhani,5-8 years,180757,Jenkins; Linux; CI/CD,Graduate,2026-07-24,Internship,Hybrid
JOB_01729,Medical Lab Technician,Infosys,Education,Dhule,8+ years,217441,Equipment Operation; Quality Control; Sample Collection,Graduate,2026-07-23,Part-time,Hybrid
JOB_01730,Cybersecurity Analyst,Byju's,Automotive,Sangli,5-8 years,215351,Penetration Testing; Network Security; Firewall; Compliance,Post Graduate,2026-06-11,Full-time,No
JOB_01731,Supply Chain Analyst,IBM,E-commerce,Bhiwandi,Fresher,24214,Inventory Management; Forecasting; Data Analysis; Logistics,10th Pass,2026-08-25,Full-time,Hybrid
JOB_01732,HR Coordinator,PhonePe,Retail,Beed,8+ years,403009,HRMS; Payroll; Communication; Employee Relations; Recruitment,Post Graduate,2026-07-06,Internship,Yes
JOB_01733,Full Stack Developer,PhonePe,Pharmaceuticals,Osmanabad,0-2 years,44836,Git; JavaScript; HTML/CSS; Node.js; SQL; REST API,Post Graduate,2026-06-23,Part-time,Yes
JOB_01734,Retail Associate,Mahindra & Mahindra,Construction,Pune,5-8 years,107796,Cash Handling; Customer Service; Inventory Management; Sales; Communication,12th Pass,2026-07-14,Part-time,Yes
JOB_01735,Medical Lab Technician,Narayana Health,FMCG,Nagpur,Fresher,21280,Safety; Lab Testing; Sample Collection,10th Pass,2026-06-22,Part-time,Hybrid
JOB_01736,Medical Lab Technician,Flipkart,Logistics,Nagpur,8+ years,369270,Safety; Sample Collection; Quality Control,Post Graduate,2026-08-09,Internship,Yes
JOB_01737,HR Coordinator,Byju's,Energy,Bhiwandi,Fresher,20168,Payroll; Communication; HRMS; Employee Relations; Compliance,Post Graduate,2026-09-01,Part-time,Yes
JOB_01738,Technician,Crompton Greaves,Construction,Akola,0-2 years,52429,Safety; Equipment Maintenance; Mechanical Systems; Troubleshooting; Electrical Systems,Graduate,2026-07-09,Internship,Hybrid
JOB_01739,UI/UX Designer,ABB India,Energy,Satara,Fresher,23898,Adobe XD; Figma; Sketch; User Research; Prototyping; Wireframing,10th Pass,2026-08-06,Contract,Hybrid
JOB_01740,Nurse,Amazon,FMCG,Pune,0-2 years,55898,Patient Care; Vital Signs; Medication Administration; Emergency Care; Medical Procedures,Graduate,2026-07-02,Internship,Hybrid
JOB_01741,Content Writer,Axis Bank,Construction,Yavatmal,2-5 years,63494,Copywriting; Editing; Content Writing,Diploma,2026-07-18,Part-time,Hybrid
JOB_01742,Quality Analyst,TCS,Healthcare,Akola,Fresher,28509,JIRA; Testing; Agile; SQL; Bug Tracking; Manual Testing,Diploma,2026-06-16,Full-time,No
JOB_01743,Teacher,Infosys,Telecommunications,Amravati,Fresher,20221,Curriculum Development; Lesson Planning; Communication; Assessment; Classroom Management,Post Graduate,2026-07-15,Part-time,Hybrid
JOB_01744,Project Coordinator,Reliance Jio,Construction,Bhiwandi,5-8 years,219968,Documentation; Coordination; Agile; Project Management; MS Office,10th Pass,2026-08-17,Contract,Hybrid
JOB_01745,UI/UX Designer,Tata Motors,Banking & Finance,Beed,5-8 years,210882,Prototyping; User Research; Figma,Graduate,2026-06-21,Internship,Yes
JOB_01746,UI/UX Designer,Narayana Health,E-commerce,Dhule,5-8 years,134988,User Research; Figma; HTML/CSS,Post Graduate,2026-09-02,Full-time,No
JOB_01747,Data Analyst,HDFC Bank,Construction,Ahmednagar,0-2 years,37050,Tableau; Excel; SQL; Pandas; Power BI,Diploma,2026-06-14,Contract,Hybrid
JOB_01748,Technician,Accenture,E-commerce,Mumbai,5-8 years,142547,Electrical Systems; Troubleshooting; Mechanical Systems,Diploma,2026-06-12,Part-time,No
JOB_01749,Welder,Accenture,Media & Entertainment,Nanded,Fresher,23147,MIG Welding; Safety Standards; Blueprint Reading,Post Graduate,2026-09-03,Contract,Hybrid
JOB_01750,HR Coordinator,HCL,Healthcare,Osmanabad,5-8 years,198417,Compliance; Employee Relations; Recruitment; Payroll; HRMS; Communication,Post Graduate,2026-07-26,Contract,Yes
JOB_01751,Customer Support Specialist,Byju's,Education,Kolhapur,2-5 years,81859,Communication; Zendesk; Problem Solving; CRM; Customer Service,Diploma,2026-07-15,Part-time,Yes
JOB_01752,Customer Support Specialist,Paytm,Healthcare,Chandrapur,8+ years,279833,CRM; Customer Service; Zendesk; Problem Solving; Communication,Post Graduate,2026-08-10,Part-time,No
JOB_01753,Data Analyst,Vedantu,Automotive,Dhule,5-8 years,181372,Tableau; NumPy; Python; SQL; Excel; Power BI,12th Pass,2026-06-24,Part-time,Yes
JOB_01754,Warehouse Supervisor,Reliance Jio,Automotive,Sangli,Fresher,15363,Safety Standards; Team Leadership; Inventory Management; WMS; Logistics,12th Pass,2026-07-17,Internship,Yes
JOB_01755,Project Coordinator,Max Healthcare,E-commerce,Nanded,5-8 years,243697,Documentation; MS Office; Communication; Agile,Post Graduate,2026-08-04,Contract,Hybrid
JOB_01756,Warehouse Supervisor,PhonePe,Logistics,Dhule,5-8 years,213725,Safety Standards; WMS; Logistics; Inventory Management; Team Leadership,Diploma,2026-09-03,Full-time,Yes
JOB_01757,Machine Learning Engineer,HCL,Telecommunications,Solapur,8+ years,476761,SQL; TensorFlow; Python; PyTorch; NLP,10th Pass,2026-08-11,Full-time,Yes
JOB_01758,DevOps Engineer,Infosys,IT Services,Mumbai,5-8 years,222266,CI/CD; Kubernetes; Jenkins,Post Graduate,2026-07-15,Full-time,No
JOB_01759,Warehouse Supervisor,Godrej Industries,Pharmaceuticals,Pune,0-2 years,38377,Inventory Management; Team Leadership; Safety Standards; WMS; Logistics,10th Pass,2026-06-30,Internship,No
JOB_01760,DevOps Engineer,IBM,IT Services,Parbhani,8+ years,271005,Python; Linux; Ansible; AWS; Kubernetes; Jenkins,Graduate,2026-07-29,Contract,Hybrid
JOB_01761,Retail Associate,Razorpay,E-commerce,Pune,0-2 years,56750,Inventory Management; Sales; Customer Service,12th Pass,2026-07-12,Full-time,Hybrid
JOB_01762,Project Coordinator,Narayana Health,E-commerce,Bhiwandi,2-5 years,119985,Agile; Documentation; MS Office,Graduate,2026-08-19,Full-time,No
JOB_01763,Technician,TCS,Logistics,Kolhapur,2-5 years,112952,Mechanical Systems; Safety; Equipment Maintenance; Troubleshooting; Electrical Systems,Diploma,2026-08-16,Full-time,No
JOB_01764,Cybersecurity Analyst,Mahindra & Mahindra,Banking & Finance,Parbhani,2-5 years,75450,SIEM; Penetration Testing; Network Security; Compliance,10th Pass,2026-07-05,Contract,No
JOB_01765,Cloud Engineer,Paytm,Logistics,Pune,Fresher,17035,Docker; Linux; Azure; AWS; Terraform; Networking,12th Pass,2026-08-07,Full-time,Hybrid
JOB_01766,Logistics Coordinator,Amazon,Pharmaceuticals,Pune,0-2 years,58792,Coordination; Transportation Management; Communication; Tracking Systems,Post Graduate,2026-07-05,Part-time,No
JOB_01767,Data Analyst,Reliance Jio,FMCG,Jalgaon,0-2 years,42755,Tableau; Excel; Power BI; Pandas; Python,12th Pass,2026-07-03,Full-time,No
JOB_01768,Warehouse Supervisor,IBM,FMCG,Ahmednagar,8+ years,446643,Logistics; Inventory Management; Safety Standards,Diploma,2026-07-14,Full-time,Hybrid
JOB_01769,Digital Marketing Executive,Wipro,Media & Entertainment,Beed,5-8 years,241089,SEO; Social Media Marketing; SEM; Google Analytics; Email Marketing,Diploma,2026-06-21,Full-time,No
JOB_01770,Customer Support Specialist,Mahindra & Mahindra,IT Services,Amravati,5-8 years,190784,Communication; CRM; Zendesk; Customer Service; Problem Solving,Graduate,2026-06-27,Full-time,No
JOB_01771,Teacher,Tata Motors,Pharmaceuticals,Sangli,5-8 years,112292,Assessment; Communication; Lesson Planning; Curriculum Development; Classroom Management,12th Pass,2026-06-14,Internship,Yes
JOB_01772,Data Analyst,Bajaj Finserv,Media & Entertainment,Mumbai,2-5 years,65365,Tableau; Excel; Pandas,Diploma,2026-06-27,Full-time,Yes
JOB_01773,Welder,Reliance Jio,Banking & Finance,Aurangabad,8+ years,284053,Arc Welding; MIG Welding; TIG Welding; Safety Standards; Blueprint Reading,Post Graduate,2026-08-30,Contract,Hybrid
JOB_01774,Electrician,Tata Motors,Construction,Yavatmal,5-8 years,202692,Electrical Wiring; Troubleshooting; Safety Standards; Equipment Maintenance; Circuit Design,Post Graduate,2026-07-25,Contract,Yes
JOB_01775,Teacher,Byju's,Pharmaceuticals,Jalgaon,5-8 years,209451,Classroom Management; Curriculum Development; Communication; Lesson Planning; Assessment,Post Graduate,2026-08-19,Full-time,Yes
JOB_01776,Welder,Mahindra & Mahindra,Energy,Jalgaon,5-8 years,227764,Blueprint Reading; Arc Welding; MIG Welding,10th Pass,2026-08-30,Internship,Yes
JOB_01777,Welder,Capgemini,Automotive,Pune,0-2 years,30168,Blueprint Reading; Arc Welding; TIG Welding; MIG Welding; Safety Standards,Post Graduate,2026-08-24,Part-time,No
JOB_01778,Content Writer,ABB India,Telecommunications,Nashik,Fresher,28085,Editing; Copywriting; Content Writing; SEO; Research,Post Graduate,2026-08-05,Full-time,Yes
JOB_01779,Welder,Godrej Industries,Logistics,Pune,5-8 years,223308,MIG Welding; Blueprint Reading; Arc Welding; Safety Standards; TIG Welding,Graduate,2026-06-10,Internship,No
JOB_01780,Project Coordinator,Tata Motors,Education,Latur,2-5 years,108168,Agile; Project Management; Communication; Documentation; Coordination; MS Office,Diploma,2026-08-27,Internship,Hybrid
JOB_01781,Digital Marketing Executive,ABB India,Pharmaceuticals,Nanded,8+ years,403154,Content Marketing; Google Analytics; Social Media Marketing; SEM,Post Graduate,2026-07-14,Internship,Yes
JOB_01782,Cybersecurity Analyst,Fortis Healthcare,Media & Entertainment,Osmanabad,2-5 years,68070,SIEM; Penetration Testing; Network Security,Graduate,2026-07-17,Contract,Yes
JOB_01783,DevOps Engineer,Unacademy,IT Services,Parbhani,2-5 years,93338,Linux; CI/CD; AWS; Jenkins,12th Pass,2026-08-29,Part-time,Yes
JOB_01784,Content Writer,Byju's,Energy,Kolhapur,5-8 years,239172,Copywriting; Content Writing; SEO,Graduate,2026-06-14,Internship,No
JOB_01785,Medical Lab Technician,Capgemini,IT Services,Satara,Fresher,18875,Safety; Lab Testing; Equipment Operation,Graduate,2026-08-14,Part-time,Hybrid
JOB_01786,Software Developer,IBM,IT Services,Latur,0-2 years,49315,Agile; Java; Microservices; REST API; SQL,12th Pass,2026-06-24,Contract,Yes
JOB_01787,Pharmacy Assistant,Reliance Jio,Retail,Nanded,Fresher,16408,Medication Dispensing; Inventory Management; Customer Service,12th Pass,2026-08-18,Contract,No
JOB_01788,Training Coordinator,Siemens,Education,Yavatmal,2-5 years,87464,LMS; Curriculum Design; Training Delivery; Assessment,10th Pass,2026-06-25,Contract,Hybrid
JOB_01789,Full Stack Developer,PhonePe,Banking & Finance,Kolhapur,2-5 years,65830,JavaScript; HTML/CSS; SQL,10th Pass,2026-06-26,Internship,No
JOB_01790,Machine Operator,ICICI Bank,Education,Jalna,2-5 years,72003,Quality Control; Safety Standards; Machine Maintenance; CNC Operation,Diploma,2026-06-20,Part-time,Yes
JOB_01791,Supply Chain Analyst,HCL,Manufacturing,Parbhani,8+ years,273159,Inventory Management; Excel; SAP; Forecasting; Data Analysis; Logistics,10th Pass,2026-07-27,Internship,Yes
JOB_01792,HR Coordinator,Unacademy,Energy,Jalgaon,Fresher,21446,Employee Relations; Compliance; Recruitment; Payroll,Graduate,2026-07-21,Contract,Hybrid
JOB_01793,Customer Support Specialist,Apollo Hospitals,Healthcare,Nagpur,Fresher,28866,Communication; Customer Service; Problem Solving; Zendesk; CRM,Graduate,2026-07-03,Contract,No
JOB_01794,Data Analyst,Unacademy,Automotive,Jalna,2-5 years,83509,Statistics; SQL; Pandas,Graduate,2026-07-28,Part-time,Yes
JOB_01795,Fitter,Unacademy,Automotive,Jalgaon,2-5 years,78022,Mechanical Fitting; Assembly; Blueprint Reading; Precision Tools,Diploma,2026-08-23,Internship,Hybrid
JOB_01796,Data Analyst,Vedantu,Banking & Finance,Raigad,2-5 years,89366,Pandas; Power BI; Statistics,10th Pass,2026-07-15,Part-time,No
JOB_01797,Sales Executive,Bajaj Finserv,Healthcare,Nashik,5-8 years,203805,Customer Relationship; Lead Generation; Negotiation; Communication,Graduate,2026-06-26,Contract,Hybrid
JOB_01798,HR Coordinator,Bajaj Finserv,Pharmaceuticals,Solapur,Fresher,33470,Employee Relations; Recruitment; Communication; Payroll; Compliance; HRMS,Post Graduate,2026-08-12,Full-time,Hybrid
JOB_01799,Customer Support Specialist,Bajaj Finserv,Healthcare,Parbhani,5-8 years,134933,Problem Solving; Zendesk; Communication,10th Pass,2026-08-09,Internship,No
JOB_01800,Machine Learning Engineer,IBM,Manufacturing,Solapur,Fresher,27322,NLP; TensorFlow; Scikit-learn; SQL,10th Pass,2026-06-17,Part-time,No
JOB_01801,UI/UX Designer,Bajaj Finserv,Automotive,Parbhani,5-8 years,136881,Adobe XD; Wireframing; User Research; Sketch,Post Graduate,2026-08-30,Part-time,Hybrid
JOB_01802,UI/UX Designer,Cognizant,Education,Nanded,Fresher,21189,Figma; Prototyping; User Research,Post Graduate,2026-08-06,Contract,No
JOB_01803,DevOps Engineer,Paytm,Construction,Jalgaon,0-2 years,56671,Kubernetes; CI/CD; Jenkins,Diploma,2026-07-24,Full-time,No
JOB_01804,Medical Lab Technician,ABB India,E-commerce,Osmanabad,2-5 years,59101,Lab Testing; Quality Control; Sample Collection; Equipment Operation,10th Pass,2026-08-10,Part-time,Yes
JOB_01805,Software Developer,Narayana Health,FMCG,Osmanabad,Fresher,29172,SQL; Java; Agile; REST API; Git,Post Graduate,2026-06-16,Part-time,No
JOB_01806,HR Coordinator,ICICI Bank,Healthcare,Chandrapur,5-8 years,204444,Employee Relations; Payroll; Recruitment,Diploma,2026-07-15,Internship,Yes
JOB_01807,Training Coordinator,ICICI Bank,Telecommunications,Mumbai,5-8 years,187833,Training Delivery; Curriculum Design; Assessment; LMS,Diploma,2026-06-18,Part-time,Hybrid
JOB_01808,Quality Analyst,Godrej Industries,Banking & Finance,Aurangabad,2-5 years,57031,Agile; SQL; Manual Testing,12th Pass,2026-08-19,Contract,Yes
JOB_01809,Technician,Apollo Hospitals,Telecommunications,Parbhani,5-8 years,136102,Mechanical Systems; Safety; Troubleshooting,10th Pass,2026-07-19,Full-time,No
JOB_01810,Medical Lab Technician,Wipro,Healthcare,Mumbai,0-2 years,42194,Quality Control; Sample Collection; Equipment Operation; Safety; Lab Testing,Graduate,2026-07-14,Contract,Hybrid
JOB_01811,HR Coordinator,Paytm,Construction,Akola,2-5 years,113491,Recruitment; Payroll; HRMS; Communication,10th Pass,2026-06-23,Contract,Hybrid
JOB_01812,Nurse,PhonePe,Retail,Sangli,Fresher,15465,Emergency Care; Medication Administration; Medical Procedures,10th Pass,2026-07-30,Part-time,Yes
JOB_01813,Medical Lab Technician,Godrej Industries,Healthcare,Ahmednagar,5-8 years,167439,Sample Collection; Safety; Equipment Operation,Graduate,2026-07-18,Part-time,Yes
JOB_01814,UI/UX Designer,Tech Mahindra,Construction,Nanded,8+ years,494851,Sketch; User Research; HTML/CSS,Post Graduate,2026-07-23,Contract,Yes
JOB_01815,Software Developer,Unacademy,Retail,Solapur,Fresher,24967,JavaScript; Java; Git; Agile,Diploma,2026-07-03,Part-time,Hybrid
JOB_01816,UI/UX Designer,Vedantu,Pharmaceuticals,Dhule,2-5 years,109015,Figma; User Research; Wireframing; Adobe XD; HTML/CSS; Sketch,10th Pass,2026-06-29,Internship,Yes
JOB_01817,Sales Executive,Tech Mahindra,Retail,Jalgaon,8+ years,333912,CRM; Lead Generation; Communication; Customer Relationship; Negotiation,Diploma,2026-06-23,Internship,No
JOB_01818,HR Coordinator,Tata Motors,Retail,Satara,8+ years,432690,Compliance; Communication; Employee Relations,Diploma,2026-06-17,Internship,Yes
JOB_01819,Teacher,TCS,Energy,Kolhapur,8+ years,226578,Assessment; Classroom Management; Lesson Planning; Curriculum Development; Communication,Graduate,2026-06-27,Part-time,No
JOB_01820,Digital Marketing Executive,IBM,IT Services,Dhule,5-8 years,183533,Social Media Marketing; Google Analytics; Content Marketing,10th Pass,2026-07-09,Internship,No
JOB_01821,Sales Executive,Razorpay,Retail,Yavatmal,5-8 years,126181,Communication; Customer Relationship; Negotiation; Lead Generation,Diploma,2026-08-13,Internship,No
JOB_01822,Machine Learning Engineer,HCL,Retail,Mumbai,Fresher,26711,PyTorch; SQL; Scikit-learn; TensorFlow; Deep Learning; Python,12th Pass,2026-08-26,Internship,No
JOB_01823,Machine Learning Engineer,Amazon,E-commerce,Nashik,2-5 years,111906,NLP; PyTorch; Deep Learning; Python; SQL,Graduate,2026-07-29,Part-time,Yes
JOB_01824,Business Analyst,Byju's,IT Services,Ahmednagar,8+ years,233304,JIRA; Power BI; Process Mapping; SQL,Graduate,2026-07-09,Part-time,No
JOB_01825,Business Analyst,Crompton Greaves,FMCG,Satara,Fresher,20680,Excel; JIRA; Requirements Gathering; Process Mapping; SQL,Diploma,2026-08-30,Full-time,Hybrid
JOB_01826,Welder,Infosys,Automotive,Kolhapur,8+ years,427152,Arc Welding; MIG Welding; Safety Standards; Blueprint Reading,Graduate,2026-06-15,Internship,Hybrid
JOB_01827,Supply Chain Analyst,IBM,Energy,Parbhani,8+ years,390095,Logistics; SAP; Forecasting; Excel; Inventory Management,10th Pass,2026-07-17,Contract,Hybrid
JOB_01828,Software Developer,Wipro,Logistics,Akola,2-5 years,89210,Agile; REST API; SQL; Microservices,Graduate,2026-07-01,Contract,No
JOB_01829,Machine Operator,Mahindra & Mahindra,Construction,Nanded,0-2 years,53324,Quality Control; CNC Operation; Safety Standards,Post Graduate,2026-09-04,Contract,No
JOB_01830,DevOps Engineer,Accenture,Manufacturing,Kolhapur,Fresher,15575,Python; CI/CD; Kubernetes; Linux,Post Graduate,2026-07-07,Contract,Yes
JOB_01831,Data Analyst,Unacademy,Construction,Nashik,0-2 years,48940,NumPy; Excel; Tableau; Power BI; Statistics; SQL,Diploma,2026-08-21,Full-time,Hybrid
JOB_01832,Teacher,Tata Motors,Media & Entertainment,Raigad,5-8 years,183886,Curriculum Development; Classroom Management; Lesson Planning; Communication; Assessment,10th Pass,2026-06-14,Internship,Hybrid
JOB_01833,Quality Analyst,Max Healthcare,E-commerce,Nashik,2-5 years,54080,Agile; Selenium; JIRA; SQL,Diploma,2026-06-14,Internship,Hybrid
JOB_01834,Welder,Vedantu,Retail,Solapur,2-5 years,75227,TIG Welding; MIG Welding; Arc Welding; Safety Standards,Graduate,2026-06-07,Internship,No
JOB_01835,UI/UX Designer,Accenture,Manufacturing,Amravati,8+ years,445754,HTML/CSS; User Research; Figma,10th Pass,2026-06-27,Part-time,No
JOB_01836,Logistics Coordinator,Apollo Hospitals,Energy,Dhule,0-2 years,52551,Coordination; Communication; Documentation; Transportation Management,Post Graduate,2026-08-16,Part-time,No
JOB_01837,Warehouse Supervisor,Zerodha,Banking & Finance,Kolhapur,0-2 years,39942,WMS; Inventory Management; Safety Standards; Logistics,10th Pass,2026-07-06,Full-time,Yes
JOB_01838,Retail Associate,Tata Motors,Energy,Akola,5-8 years,217080,Communication; Cash Handling; Customer Service; Sales; Inventory Management,Diploma,2026-06-22,Contract,Yes
JOB_01839,Machine Operator,Paytm,Manufacturing,Ahmednagar,5-8 years,218602,Machine Maintenance; CNC Operation; Quality Control; Safety Standards,12th Pass,2026-08-09,Full-time,No
JOB_01840,Fitter,Paytm,Automotive,Akola,Fresher,31709,Maintenance; Precision Tools; Blueprint Reading,12th Pass,2026-06-19,Part-time,No
JOB_01841,Medical Lab Technician,PhonePe,Education,Amravati,8+ years,281555,Safety; Quality Control; Sample Collection; Lab Testing; Equipment Operation,12th Pass,2026-09-02,Internship,Yes
JOB_01842,DevOps Engineer,Narayana Health,Construction,Nanded,0-2 years,26825,Kubernetes; Jenkins; Python,Diploma,2026-06-16,Full-time,Hybrid
JOB_01843,Teacher,Amazon,Media & Entertainment,Nashik,8+ years,213921,Curriculum Development; Assessment; Communication; Lesson Planning; Classroom Management,12th Pass,2026-06-13,Full-time,No
JOB_01844,Content Writer,Capgemini,IT Services,Pune,8+ years,403225,Editing; SEO; WordPress; Research; Content Writing; Copywriting,10th Pass,2026-06-26,Part-time,Yes
JOB_01845,Machine Learning Engineer,Byju's,Construction,Yavatmal,8+ years,365770,SQL; Scikit-learn; Python; TensorFlow; PyTorch,12th Pass,2026-08-30,Internship,No
JOB_01846,HR Coordinator,Max Healthcare,Energy,Satara,8+ years,433880,HRMS; Communication; Payroll; Employee Relations,12th Pass,2026-09-03,Internship,Yes
JOB_01847,Warehouse Supervisor,ICICI Bank,Banking & Finance,Solapur,Fresher,25429,Logistics; WMS; Safety Standards; Inventory Management,Graduate,2026-07-10,Contract,Yes
JOB_01848,Machine Operator,Zerodha,Automotive,Jalna,Fresher,16465,Machine Maintenance; Quality Control; Safety Standards; Production Planning; CNC Operation,Diploma,2026-07-27,Part-time,Yes
JOB_01849,Digital Marketing Executive,Crompton Greaves,Media & Entertainment,Nagpur,2-5 years,76011,SEO; Email Marketing; SEM; Content Marketing; Social Media Marketing; Google Analytics,10th Pass,2026-07-15,Internship,Yes
JOB_01850,Sales Executive,Tech Mahindra,Pharmaceuticals,Bhiwandi,5-8 years,217023,Customer Relationship; Lead Generation; Negotiation,Graduate,2026-06-28,Part-time,Yes
JOB_01851,Machine Operator,Tata Motors,Manufacturing,Beed,2-5 years,112000,Production Planning; Quality Control; Machine Maintenance; Safety Standards,Diploma,2026-06-23,Full-time,Yes
JOB_01852,Medical Lab Technician,Byju's,Education,Raigad,5-8 years,135314,Lab Testing; Quality Control; Safety,Diploma,2026-06-18,Internship,Yes
JOB_01853,Logistics Coordinator,ICICI Bank,Energy,Jalna,5-8 years,218752,Communication; Tracking Systems; Documentation,10th Pass,2026-08-15,Part-time,Hybrid
JOB_01854,HR Coordinator,PhonePe,Retail,Nashik,0-2 years,30814,Compliance; Recruitment; HRMS; Communication,10th Pass,2026-07-24,Contract,Hybrid
JOB_01855,Technician,Flipkart,Energy,Beed,2-5 years,61858,Troubleshooting; Safety; Mechanical Systems,Diploma,2026-07-18,Full-time,Hybrid
JOB_01856,Customer Support Specialist,Bajaj Finserv,Automotive,Bhiwandi,2-5 years,89307,Zendesk; Communication; Problem Solving; Customer Service,12th Pass,2026-07-29,Internship,Hybrid
JOB_01857,Machine Learning Engineer,Capgemini,Manufacturing,Solapur,5-8 years,130121,SQL; PyTorch; Python; Scikit-learn; TensorFlow,Graduate,2026-07-12,Internship,Yes
JOB_01858,Sales Executive,Flipkart,Banking & Finance,Solapur,Fresher,18240,CRM; Lead Generation; Communication; Customer Relationship; Negotiation,Diploma,2026-08-06,Contract,Hybrid
JOB_01859,Supply Chain Analyst,HCL,Pharmaceuticals,Osmanabad,5-8 years,106771,Data Analysis; SAP; Inventory Management; Forecasting; Logistics,10th Pass,2026-08-19,Part-time,Hybrid
JOB_01860,Content Writer,Bajaj Finserv,Healthcare,Yavatmal,2-5 years,53875,SEO; Research; Copywriting,10th Pass,2026-06-23,Internship,Hybrid
JOB_01861,Medical Lab Technician,HDFC Bank,Retail,Nashik,0-2 years,52229,Quality Control; Safety; Lab Testing; Sample Collection,12th Pass,2026-07-14,Full-time,Yes
JOB_01862,DevOps Engineer,Narayana Health,Media & Entertainment,Raigad,2-5 years,66777,CI/CD; Docker; Jenkins; Linux,Post Graduate,2026-08-18,Contract,Hybrid
JOB_01863,Fitter,Tech Mahindra,Media & Entertainment,Pune,8+ years,315714,Assembly; Maintenance; Precision Tools,12th Pass,2026-07-13,Contract,Hybrid
JOB_01864,Warehouse Supervisor,Zerodha,Energy,Nashik,Fresher,24975,WMS; Inventory Management; Team Leadership; Safety Standards,12th Pass,2026-07-31,Full-time,No
JOB_01865,Full Stack Developer,Flipkart,Healthcare,Satara,Fresher,27958,HTML/CSS; JavaScript; MongoDB; Node.js,12th Pass,2026-07-20,Contract,Yes
JOB_01866,Pharmacy Assistant,Capgemini,Telecommunications,Pune,5-8 years,157195,Customer Service; Pharmacy Software; Medication Dispensing; Inventory Management,10th Pass,2026-08-27,Contract,Hybrid
JOB_01867,Teacher,ABB India,Manufacturing,Satara,5-8 years,168867,Classroom Management; Curriculum Development; Assessment; Communication; Lesson Planning,Diploma,2026-08-24,Full-time,Yes
JOB_01868,Business Analyst,TCS,E-commerce,Akola,8+ years,334122,Power BI; SQL; Excel; JIRA; Requirements Gathering,12th Pass,2026-06-26,Internship,Yes
JOB_01869,UI/UX Designer,Axis Bank,Automotive,Bhiwandi,8+ years,322382,Sketch; Prototyping; Adobe XD,Diploma,2026-08-27,Contract,No
JOB_01870,Content Writer,Zerodha,Education,Latur,Fresher,23543,SEO; Copywriting; Content Writing; Research,10th Pass,2026-06-07,Internship,Hybrid
JOB_01871,Quality Analyst,Siemens,Healthcare,Nanded,5-8 years,175894,Selenium; Agile; Testing,10th Pass,2026-09-03,Contract,No
JOB_01872,Cybersecurity Analyst,Byju's,Retail,Parbhani,5-8 years,238500,Risk Assessment; Penetration Testing; Network Security,10th Pass,2026-07-19,Full-time,Yes
JOB_01873,Cloud Engineer,Bajaj Finserv,Banking & Finance,Parbhani,8+ years,234038,Docker; Kubernetes; AWS; GCP; Linux,Post Graduate,2026-08-03,Internship,No
JOB_01874,Electrician,Cognizant,FMCG,Solapur,5-8 years,219565,Troubleshooting; Electrical Wiring; Safety Standards,Graduate,2026-08-23,Internship,Hybrid
JOB_01875,Quality Analyst,Crompton Greaves,E-commerce,Ahmednagar,2-5 years,50301,JIRA; SQL; Testing; Agile; Manual Testing,12th Pass,2026-08-17,Part-time,Yes
JOB_01876,Training Coordinator,Mahindra & Mahindra,E-commerce,Latur,Fresher,21051,Curriculum Design; Training Delivery; LMS; Assessment; Communication,Graduate,2026-08-11,Part-time,Hybrid
JOB_01877,Accountant,ABB India,Media & Entertainment,Beed,2-5 years,72046,Financial Reporting; GST; Excel,Graduate,2026-07-30,Full-time,No
JOB_01878,Nurse,Narayana Health,Retail,Mumbai,0-2 years,41783,Patient Care; Emergency Care; Medical Procedures; Vital Signs,10th Pass,2026-07-26,Part-time,Yes
JOB_01879,Cloud Engineer,Bajaj Finserv,Healthcare,Ahmednagar,5-8 years,109793,GCP; Azure; Networking; Terraform,Diploma,2026-08-31,Part-time,Hybrid
JOB_01880,DevOps Engineer,Reliance Jio,IT Services,Yavatmal,0-2 years,28038,Linux; Docker; Python; Jenkins; CI/CD,Graduate,2026-08-26,Part-time,No
JOB_01881,Electrician,Axis Bank,Automotive,Amravati,2-5 years,72847,Circuit Design; Equipment Maintenance; Safety Standards,Post Graduate,2026-07-20,Internship,Yes
JOB_01882,Nurse,Bajaj Finserv,Pharmaceuticals,Solapur,0-2 years,33273,Medication Administration; Emergency Care; Medical Procedures; Vital Signs; Patient Care,Diploma,2026-08-08,Part-time,Hybrid
JOB_01883,Content Writer,Unacademy,Retail,Jalgaon,2-5 years,106282,SEO; Copywriting; Research,Diploma,2026-08-11,Part-time,Hybrid
JOB_01884,Data Analyst,Bajaj Finserv,Retail,Latur,8+ years,447410,NumPy; Statistics; SQL; Excel; Tableau; Python,Diploma,2026-08-06,Internship,Yes
JOB_01885,Sales Executive,Narayana Health,Manufacturing,Dhule,0-2 years,50564,Customer Relationship; CRM; Negotiation; Communication,Diploma,2026-08-15,Part-time,Hybrid
JOB_01886,Quality Analyst,Max Healthcare,Retail,Satara,Fresher,23166,Testing; Manual Testing; SQL; Agile; JIRA,10th Pass,2026-07-15,Contract,Yes
JOB_01887,Full Stack Developer,Narayana Health,Retail,Sangli,5-8 years,133366,MongoDB; Node.js; React; SQL; REST API,10th Pass,2026-06-15,Contract,Hybrid
JOB_01888,Cybersecurity Analyst,HDFC Bank,Media & Entertainment,Jalgaon,0-2 years,56117,Firewall; Risk Assessment; Penetration Testing; Compliance; Network Security; SIEM,Post Graduate,2026-08-25,Internship,Hybrid
JOB_01889,Retail Associate,Axis Bank,Manufacturing,Amravati,5-8 years,231127,Sales; Inventory Management; Communication; Cash Handling,Post Graduate,2026-07-12,Full-time,No
JOB_01890,Nurse,Amazon,Education,Dhule,Fresher,18151,Vital Signs; Medical Procedures; Medication Administration; Patient Care; Emergency Care,Post Graduate,2026-07-21,Full-time,Yes
JOB_01891,Content Writer,HDFC Bank,Pharmaceuticals,Beed,8+ years,448504,Content Writing; WordPress; SEO; Editing; Research; Copywriting,12th Pass,2026-08-19,Full-time,No
JOB_01892,Retail Associate,Cognizant,Education,Mumbai,0-2 years,50336,Communication; Cash Handling; Sales; Customer Service; Inventory Management,10th Pass,2026-07-31,Part-time,Yes
JOB_01893,DevOps Engineer,Narayana Health,FMCG,Jalgaon,Fresher,21027,CI/CD; Linux; AWS; Python,Diploma,2026-07-25,Part-time,Hybrid
JOB_01894,Fitter,Godrej Industries,Manufacturing,Dhule,0-2 years,55147,Blueprint Reading; Maintenance; Precision Tools; Mechanical Fitting,10th Pass,2026-08-18,Contract,Yes
JOB_01895,Business Analyst,Mahindra & Mahindra,Telecommunications,Nanded,5-8 years,208425,Agile; SQL; Excel,12th Pass,2026-06-07,Contract,Hybrid
JOB_01896,HR Coordinator,Max Healthcare,Logistics,Satara,Fresher,22158,Employee Relations; Payroll; HRMS,Post Graduate,2026-07-24,Full-time,Yes
JOB_01897,Cloud Engineer,Flipkart,Manufacturing,Nashik,5-8 years,164722,Azure; Docker; Linux,10th Pass,2026-06-24,Contract,Hybrid
JOB_01898,Fitter,HDFC Bank,Healthcare,Nagpur,Fresher,30605,Precision Tools; Maintenance; Mechanical Fitting,12th Pass,2026-06-11,Internship,Hybrid
JOB_01899,Nurse,Tata Motors,Telecommunications,Yavatmal,0-2 years,42386,Medication Administration; Patient Care; Emergency Care,Graduate,2026-08-24,Full-time,No
JOB_01900,Supply Chain Analyst,Wipro,Banking & Finance,Amravati,8+ years,348334,Data Analysis; Excel; Forecasting; SAP; Inventory Management,10th Pass,2026-06-22,Full-time,Yes
JOB_01901,Data Analyst,Flipkart,Media & Entertainment,Beed,2-5 years,104687,Excel; Tableau; Pandas,Graduate,2026-07-13,Internship,Hybrid
JOB_01902,Data Analyst,Wipro,Healthcare,Satara,Fresher,24907,Excel; Python; SQL; NumPy; Tableau,Diploma,2026-06-26,Part-time,Yes
JOB_01903,Business Analyst,Tech Mahindra,Retail,Amravati,2-5 years,62604,Agile; Process Mapping; Requirements Gathering,10th Pass,2026-07-04,Full-time,Yes
JOB_01904,Training Coordinator,HCL,Banking & Finance,Dhule,8+ years,459791,Assessment; Training Delivery; Communication; LMS,Post Graduate,2026-08-21,Part-time,Hybrid
JOB_01905,Cloud Engineer,Crompton Greaves,Media & Entertainment,Yavatmal,8+ years,202258,GCP; Terraform; Docker,10th Pass,2026-08-15,Full-time,No
JOB_01906,Digital Marketing Executive,Vedantu,Energy,Aurangabad,Fresher,34908,Google Analytics; SEM; Social Media Marketing; Email Marketing; SEO,12th Pass,2026-08-08,Internship,Hybrid
JOB_01907,Customer Support Specialist,Godrej Industries,Energy,Dhule,5-8 years,109832,Problem Solving; Communication; Zendesk; CRM,12th Pass,2026-06-15,Contract,Hybrid
JOB_01908,Cloud Engineer,Godrej Industries,E-commerce,Nashik,5-8 years,112552,GCP; AWS; Terraform; Linux,Post Graduate,2026-08-26,Full-time,No
JOB_01909,Business Analyst,Max Healthcare,Automotive,Pune,2-5 years,95140,Agile; Excel; Process Mapping; SQL; JIRA; Power BI,Post Graduate,2026-07-23,Contract,Yes
JOB_01910,Logistics Coordinator,Crompton Greaves,Media & Entertainment,Raigad,5-8 years,195232,Transportation Management; Documentation; Communication,12th Pass,2026-07-30,Full-time,Hybrid
JOB_01911,HR Coordinator,Tata Motors,Telecommunications,Bhiwandi,8+ years,230594,Employee Relations; Compliance; Communication; Payroll; Recruitment,Diploma,2026-09-01,Full-time,Hybrid
JOB_01912,Machine Operator,Unacademy,Manufacturing,Ahmednagar,2-5 years,69089,Safety Standards; Machine Maintenance; Production Planning; Quality Control; CNC Operation,12th Pass,2026-08-12,Full-time,No
JOB_01913,DevOps Engineer,IBM,FMCG,Dhule,5-8 years,102095,Linux; Kubernetes; Jenkins; Ansible; AWS,Graduate,2026-07-06,Full-time,Yes
JOB_01914,Full Stack Developer,Axis Bank,IT Services,Nashik,2-5 years,117102,Git; REST API; React; Node.js; JavaScript; SQL,Graduate,2026-07-10,Full-time,Yes
JOB_01915,Project Coordinator,HCL,Construction,Ahmednagar,5-8 years,102020,Project Management; MS Office; Communication; Documentation; Agile,12th Pass,2026-07-06,Part-time,Yes
JOB_01916,Quality Analyst,Larsen & Toubro,Energy,Nashik,Fresher,20930,Selenium; JIRA; Agile; Bug Tracking,10th Pass,2026-08-13,Part-time,No
JOB_01917,Software Developer,Zerodha,Manufacturing,Sangli,8+ years,355797,SQL; JavaScript; Git; Agile,Graduate,2026-08-31,Contract,Yes
JOB_01918,Data Analyst,Unacademy,Automotive,Sangli,8+ years,260534,Power BI; Excel; Python,Diploma,2026-08-04,Full-time,No
JOB_01919,Business Analyst,Amazon,E-commerce,Chandrapur,2-5 years,65421,JIRA; SQL; Process Mapping; Power BI,Diploma,2026-06-15,Internship,Hybrid
JOB_01920,Data Analyst,Razorpay,Healthcare,Chandrapur,8+ years,238161,Excel; Tableau; Python,Diploma,2026-09-01,Full-time,Hybrid
JOB_01921,Full Stack Developer,Crompton Greaves,Banking & Finance,Kolhapur,2-5 years,87737,Node.js; Git; SQL; JavaScript; REST API,10th Pass,2026-07-06,Internship,No
JOB_01922,Full Stack Developer,Wipro,E-commerce,Bhiwandi,0-2 years,39549,MongoDB; JavaScript; REST API,12th Pass,2026-07-22,Full-time,Hybrid
JOB_01923,Cybersecurity Analyst,Capgemini,Construction,Bhiwandi,5-8 years,162796,Network Security; Penetration Testing; Firewall; Risk Assessment,10th Pass,2026-07-15,Full-time,No
JOB_01924,Medical Lab Technician,Siemens,Manufacturing,Bhiwandi,2-5 years,86471,Equipment Operation; Safety; Quality Control; Lab Testing,10th Pass,2026-08-12,Full-time,No
JOB_01925,Welder,HCL,Pharmaceuticals,Nanded,5-8 years,103872,TIG Welding; MIG Welding; Blueprint Reading; Safety Standards,Graduate,2026-07-18,Full-time,No
JOB_01926,Sales Executive,Bajaj Finserv,Healthcare,Chandrapur,5-8 years,121756,Communication; Customer Relationship; Negotiation; CRM,Diploma,2026-07-15,Part-time,No
JOB_01927,Accountant,Max Healthcare,Construction,Kolhapur,Fresher,16919,GST; Taxation; Financial Reporting,Diploma,2026-08-18,Part-time,Hybrid
JOB_01928,Software Developer,HDFC Bank,Logistics,Sangli,8+ years,357964,JavaScript; Agile; Git; SQL; Microservices; Java,12th Pass,2026-07-08,Part-time,No
JOB_01929,Nurse,Godrej Industries,Construction,Bhiwandi,Fresher,20705,Medical Procedures; Emergency Care; Vital Signs,Diploma,2026-08-08,Full-time,Yes
JOB_01930,Machine Learning Engineer,IBM,Education,Chandrapur,Fresher,23080,Deep Learning; PyTorch; NLP,10th Pass,2026-07-16,Full-time,No
JOB_01931,Electrician,Vedantu,Education,Akola,2-5 years,51959,Electrical Wiring; Troubleshooting; Equipment Maintenance; Circuit Design; Safety Standards,Diploma,2026-08-15,Part-time,No
JOB_01932,HR Coordinator,ICICI Bank,Healthcare,Kolhapur,Fresher,20940,Payroll; Communication; Compliance; HRMS,Graduate,2026-08-07,Contract,Hybrid
JOB_01933,Electrician,Fortis Healthcare,Healthcare,Jalna,0-2 years,53513,Safety Standards; Electrical Wiring; Troubleshooting,Post Graduate,2026-07-16,Full-time,No
JOB_01934,UI/UX Designer,Godrej Industries,E-commerce,Parbhani,Fresher,17851,HTML/CSS; Adobe XD; Figma; Sketch,12th Pass,2026-07-14,Part-time,Yes
JOB_01935,Customer Support Specialist,Reliance Jio,Media & Entertainment,Nanded,0-2 years,50966,Zendesk; Problem Solving; Customer Service; Communication,Post Graduate,2026-08-07,Contract,Yes
JOB_01936,Business Analyst,Flipkart,Telecommunications,Kolhapur,Fresher,15248,Power BI; Requirements Gathering; JIRA,Post Graduate,2026-08-12,Full-time,No
JOB_01937,Cloud Engineer,Cognizant,Automotive,Pune,8+ years,318328,Docker; Azure; GCP; Kubernetes,10th Pass,2026-07-04,Internship,Yes
JOB_01938,Welder,HCL,Construction,Mumbai,Fresher,18258,MIG Welding; TIG Welding; Blueprint Reading,Post Graduate,2026-07-18,Part-time,No
JOB_01939,Content Writer,Paytm,Banking & Finance,Osmanabad,2-5 years,68694,Copywriting; Editing; WordPress; Content Writing; SEO,Graduate,2026-08-06,Contract,No
JOB_01940,Warehouse Supervisor,Axis Bank,Banking & Finance,Aurangabad,0-2 years,43668,Safety Standards; WMS; Logistics; Inventory Management,12th Pass,2026-07-24,Contract,No
JOB_01941,Warehouse Supervisor,Unacademy,IT Services,Kolhapur,2-5 years,60522,Inventory Management; Logistics; Team Leadership; WMS; Safety Standards,12th Pass,2026-06-11,Internship,No
JOB_01942,Accountant,HCL,Manufacturing,Akola,5-8 years,132773,Financial Reporting; Accounting; QuickBooks; Tally,10th Pass,2026-09-01,Part-time,Hybrid
JOB_01943,Digital Marketing Executive,HCL,Retail,Parbhani,2-5 years,70431,Email Marketing; Content Marketing; SEO,Post Graduate,2026-08-19,Full-time,Hybrid
JOB_01944,Cloud Engineer,Unacademy,IT Services,Parbhani,5-8 years,135516,Terraform; Linux; Docker; Azure; GCP; AWS,Post Graduate,2026-08-16,Internship,Yes
JOB_01945,Electrician,Amazon,Banking & Finance,Nanded,2-5 years,117191,Troubleshooting; Safety Standards; Equipment Maintenance,12th Pass,2026-07-19,Part-time,No
JOB_01946,Digital Marketing Executive,Amazon,Automotive,Jalgaon,Fresher,29862,SEM; SEO; Content Marketing; Social Media Marketing; Google Analytics,Post Graduate,2026-07-23,Part-time,Yes
JOB_01947,Retail Associate,Amazon,Education,Amravati,Fresher,19155,Inventory Management; Cash Handling; Sales; Customer Service,10th Pass,2026-07-05,Contract,Yes
JOB_01948,Supply Chain Analyst,Paytm,Retail,Amravati,8+ years,221623,Data Analysis; Excel; Logistics; Forecasting; Inventory Management,Graduate,2026-08-23,Contract,Hybrid
JOB_01949,Pharmacy Assistant,Larsen & Toubro,E-commerce,Dhule,Fresher,29585,Pharmacy Software; Customer Service; Medication Dispensing; Inventory Management,Diploma,2026-08-07,Full-time,Yes
JOB_01950,Supply Chain Analyst,Siemens,Manufacturing,Sangli,0-2 years,50706,SAP; Inventory Management; Logistics; Data Analysis,12th Pass,2026-07-26,Internship,No
JOB_01951,Machine Learning Engineer,PhonePe,Education,Chandrapur,8+ years,263079,TensorFlow; NLP; PyTorch; SQL; Scikit-learn; Deep Learning,Diploma,2026-09-02,Internship,Hybrid
JOB_01952,DevOps Engineer,Max Healthcare,Automotive,Mumbai,2-5 years,93752,Linux; Kubernetes; AWS; CI/CD,Post Graduate,2026-08-21,Full-time,No
JOB_01953,Logistics Coordinator,Max Healthcare,Pharmaceuticals,Chandrapur,0-2 years,26427,Documentation; Coordination; Communication; Tracking Systems,12th Pass,2026-06-18,Part-time,No
JOB_01954,Technician,Tech Mahindra,E-commerce,Aurangabad,2-5 years,74385,Equipment Maintenance; Electrical Systems; Troubleshooting; Mechanical Systems; Safety,Post Graduate,2026-08-17,Contract,No
JOB_01955,HR Coordinator,TCS,Education,Osmanabad,8+ years,260931,Employee Relations; Payroll; Compliance; Recruitment; HRMS,Diploma,2026-06-30,Full-time,No
JOB_01956,Software Developer,Razorpay,E-commerce,Kolhapur,0-2 years,34438,Git; SQL; Microservices,Post Graduate,2026-08-04,Internship,Hybrid
JOB_01957,Warehouse Supervisor,HCL,Media & Entertainment,Osmanabad,0-2 years,51227,Logistics; WMS; Inventory Management; Team Leadership; Safety Standards,Graduate,2026-07-10,Internship,Yes
JOB_01958,Accountant,IBM,Energy,Yavatmal,0-2 years,26773,Excel; Tally; Financial Reporting; Taxation; Accounting; GST,10th Pass,2026-08-29,Contract,Hybrid
JOB_01959,Training Coordinator,Fortis Healthcare,Energy,Aurangabad,2-5 years,105425,LMS; Curriculum Design; Training Delivery; Communication,10th Pass,2026-07-09,Internship,Yes
JOB_01960,Project Coordinator,Narayana Health,Logistics,Solapur,8+ years,204575,Agile; Communication; MS Office,Diploma,2026-07-24,Contract,No
JOB_01961,Teacher,Infosys,Telecommunications,Aurangabad,8+ years,259624,Assessment; Communication; Curriculum Development; Lesson Planning,Post Graduate,2026-08-11,Contract,Hybrid
JOB_01962,Customer Support Specialist,ICICI Bank,Manufacturing,Nanded,Fresher,25872,Communication; Customer Service; Zendesk,12th Pass,2026-07-29,Full-time,No
JOB_01963,Customer Support Specialist,HCL,Telecommunications,Osmanabad,8+ years,333840,Problem Solving; Communication; Customer Service,Graduate,2026-06-15,Full-time,No
JOB_01964,Data Analyst,Tech Mahindra,Manufacturing,Kolhapur,2-5 years,75025,Pandas; Tableau; Excel; Python; SQL; Power BI,Graduate,2026-06-30,Contract,Hybrid
JOB_01965,Machine Operator,Crompton Greaves,Logistics,Parbhani,0-2 years,25787,Quality Control; CNC Operation; Safety Standards; Production Planning,12th Pass,2026-08-22,Contract,No
JOB_01966,Full Stack Developer,Paytm,Energy,Nashik,5-8 years,221265,SQL; JavaScript; Git; REST API; HTML/CSS; MongoDB,Graduate,2026-06-12,Internship,Hybrid
JOB_01967,Quality Analyst,ICICI Bank,Logistics,Beed,8+ years,391791,SQL; Testing; Agile,12th Pass,2026-06-30,Internship,Hybrid
JOB_01968,Accountant,Zerodha,Energy,Nagpur,Fresher,20237,Accounting; GST; Taxation; Excel; Financial Reporting; Tally,Graduate,2026-07-14,Internship,Yes
JOB_01969,Warehouse Supervisor,ABB India,Telecommunications,Mumbai,2-5 years,96732,Logistics; Team Leadership; Safety Standards,10th Pass,2026-06-14,Full-time,Hybrid
JOB_01970,Customer Support Specialist,Unacademy,Pharmaceuticals,Akola,5-8 years,195615,Customer Service; CRM; Communication,Post Graduate,2026-08-05,Part-time,No
JOB_01971,UI/UX Designer,Amazon,Banking & Finance,Dhule,5-8 years,117441,HTML/CSS; Wireframing; Prototyping; Sketch; User Research; Figma,Diploma,2026-06-09,Contract,No
JOB_01972,Accountant,ICICI Bank,IT Services,Parbhani,8+ years,307221,Tally; Excel; Taxation; GST,12th Pass,2026-08-15,Part-time,No
JOB_01973,Logistics Coordinator,Axis Bank,Education,Ahmednagar,5-8 years,143150,Transportation Management; Communication; Tracking Systems; Coordination,Post Graduate,2026-07-26,Contract,No
JOB_01974,Accountant,TCS,FMCG,Kolhapur,Fresher,29964,QuickBooks; Excel; Tally; Accounting; Taxation; GST,10th Pass,2026-08-07,Part-time,No
JOB_01975,Nurse,Vedantu,Media & Entertainment,Parbhani,5-8 years,183634,Patient Care; Emergency Care; Medication Administration; Medical Procedures; Vital Signs,12th Pass,2026-08-19,Internship,Yes
JOB_01976,Software Developer,TCS,Logistics,Pune,8+ years,274216,JavaScript; Python; REST API,Post Graduate,2026-07-31,Part-time,No
JOB_01977,Technician,ICICI Bank,Media & Entertainment,Parbhani,2-5 years,111558,Equipment Maintenance; Electrical Systems; Mechanical Systems; Troubleshooting; Safety,10th Pass,2026-08-23,Internship,Yes
JOB_01978,Technician,Zerodha,Banking & Finance,Nanded,8+ years,411097,Electrical Systems; Mechanical Systems; Troubleshooting; Safety,12th Pass,2026-07-08,Contract,Yes
JOB_01979,Welder,Fortis Healthcare,Telecommunications,Raigad,8+ years,208429,MIG Welding; TIG Welding; Blueprint Reading,10th Pass,2026-09-02,Contract,Yes
JOB_01980,UI/UX Designer,Fortis Healthcare,Construction,Aurangabad,2-5 years,73894,Adobe XD; Prototyping; User Research; HTML/CSS; Sketch,Graduate,2026-08-19,Full-time,No
JOB_01981,Cybersecurity Analyst,TCS,Logistics,Osmanabad,8+ years,327531,SIEM; Compliance; Firewall,Graduate,2026-07-13,Full-time,No
JOB_01982,Supply Chain Analyst,Accenture,Media & Entertainment,Nashik,8+ years,279373,Excel; Forecasting; Data Analysis; Inventory Management; SAP,Graduate,2026-07-13,Full-time,Hybrid
JOB_01983,Data Analyst,Larsen & Toubro,Telecommunications,Dhule,0-2 years,54865,Tableau; Pandas; Power BI; Excel,Post Graduate,2026-06-25,Part-time,No
JOB_01984,Full Stack Developer,ICICI Bank,Manufacturing,Jalna,8+ years,411245,React; SQL; REST API; JavaScript; Node.js; MongoDB,10th Pass,2026-07-06,Full-time,No
JOB_01985,Content Writer,PhonePe,Media & Entertainment,Osmanabad,0-2 years,26503,WordPress; Research; Copywriting; Editing; Content Writing; SEO,Graduate,2026-08-09,Internship,Hybrid
JOB_01986,DevOps Engineer,Apollo Hospitals,E-commerce,Ahmednagar,5-8 years,169171,CI/CD; AWS; Ansible; Kubernetes,Post Graduate,2026-06-21,Internship,Hybrid
JOB_01987,DevOps Engineer,Wipro,FMCG,Mumbai,2-5 years,101265,Kubernetes; Jenkins; CI/CD,Graduate,2026-06-11,Full-time,No
JOB_01988,Technician,Siemens,Banking & Finance,Mumbai,5-8 years,229894,Equipment Maintenance; Electrical Systems; Troubleshooting; Safety; Mechanical Systems,12th Pass,2026-08-21,Part-time,Hybrid
JOB_01989,Data Analyst,Siemens,Media & Entertainment,Kolhapur,0-2 years,28815,Power BI; NumPy; Tableau; SQL; Python; Pandas,Graduate,2026-08-28,Full-time,Hybrid
JOB_01990,Medical Lab Technician,Bajaj Finserv,Banking & Finance,Nanded,8+ years,478761,Quality Control; Lab Testing; Equipment Operation; Safety; Sample Collection,Post Graduate,2026-08-30,Part-time,No
JOB_01991,Retail Associate,ABB India,Telecommunications,Nagpur,2-5 years,84407,Sales; Customer Service; Inventory Management; Cash Handling; Communication,12th Pass,2026-08-07,Internship,No
JOB_01992,Digital Marketing Executive,Narayana Health,E-commerce,Ahmednagar,0-2 years,33985,Content Marketing; SEO; SEM,12th Pass,2026-06-10,Full-time,No
JOB_01993,Pharmacy Assistant,Vedantu,Media & Entertainment,Jalgaon,8+ years,238613,Pharmacy Software; Medication Dispensing; Customer Service; Inventory Management,Graduate,2026-08-24,Contract,Hybrid
JOB_01994,Electrician,Bajaj Finserv,IT Services,Yavatmal,0-2 years,34142,Troubleshooting; Equipment Maintenance; Electrical Wiring; Circuit Design; Safety Standards,10th Pass,2026-08-23,Full-time,Hybrid
JOB_01995,Full Stack Developer,Byju's,Automotive,Yavatmal,0-2 years,26886,REST API; MongoDB; HTML/CSS; Node.js,12th Pass,2026-08-22,Internship,No
JOB_01996,Supply Chain Analyst,Paytm,Logistics,Jalna,Fresher,32850,SAP; Data Analysis; Forecasting; Inventory Management; Excel; Logistics,Diploma,2026-06-29,Full-time,Yes
JOB_01997,Warehouse Supervisor,Flipkart,Logistics,Beed,5-8 years,213313,Team Leadership; WMS; Inventory Management; Safety Standards,12th Pass,2026-07-11,Full-time,Hybrid
JOB_01998,Retail Associate,Narayana Health,Banking & Finance,Chandrapur,0-2 years,55395,Inventory Management; Sales; Customer Service; Communication,10th Pass,2026-07-29,Part-time,No
JOB_01999,Fitter,IBM,Manufacturing,Nashik,8+ years,279845,Maintenance; Assembly; Blueprint Reading; Precision Tools,Diploma,2026-07-11,Internship,No
JOB_02000,Full Stack Developer,HDFC Bank,Media & Entertainment,Bhiwandi,Fresher,19089,JavaScript; Node.js; REST API; HTML/CSS; Git,Graduate,2026-07-10,Internship,No
JOB_02001,Supply Chain Analyst,HDFC Bank,Automotive,Nanded,8+ years,407870,SAP; Data Analysis; Logistics,Graduate,2026-07-22,Internship,Yes
JOB_02002,Machine Operator,Razorpay,Retail,Jalgaon,Fresher,15142,CNC Operation; Quality Control; Production Planning,Post Graduate,2026-06-19,Contract,No
JOB_02003,Welder,Unacademy,Telecommunications,Jalna,0-2 years,26091,TIG Welding; Safety Standards; Arc Welding; Blueprint Reading,10th Pass,2026-08-17,Part-time,Yes
JOB_02004,Cloud Engineer,Amazon,Manufacturing,Raigad,Fresher,27826,Azure; Linux; Kubernetes,Graduate,2026-06-16,Internship,No
JOB_02005,UI/UX Designer,Narayana Health,Construction,Mumbai,8+ years,413948,Adobe XD; HTML/CSS; Wireframing; User Research; Figma,Post Graduate,2026-06-19,Full-time,Hybrid
JOB_02006,Electrician,Flipkart,Media & Entertainment,Dhule,Fresher,21408,Electrical Wiring; Troubleshooting; Safety Standards,Post Graduate,2026-09-02,Contract,Yes
JOB_02007,Teacher,Byju's,E-commerce,Beed,5-8 years,223095,Curriculum Development; Assessment; Classroom Management; Lesson Planning,Diploma,2026-06-15,Full-time,Hybrid
JOB_02008,Nurse,Accenture,FMCG,Parbhani,2-5 years,115016,Medication Administration; Emergency Care; Medical Procedures; Vital Signs; Patient Care,Graduate,2026-08-03,Internship,Hybrid
JOB_02009,Teacher,Apollo Hospitals,Construction,Amravati,5-8 years,186587,Communication; Curriculum Development; Lesson Planning; Classroom Management,Diploma,2026-08-27,Internship,Hybrid
JOB_02010,Accountant,Max Healthcare,Manufacturing,Bhiwandi,8+ years,355542,Financial Reporting; QuickBooks; GST; Excel,Post Graduate,2026-06-25,Contract,Hybrid
JOB_02011,Electrician,Flipkart,Energy,Beed,5-8 years,178568,Troubleshooting; Circuit Design; Equipment Maintenance; Safety Standards,Diploma,2026-06-30,Part-time,Yes
JOB_02012,Software Developer,Apollo Hospitals,Telecommunications,Parbhani,5-8 years,207089,Python; Git; REST API; JavaScript; Java; Microservices,10th Pass,2026-06-18,Part-time,Hybrid
JOB_02013,Medical Lab Technician,Bajaj Finserv,Energy,Jalgaon,2-5 years,53116,Quality Control; Equipment Operation; Safety; Lab Testing; Sample Collection,Diploma,2026-07-27,Full-time,No
JOB_02014,Warehouse Supervisor,Reliance Jio,Telecommunications,Satara,Fresher,16675,Safety Standards; WMS; Inventory Management; Logistics,Post Graduate,2026-07-08,Contract,Yes
JOB_02015,Training Coordinator,Wipro,Pharmaceuticals,Amravati,8+ years,274385,Assessment; Curriculum Design; Communication; LMS,Diploma,2026-06-21,Contract,Hybrid
JOB_02016,Nurse,TCS,Healthcare,Yavatmal,2-5 years,96027,Patient Care; Emergency Care; Medical Procedures; Vital Signs; Medication Administration,Diploma,2026-08-21,Full-time,Hybrid
JOB_02017,DevOps Engineer,ABB India,IT Services,Jalgaon,Fresher,22437,Docker; Kubernetes; Ansible; Linux,Post Graduate,2026-08-27,Internship,Hybrid
JOB_02018,Machine Learning Engineer,Paytm,Automotive,Kolhapur,0-2 years,40663,TensorFlow; Python; Deep Learning; SQL; Scikit-learn,Diploma,2026-06-12,Full-time,No
JOB_02019,Pharmacy Assistant,Larsen & Toubro,E-commerce,Dhule,0-2 years,37004,Inventory Management; Medication Dispensing; Customer Service; Pharmacy Software,Diploma,2026-06-11,Full-time,Hybrid
JOB_02020,Data Analyst,Paytm,Healthcare,Latur,8+ years,242072,Statistics; Excel; Pandas; NumPy,12th Pass,2026-08-02,Full-time,Hybrid
JOB_02021,Medical Lab Technician,Axis Bank,Manufacturing,Nanded,Fresher,24975,Lab Testing; Quality Control; Equipment Operation,Diploma,2026-07-22,Contract,Hybrid
JOB_02022,Cybersecurity Analyst,Wipro,Media & Entertainment,Osmanabad,5-8 years,219440,Penetration Testing; Firewall; Compliance; SIEM; Network Security; Risk Assessment,Post Graduate,2026-08-10,Internship,No
JOB_02023,Content Writer,Accenture,Construction,Aurangabad,Fresher,28939,Research; Copywriting; WordPress; Editing; Content Writing,Graduate,2026-08-03,Part-time,No
JOB_02024,Software Developer,Razorpay,Banking & Finance,Sangli,8+ years,499378,REST API; Java; Python; Git; Agile; Microservices,Graduate,2026-08-06,Internship,Yes
JOB_02025,Software Developer,ABB India,Banking & Finance,Satara,0-2 years,46622,Microservices; Python; JavaScript; Agile; REST API; Git,10th Pass,2026-06-18,Part-time,Yes
JOB_02026,Training Coordinator,Axis Bank,Construction,Chandrapur,5-8 years,160070,Curriculum Design; LMS; Assessment,10th Pass,2026-06-29,Full-time,No
JOB_02027,Quality Analyst,Godrej Industries,Construction,Nagpur,2-5 years,102525,Testing; Selenium; Manual Testing; Agile,Diploma,2026-07-28,Full-time,Hybrid
JOB_02028,DevOps Engineer,Bajaj Finserv,Banking & Finance,Solapur,8+ years,394555,CI/CD; Docker; AWS; Kubernetes,12th Pass,2026-07-10,Internship,Yes
JOB_02029,Welder,Capgemini,Pharmaceuticals,Nagpur,8+ years,335665,TIG Welding; Arc Welding; Blueprint Reading; MIG Welding,Graduate,2026-08-11,Part-time,Hybrid
JOB_02030,Full Stack Developer,Apollo Hospitals,Healthcare,Ahmednagar,0-2 years,35274,JavaScript; HTML/CSS; Git,10th Pass,2026-06-11,Internship,No
JOB_02031,Cloud Engineer,Infosys,Retail,Akola,Fresher,19145,Azure; Linux; Docker; Kubernetes,Diploma,2026-07-17,Full-time,No
JOB_02032,Business Analyst,Capgemini,Energy,Jalna,0-2 years,57992,Excel; Agile; Requirements Gathering; SQL; Power BI; Process Mapping,Post Graduate,2026-07-04,Part-time,Yes
JOB_02033,Cloud Engineer,Bajaj Finserv,Retail,Bhiwandi,8+ years,441439,Linux; Docker; Azure,12th Pass,2026-07-11,Full-time,Yes
JOB_02034,Customer Support Specialist,PhonePe,Construction,Nanded,0-2 years,47692,Zendesk; Communication; Problem Solving; CRM,10th Pass,2026-06-20,Full-time,No
JOB_02035,Pharmacy Assistant,Mahindra & Mahindra,Education,Pune,0-2 years,33580,Medication Dispensing; Pharmacy Software; Inventory Management; Customer Service,12th Pass,2026-06-14,Part-time,Hybrid
JOB_02036,Supply Chain Analyst,Wipro,Media & Entertainment,Satara,8+ years,289181,Forecasting; Logistics; Data Analysis; Excel,Diploma,2026-06-20,Internship,No
JOB_02037,Logistics Coordinator,Bajaj Finserv,Construction,Pune,5-8 years,153927,Communication; Transportation Management; Coordination,12th Pass,2026-08-01,Internship,Hybrid
JOB_02038,Customer Support Specialist,Tech Mahindra,Telecommunications,Beed,2-5 years,59898,Problem Solving; Customer Service; Zendesk; Communication; CRM,10th Pass,2026-08-04,Part-time,No
JOB_02039,UI/UX Designer,Siemens,Banking & Finance,Pune,Fresher,18294,Adobe XD; Sketch; Prototyping; Figma,Diploma,2026-06-27,Part-time,Yes
JOB_02040,Software Developer,Flipkart,Manufacturing,Kolhapur,Fresher,17516,JavaScript; Python; Git; Java,12th Pass,2026-06-10,Full-time,Hybrid
JOB_02041,Logistics Coordinator,Max Healthcare,Energy,Kolhapur,5-8 years,225536,Documentation; Transportation Management; Communication,12th Pass,2026-08-04,Full-time,No
JOB_02042,Warehouse Supervisor,Crompton Greaves,Construction,Nanded,8+ years,222408,Safety Standards; WMS; Inventory Management; Logistics,Diploma,2026-09-02,Part-time,Yes
JOB_02043,Machine Learning Engineer,Zerodha,Media & Entertainment,Pune,Fresher,22911,Scikit-learn; Python; NLP,10th Pass,2026-08-01,Contract,Yes
JOB_02044,Nurse,Siemens,Banking & Finance,Satara,8+ years,477393,Medical Procedures; Vital Signs; Patient Care,Graduate,2026-07-19,Full-time,Hybrid
JOB_02045,Logistics Coordinator,Mahindra & Mahindra,FMCG,Satara,Fresher,34841,Communication; Coordination; Documentation; Tracking Systems; Transportation Management,Post Graduate,2026-07-06,Internship,No
JOB_02046,Sales Executive,Reliance Jio,Logistics,Nashik,5-8 years,216954,Lead Generation; CRM; Customer Relationship; Negotiation,Graduate,2026-06-09,Internship,Yes
JOB_02047,Pharmacy Assistant,Larsen & Toubro,Retail,Kolhapur,5-8 years,200055,Customer Service; Inventory Management; Pharmacy Software,10th Pass,2026-07-10,Part-time,Yes
JOB_02048,Customer Support Specialist,ICICI Bank,Logistics,Parbhani,2-5 years,87551,Problem Solving; Zendesk; CRM,Post Graduate,2026-08-30,Part-time,Yes
JOB_02049,Technician,Fortis Healthcare,Banking & Finance,Yavatmal,2-5 years,114780,Electrical Systems; Mechanical Systems; Troubleshooting; Equipment Maintenance,Post Graduate,2026-07-12,Part-time,Yes
JOB_02050,Full Stack Developer,Vedantu,Retail,Nagpur,Fresher,18351,SQL; React; HTML/CSS,Post Graduate,2026-07-19,Contract,Hybrid
JOB_02051,Cybersecurity Analyst,Narayana Health,Telecommunications,Satara,Fresher,27723,Penetration Testing; Firewall; SIEM; Compliance; Network Security; Risk Assessment,12th Pass,2026-07-26,Internship,Hybrid
JOB_02052,Quality Analyst,ICICI Bank,Retail,Mumbai,5-8 years,227512,Testing; JIRA; Manual Testing; Selenium,10th Pass,2026-06-09,Part-time,No
JOB_02053,Warehouse Supervisor,Accenture,FMCG,Osmanabad,0-2 years,32445,WMS; Team Leadership; Logistics; Inventory Management,Post Graduate,2026-06-12,Internship,Yes
JOB_02054,Content Writer,Axis Bank,Education,Satara,2-5 years,99429,Content Writing; Copywriting; WordPress,Post Graduate,2026-06-09,Full-time,Yes
JOB_02055,Electrician,IBM,Telecommunications,Solapur,5-8 years,235946,Safety Standards; Troubleshooting; Electrical Wiring,Graduate,2026-08-11,Full-time,Hybrid
JOB_02056,Cloud Engineer,Narayana Health,Construction,Osmanabad,5-8 years,217492,Terraform; GCP; Linux,10th Pass,2026-06-29,Contract,Hybrid
JOB_02057,Supply Chain Analyst,Unacademy,Automotive,Nanded,2-5 years,63953,Logistics; SAP; Data Analysis,Graduate,2026-07-04,Full-time,No
JOB_02058,Electrician,Max Healthcare,Manufacturing,Akola,5-8 years,229110,Electrical Wiring; Equipment Maintenance; Troubleshooting; Circuit Design; Safety Standards,Diploma,2026-08-08,Internship,Yes
JOB_02059,Cloud Engineer,Cognizant,E-commerce,Amravati,5-8 years,208637,Linux; Networking; GCP; Docker; Azure; Terraform,12th Pass,2026-08-22,Contract,Hybrid
JOB_02060,Accountant,PhonePe,Banking & Finance,Parbhani,0-2 years,28509,Taxation; Excel; QuickBooks,10th Pass,2026-07-16,Part-time,Hybrid
JOB_02061,Data Analyst,TCS,Logistics,Amravati,Fresher,21177,Pandas; Power BI; Excel,Post Graduate,2026-06-09,Full-time,No
JOB_02062,Cybersecurity Analyst,Capgemini,FMCG,Ahmednagar,0-2 years,27400,Network Security; Firewall; SIEM; Penetration Testing,Diploma,2026-08-30,Full-time,Yes
JOB_02063,Supply Chain Analyst,Larsen & Toubro,Pharmaceuticals,Satara,0-2 years,47396,Logistics; Data Analysis; Forecasting; Inventory Management; Excel,12th Pass,2026-06-08,Part-time,Hybrid
JOB_02064,Welder,Capgemini,E-commerce,Bhiwandi,8+ years,276283,TIG Welding; MIG Welding; Blueprint Reading; Arc Welding,Diploma,2026-07-25,Full-time,No
JOB_02065,Nurse,Reliance Jio,Manufacturing,Nagpur,2-5 years,63932,Patient Care; Medication Administration; Medical Procedures; Vital Signs; Emergency Care,Post Graduate,2026-08-12,Internship,Yes
JOB_02066,Cloud Engineer,Axis Bank,Automotive,Dhule,8+ years,366901,Linux; GCP; AWS; Azure; Networking,Graduate,2026-08-06,Contract,No
JOB_02067,Business Analyst,Bajaj Finserv,IT Services,Satara,Fresher,34239,Requirements Gathering; Process Mapping; JIRA; Power BI; Agile; SQL,Diploma,2026-07-12,Contract,Hybrid
JOB_02068,Electrician,Tata Motors,Media & Entertainment,Aurangabad,5-8 years,226734,Electrical Wiring; Circuit Design; Safety Standards; Equipment Maintenance; Troubleshooting,Post Graduate,2026-06-15,Contract,Hybrid
JOB_02069,Project Coordinator,Narayana Health,Telecommunications,Ahmednagar,Fresher,30416,Project Management; Communication; Coordination,12th Pass,2026-08-11,Internship,Yes
JOB_02070,Supply Chain Analyst,Zerodha,Construction,Nashik,0-2 years,36813,Forecasting; Logistics; Excel; Data Analysis,Post Graduate,2026-07-27,Part-time,Hybrid
JOB_02071,UI/UX Designer,Razorpay,Media & Entertainment,Nashik,2-5 years,74225,HTML/CSS; Figma; Prototyping; Adobe XD,12th Pass,2026-08-05,Contract,No
JOB_02072,Teacher,Cognizant,Construction,Nashik,Fresher,33112,Communication; Curriculum Development; Lesson Planning; Classroom Management,Post Graduate,2026-08-01,Full-time,Yes
JOB_02073,Retail Associate,Apollo Hospitals,IT Services,Kolhapur,2-5 years,61909,Communication; Inventory Management; Sales; Cash Handling; Customer Service,10th Pass,2026-08-20,Internship,Hybrid
JOB_02074,Digital Marketing Executive,Tata Motors,IT Services,Ahmednagar,2-5 years,58513,SEO; Google Analytics; Social Media Marketing; SEM; Email Marketing,12th Pass,2026-08-11,Full-time,No
JOB_02075,Full Stack Developer,Siemens,Banking & Finance,Jalgaon,0-2 years,29626,Node.js; MongoDB; JavaScript,Post Graduate,2026-09-01,Contract,No
JOB_02076,Sales Executive,Reliance Jio,Pharmaceuticals,Sangli,8+ years,451807,Customer Relationship; Negotiation; CRM; Communication; Lead Generation,12th Pass,2026-07-18,Internship,Hybrid
JOB_02077,Technician,Reliance Jio,FMCG,Satara,5-8 years,160742,Safety; Electrical Systems; Equipment Maintenance,12th Pass,2026-06-28,Full-time,Hybrid
JOB_02078,Machine Learning Engineer,HDFC Bank,Automotive,Nagpur,Fresher,25012,NLP; SQL; TensorFlow,Diploma,2026-08-19,Part-time,No
JOB_02079,Software Developer,Reliance Jio,Telecommunications,Ahmednagar,5-8 years,178619,Git; SQL; Java; Agile,10th Pass,2026-06-10,Part-time,Yes
JOB_02080,Machine Learning Engineer,Apollo Hospitals,Banking & Finance,Parbhani,0-2 years,48722,Scikit-learn; SQL; PyTorch; Python; Deep Learning; TensorFlow,Post Graduate,2026-07-30,Contract,Yes
JOB_02081,Warehouse Supervisor,Fortis Healthcare,Automotive,Solapur,8+ years,210917,WMS; Logistics; Team Leadership,Diploma,2026-07-09,Part-time,No
JOB_02082,Medical Lab Technician,Larsen & Toubro,E-commerce,Nanded,Fresher,15270,Safety; Equipment Operation; Quality Control; Sample Collection; Lab Testing,10th Pass,2026-08-04,Internship,Hybrid
JOB_02083,Pharmacy Assistant,Siemens,Healthcare,Jalgaon,5-8 years,111744,Medication Dispensing; Customer Service; Inventory Management; Pharmacy Software,12th Pass,2026-08-02,Full-time,Hybrid
JOB_02084,Quality Analyst,Wipro,FMCG,Mumbai,0-2 years,43007,Manual Testing; Selenium; Bug Tracking; SQL; Testing,10th Pass,2026-07-30,Internship,Hybrid
JOB_02085,Content Writer,Byju's,Logistics,Ahmednagar,8+ years,439901,Research; Content Writing; WordPress; Copywriting; Editing,Graduate,2026-06-07,Internship,Hybrid
JOB_02086,Data Analyst,Unacademy,Media & Entertainment,Sangli,Fresher,32157,SQL; Python; NumPy,12th Pass,2026-08-02,Full-time,No
JOB_02087,Content Writer,Max Healthcare,Retail,Latur,5-8 years,105243,Content Writing; Copywriting; WordPress; Editing; SEO,Graduate,2026-06-09,Internship,No
JOB_02088,Technician,Reliance Jio,Healthcare,Sangli,2-5 years,117780,Troubleshooting; Electrical Systems; Mechanical Systems; Safety,Graduate,2026-07-25,Contract,No
JOB_02089,Logistics Coordinator,ABB India,FMCG,Beed,Fresher,25186,Tracking Systems; Documentation; Coordination; Communication,Post Graduate,2026-08-30,Contract,Yes
JOB_02090,Nurse,Tech Mahindra,Logistics,Ahmednagar,8+ years,357633,Emergency Care; Medical Procedures; Vital Signs; Medication Administration; Patient Care,Post Graduate,2026-08-31,Contract,Yes
JOB_02091,Pharmacy Assistant,Siemens,Energy,Bhiwandi,0-2 years,44716,Pharmacy Software; Inventory Management; Medication Dispensing; Customer Service,Graduate,2026-07-01,Internship,Yes
JOB_02092,Quality Analyst,Bajaj Finserv,FMCG,Nanded,2-5 years,117128,JIRA; Bug Tracking; Testing; SQL; Agile; Selenium,Post Graduate,2026-07-22,Full-time,Hybrid
JOB_02093,Medical Lab Technician,Accenture,Energy,Mumbai,Fresher,25926,Quality Control; Safety; Equipment Operation,10th Pass,2026-08-25,Part-time,Yes
JOB_02094,Logistics Coordinator,PhonePe,Energy,Beed,2-5 years,118705,Documentation; Tracking Systems; Coordination; Communication,12th Pass,2026-07-18,Full-time,Yes
JOB_02095,Content Writer,Amazon,IT Services,Ahmednagar,2-5 years,89851,WordPress; Research; SEO; Editing,Diploma,2026-06-09,Part-time,Hybrid
JOB_02096,Welder,PhonePe,FMCG,Dhule,2-5 years,69731,Safety Standards; MIG Welding; Arc Welding; TIG Welding; Blueprint Reading,Post Graduate,2026-08-10,Contract,No
JOB_02097,Technician,Zerodha,Pharmaceuticals,Nagpur,5-8 years,179024,Equipment Maintenance; Mechanical Systems; Safety; Electrical Systems; Troubleshooting,Diploma,2026-07-31,Internship,No
JOB_02098,Teacher,Max Healthcare,Media & Entertainment,Solapur,5-8 years,216522,Assessment; Classroom Management; Curriculum Development,Diploma,2026-06-28,Full-time,Hybrid
JOB_02099,Welder,Paytm,Energy,Satara,8+ years,350394,TIG Welding; Safety Standards; MIG Welding; Blueprint Reading,Post Graduate,2026-06-13,Contract,Hybrid
JOB_02100,Retail Associate,Larsen & Toubro,Energy,Aurangabad,2-5 years,53604,Cash Handling; Communication; Sales,12th Pass,2026-08-05,Internship,No
JOB_02101,Accountant,Godrej Industries,IT Services,Parbhani,8+ years,444971,QuickBooks; Excel; Tally; Accounting; Financial Reporting,Graduate,2026-07-21,Contract,Hybrid
JOB_02102,HR Coordinator,Crompton Greaves,Banking & Finance,Amravati,2-5 years,77257,Communication; Employee Relations; HRMS,10th Pass,2026-08-28,Full-time,Yes
JOB_02103,Machine Operator,Tata Motors,Pharmaceuticals,Nanded,Fresher,26700,Safety Standards; Quality Control; Machine Maintenance,Post Graduate,2026-07-02,Part-time,Hybrid
JOB_02104,Full Stack Developer,Bajaj Finserv,Telecommunications,Akola,2-5 years,76251,Git; Node.js; React; REST API; HTML/CSS,Post Graduate,2026-06-10,Internship,No
JOB_02105,Data Analyst,Mahindra & Mahindra,Logistics,Pune,Fresher,23045,SQL; Python; Pandas,10th Pass,2026-07-27,Contract,No
JOB_02106,Digital Marketing Executive,PhonePe,Automotive,Satara,Fresher,31462,Google Analytics; SEO; Content Marketing; Email Marketing; Social Media Marketing; SEM,12th Pass,2026-08-08,Contract,No
JOB_02107,Accountant,Crompton Greaves,Logistics,Jalgaon,Fresher,15001,Accounting; Tally; Taxation; QuickBooks; GST; Excel,12th Pass,2026-07-31,Internship,No
JOB_02108,Technician,Amazon,Pharmaceuticals,Bhiwandi,5-8 years,205936,Equipment Maintenance; Electrical Systems; Mechanical Systems; Safety; Troubleshooting,10th Pass,2026-07-23,Contract,Yes
JOB_02109,Quality Analyst,Tata Motors,Pharmaceuticals,Nagpur,8+ years,294623,Agile; Selenium; JIRA; Testing,Post Graduate,2026-06-23,Internship,No
JOB_02110,Training Coordinator,Siemens,Education,Mumbai,2-5 years,58793,Curriculum Design; Assessment; Training Delivery; Communication,Graduate,2026-08-03,Contract,Yes
JOB_02111,Business Analyst,Fortis Healthcare,Retail,Bhiwandi,Fresher,29780,Power BI; Process Mapping; JIRA,Post Graduate,2026-08-04,Full-time,No
JOB_02112,HR Coordinator,Flipkart,Education,Akola,8+ years,337602,Communication; Compliance; HRMS; Recruitment; Payroll; Employee Relations,Graduate,2026-07-30,Full-time,Hybrid
JOB_02113,Pharmacy Assistant,Axis Bank,FMCG,Raigad,0-2 years,52106,Customer Service; Pharmacy Software; Medication Dispensing; Inventory Management,12th Pass,2026-07-27,Internship,No
JOB_02114,Cloud Engineer,ICICI Bank,Media & Entertainment,Nagpur,0-2 years,34263,Azure; Kubernetes; Linux; Terraform; AWS,10th Pass,2026-07-21,Contract,Yes
JOB_02115,Machine Learning Engineer,Accenture,Manufacturing,Akola,5-8 years,143984,SQL; NLP; Deep Learning; PyTorch,Graduate,2026-06-08,Internship,Hybrid
JOB_02116,Welder,HCL,FMCG,Akola,2-5 years,99166,Blueprint Reading; TIG Welding; Safety Standards; Arc Welding; MIG Welding,Diploma,2026-07-24,Full-time,No
JOB_02117,HR Coordinator,Reliance Jio,Healthcare,Satara,2-5 years,119794,Recruitment; Payroll; HRMS; Employee Relations,Graduate,2026-06-23,Full-time,Hybrid
JOB_02118,Data Analyst,Tech Mahindra,Energy,Bhiwandi,0-2 years,45431,Pandas; SQL; Excel; NumPy; Tableau,Graduate,2026-08-15,Contract,Hybrid
JOB_02119,HR Coordinator,Cognizant,E-commerce,Pune,0-2 years,55944,Payroll; Communication; HRMS,Diploma,2026-08-11,Full-time,Yes
JOB_02120,Full Stack Developer,HDFC Bank,Healthcare,Nagpur,5-8 years,195012,HTML/CSS; REST API; Node.js,Graduate,2026-08-10,Full-time,No
JOB_02121,Cybersecurity Analyst,HCL,FMCG,Amravati,Fresher,18270,SIEM; Network Security; Firewall; Penetration Testing; Risk Assessment,10th Pass,2026-08-29,Internship,No
JOB_02122,Welder,Siemens,Manufacturing,Jalgaon,8+ years,370674,Safety Standards; Blueprint Reading; Arc Welding; MIG Welding,Graduate,2026-07-28,Part-time,Hybrid
JOB_02123,Fitter,Max Healthcare,Automotive,Aurangabad,Fresher,25052,Precision Tools; Maintenance; Mechanical Fitting; Assembly; Blueprint Reading,Graduate,2026-06-09,Full-time,Yes
JOB_02124,Accountant,Fortis Healthcare,Construction,Osmanabad,Fresher,20244,Financial Reporting; Taxation; Tally; QuickBooks; Accounting; GST,Diploma,2026-06-11,Part-time,Hybrid
JOB_02125,Cloud Engineer,Amazon,Retail,Bhiwandi,5-8 years,193281,GCP; Linux; AWS; Docker,12th Pass,2026-06-15,Part-time,Hybrid
JOB_02126,Nurse,Fortis Healthcare,E-commerce,Satara,5-8 years,171038,Emergency Care; Medical Procedures; Medication Administration,10th Pass,2026-07-03,Full-time,Hybrid
JOB_02127,Software Developer,Axis Bank,E-commerce,Latur,Fresher,16610,Microservices; Java; REST API; Git; SQL,Post Graduate,2026-08-10,Part-time,Yes
JOB_02128,Data Analyst,ABB India,Automotive,Sangli,5-8 years,137944,Excel; NumPy; SQL; Tableau; Power BI; Python,Diploma,2026-06-18,Full-time,No
JOB_02129,Sales Executive,Wipro,Manufacturing,Osmanabad,0-2 years,26044,Customer Relationship; CRM; Communication; Lead Generation; Negotiation,Graduate,2026-07-18,Contract,Hybrid
JOB_02130,Software Developer,Mahindra & Mahindra,IT Services,Solapur,0-2 years,51157,Agile; REST API; JavaScript; SQL; Microservices; Java,10th Pass,2026-06-08,Contract,Yes
JOB_02131,Retail Associate,Mahindra & Mahindra,Energy,Mumbai,8+ years,405595,Communication; Inventory Management; Sales,Diploma,2026-06-08,Part-time,Yes
JOB_02132,Cloud Engineer,Larsen & Toubro,Retail,Akola,5-8 years,239157,Docker; Kubernetes; Networking; Terraform,10th Pass,2026-07-01,Internship,Hybrid
JOB_02133,Teacher,Byju's,Pharmaceuticals,Latur,5-8 years,113753,Curriculum Development; Classroom Management; Lesson Planning; Communication; Assessment,Post Graduate,2026-07-13,Part-time,Hybrid
JOB_02134,Software Developer,HDFC Bank,Telecommunications,Nashik,Fresher,29654,Python; JavaScript; SQL; Git; REST API; Agile,10th Pass,2026-08-25,Full-time,Yes
JOB_02135,Quality Analyst,ABB India,Banking & Finance,Amravati,Fresher,23057,JIRA; Bug Tracking; Agile; Manual Testing; SQL,Post Graduate,2026-06-25,Contract,No
JOB_02136,Digital Marketing Executive,Capgemini,Education,Osmanabad,8+ years,267185,Content Marketing; SEO; Google Analytics; Email Marketing; SEM; Social Media Marketing,Post Graduate,2026-06-25,Contract,Yes
JOB_02137,Project Coordinator,ICICI Bank,Construction,Parbhani,5-8 years,133054,Coordination; Documentation; Communication,12th Pass,2026-06-12,Internship,Yes
JOB_02138,Nurse,PhonePe,FMCG,Sangli,8+ years,287450,Vital Signs; Emergency Care; Medical Procedures; Medication Administration; Patient Care,10th Pass,2026-07-19,Part-time,Yes
JOB_02139,Quality Analyst,TCS,FMCG,Osmanabad,0-2 years,41087,Bug Tracking; Selenium; Agile,Post Graduate,2026-07-19,Full-time,No
JOB_02140,Teacher,ABB India,Retail,Jalna,8+ years,463392,Communication; Assessment; Classroom Management; Curriculum Development; Lesson Planning,10th Pass,2026-09-02,Internship,No
JOB_02141,Sales Executive,Zerodha,Education,Kolhapur,8+ years,276839,Communication; Customer Relationship; Lead Generation; Negotiation; CRM,Post Graduate,2026-08-25,Contract,Hybrid
JOB_02142,Business Analyst,Siemens,Media & Entertainment,Parbhani,Fresher,31008,Agile; JIRA; Power BI; Excel; Requirements Gathering,10th Pass,2026-07-31,Internship,No
JOB_02143,Digital Marketing Executive,Godrej Industries,Telecommunications,Osmanabad,Fresher,18860,Email Marketing; SEM; Social Media Marketing; Content Marketing; Google Analytics; SEO,10th Pass,2026-06-18,Internship,No
JOB_02144,Machine Learning Engineer,Tata Motors,Automotive,Kolhapur,2-5 years,90721,PyTorch; NLP; Python; Deep Learning; Scikit-learn; TensorFlow,10th Pass,2026-08-21,Internship,No
JOB_02145,Quality Analyst,Bajaj Finserv,Media & Entertainment,Ahmednagar,8+ years,308289,JIRA; Testing; Bug Tracking,10th Pass,2026-07-22,Part-time,Yes
JOB_02146,Medical Lab Technician,HDFC Bank,Energy,Dhule,Fresher,30577,Lab Testing; Equipment Operation; Quality Control,Post Graduate,2026-06-13,Part-time,No
JOB_02147,DevOps Engineer,Tata Motors,FMCG,Jalna,0-2 years,35970,CI/CD; Linux; Python; Ansible,12th Pass,2026-07-05,Internship,Hybrid
JOB_02148,Data Analyst,Razorpay,FMCG,Beed,8+ years,465368,Pandas; Statistics; NumPy; Python; Tableau,Diploma,2026-08-31,Full-time,Yes
JOB_02149,Business Analyst,TCS,Banking & Finance,Bhiwandi,2-5 years,119072,JIRA; Excel; Process Mapping; Agile; Requirements Gathering,12th Pass,2026-07-15,Internship,Yes
JOB_02150,Training Coordinator,Mahindra & Mahindra,Education,Akola,2-5 years,101504,Training Delivery; Communication; LMS; Assessment,10th Pass,2026-08-30,Internship,No
JOB_02151,Pharmacy Assistant,Narayana Health,Construction,Raigad,2-5 years,93615,Pharmacy Software; Medication Dispensing; Inventory Management,12th Pass,2026-08-09,Contract,Hybrid
JOB_02152,Fitter,Amazon,Pharmaceuticals,Nashik,Fresher,16395,Precision Tools; Assembly; Blueprint Reading; Mechanical Fitting; Maintenance,Graduate,2026-08-14,Contract,No
JOB_02153,Warehouse Supervisor,Bajaj Finserv,Energy,Bhiwandi,0-2 years,45973,Safety Standards; WMS; Team Leadership,Post Graduate,2026-06-26,Full-time,Yes
JOB_02154,Content Writer,Mahindra & Mahindra,Healthcare,Ahmednagar,0-2 years,25165,Research; WordPress; Copywriting; SEO; Editing,10th Pass,2026-07-09,Full-time,No
JOB_02155,Medical Lab Technician,Cognizant,Automotive,Nagpur,2-5 years,58981,Lab Testing; Quality Control; Sample Collection; Equipment Operation; Safety,10th Pass,2026-08-16,Contract,No
JOB_02156,Cloud Engineer,Flipkart,Manufacturing,Satara,2-5 years,73310,Azure; Docker; GCP; Kubernetes,Post Graduate,2026-06-30,Contract,Hybrid
JOB_02157,Fitter,Unacademy,Logistics,Sangli,5-8 years,226198,Precision Tools; Assembly; Blueprint Reading; Mechanical Fitting,Diploma,2026-09-02,Contract,No
JOB_02158,Warehouse Supervisor,ICICI Bank,Construction,Sangli,8+ years,458279,Team Leadership; Safety Standards; Logistics; WMS,Diploma,2026-08-22,Internship,Hybrid
JOB_02159,UI/UX Designer,TCS,Energy,Raigad,0-2 years,40793,HTML/CSS; User Research; Figma; Prototyping; Adobe XD,Graduate,2026-07-28,Contract,Yes
JOB_02160,Customer Support Specialist,Vedantu,Banking & Finance,Chandrapur,8+ years,374601,Communication; Customer Service; Zendesk,Diploma,2026-06-14,Internship,No
JOB_02161,Pharmacy Assistant,Mahindra & Mahindra,Healthcare,Jalgaon,0-2 years,33748,Inventory Management; Pharmacy Software; Customer Service,Diploma,2026-08-13,Contract,No
JOB_02162,Project Coordinator,Narayana Health,Education,Akola,8+ years,455746,Communication; Documentation; Coordination,Graduate,2026-07-27,Internship,Hybrid
JOB_02163,Sales Executive,ICICI Bank,Automotive,Chandrapur,2-5 years,98874,Communication; Negotiation; CRM; Customer Relationship; Lead Generation,10th Pass,2026-07-22,Full-time,Hybrid
JOB_02164,Warehouse Supervisor,Paytm,Pharmaceuticals,Latur,8+ years,411000,Logistics; Safety Standards; Team Leadership; Inventory Management; WMS,Post Graduate,2026-08-30,Contract,Hybrid
JOB_02165,Machine Operator,Max Healthcare,E-commerce,Amravati,Fresher,15061,Machine Maintenance; Quality Control; Production Planning,Graduate,2026-07-28,Internship,Yes
JOB_02166,Machine Learning Engineer,Unacademy,Construction,Nanded,5-8 years,228225,PyTorch; Deep Learning; Scikit-learn,Post Graduate,2026-06-08,Contract,Yes
JOB_02167,Electrician,Siemens,Automotive,Osmanabad,2-5 years,98871,Electrical Wiring; Circuit Design; Troubleshooting; Safety Standards,Graduate,2026-07-15,Full-time,No
JOB_02168,Software Developer,Fortis Healthcare,Banking & Finance,Satara,0-2 years,27047,Java; SQL; JavaScript,Graduate,2026-06-12,Full-time,No
JOB_02169,Warehouse Supervisor,Vedantu,Automotive,Dhule,Fresher,32334,Logistics; Inventory Management; Team Leadership; WMS; Safety Standards,Diploma,2026-07-26,Full-time,No
JOB_02170,Teacher,Apollo Hospitals,Automotive,Nashik,0-2 years,51332,Curriculum Development; Assessment; Classroom Management,Post Graduate,2026-06-10,Contract,Yes
JOB_02171,Nurse,Bajaj Finserv,Manufacturing,Parbhani,5-8 years,219132,Medication Administration; Vital Signs; Patient Care; Medical Procedures; Emergency Care,Post Graduate,2026-08-19,Part-time,No
JOB_02172,Logistics Coordinator,Axis Bank,FMCG,Amravati,Fresher,17438,Transportation Management; Documentation; Communication; Coordination,Post Graduate,2026-08-01,Full-time,Hybrid
JOB_02173,HR Coordinator,Paytm,Construction,Solapur,2-5 years,91110,Payroll; HRMS; Employee Relations; Compliance; Recruitment,10th Pass,2026-07-05,Internship,No
JOB_02174,Logistics Coordinator,Tata Motors,Telecommunications,Osmanabad,Fresher,16689,Documentation; Transportation Management; Communication,Post Graduate,2026-07-08,Contract,Hybrid
JOB_02175,Accountant,Amazon,Retail,Bhiwandi,2-5 years,73786,Taxation; Excel; GST,12th Pass,2026-06-11,Part-time,Hybrid
JOB_02176,Supply Chain Analyst,Tech Mahindra,E-commerce,Sangli,8+ years,302825,Inventory Management; Data Analysis; Excel; Forecasting; Logistics; SAP,Graduate,2026-08-14,Contract,Hybrid
JOB_02177,Technician,Flipkart,FMCG,Akola,0-2 years,34617,Equipment Maintenance; Safety; Electrical Systems; Troubleshooting,10th Pass,2026-07-24,Contract,No
JOB_02178,Logistics Coordinator,Mahindra & Mahindra,Construction,Chandrapur,2-5 years,99123,Communication; Tracking Systems; Documentation; Transportation Management; Coordination,Diploma,2026-06-09,Contract,No
JOB_02179,Training Coordinator,Razorpay,Banking & Finance,Nashik,Fresher,29750,LMS; Communication; Training Delivery; Assessment; Curriculum Design,10th Pass,2026-08-11,Full-time,Hybrid
JOB_02180,Sales Executive,ICICI Bank,Telecommunications,Pune,0-2 years,53104,Customer Relationship; CRM; Communication; Lead Generation; Negotiation,Diploma,2026-07-01,Full-time,Hybrid
JOB_02181,Logistics Coordinator,Accenture,Education,Parbhani,2-5 years,84214,Documentation; Coordination; Transportation Management; Communication,10th Pass,2026-06-12,Part-time,Yes
JOB_02182,Cybersecurity Analyst,HCL,Media & Entertainment,Sangli,2-5 years,72149,Network Security; Penetration Testing; Firewall,Post Graduate,2026-06-27,Internship,Yes
JOB_02183,Business Analyst,Zerodha,Media & Entertainment,Jalna,Fresher,28821,Power BI; Process Mapping; Agile; SQL; JIRA; Requirements Gathering,12th Pass,2026-06-12,Internship,Yes
JOB_02184,Electrician,Fortis Healthcare,E-commerce,Chandrapur,0-2 years,56639,Equipment Maintenance; Safety Standards; Electrical Wiring; Circuit Design; Troubleshooting,Graduate,2026-06-08,Internship,Yes
JOB_02185,Project Coordinator,Amazon,IT Services,Parbhani,Fresher,24823,Coordination; Agile; MS Office; Documentation; Project Management,10th Pass,2026-08-22,Internship,Hybrid
JOB_02186,Cybersecurity Analyst,Flipkart,Retail,Kolhapur,Fresher,30311,Compliance; SIEM; Firewall; Penetration Testing; Risk Assessment,Graduate,2026-07-28,Full-time,No
JOB_02187,Data Analyst,Axis Bank,Automotive,Osmanabad,2-5 years,54350,Pandas; NumPy; Excel,12th Pass,2026-06-24,Full-time,Yes
JOB_02188,Full Stack Developer,Capgemini,Pharmaceuticals,Akola,0-2 years,31543,JavaScript; REST API; SQL; Git; Node.js; MongoDB,12th Pass,2026-08-11,Part-time,Hybrid
JOB_02189,Content Writer,Vedantu,Education,Mumbai,5-8 years,165265,Content Writing; Copywriting; SEO; WordPress,12th Pass,2026-06-15,Part-time,No
JOB_02190,Project Coordinator,TCS,E-commerce,Dhule,0-2 years,58426,Project Management; MS Office; Agile; Documentation,Diploma,2026-07-08,Contract,Hybrid
JOB_02191,Software Developer,Axis Bank,Healthcare,Satara,0-2 years,30418,SQL; REST API; Git; JavaScript; Java,12th Pass,2026-09-04,Contract,No
JOB_02192,Cybersecurity Analyst,Zerodha,Education,Nagpur,2-5 years,66006,SIEM; Firewall; Penetration Testing; Compliance; Risk Assessment,Post Graduate,2026-09-01,Full-time,No
JOB_02193,Data Analyst,Bajaj Finserv,Healthcare,Aurangabad,Fresher,34100,Statistics; Excel; Tableau,10th Pass,2026-07-05,Full-time,Yes
JOB_02194,Sales Executive,Cognizant,Logistics,Chandrapur,8+ years,300792,CRM; Lead Generation; Communication; Customer Relationship,Diploma,2026-08-31,Internship,Hybrid
JOB_02195,HR Coordinator,Crompton Greaves,Banking & Finance,Nanded,Fresher,18054,Communication; Employee Relations; Recruitment; HRMS,Diploma,2026-07-16,Part-time,Hybrid
JOB_02196,Machine Operator,Siemens,Healthcare,Nanded,8+ years,335721,Safety Standards; Production Planning; Quality Control,10th Pass,2026-08-21,Internship,No
JOB_02197,HR Coordinator,Byju's,Energy,Yavatmal,5-8 years,158835,Recruitment; Employee Relations; Communication,Diploma,2026-07-27,Internship,Hybrid
JOB_02198,Machine Operator,Zerodha,FMCG,Nagpur,0-2 years,36602,CNC Operation; Machine Maintenance; Production Planning,10th Pass,2026-08-02,Internship,Hybrid
JOB_02199,Medical Lab Technician,Paytm,Media & Entertainment,Akola,5-8 years,242303,Equipment Operation; Lab Testing; Quality Control; Sample Collection,10th Pass,2026-07-31,Full-time,Hybrid
JOB_02200,Full Stack Developer,ICICI Bank,Energy,Raigad,5-8 years,105120,React; Node.js; MongoDB,Diploma,2026-07-23,Part-time,No
JOB_02201,Data Analyst,Apollo Hospitals,Energy,Satara,5-8 years,113428,NumPy; Power BI; Python; Statistics; Tableau,10th Pass,2026-07-05,Internship,No
JOB_02202,Full Stack Developer,Godrej Industries,Construction,Latur,5-8 years,139767,Git; Node.js; MongoDB; React; HTML/CSS,12th Pass,2026-08-14,Part-time,No
JOB_02203,Quality Analyst,Infosys,FMCG,Sangli,2-5 years,99836,Bug Tracking; Testing; JIRA; Manual Testing,Diploma,2026-06-29,Internship,Yes
JOB_02204,Medical Lab Technician,Reliance Jio,Media & Entertainment,Dhule,5-8 years,243618,Quality Control; Lab Testing; Safety; Equipment Operation; Sample Collection,Graduate,2026-07-06,Internship,No
JOB_02205,Teacher,Apollo Hospitals,Logistics,Chandrapur,5-8 years,198631,Classroom Management; Assessment; Lesson Planning,12th Pass,2026-08-07,Internship,Hybrid
JOB_02206,UI/UX Designer,Accenture,IT Services,Nagpur,5-8 years,145191,HTML/CSS; Adobe XD; Sketch; Figma; Prototyping; Wireframing,Graduate,2026-08-12,Internship,Hybrid
JOB_02207,Project Coordinator,HDFC Bank,E-commerce,Jalgaon,0-2 years,39134,Communication; Agile; Project Management; MS Office,10th Pass,2026-06-18,Part-time,No
JOB_02208,Machine Learning Engineer,Narayana Health,Energy,Mumbai,5-8 years,167787,NLP; Scikit-learn; SQL,Graduate,2026-08-06,Internship,Hybrid
JOB_02209,Customer Support Specialist,ABB India,Logistics,Amravati,0-2 years,33948,Zendesk; CRM; Communication; Problem Solving; Customer Service,Diploma,2026-07-02,Part-time,No
JOB_02210,Retail Associate,Fortis Healthcare,Energy,Pune,Fresher,26162,Inventory Management; Communication; Sales; Cash Handling,Graduate,2026-08-04,Full-time,Hybrid
JOB_02211,Machine Operator,Mahindra & Mahindra,E-commerce,Mumbai,8+ years,369860,Quality Control; Production Planning; CNC Operation; Safety Standards,12th Pass,2026-08-04,Internship,No
JOB_02212,DevOps Engineer,Infosys,Logistics,Akola,2-5 years,79974,Ansible; CI/CD; AWS; Jenkins; Docker; Linux,Post Graduate,2026-06-21,Part-time,Yes
JOB_02213,Cybersecurity Analyst,Wipro,Media & Entertainment,Parbhani,Fresher,28589,Risk Assessment; SIEM; Firewall,10th Pass,2026-08-09,Part-time,Hybrid
JOB_02214,Nurse,Razorpay,FMCG,Nanded,5-8 years,165954,Medical Procedures; Vital Signs; Patient Care; Medication Administration,Diploma,2026-08-15,Contract,No
JOB_02215,UI/UX Designer,Zerodha,Media & Entertainment,Nashik,8+ years,302077,Sketch; HTML/CSS; Figma; Prototyping; User Research; Wireframing,10th Pass,2026-08-12,Full-time,No
JOB_02216,Software Developer,Accenture,Pharmaceuticals,Akola,Fresher,25230,JavaScript; Git; SQL,Graduate,2026-07-23,Part-time,Yes
JOB_02217,DevOps Engineer,TCS,Banking & Finance,Raigad,0-2 years,43050,Python; Kubernetes; Linux; Ansible; Jenkins; Docker,12th Pass,2026-06-29,Part-time,Hybrid
JOB_02218,Pharmacy Assistant,Tata Motors,Retail,Pune,Fresher,18200,Customer Service; Pharmacy Software; Inventory Management; Medication Dispensing,Post Graduate,2026-07-21,Internship,Hybrid
JOB_02219,Technician,Mahindra & Mahindra,Education,Chandrapur,8+ years,408794,Equipment Maintenance; Troubleshooting; Electrical Systems,12th Pass,2026-08-28,Contract,No
JOB_02220,Warehouse Supervisor,HDFC Bank,IT Services,Amravati,8+ years,408612,Logistics; Safety Standards; Inventory Management; WMS; Team Leadership,Graduate,2026-06-28,Internship,Yes
JOB_02221,Nurse,ABB India,Logistics,Sangli,Fresher,17473,Medical Procedures; Emergency Care; Patient Care; Vital Signs; Medication Administration,10th Pass,2026-08-01,Contract,Hybrid
JOB_02222,Retail Associate,Vedantu,IT Services,Satara,Fresher,18501,Inventory Management; Customer Service; Communication,12th Pass,2026-06-24,Internship,Hybrid
JOB_02223,Pharmacy Assistant,IBM,IT Services,Yavatmal,5-8 years,112116,Inventory Management; Medication Dispensing; Pharmacy Software,10th Pass,2026-08-20,Part-time,Hybrid
JOB_02224,Warehouse Supervisor,Bajaj Finserv,Healthcare,Aurangabad,2-5 years,112471,Team Leadership; Safety Standards; Inventory Management; WMS; Logistics,Diploma,2026-06-22,Part-time,Hybrid
JOB_02225,Training Coordinator,Apollo Hospitals,Media & Entertainment,Akola,Fresher,34803,Training Delivery; LMS; Curriculum Design; Assessment,12th Pass,2026-06-14,Full-time,No
JOB_02226,Welder,Vedantu,Manufacturing,Mumbai,0-2 years,44597,TIG Welding; Arc Welding; MIG Welding; Safety Standards,12th Pass,2026-06-25,Part-time,Hybrid
JOB_02227,Accountant,IBM,Manufacturing,Dhule,0-2 years,29593,Taxation; QuickBooks; Excel,Diploma,2026-08-13,Internship,Hybrid
JOB_02228,HR Coordinator,Byju's,Pharmaceuticals,Beed,0-2 years,37946,Employee Relations; HRMS; Communication; Payroll; Recruitment; Compliance,Diploma,2026-06-16,Contract,Hybrid
JOB_02229,Teacher,Paytm,E-commerce,Jalna,5-8 years,206456,Assessment; Communication; Classroom Management; Lesson Planning; Curriculum Development,Post Graduate,2026-07-27,Full-time,Yes
JOB_02230,Welder,Axis Bank,Education,Pune,8+ years,419551,Arc Welding; TIG Welding; Blueprint Reading; MIG Welding; Safety Standards,Graduate,2026-08-29,Full-time,Hybrid
JOB_02231,Full Stack Developer,Tech Mahindra,Retail,Satara,Fresher,24436,REST API; React; MongoDB; HTML/CSS; Git,12th Pass,2026-08-14,Internship,Hybrid
JOB_02232,Logistics Coordinator,Apollo Hospitals,Education,Aurangabad,0-2 years,28476,Documentation; Transportation Management; Tracking Systems; Coordination; Communication,Graduate,2026-06-20,Contract,Hybrid
JOB_02233,Data Analyst,ABB India,E-commerce,Yavatmal,Fresher,20972,Power BI; Python; Statistics; Pandas; NumPy; Tableau,Diploma,2026-07-16,Full-time,No
JOB_02234,Supply Chain Analyst,TCS,Media & Entertainment,Ahmednagar,2-5 years,66498,Forecasting; Excel; Logistics,Post Graduate,2026-06-18,Part-time,No
JOB_02235,Welder,Tata Motors,Logistics,Raigad,8+ years,369367,MIG Welding; Blueprint Reading; TIG Welding; Arc Welding,12th Pass,2026-06-18,Internship,Hybrid
JOB_02236,Supply Chain Analyst,Larsen & Toubro,Healthcare,Nagpur,5-8 years,142867,SAP; Forecasting; Inventory Management,12th Pass,2026-07-28,Part-time,No
JOB_02237,Sales Executive,HDFC Bank,E-commerce,Pune,Fresher,29166,Customer Relationship; CRM; Communication; Lead Generation; Negotiation,12th Pass,2026-07-28,Internship,Yes
JOB_02238,Pharmacy Assistant,Amazon,Logistics,Jalgaon,2-5 years,84053,Customer Service; Inventory Management; Pharmacy Software; Medication Dispensing,Graduate,2026-06-12,Contract,Yes
JOB_02239,Machine Operator,Narayana Health,Automotive,Nashik,0-2 years,53368,Production Planning; Machine Maintenance; Quality Control; CNC Operation,Diploma,2026-07-10,Contract,Hybrid
JOB_02240,Cybersecurity Analyst,Crompton Greaves,Healthcare,Amravati,8+ years,381801,Risk Assessment; Network Security; SIEM; Penetration Testing; Compliance; Firewall,10th Pass,2026-08-13,Internship,Hybrid
JOB_02241,Retail Associate,Vedantu,Healthcare,Akola,0-2 years,41139,Communication; Customer Service; Cash Handling,12th Pass,2026-09-02,Part-time,No
JOB_02242,Sales Executive,ICICI Bank,IT Services,Beed,0-2 years,31649,Negotiation; Lead Generation; Customer Relationship,Post Graduate,2026-08-13,Contract,No
JOB_02243,Training Coordinator,Apollo Hospitals,Healthcare,Mumbai,2-5 years,95461,Assessment; Curriculum Design; Training Delivery; Communication; LMS,Diploma,2026-08-30,Full-time,No
JOB_02244,Data Analyst,IBM,Manufacturing,Kolhapur,0-2 years,30883,Python; Power BI; Statistics,Diploma,2026-07-20,Contract,Hybrid
JOB_02245,Pharmacy Assistant,Tata Motors,Construction,Pune,5-8 years,178421,Inventory Management; Medication Dispensing; Pharmacy Software,12th Pass,2026-07-23,Contract,Yes
JOB_02246,Digital Marketing Executive,Flipkart,Manufacturing,Satara,8+ years,454968,SEO; SEM; Google Analytics; Email Marketing; Social Media Marketing,Graduate,2026-06-30,Full-time,Yes
JOB_02247,Medical Lab Technician,Larsen & Toubro,Pharmaceuticals,Mumbai,2-5 years,111662,Sample Collection; Equipment Operation; Quality Control; Safety; Lab Testing,Diploma,2026-08-21,Internship,No
JOB_02248,Customer Support Specialist,Narayana Health,Retail,Nashik,5-8 years,207368,Problem Solving; Customer Service; Zendesk,Graduate,2026-08-04,Internship,Yes
JOB_02249,Warehouse Supervisor,Tech Mahindra,Construction,Aurangabad,5-8 years,182822,WMS; Logistics; Safety Standards; Team Leadership; Inventory Management,Graduate,2026-08-19,Full-time,No
JOB_02250,Accountant,Wipro,Education,Akola,Fresher,31415,Tally; GST; Taxation; Accounting,12th Pass,2026-07-21,Internship,No
JOB_02251,Teacher,HDFC Bank,Construction,Jalgaon,Fresher,16377,Assessment; Lesson Planning; Communication,Graduate,2026-06-21,Full-time,Yes
JOB_02252,Digital Marketing Executive,Cognizant,Energy,Ahmednagar,2-5 years,113647,Email Marketing; SEM; Content Marketing,10th Pass,2026-07-01,Full-time,Hybrid
JOB_02253,Welder,Tata Motors,FMCG,Pune,0-2 years,51714,Arc Welding; Safety Standards; Blueprint Reading; TIG Welding,12th Pass,2026-07-01,Contract,Yes
JOB_02254,Quality Analyst,Wipro,Manufacturing,Ahmednagar,2-5 years,93787,Agile; Bug Tracking; SQL,10th Pass,2026-07-15,Part-time,No
JOB_02255,Supply Chain Analyst,Wipro,IT Services,Jalna,0-2 years,54322,SAP; Inventory Management; Forecasting; Excel; Logistics; Data Analysis,Post Graduate,2026-08-16,Internship,Yes
JOB_02256,Customer Support Specialist,Infosys,Logistics,Jalgaon,5-8 years,204947,Problem Solving; Communication; CRM; Zendesk; Customer Service,12th Pass,2026-06-19,Contract,Yes
JOB_02257,Machine Operator,Godrej Industries,Automotive,Latur,2-5 years,100794,Machine Maintenance; Safety Standards; Production Planning; CNC Operation; Quality Control,Diploma,2026-07-05,Full-time,No
JOB_02258,Content Writer,Max Healthcare,Logistics,Jalna,8+ years,244040,Content Writing; Editing; Copywriting; SEO; WordPress,Diploma,2026-07-12,Contract,No
JOB_02259,Data Analyst,Apollo Hospitals,Energy,Yavatmal,2-5 years,107526,Power BI; Excel; SQL; Python; Tableau; Pandas,10th Pass,2026-08-09,Part-time,Yes
JOB_02260,Warehouse Supervisor,Larsen & Toubro,Telecommunications,Aurangabad,Fresher,30391,Safety Standards; Logistics; Inventory Management; WMS,12th Pass,2026-07-05,Part-time,Yes
JOB_02261,Technician,Fortis Healthcare,Logistics,Nashik,0-2 years,32060,Safety; Mechanical Systems; Equipment Maintenance; Electrical Systems; Troubleshooting,Diploma,2026-07-19,Internship,Hybrid
JOB_02262,DevOps Engineer,Amazon,Education,Nashik,Fresher,26043,Kubernetes; Ansible; Linux,Graduate,2026-07-25,Full-time,No
JOB_02263,Full Stack Developer,PhonePe,Pharmaceuticals,Pune,8+ years,410481,MongoDB; SQL; REST API,12th Pass,2026-06-16,Part-time,Hybrid
JOB_02264,Quality Analyst,Crompton Greaves,Retail,Aurangabad,5-8 years,153004,SQL; Selenium; Testing,Post Graduate,2026-07-30,Part-time,Hybrid
JOB_02265,Data Analyst,Accenture,Education,Mumbai,Fresher,22406,Statistics; SQL; Tableau; Excel,12th Pass,2026-09-02,Contract,Yes
JOB_02266,HR Coordinator,Max Healthcare,Manufacturing,Nanded,8+ years,302053,Employee Relations; Compliance; HRMS; Communication; Payroll,Graduate,2026-07-21,Internship,Yes
JOB_02267,DevOps Engineer,Unacademy,FMCG,Aurangabad,2-5 years,82743,Linux; Jenkins; Ansible; Docker; CI/CD,Post Graduate,2026-08-31,Part-time,No
JOB_02268,Data Analyst,Vedantu,Logistics,Dhule,2-5 years,98360,Excel; NumPy; Python,10th Pass,2026-06-30,Full-time,No
JOB_02269,Cloud Engineer,Flipkart,FMCG,Beed,8+ years,411050,Linux; AWS; Docker,Graduate,2026-07-11,Full-time,Yes
JOB_02270,Business Analyst,Paytm,Telecommunications,Aurangabad,8+ years,491962,JIRA; Power BI; Process Mapping; SQL; Agile,Post Graduate,2026-07-18,Internship,Yes
JOB_02271,Sales Executive,Narayana Health,Automotive,Parbhani,0-2 years,35177,Customer Relationship; Communication; Negotiation; Lead Generation,Post Graduate,2026-09-03,Part-time,No
JOB_02272,Retail Associate,Mahindra & Mahindra,Telecommunications,Aurangabad,8+ years,441953,Cash Handling; Sales; Inventory Management; Customer Service; Communication,12th Pass,2026-08-05,Full-time,No
JOB_02273,Customer Support Specialist,Tech Mahindra,Energy,Kolhapur,Fresher,19997,Customer Service; Communication; CRM,12th Pass,2026-07-18,Full-time,No
JOB_02274,Nurse,Bajaj Finserv,Construction,Satara,Fresher,23640,Vital Signs; Patient Care; Medical Procedures; Emergency Care; Medication Administration,Graduate,2026-07-08,Full-time,Yes
JOB_02275,Medical Lab Technician,IBM,Pharmaceuticals,Satara,8+ years,414542,Quality Control; Sample Collection; Safety; Equipment Operation,10th Pass,2026-06-25,Part-time,No
JOB_02276,Digital Marketing Executive,Mahindra & Mahindra,Banking & Finance,Kolhapur,Fresher,18632,SEO; SEM; Email Marketing; Google Analytics; Social Media Marketing,Graduate,2026-06-25,Contract,Yes
JOB_02277,Project Coordinator,Axis Bank,E-commerce,Nagpur,2-5 years,90595,Agile; Project Management; MS Office; Documentation; Coordination,12th Pass,2026-07-27,Full-time,Hybrid
JOB_02278,Customer Support Specialist,Tata Motors,FMCG,Mumbai,5-8 years,177571,Zendesk; Customer Service; Communication,10th Pass,2026-06-12,Internship,Hybrid
JOB_02279,Business Analyst,HDFC Bank,Banking & Finance,Mumbai,Fresher,30525,JIRA; Power BI; Process Mapping; Agile; Excel,Post Graduate,2026-08-19,Internship,No
JOB_02280,Technician,Tata Motors,FMCG,Satara,5-8 years,158322,Mechanical Systems; Electrical Systems; Equipment Maintenance,12th Pass,2026-08-08,Contract,No
JOB_02281,Welder,Razorpay,Logistics,Satara,8+ years,255859,Blueprint Reading; MIG Welding; Arc Welding,12th Pass,2026-08-06,Contract,Yes
JOB_02282,UI/UX Designer,Tech Mahindra,IT Services,Jalgaon,5-8 years,161274,Figma; Adobe XD; Wireframing; Prototyping; User Research; Sketch,10th Pass,2026-08-27,Full-time,No
JOB_02283,Supply Chain Analyst,Accenture,Construction,Kolhapur,5-8 years,187107,Excel; Forecasting; Inventory Management,12th Pass,2026-07-29,Full-time,Yes
JOB_02284,Sales Executive,Wipro,Retail,Dhule,0-2 years,44044,CRM; Customer Relationship; Negotiation; Communication,12th Pass,2026-06-30,Internship,Hybrid
JOB_02285,Full Stack Developer,Razorpay,Automotive,Dhule,8+ years,329214,SQL; REST API; JavaScript; MongoDB; HTML/CSS,Graduate,2026-07-15,Full-time,Yes
JOB_02286,Training Coordinator,TCS,FMCG,Chandrapur,5-8 years,225952,Assessment; LMS; Training Delivery,10th Pass,2026-07-26,Contract,Hybrid
JOB_02287,Business Analyst,Unacademy,Telecommunications,Pune,0-2 years,31987,SQL; JIRA; Process Mapping,12th Pass,2026-06-23,Full-time,Yes
JOB_02288,Machine Learning Engineer,Flipkart,Media & Entertainment,Mumbai,8+ years,245157,PyTorch; NLP; Deep Learning,Diploma,2026-07-21,Internship,No
JOB_02289,Machine Learning Engineer,Axis Bank,Construction,Kolhapur,0-2 years,35601,Deep Learning; SQL; Scikit-learn; PyTorch; TensorFlow,10th Pass,2026-08-06,Full-time,No
JOB_02290,Logistics Coordinator,Axis Bank,Manufacturing,Amravati,Fresher,34191,Transportation Management; Coordination; Documentation,Post Graduate,2026-06-22,Internship,Hybrid
JOB_02291,Content Writer,Fortis Healthcare,Pharmaceuticals,Amravati,2-5 years,109816,WordPress; Editing; Research,Graduate,2026-08-05,Internship,Yes
JOB_02292,Project Coordinator,Byju's,Pharmaceuticals,Jalgaon,8+ years,279815,Documentation; Coordination; MS Office; Agile,10th Pass,2026-08-10,Contract,Hybrid
JOB_02293,Content Writer,Bajaj Finserv,Energy,Yavatmal,2-5 years,62122,Research; WordPress; Editing; Copywriting,Graduate,2026-08-02,Part-time,No
JOB_02294,Fitter,Zerodha,Media & Entertainment,Nashik,0-2 years,48939,Assembly; Maintenance; Mechanical Fitting; Blueprint Reading; Precision Tools,10th Pass,2026-07-20,Full-time,No
JOB_02295,Pharmacy Assistant,Vedantu,Automotive,Akola,0-2 years,50466,Medication Dispensing; Inventory Management; Pharmacy Software,Diploma,2026-08-18,Full-time,No
JOB_02296,Retail Associate,HDFC Bank,Media & Entertainment,Bhiwandi,8+ years,309380,Inventory Management; Cash Handling; Sales; Communication,10th Pass,2026-06-21,Internship,Yes
JOB_02297,Cloud Engineer,Siemens,Manufacturing,Yavatmal,2-5 years,67343,AWS; Networking; Azure; Kubernetes; Linux; Docker,Graduate,2026-07-06,Internship,No
JOB_02298,Project Coordinator,Apollo Hospitals,Manufacturing,Aurangabad,8+ years,291034,Coordination; Project Management; Documentation; Agile,Graduate,2026-07-17,Full-time,Yes
JOB_02299,Technician,HCL,Banking & Finance,Nashik,Fresher,34183,Mechanical Systems; Equipment Maintenance; Troubleshooting; Safety,Post Graduate,2026-07-08,Contract,No
JOB_02300,Project Coordinator,PhonePe,Banking & Finance,Beed,8+ years,491525,Project Management; Communication; Agile; MS Office,Post Graduate,2026-07-01,Part-time,Hybrid
JOB_02301,Pharmacy Assistant,Fortis Healthcare,Energy,Yavatmal,2-5 years,75774,Pharmacy Software; Customer Service; Medication Dispensing,Post Graduate,2026-06-10,Full-time,Yes
JOB_02302,Machine Learning Engineer,Capgemini,Logistics,Jalna,2-5 years,59202,Deep Learning; TensorFlow; Scikit-learn; PyTorch; NLP; SQL,Post Graduate,2026-06-19,Part-time,Yes
JOB_02303,Logistics Coordinator,IBM,Media & Entertainment,Bhiwandi,8+ years,242787,Transportation Management; Tracking Systems; Coordination,12th Pass,2026-06-29,Contract,Yes
JOB_02304,Supply Chain Analyst,Axis Bank,Energy,Nagpur,5-8 years,168628,SAP; Forecasting; Inventory Management,12th Pass,2026-08-21,Part-time,No
JOB_02305,Quality Analyst,Tech Mahindra,Retail,Akola,0-2 years,29438,SQL; Manual Testing; Testing; Selenium; Bug Tracking; Agile,Post Graduate,2026-06-23,Part-time,No
JOB_02306,DevOps Engineer,Narayana Health,FMCG,Aurangabad,8+ years,336334,Docker; Ansible; AWS; CI/CD; Linux; Python,10th Pass,2026-06-19,Contract,Yes
JOB_02307,Training Coordinator,Reliance Jio,Media & Entertainment,Akola,0-2 years,41273,Assessment; Communication; Curriculum Design; LMS; Training Delivery,12th Pass,2026-06-16,Internship,Hybrid
JOB_02308,Cloud Engineer,Crompton Greaves,FMCG,Nagpur,Fresher,15796,Docker; AWS; Terraform; GCP,10th Pass,2026-06-19,Full-time,No
JOB_02309,Electrician,Accenture,Energy,Parbhani,5-8 years,201883,Safety Standards; Equipment Maintenance; Troubleshooting; Electrical Wiring,Post Graduate,2026-06-07,Internship,Hybrid
JOB_02310,Supply Chain Analyst,Flipkart,Media & Entertainment,Pune,8+ years,404563,Data Analysis; Excel; SAP; Forecasting; Inventory Management,12th Pass,2026-08-05,Part-time,Yes
JOB_02311,Accountant,Narayana Health,Retail,Raigad,0-2 years,46233,Excel; QuickBooks; Financial Reporting,Diploma,2026-07-01,Full-time,Hybrid
JOB_02312,Nurse,Siemens,Manufacturing,Solapur,Fresher,33718,Emergency Care; Vital Signs; Medical Procedures; Patient Care; Medication Administration,10th Pass,2026-08-10,Contract,No
JOB_02313,Pharmacy Assistant,Larsen & Toubro,Banking & Finance,Akola,8+ years,341260,Inventory Management; Pharmacy Software; Customer Service,Graduate,2026-06-09,Full-time,Yes
JOB_02314,Supply Chain Analyst,Vedantu,IT Services,Dhule,0-2 years,48274,Forecasting; Data Analysis; Inventory Management; Excel,12th Pass,2026-07-16,Internship,Yes
JOB_02315,Cloud Engineer,Godrej Industries,Pharmaceuticals,Latur,0-2 years,27815,Docker; Azure; AWS; Linux,12th Pass,2026-07-20,Part-time,Yes
JOB_02316,Warehouse Supervisor,Amazon,Automotive,Osmanabad,8+ years,444495,Logistics; Team Leadership; WMS,Post Graduate,2026-08-07,Full-time,Yes
JOB_02317,Teacher,Razorpay,Telecommunications,Yavatmal,5-8 years,215704,Lesson Planning; Classroom Management; Communication,12th Pass,2026-08-06,Contract,No
JOB_02318,Electrician,Reliance Jio,IT Services,Aurangabad,2-5 years,52949,Circuit Design; Electrical Wiring; Troubleshooting; Equipment Maintenance,Diploma,2026-06-26,Part-time,Hybrid
JOB_02319,Supply Chain Analyst,Tech Mahindra,Retail,Yavatmal,2-5 years,101846,Inventory Management; Data Analysis; Forecasting; Excel,Graduate,2026-07-25,Part-time,Hybrid
JOB_02320,Warehouse Supervisor,ABB India,Banking & Finance,Latur,2-5 years,117275,Inventory Management; WMS; Team Leadership; Safety Standards; Logistics,10th Pass,2026-08-21,Contract,Hybrid
JOB_02321,Electrician,IBM,E-commerce,Osmanabad,2-5 years,51686,Circuit Design; Equipment Maintenance; Safety Standards; Electrical Wiring,12th Pass,2026-08-09,Full-time,No
JOB_02322,DevOps Engineer,Siemens,IT Services,Kolhapur,0-2 years,42807,AWS; Jenkins; Python; Docker,Post Graduate,2026-06-09,Contract,Yes
JOB_02323,HR Coordinator,Capgemini,Retail,Amravati,2-5 years,101956,Payroll; Recruitment; Compliance; HRMS,Graduate,2026-08-07,Internship,No
JOB_02324,Welder,Zerodha,Pharmaceuticals,Bhiwandi,5-8 years,166647,TIG Welding; Arc Welding; Safety Standards; Blueprint Reading; MIG Welding,Diploma,2026-07-19,Contract,Yes
JOB_02325,Project Coordinator,Cognizant,Retail,Dhule,Fresher,24507,Documentation; Coordination; MS Office; Project Management; Agile; Communication,10th Pass,2026-07-24,Full-time,Yes
JOB_02326,Sales Executive,Max Healthcare,Education,Parbhani,Fresher,20569,Customer Relationship; Lead Generation; Communication,Graduate,2026-06-30,Part-time,No
JOB_02327,Cloud Engineer,TCS,Manufacturing,Latur,Fresher,28621,Networking; Kubernetes; Terraform,Post Graduate,2026-08-23,Full-time,No
JOB_02328,Medical Lab Technician,ABB India,Manufacturing,Osmanabad,0-2 years,28145,Sample Collection; Safety; Lab Testing,10th Pass,2026-07-25,Part-time,No
JOB_02329,Machine Operator,Crompton Greaves,Healthcare,Beed,5-8 years,230270,Quality Control; CNC Operation; Production Planning; Machine Maintenance,Post Graduate,2026-07-15,Contract,Hybrid
JOB_02330,Pharmacy Assistant,Apollo Hospitals,IT Services,Satara,0-2 years,35430,Medication Dispensing; Pharmacy Software; Customer Service,Diploma,2026-07-25,Internship,Yes
JOB_02331,HR Coordinator,Reliance Jio,Retail,Osmanabad,5-8 years,172446,HRMS; Recruitment; Employee Relations,10th Pass,2026-06-28,Full-time,Yes
JOB_02332,Software Developer,PhonePe,IT Services,Latur,2-5 years,67202,Java; REST API; Git; SQL; Python; Microservices,10th Pass,2026-08-13,Part-time,No
JOB_02333,Project Coordinator,Godrej Industries,Construction,Osmanabad,2-5 years,103315,Coordination; Communication; Project Management; Agile; Documentation,Diploma,2026-07-10,Internship,No
JOB_02334,Welder,Cognizant,Construction,Nagpur,8+ years,360143,Safety Standards; MIG Welding; Arc Welding,12th Pass,2026-07-24,Internship,Yes
JOB_02335,HR Coordinator,Cognizant,Banking & Finance,Akola,2-5 years,64290,Recruitment; Payroll; Communication; Employee Relations; HRMS; Compliance,Post Graduate,2026-07-22,Part-time,Yes
JOB_02336,Logistics Coordinator,Fortis Healthcare,Pharmaceuticals,Amravati,0-2 years,42845,Coordination; Tracking Systems; Transportation Management; Communication; Documentation,12th Pass,2026-07-08,Full-time,Yes
JOB_02337,Technician,Razorpay,Automotive,Beed,8+ years,404690,Troubleshooting; Equipment Maintenance; Electrical Systems; Safety; Mechanical Systems,Graduate,2026-08-22,Part-time,Hybrid
JOB_02338,Medical Lab Technician,Zerodha,Automotive,Satara,8+ years,225500,Sample Collection; Quality Control; Lab Testing; Safety; Equipment Operation,Post Graduate,2026-08-07,Internship,Hybrid
JOB_02339,Electrician,Larsen & Toubro,Media & Entertainment,Yavatmal,8+ years,494031,Equipment Maintenance; Safety Standards; Troubleshooting,10th Pass,2026-06-18,Internship,Hybrid
JOB_02340,Machine Operator,Mahindra & Mahindra,FMCG,Bhiwandi,Fresher,22953,Production Planning; Safety Standards; Machine Maintenance,10th Pass,2026-08-29,Full-time,Hybrid
JOB_02341,Software Developer,Paytm,Automotive,Kolhapur,5-8 years,166230,Git; REST API; JavaScript; Agile; SQL,Diploma,2026-07-27,Full-time,Yes
JOB_02342,HR Coordinator,Flipkart,Pharmaceuticals,Nanded,5-8 years,218469,HRMS; Employee Relations; Communication; Compliance; Recruitment; Payroll,10th Pass,2026-07-21,Full-time,Hybrid
JOB_02343,Content Writer,Mahindra & Mahindra,Healthcare,Raigad,Fresher,33602,Editing; WordPress; SEO; Copywriting; Research,12th Pass,2026-08-29,Internship,No
JOB_02344,Quality Analyst,PhonePe,FMCG,Chandrapur,2-5 years,59442,Agile; SQL; Manual Testing; JIRA,12th Pass,2026-07-18,Contract,Yes
JOB_02345,Full Stack Developer,ICICI Bank,IT Services,Parbhani,Fresher,18077,React; Git; HTML/CSS; MongoDB; SQL; REST API,Post Graduate,2026-06-09,Contract,Hybrid
JOB_02346,Software Developer,PhonePe,Telecommunications,Parbhani,Fresher,21250,REST API; Git; Java; Agile,10th Pass,2026-08-10,Contract,No
JOB_02347,Software Developer,Max Healthcare,Automotive,Amravati,0-2 years,39693,JavaScript; Git; Microservices; Python; Java,Post Graduate,2026-08-24,Internship,No
JOB_02348,Business Analyst,Bajaj Finserv,Manufacturing,Chandrapur,0-2 years,42202,JIRA; SQL; Power BI; Process Mapping; Agile,Graduate,2026-06-20,Part-time,Yes
JOB_02349,Project Coordinator,Tata Motors,Logistics,Kolhapur,0-2 years,40926,Project Management; Documentation; MS Office; Coordination; Communication; Agile,Diploma,2026-07-21,Contract,No
JOB_02350,Retail Associate,Amazon,IT Services,Pune,5-8 years,165923,Cash Handling; Customer Service; Sales,Post Graduate,2026-08-26,Internship,No
JOB_02351,Machine Learning Engineer,Tata Motors,FMCG,Nanded,2-5 years,62221,NLP; Scikit-learn; Python; TensorFlow; SQL; PyTorch,Post Graduate,2026-06-15,Internship,Hybrid
JOB_02352,Warehouse Supervisor,Siemens,IT Services,Ahmednagar,Fresher,19896,Safety Standards; Inventory Management; WMS; Logistics,Post Graduate,2026-06-27,Full-time,No
JOB_02353,Content Writer,Max Healthcare,Telecommunications,Jalgaon,2-5 years,92446,SEO; Content Writing; Copywriting; WordPress; Research,10th Pass,2026-07-23,Contract,Yes
JOB_02354,DevOps Engineer,ABB India,Retail,Amravati,5-8 years,241278,Ansible; AWS; Linux,Diploma,2026-06-19,Part-time,Yes
JOB_02355,Machine Operator,Max Healthcare,Energy,Parbhani,0-2 years,51939,Production Planning; CNC Operation; Machine Maintenance,Graduate,2026-08-31,Part-time,Hybrid
JOB_02356,Warehouse Supervisor,Fortis Healthcare,Pharmaceuticals,Dhule,0-2 years,37042,Team Leadership; Safety Standards; Logistics; Inventory Management; WMS,Graduate,2026-08-16,Internship,No
JOB_02357,Project Coordinator,Infosys,Retail,Yavatmal,2-5 years,106579,MS Office; Coordination; Project Management,12th Pass,2026-06-14,Full-time,Hybrid
JOB_02358,Digital Marketing Executive,Cognizant,E-commerce,Yavatmal,2-5 years,83141,SEO; SEM; Content Marketing,10th Pass,2026-07-27,Full-time,No
JOB_02359,Accountant,Flipkart,Media & Entertainment,Parbhani,8+ years,489004,Accounting; Excel; Tally,Post Graduate,2026-06-13,Part-time,Hybrid
JOB_02360,Medical Lab Technician,Tech Mahindra,Pharmaceuticals,Nanded,0-2 years,25160,Sample Collection; Quality Control; Equipment Operation; Lab Testing; Safety,Post Graduate,2026-07-23,Full-time,No
JOB_02361,Digital Marketing Executive,Max Healthcare,IT Services,Solapur,0-2 years,58482,Content Marketing; SEM; Email Marketing,12th Pass,2026-08-06,Internship,Hybrid
JOB_02362,Machine Learning Engineer,HCL,Manufacturing,Chandrapur,0-2 years,54157,SQL; NLP; PyTorch; Scikit-learn; Deep Learning,10th Pass,2026-08-14,Part-time,Yes
JOB_02363,Content Writer,Flipkart,Pharmaceuticals,Aurangabad,0-2 years,28474,Content Writing; SEO; Research,Diploma,2026-07-29,Internship,Hybrid
JOB_02364,Accountant,Siemens,E-commerce,Jalna,2-5 years,52549,Accounting; QuickBooks; Tally; Financial Reporting; GST,12th Pass,2026-06-14,Contract,No
JOB_02365,DevOps Engineer,Reliance Jio,Manufacturing,Akola,2-5 years,114856,AWS; Ansible; CI/CD; Linux; Kubernetes; Docker,10th Pass,2026-06-26,Contract,Yes
JOB_02366,HR Coordinator,Tata Motors,Retail,Osmanabad,Fresher,17831,Employee Relations; Compliance; Payroll; Recruitment; HRMS,10th Pass,2026-08-17,Internship,Yes
JOB_02367,Electrician,Narayana Health,Telecommunications,Aurangabad,2-5 years,69218,Equipment Maintenance; Circuit Design; Safety Standards,Graduate,2026-07-15,Internship,No
JOB_02368,Cloud Engineer,TCS,Manufacturing,Mumbai,5-8 years,211213,Terraform; AWS; Linux; Kubernetes,Diploma,2026-08-31,Internship,Hybrid
JOB_02369,Retail Associate,PhonePe,IT Services,Bhiwandi,5-8 years,180114,Customer Service; Cash Handling; Sales,10th Pass,2026-07-06,Contract,Hybrid
JOB_02370,Digital Marketing Executive,Razorpay,Healthcare,Chandrapur,0-2 years,48656,SEM; Google Analytics; Email Marketing,Diploma,2026-08-05,Contract,Yes
JOB_02371,Medical Lab Technician,Accenture,Automotive,Mumbai,5-8 years,100724,Lab Testing; Equipment Operation; Quality Control; Safety; Sample Collection,Graduate,2026-06-07,Internship,Yes
JOB_02372,Retail Associate,Narayana Health,Logistics,Raigad,8+ years,451416,Inventory Management; Sales; Customer Service,Graduate,2026-07-07,Full-time,No
JOB_02373,Medical Lab Technician,Godrej Industries,Healthcare,Pune,2-5 years,108016,Quality Control; Equipment Operation; Safety,12th Pass,2026-06-20,Internship,Hybrid
JOB_02374,DevOps Engineer,Accenture,Construction,Ahmednagar,2-5 years,54585,Python; Jenkins; Linux,Graduate,2026-06-23,Full-time,Hybrid
JOB_02375,Supply Chain Analyst,Paytm,Telecommunications,Nashik,Fresher,19869,Excel; SAP; Forecasting; Data Analysis; Inventory Management,Diploma,2026-07-22,Internship,Yes
JOB_02376,Technician,Reliance Jio,IT Services,Osmanabad,0-2 years,55845,Equipment Maintenance; Troubleshooting; Electrical Systems,10th Pass,2026-07-20,Internship,No
JOB_02377,Machine Operator,ABB India,Construction,Yavatmal,5-8 years,218306,Production Planning; Safety Standards; Machine Maintenance,Diploma,2026-07-27,Part-time,No
JOB_02378,DevOps Engineer,Mahindra & Mahindra,Construction,Yavatmal,5-8 years,174504,Jenkins; Kubernetes; Ansible; AWS,Diploma,2026-08-21,Part-time,No
JOB_02379,Full Stack Developer,Apollo Hospitals,Banking & Finance,Yavatmal,Fresher,29553,MongoDB; REST API; SQL; React,12th Pass,2026-07-12,Internship,No
JOB_02380,Electrician,Fortis Healthcare,FMCG,Raigad,Fresher,31266,Equipment Maintenance; Safety Standards; Circuit Design,12th Pass,2026-08-24,Contract,Hybrid
JOB_02381,Technician,Razorpay,Education,Latur,Fresher,31892,Mechanical Systems; Equipment Maintenance; Troubleshooting; Electrical Systems; Safety,Post Graduate,2026-08-28,Contract,Hybrid
JOB_02382,Content Writer,Wipro,Construction,Jalgaon,0-2 years,53621,Research; Copywriting; Editing; SEO; Content Writing,Post Graduate,2026-08-09,Contract,No
JOB_02383,Logistics Coordinator,Amazon,Logistics,Akola,0-2 years,28719,Coordination; Transportation Management; Tracking Systems; Communication; Documentation,10th Pass,2026-06-07,Contract,Hybrid
JOB_02384,Pharmacy Assistant,Mahindra & Mahindra,Retail,Bhiwandi,Fresher,17502,Inventory Management; Pharmacy Software; Medication Dispensing; Customer Service,Diploma,2026-08-04,Internship,Yes
JOB_02385,Quality Analyst,Vedantu,Pharmaceuticals,Pune,0-2 years,27613,Agile; Manual Testing; Bug Tracking; Testing,Post Graduate,2026-08-16,Internship,No
JOB_02386,DevOps Engineer,Paytm,Construction,Satara,2-5 years,71491,Jenkins; Kubernetes; Linux; Python,10th Pass,2026-06-23,Internship,Hybrid
JOB_02387,Pharmacy Assistant,Amazon,Banking & Finance,Osmanabad,Fresher,29642,Pharmacy Software; Inventory Management; Customer Service; Medication Dispensing,12th Pass,2026-07-27,Full-time,No
JOB_02388,UI/UX Designer,Vedantu,Banking & Finance,Kolhapur,8+ years,337494,Wireframing; User Research; Sketch; Prototyping; Figma; HTML/CSS,Graduate,2026-07-11,Internship,Yes
JOB_02389,Supply Chain Analyst,HCL,FMCG,Bhiwandi,2-5 years,106080,Logistics; SAP; Data Analysis; Inventory Management; Forecasting,10th Pass,2026-06-17,Internship,Hybrid
JOB_02390,Electrician,Zerodha,Manufacturing,Chandrapur,8+ years,436935,Safety Standards; Equipment Maintenance; Troubleshooting; Circuit Design,Graduate,2026-07-29,Part-time,No
JOB_02391,Software Developer,IBM,Pharmaceuticals,Satara,Fresher,34728,REST API; Python; Agile; JavaScript,Post Graduate,2026-07-11,Internship,No
JOB_02392,Technician,ICICI Bank,Education,Osmanabad,Fresher,24135,Troubleshooting; Equipment Maintenance; Mechanical Systems; Electrical Systems,Diploma,2026-06-29,Contract,No
JOB_02393,Welder,Larsen & Toubro,Retail,Ahmednagar,0-2 years,51349,Arc Welding; TIG Welding; MIG Welding,Post Graduate,2026-08-18,Part-time,Yes
JOB_02394,Project Coordinator,Max Healthcare,Manufacturing,Mumbai,5-8 years,199291,Coordination; Project Management; Documentation; Agile; MS Office,Post Graduate,2026-08-31,Part-time,No
JOB_02395,Machine Operator,Bajaj Finserv,IT Services,Kolhapur,2-5 years,114495,Safety Standards; Machine Maintenance; Quality Control,10th Pass,2026-08-27,Internship,Hybrid
JOB_02396,Machine Operator,Crompton Greaves,Logistics,Jalgaon,0-2 years,33523,Safety Standards; Machine Maintenance; CNC Operation; Quality Control,Graduate,2026-06-16,Part-time,Hybrid
JOB_02397,Retail Associate,Reliance Jio,Telecommunications,Parbhani,Fresher,17541,Communication; Customer Service; Sales; Inventory Management,Diploma,2026-07-26,Contract,Hybrid
JOB_02398,Pharmacy Assistant,PhonePe,Retail,Akola,8+ years,355426,Customer Service; Pharmacy Software; Inventory Management; Medication Dispensing,10th Pass,2026-08-25,Full-time,Yes
JOB_02399,Machine Operator,Razorpay,E-commerce,Yavatmal,8+ years,426907,Machine Maintenance; CNC Operation; Safety Standards; Production Planning,Graduate,2026-06-22,Contract,Hybrid
JOB_02400,Machine Learning Engineer,Razorpay,FMCG,Nanded,5-8 years,239621,TensorFlow; SQL; Deep Learning; NLP; PyTorch,12th Pass,2026-07-30,Full-time,No
JOB_02401,DevOps Engineer,Accenture,Construction,Kolhapur,Fresher,33202,Kubernetes; Linux; CI/CD; Python,Graduate,2026-07-08,Part-time,Yes
JOB_02402,Warehouse Supervisor,ICICI Bank,Energy,Mumbai,0-2 years,54000,Safety Standards; WMS; Team Leadership; Inventory Management,10th Pass,2026-07-05,Internship,Yes
JOB_02403,Accountant,ABB India,E-commerce,Osmanabad,8+ years,278403,Excel; Taxation; Accounting; Financial Reporting; Tally; GST,10th Pass,2026-09-04,Internship,No
JOB_02404,Electrician,Unacademy,Banking & Finance,Sangli,0-2 years,42429,Electrical Wiring; Troubleshooting; Equipment Maintenance; Safety Standards; Circuit Design,Diploma,2026-06-15,Contract,No
JOB_02405,Cybersecurity Analyst,Reliance Jio,Healthcare,Ahmednagar,2-5 years,83382,Firewall; Compliance; Network Security; Risk Assessment,Post Graduate,2026-07-24,Contract,Hybrid
JOB_02406,Customer Support Specialist,ICICI Bank,IT Services,Parbhani,8+ years,266355,Zendesk; Problem Solving; CRM,10th Pass,2026-08-14,Contract,No
JOB_02407,Training Coordinator,Flipkart,FMCG,Jalgaon,Fresher,26067,Training Delivery; Curriculum Design; Assessment; Communication,12th Pass,2026-07-29,Part-time,Hybrid
JOB_02408,Nurse,Wipro,Education,Chandrapur,5-8 years,246254,Patient Care; Vital Signs; Medical Procedures,Graduate,2026-06-28,Contract,Hybrid
JOB_02409,Accountant,Vedantu,Healthcare,Dhule,2-5 years,117488,QuickBooks; GST; Accounting; Tally; Excel; Financial Reporting,Diploma,2026-06-11,Internship,No
JOB_02410,Warehouse Supervisor,Reliance Jio,Pharmaceuticals,Amravati,0-2 years,35684,WMS; Inventory Management; Logistics,10th Pass,2026-07-30,Contract,No
JOB_02411,Electrician,Unacademy,IT Services,Osmanabad,5-8 years,168621,Troubleshooting; Circuit Design; Electrical Wiring,10th Pass,2026-07-26,Contract,Yes
JOB_02412,Accountant,Paytm,Retail,Pune,2-5 years,92340,Financial Reporting; Taxation; QuickBooks,Graduate,2026-08-09,Full-time,Yes
JOB_02413,Project Coordinator,Bajaj Finserv,Automotive,Kolhapur,Fresher,31533,Agile; Project Management; Communication,Graduate,2026-07-03,Internship,Yes
JOB_02414,Electrician,Larsen & Toubro,Retail,Kolhapur,0-2 years,26108,Equipment Maintenance; Electrical Wiring; Circuit Design; Troubleshooting; Safety Standards,Diploma,2026-08-21,Part-time,Yes
JOB_02415,HR Coordinator,Siemens,Retail,Amravati,2-5 years,59290,Recruitment; HRMS; Employee Relations; Payroll; Compliance; Communication,12th Pass,2026-07-26,Contract,Hybrid
JOB_02416,Accountant,Vedantu,Pharmaceuticals,Latur,8+ years,498866,GST; Accounting; QuickBooks; Taxation; Financial Reporting,Diploma,2026-07-19,Full-time,No
JOB_02417,Sales Executive,Fortis Healthcare,E-commerce,Osmanabad,0-2 years,43758,CRM; Lead Generation; Customer Relationship; Negotiation; Communication,10th Pass,2026-08-26,Part-time,Hybrid
JOB_02418,Customer Support Specialist,Siemens,E-commerce,Osmanabad,0-2 years,29869,CRM; Problem Solving; Communication; Zendesk; Customer Service,Diploma,2026-07-16,Full-time,Yes
JOB_02419,Welder,Crompton Greaves,Energy,Nagpur,0-2 years,45949,Safety Standards; TIG Welding; Blueprint Reading; MIG Welding,Graduate,2026-08-16,Part-time,Yes
JOB_02420,Nurse,Fortis Healthcare,FMCG,Parbhani,0-2 years,44672,Medication Administration; Vital Signs; Patient Care; Emergency Care; Medical Procedures,Post Graduate,2026-08-28,Contract,Hybrid
JOB_02421,Pharmacy Assistant,Accenture,FMCG,Solapur,0-2 years,36329,Inventory Management; Customer Service; Medication Dispensing,Post Graduate,2026-06-22,Internship,Yes
JOB_02422,Full Stack Developer,Mahindra & Mahindra,Banking & Finance,Nanded,Fresher,26852,React; Git; SQL; JavaScript,Post Graduate,2026-06-12,Contract,No
JOB_02423,Fitter,HCL,Pharmaceuticals,Nanded,2-5 years,83145,Precision Tools; Assembly; Maintenance,Post Graduate,2026-08-24,Part-time,Yes
JOB_02424,Sales Executive,TCS,Banking & Finance,Ahmednagar,2-5 years,80569,Customer Relationship; CRM; Lead Generation; Communication; Negotiation,10th Pass,2026-08-02,Contract,No
JOB_02425,Digital Marketing Executive,Byju's,Pharmaceuticals,Amravati,0-2 years,37166,Social Media Marketing; Email Marketing; Content Marketing; SEO,Post Graduate,2026-07-03,Contract,Yes
JOB_02426,Cloud Engineer,Infosys,FMCG,Aurangabad,Fresher,31465,Azure; Linux; Networking; Terraform,Post Graduate,2026-08-25,Full-time,Yes
JOB_02427,Full Stack Developer,Wipro,E-commerce,Jalgaon,8+ years,416095,React; SQL; MongoDB,Diploma,2026-07-28,Part-time,Yes
JOB_02428,Cloud Engineer,Wipro,Telecommunications,Nashik,8+ years,368261,Azure; Linux; Terraform; Networking,10th Pass,2026-07-16,Part-time,Yes
JOB_02429,HR Coordinator,Byju's,Media & Entertainment,Kolhapur,0-2 years,30575,Employee Relations; Recruitment; Communication; Compliance; Payroll; HRMS,Post Graduate,2026-09-03,Full-time,Hybrid
JOB_02430,Cloud Engineer,Godrej Industries,IT Services,Parbhani,8+ years,212019,AWS; Terraform; Azure; Linux; Kubernetes,Diploma,2026-08-04,Contract,Hybrid
JOB_02431,Customer Support Specialist,Paytm,Banking & Finance,Mumbai,5-8 years,115212,Customer Service; Zendesk; Problem Solving; CRM,12th Pass,2026-07-03,Contract,Hybrid
JOB_02432,DevOps Engineer,Vedantu,E-commerce,Osmanabad,2-5 years,65423,Docker; Linux; AWS; Ansible,Graduate,2026-07-16,Part-time,Hybrid
JOB_02433,Supply Chain Analyst,Tech Mahindra,Banking & Finance,Raigad,8+ years,298546,Logistics; Inventory Management; Excel,10th Pass,2026-06-23,Internship,Yes
JOB_02434,Data Analyst,Vedantu,IT Services,Dhule,5-8 years,173645,Statistics; Tableau; Pandas,10th Pass,2026-07-15,Internship,No
JOB_02435,Technician,IBM,FMCG,Kolhapur,8+ years,215350,Troubleshooting; Mechanical Systems; Equipment Maintenance,Graduate,2026-07-03,Contract,Hybrid
JOB_02436,Medical Lab Technician,Paytm,Energy,Mumbai,Fresher,28790,Equipment Operation; Lab Testing; Safety,Post Graduate,2026-08-10,Part-time,Yes
JOB_02437,Full Stack Developer,Narayana Health,Manufacturing,Mumbai,0-2 years,36213,SQL; Node.js; HTML/CSS; REST API; React; Git,12th Pass,2026-08-04,Contract,Hybrid
JOB_02438,Warehouse Supervisor,Paytm,E-commerce,Nanded,Fresher,19632,WMS; Logistics; Safety Standards,Diploma,2026-06-09,Contract,Hybrid
JOB_02439,Machine Learning Engineer,Capgemini,Healthcare,Akola,2-5 years,78150,SQL; Scikit-learn; Python,10th Pass,2026-07-27,Part-time,Yes
JOB_02440,Accountant,ICICI Bank,Telecommunications,Bhiwandi,5-8 years,239431,Excel; Accounting; Taxation; QuickBooks; Tally; GST,Graduate,2026-09-02,Contract,Hybrid
JOB_02441,Cybersecurity Analyst,Unacademy,Manufacturing,Sangli,5-8 years,225726,Firewall; Compliance; SIEM; Risk Assessment; Penetration Testing,Graduate,2026-08-01,Internship,Yes
JOB_02442,Supply Chain Analyst,Wipro,Retail,Aurangabad,Fresher,20526,Excel; Inventory Management; Logistics; SAP,12th Pass,2026-06-23,Internship,No
JOB_02443,Data Analyst,Larsen & Toubro,Telecommunications,Sangli,Fresher,23292,Python; Tableau; NumPy; Statistics; Excel,Diploma,2026-08-25,Internship,Yes
JOB_02444,Electrician,Crompton Greaves,Pharmaceuticals,Osmanabad,Fresher,28568,Troubleshooting; Electrical Wiring; Equipment Maintenance,12th Pass,2026-06-28,Full-time,Yes
JOB_02445,Full Stack Developer,HDFC Bank,Media & Entertainment,Mumbai,5-8 years,105802,React; JavaScript; SQL; HTML/CSS; REST API; MongoDB,Diploma,2026-07-24,Contract,Hybrid
JOB_02446,Machine Operator,Larsen & Toubro,Media & Entertainment,Dhule,2-5 years,99777,Machine Maintenance; Safety Standards; Quality Control; CNC Operation,Diploma,2026-07-02,Part-time,No
JOB_02447,HR Coordinator,Infosys,Healthcare,Sangli,Fresher,33566,Compliance; Communication; Payroll; HRMS; Employee Relations,12th Pass,2026-07-21,Internship,Yes
JOB_02448,Software Developer,Accenture,Banking & Finance,Mumbai,0-2 years,49668,JavaScript; Java; SQL; REST API; Git; Microservices,12th Pass,2026-06-21,Contract,Hybrid
JOB_02449,DevOps Engineer,Unacademy,Pharmaceuticals,Beed,Fresher,32533,Linux; Ansible; CI/CD; Docker,Graduate,2026-07-19,Contract,Hybrid
JOB_02450,Machine Operator,HDFC Bank,Education,Mumbai,5-8 years,194558,Production Planning; CNC Operation; Machine Maintenance,10th Pass,2026-08-31,Full-time,Yes
JOB_02451,Business Analyst,Mahindra & Mahindra,Energy,Osmanabad,5-8 years,166028,Excel; Power BI; Requirements Gathering,Diploma,2026-06-25,Part-time,Hybrid
JOB_02452,Project Coordinator,Wipro,IT Services,Chandrapur,5-8 years,179922,Communication; MS Office; Documentation; Coordination; Agile; Project Management,10th Pass,2026-08-12,Contract,No
JOB_02453,Full Stack Developer,Fortis Healthcare,Retail,Raigad,8+ years,428129,SQL; React; JavaScript; MongoDB; Node.js,12th Pass,2026-08-19,Contract,Yes
JOB_02454,Quality Analyst,Capgemini,Retail,Mumbai,Fresher,23876,Agile; SQL; Selenium,12th Pass,2026-07-27,Contract,Hybrid
JOB_02455,Logistics Coordinator,Reliance Jio,Healthcare,Nanded,2-5 years,79878,Transportation Management; Tracking Systems; Communication; Coordination,12th Pass,2026-08-15,Contract,Hybrid
JOB_02456,Quality Analyst,Accenture,Construction,Parbhani,8+ years,206689,Testing; JIRA; SQL,10th Pass,2026-07-07,Full-time,Yes
JOB_02457,Technician,ABB India,Logistics,Jalgaon,8+ years,496893,Equipment Maintenance; Troubleshooting; Safety; Mechanical Systems,10th Pass,2026-07-28,Contract,Yes
JOB_02458,Retail Associate,Bajaj Finserv,Manufacturing,Solapur,2-5 years,113359,Inventory Management; Sales; Communication; Customer Service; Cash Handling,10th Pass,2026-08-14,Internship,Hybrid
JOB_02459,Customer Support Specialist,Paytm,Automotive,Yavatmal,5-8 years,185383,Communication; Problem Solving; Customer Service; CRM; Zendesk,Diploma,2026-07-18,Internship,Hybrid
JOB_02460,Supply Chain Analyst,ABB India,Telecommunications,Nagpur,Fresher,32096,Forecasting; Excel; Inventory Management; Data Analysis,Diploma,2026-06-20,Full-time,Hybrid
JOB_02461,Training Coordinator,Capgemini,Banking & Finance,Parbhani,Fresher,23447,Training Delivery; LMS; Curriculum Design; Communication,12th Pass,2026-08-03,Full-time,Yes
JOB_02462,Fitter,HCL,FMCG,Kolhapur,8+ years,456624,Assembly; Precision Tools; Blueprint Reading; Mechanical Fitting; Maintenance,10th Pass,2026-08-08,Contract,Hybrid
JOB_02463,UI/UX Designer,Zerodha,Education,Parbhani,0-2 years,34635,Prototyping; Figma; Wireframing; HTML/CSS; Sketch; User Research,Post Graduate,2026-07-23,Part-time,No
JOB_02464,Training Coordinator,Accenture,FMCG,Solapur,Fresher,28309,LMS; Training Delivery; Communication; Assessment; Curriculum Design,10th Pass,2026-07-05,Full-time,Hybrid
JOB_02465,Accountant,Infosys,E-commerce,Ahmednagar,5-8 years,220422,GST; Financial Reporting; Excel; Taxation; QuickBooks; Accounting,12th Pass,2026-08-27,Contract,No
JOB_02466,Logistics Coordinator,Cognizant,FMCG,Aurangabad,8+ years,211101,Transportation Management; Coordination; Tracking Systems; Documentation; Communication,Graduate,2026-07-09,Part-time,No
JOB_02467,Quality Analyst,PhonePe,FMCG,Jalna,Fresher,31341,Agile; JIRA; SQL; Selenium; Testing; Manual Testing,10th Pass,2026-08-31,Part-time,No
JOB_02468,Quality Analyst,Amazon,Construction,Satara,2-5 years,103719,SQL; Agile; Manual Testing; JIRA; Selenium; Testing,Graduate,2026-07-22,Internship,No
JOB_02469,Technician,Narayana Health,Manufacturing,Akola,2-5 years,97244,Troubleshooting; Mechanical Systems; Safety; Electrical Systems,Diploma,2026-06-10,Full-time,Hybrid
JOB_02470,Quality Analyst,Cognizant,Logistics,Jalna,0-2 years,27644,SQL; JIRA; Bug Tracking; Manual Testing; Testing,Diploma,2026-08-11,Contract,Yes
JOB_02471,Logistics Coordinator,Reliance Jio,Retail,Pune,0-2 years,39202,Tracking Systems; Documentation; Transportation Management,12th Pass,2026-08-19,Contract,No
JOB_02472,UI/UX Designer,Axis Bank,Healthcare,Chandrapur,2-5 years,110482,User Research; Wireframing; Figma,Graduate,2026-08-02,Internship,Yes
JOB_02473,Sales Executive,PhonePe,Manufacturing,Ahmednagar,Fresher,28097,Negotiation; Communication; Customer Relationship,Diploma,2026-07-05,Full-time,Yes
JOB_02474,Sales Executive,Zerodha,FMCG,Amravati,8+ years,409421,Customer Relationship; CRM; Lead Generation; Negotiation; Communication,10th Pass,2026-07-14,Part-time,Yes
JOB_02475,DevOps Engineer,Axis Bank,Healthcare,Ahmednagar,5-8 years,141770,Kubernetes; Docker; CI/CD; Ansible; AWS,Post Graduate,2026-06-30,Internship,Yes
JOB_02476,Teacher,Reliance Jio,E-commerce,Parbhani,0-2 years,40274,Curriculum Development; Classroom Management; Lesson Planning; Communication,12th Pass,2026-08-06,Full-time,Yes
JOB_02477,Electrician,Amazon,Construction,Jalgaon,8+ years,433712,Safety Standards; Electrical Wiring; Troubleshooting,Diploma,2026-09-03,Part-time,Yes
JOB_02478,Cybersecurity Analyst,Capgemini,Construction,Yavatmal,0-2 years,30406,Risk Assessment; SIEM; Compliance; Penetration Testing,Diploma,2026-08-19,Internship,Hybrid
JOB_02479,Machine Operator,Vedantu,Healthcare,Sangli,Fresher,30647,CNC Operation; Quality Control; Safety Standards; Production Planning,10th Pass,2026-07-13,Internship,Hybrid
JOB_02480,Software Developer,Apollo Hospitals,Energy,Jalgaon,5-8 years,196377,Git; JavaScript; Agile; Java; Python,10th Pass,2026-07-04,Part-time,No
JOB_02481,Welder,Godrej Industries,IT Services,Ahmednagar,0-2 years,37990,MIG Welding; Blueprint Reading; TIG Welding; Safety Standards,10th Pass,2026-06-14,Internship,Hybrid
JOB_02482,Quality Analyst,ICICI Bank,Education,Satara,2-5 years,78960,Bug Tracking; JIRA; Selenium; Testing,12th Pass,2026-06-19,Internship,Hybrid
JOB_02483,Technician,ICICI Bank,Banking & Finance,Amravati,8+ years,467286,Electrical Systems; Equipment Maintenance; Mechanical Systems; Safety; Troubleshooting,10th Pass,2026-07-19,Internship,No
JOB_02484,Nurse,Infosys,E-commerce,Nagpur,2-5 years,118682,Patient Care; Vital Signs; Medical Procedures; Medication Administration,Graduate,2026-07-15,Internship,Hybrid
JOB_02485,HR Coordinator,Paytm,Retail,Jalgaon,0-2 years,30834,Recruitment; Communication; Employee Relations; Compliance; Payroll; HRMS,Post Graduate,2026-09-04,Contract,Yes
JOB_02486,Full Stack Developer,Fortis Healthcare,E-commerce,Parbhani,0-2 years,51243,React; Node.js; Git; SQL,12th Pass,2026-08-05,Contract,Yes
JOB_02487,Fitter,Mahindra & Mahindra,Automotive,Kolhapur,5-8 years,245838,Maintenance; Precision Tools; Mechanical Fitting; Assembly,Diploma,2026-06-24,Contract,Hybrid
JOB_02488,Full Stack Developer,Byju's,FMCG,Latur,5-8 years,156937,MongoDB; JavaScript; REST API; Git; HTML/CSS,Graduate,2026-08-31,Part-time,Hybrid
JOB_02489,Pharmacy Assistant,Amazon,Pharmaceuticals,Mumbai,Fresher,20496,Customer Service; Pharmacy Software; Inventory Management; Medication Dispensing,12th Pass,2026-07-22,Internship,Yes
JOB_02490,Warehouse Supervisor,ICICI Bank,Education,Solapur,0-2 years,52923,Safety Standards; Logistics; WMS; Inventory Management; Team Leadership,12th Pass,2026-06-11,Full-time,Yes
JOB_02491,Fitter,TCS,Education,Pune,Fresher,21811,Maintenance; Assembly; Blueprint Reading; Mechanical Fitting; Precision Tools,12th Pass,2026-08-16,Contract,No
JOB_02492,Training Coordinator,HDFC Bank,Construction,Bhiwandi,5-8 years,173241,LMS; Communication; Assessment; Curriculum Design,12th Pass,2026-08-24,Internship,Yes
JOB_02493,Nurse,Infosys,Automotive,Yavatmal,8+ years,353425,Vital Signs; Patient Care; Medical Procedures,Diploma,2026-06-12,Full-time,Yes
JOB_02494,Full Stack Developer,Bajaj Finserv,Pharmaceuticals,Parbhani,2-5 years,114717,Git; MongoDB; SQL; Node.js; HTML/CSS,Post Graduate,2026-08-08,Internship,Hybrid
JOB_02495,Teacher,Siemens,E-commerce,Raigad,Fresher,29311,Curriculum Development; Lesson Planning; Communication; Classroom Management; Assessment,Graduate,2026-07-22,Part-time,No
JOB_02496,Electrician,Unacademy,Logistics,Raigad,2-5 years,85840,Equipment Maintenance; Circuit Design; Troubleshooting,Diploma,2026-08-04,Contract,Yes
JOB_02497,Welder,Siemens,Automotive,Jalna,5-8 years,141351,Blueprint Reading; Arc Welding; MIG Welding,Graduate,2026-07-25,Part-time,Yes
JOB_02498,Data Analyst,Fortis Healthcare,Education,Nanded,8+ years,331667,Excel; NumPy; SQL; Pandas; Statistics; Power BI,12th Pass,2026-06-29,Contract,Yes
JOB_02499,Cloud Engineer,Larsen & Toubro,Retail,Nashik,0-2 years,29161,Docker; Kubernetes; Terraform,10th Pass,2026-09-04,Full-time,Yes
JOB_02500,Sales Executive,Godrej Industries,Retail,Ahmednagar,2-5 years,77779,CRM; Communication; Lead Generation; Customer Relationship,12th Pass,2026-07-05,Contract,No
JOB_02501,Machine Learning Engineer,Capgemini,Construction,Ahmednagar,5-8 years,146509,Scikit-learn; Python; TensorFlow,Diploma,2026-08-21,Full-time,Yes
JOB_02502,Warehouse Supervisor,Narayana Health,Pharmaceuticals,Yavatmal,8+ years,495189,Logistics; Safety Standards; WMS; Inventory Management,Graduate,2026-06-15,Full-time,No
JOB_02503,Cloud Engineer,Axis Bank,Healthcare,Jalna,2-5 years,102572,Linux; Azure; Kubernetes; Docker,Graduate,2026-09-04,Part-time,Hybrid
JOB_02504,Sales Executive,TCS,FMCG,Raigad,2-5 years,75299,Negotiation; Communication; Customer Relationship,Graduate,2026-06-30,Full-time,Yes
JOB_02505,Digital Marketing Executive,Larsen & Toubro,Energy,Jalgaon,0-2 years,30938,SEO; Content Marketing; Email Marketing; SEM; Social Media Marketing; Google Analytics,Diploma,2026-06-20,Full-time,Yes
JOB_02506,Training Coordinator,Apollo Hospitals,IT Services,Beed,5-8 years,158356,Communication; Training Delivery; LMS; Assessment,12th Pass,2026-06-23,Internship,Yes
JOB_02507,Quality Analyst,Paytm,Banking & Finance,Yavatmal,5-8 years,153479,Testing; Bug Tracking; JIRA; Manual Testing; SQL; Agile,10th Pass,2026-08-15,Contract,Yes
JOB_02508,Supply Chain Analyst,Byju's,Banking & Finance,Satara,Fresher,17432,Data Analysis; SAP; Forecasting; Excel,Diploma,2026-08-11,Contract,Yes
JOB_02509,Project Coordinator,Mahindra & Mahindra,IT Services,Pune,0-2 years,55879,Communication; MS Office; Project Management,Diploma,2026-07-03,Contract,No
JOB_02510,DevOps Engineer,TCS,Retail,Sangli,5-8 years,134421,Docker; Jenkins; Python; Ansible; AWS; Kubernetes,Post Graduate,2026-08-31,Full-time,No
JOB_02511,Fitter,Byju's,Manufacturing,Nagpur,2-5 years,106573,Mechanical Fitting; Blueprint Reading; Maintenance; Precision Tools,Graduate,2026-08-29,Full-time,Yes
JOB_02512,Technician,Axis Bank,Energy,Yavatmal,0-2 years,46269,Safety; Troubleshooting; Equipment Maintenance; Electrical Systems; Mechanical Systems,10th Pass,2026-07-21,Internship,Hybrid
JOB_02513,Warehouse Supervisor,Byju's,FMCG,Pune,0-2 years,47337,Team Leadership; Inventory Management; WMS,12th Pass,2026-06-20,Full-time,Yes
JOB_02514,Teacher,Fortis Healthcare,Construction,Osmanabad,8+ years,225376,Curriculum Development; Assessment; Communication,Diploma,2026-07-30,Full-time,No
JOB_02515,UI/UX Designer,Amazon,FMCG,Nagpur,Fresher,15192,HTML/CSS; Adobe XD; Prototyping,Graduate,2026-06-30,Internship,No
JOB_02516,Logistics Coordinator,TCS,Education,Osmanabad,Fresher,31369,Tracking Systems; Transportation Management; Communication; Coordination,Diploma,2026-08-22,Full-time,Hybrid
JOB_02517,Medical Lab Technician,Byju's,Automotive,Sangli,0-2 years,26955,Equipment Operation; Safety; Quality Control; Sample Collection,Graduate,2026-07-15,Contract,Hybrid
JOB_02518,Data Analyst,Vedantu,Education,Aurangabad,5-8 years,243230,Pandas; Power BI; Tableau; Statistics; SQL,10th Pass,2026-07-22,Full-time,No
JOB_02519,Machine Learning Engineer,Tata Motors,Banking & Finance,Satara,0-2 years,48533,TensorFlow; Deep Learning; SQL; Python; NLP,12th Pass,2026-07-08,Internship,Yes
JOB_02520,Sales Executive,Godrej Industries,Logistics,Yavatmal,0-2 years,37795,Lead Generation; CRM; Communication; Negotiation,Graduate,2026-08-30,Internship,No
JOB_02521,Supply Chain Analyst,Narayana Health,Banking & Finance,Jalna,0-2 years,50389,Logistics; Inventory Management; Forecasting; Data Analysis; Excel; SAP,10th Pass,2026-08-19,Internship,No
JOB_02522,Digital Marketing Executive,Fortis Healthcare,E-commerce,Dhule,Fresher,28107,Social Media Marketing; SEO; SEM; Email Marketing; Content Marketing; Google Analytics,10th Pass,2026-06-26,Internship,No
JOB_02523,Machine Operator,Narayana Health,Manufacturing,Nashik,Fresher,24678,Machine Maintenance; Safety Standards; Quality Control; Production Planning,Post Graduate,2026-08-30,Full-time,No
JOB_02524,Medical Lab Technician,ICICI Bank,Banking & Finance,Aurangabad,5-8 years,153235,Sample Collection; Equipment Operation; Lab Testing; Safety; Quality Control,Post Graduate,2026-07-23,Contract,Hybrid
JOB_02525,Content Writer,Razorpay,Manufacturing,Mumbai,Fresher,18538,Editing; Research; Content Writing; SEO; WordPress,Graduate,2026-07-20,Contract,Yes
JOB_02526,Software Developer,Axis Bank,Manufacturing,Raigad,2-5 years,117506,Java; Microservices; Agile; Python,Diploma,2026-08-01,Internship,Yes
JOB_02527,Sales Executive,Axis Bank,Education,Satara,8+ years,203475,Negotiation; Customer Relationship; CRM; Communication; Lead Generation,Graduate,2026-06-19,Part-time,Hybrid
JOB_02528,Machine Learning Engineer,Axis Bank,Pharmaceuticals,Raigad,2-5 years,86836,NLP; PyTorch; Python,10th Pass,2026-09-01,Internship,Hybrid
JOB_02529,Cybersecurity Analyst,HDFC Bank,Construction,Osmanabad,2-5 years,69475,Firewall; Risk Assessment; Penetration Testing; SIEM; Compliance; Network Security,Graduate,2026-08-23,Internship,Hybrid
JOB_02530,DevOps Engineer,ICICI Bank,Logistics,Nagpur,0-2 years,27794,Docker; Python; Jenkins,10th Pass,2026-06-09,Internship,Yes
JOB_02531,Pharmacy Assistant,Max Healthcare,Manufacturing,Solapur,2-5 years,116051,Pharmacy Software; Medication Dispensing; Customer Service; Inventory Management,12th Pass,2026-07-06,Contract,No
JOB_02532,Pharmacy Assistant,ICICI Bank,FMCG,Ahmednagar,0-2 years,45615,Customer Service; Medication Dispensing; Pharmacy Software; Inventory Management,Diploma,2026-07-27,Part-time,Yes
JOB_02533,Machine Operator,Siemens,Banking & Finance,Amravati,2-5 years,53308,Safety Standards; Machine Maintenance; Quality Control,Graduate,2026-07-24,Part-time,No
JOB_02534,Sales Executive,Razorpay,E-commerce,Kolhapur,2-5 years,101997,Lead Generation; Negotiation; CRM; Customer Relationship; Communication,12th Pass,2026-07-06,Internship,No
JOB_02535,Retail Associate,IBM,Telecommunications,Bhiwandi,Fresher,19239,Cash Handling; Inventory Management; Sales; Communication; Customer Service,12th Pass,2026-08-28,Contract,Yes
JOB_02536,Digital Marketing Executive,Fortis Healthcare,Telecommunications,Osmanabad,0-2 years,50960,Content Marketing; SEM; SEO; Email Marketing; Social Media Marketing,Graduate,2026-08-19,Full-time,No
JOB_02537,Medical Lab Technician,Accenture,Education,Osmanabad,2-5 years,51995,Sample Collection; Lab Testing; Equipment Operation; Quality Control,Graduate,2026-07-17,Contract,No
JOB_02538,Customer Support Specialist,Fortis Healthcare,Media & Entertainment,Nanded,0-2 years,38417,CRM; Zendesk; Problem Solving; Customer Service,Graduate,2026-08-08,Internship,Yes
JOB_02539,Nurse,Apollo Hospitals,Healthcare,Yavatmal,Fresher,29775,Medical Procedures; Medication Administration; Vital Signs,10th Pass,2026-08-14,Internship,Hybrid
JOB_02540,HR Coordinator,Infosys,FMCG,Nagpur,Fresher,22414,Compliance; HRMS; Communication,Diploma,2026-07-29,Internship,No
JOB_02541,Warehouse Supervisor,Larsen & Toubro,Energy,Osmanabad,8+ years,468296,Safety Standards; Inventory Management; Logistics; WMS; Team Leadership,Graduate,2026-07-15,Part-time,Yes
JOB_02542,Customer Support Specialist,Amazon,Logistics,Nanded,8+ years,469992,CRM; Problem Solving; Zendesk; Customer Service; Communication,12th Pass,2026-08-19,Contract,Hybrid
JOB_02543,Pharmacy Assistant,ICICI Bank,Banking & Finance,Amravati,Fresher,34729,Customer Service; Medication Dispensing; Inventory Management,Diploma,2026-07-25,Full-time,No
JOB_02544,Software Developer,ICICI Bank,Construction,Chandrapur,2-5 years,118860,Git; Agile; REST API,12th Pass,2026-08-08,Internship,No
JOB_02545,HR Coordinator,Paytm,Education,Raigad,5-8 years,205562,Employee Relations; Recruitment; HRMS,12th Pass,2026-07-17,Contract,No
JOB_02546,Software Developer,Unacademy,Retail,Yavatmal,Fresher,18936,JavaScript; REST API; Git; Java,10th Pass,2026-08-12,Part-time,Yes
JOB_02547,Fitter,Max Healthcare,Energy,Jalna,0-2 years,33759,Blueprint Reading; Assembly; Precision Tools; Maintenance; Mechanical Fitting,Diploma,2026-07-12,Part-time,Hybrid
JOB_02548,Business Analyst,Crompton Greaves,Pharmaceuticals,Mumbai,0-2 years,27404,Agile; Requirements Gathering; Process Mapping; Excel; Power BI,12th Pass,2026-07-15,Internship,Yes
JOB_02549,Teacher,Larsen & Toubro,Healthcare,Bhiwandi,2-5 years,84684,Classroom Management; Curriculum Development; Assessment,Diploma,2026-08-09,Contract,Hybrid
JOB_02550,Teacher,Capgemini,Telecommunications,Nagpur,8+ years,337042,Communication; Assessment; Classroom Management; Lesson Planning; Curriculum Development,Graduate,2026-08-12,Full-time,No
JOB_02551,Warehouse Supervisor,Accenture,Logistics,Chandrapur,0-2 years,41542,Inventory Management; Logistics; Safety Standards; WMS; Team Leadership,10th Pass,2026-06-16,Full-time,Yes
JOB_02552,Retail Associate,ABB India,Automotive,Raigad,5-8 years,143757,Inventory Management; Communication; Cash Handling; Sales,10th Pass,2026-08-26,Part-time,No
JOB_02553,Fitter,ICICI Bank,FMCG,Nashik,0-2 years,36617,Blueprint Reading; Assembly; Maintenance; Precision Tools,12th Pass,2026-07-04,Internship,No
JOB_02554,Quality Analyst,Paytm,Manufacturing,Parbhani,5-8 years,154688,Manual Testing; Bug Tracking; SQL; Testing,Graduate,2026-07-27,Internship,No
JOB_02555,Welder,Larsen & Toubro,Healthcare,Nanded,Fresher,19268,Arc Welding; TIG Welding; Blueprint Reading; MIG Welding; Safety Standards,Post Graduate,2026-08-11,Full-time,Hybrid
JOB_02556,Nurse,Capgemini,Manufacturing,Dhule,5-8 years,121495,Patient Care; Emergency Care; Vital Signs,10th Pass,2026-08-07,Full-time,No
JOB_02557,Full Stack Developer,Crompton Greaves,Education,Mumbai,8+ years,281937,MongoDB; REST API; Node.js; Git,Diploma,2026-08-26,Full-time,Yes
JOB_02558,Software Developer,Cognizant,FMCG,Dhule,8+ years,499204,Git; REST API; SQL; Microservices; Python; Java,Diploma,2026-08-24,Internship,Yes
JOB_02559,Quality Analyst,Vedantu,Automotive,Dhule,Fresher,16198,SQL; Agile; Selenium; JIRA; Bug Tracking; Testing,12th Pass,2026-06-22,Full-time,Yes
JOB_02560,Nurse,Vedantu,E-commerce,Amravati,0-2 years,28744,Medication Administration; Medical Procedures; Emergency Care; Patient Care,10th Pass,2026-07-20,Internship,Hybrid
JOB_02561,Fitter,Tata Motors,Media & Entertainment,Solapur,5-8 years,194873,Maintenance; Assembly; Mechanical Fitting; Blueprint Reading,12th Pass,2026-06-09,Part-time,Yes
JOB_02562,Logistics Coordinator,TCS,Banking & Finance,Chandrapur,5-8 years,125133,Communication; Coordination; Tracking Systems,12th Pass,2026-07-07,Part-time,Hybrid
JOB_02563,Nurse,Max Healthcare,IT Services,Raigad,0-2 years,27289,Vital Signs; Medication Administration; Medical Procedures; Emergency Care; Patient Care,Diploma,2026-06-29,Internship,Yes
JOB_02564,Project Coordinator,Fortis Healthcare,Logistics,Jalna,2-5 years,115035,Communication; Agile; MS Office; Coordination; Documentation,Post Graduate,2026-08-29,Internship,Yes
JOB_02565,DevOps Engineer,Paytm,Construction,Dhule,5-8 years,216509,Python; CI/CD; AWS; Kubernetes; Linux; Ansible,12th Pass,2026-06-13,Internship,Hybrid
JOB_02566,Machine Learning Engineer,Mahindra & Mahindra,Logistics,Beed,8+ years,344219,PyTorch; NLP; TensorFlow,Diploma,2026-07-10,Contract,Hybrid
JOB_02567,Data Analyst,Infosys,FMCG,Sangli,0-2 years,42884,Power BI; NumPy; Pandas; SQL; Python,10th Pass,2026-06-10,Internship,No
JOB_02568,Teacher,Mahindra & Mahindra,Manufacturing,Beed,0-2 years,43327,Classroom Management; Assessment; Curriculum Development,Graduate,2026-06-26,Internship,Hybrid
JOB_02569,Software Developer,ICICI Bank,Healthcare,Kolhapur,2-5 years,82463,REST API; Git; Java; Agile; Python,10th Pass,2026-07-14,Internship,No
JOB_02570,Warehouse Supervisor,Tata Motors,FMCG,Pune,8+ years,309592,Safety Standards; Team Leadership; WMS,Diploma,2026-08-28,Full-time,No
JOB_02571,Software Developer,Reliance Jio,FMCG,Amravati,5-8 years,206852,Python; JavaScript; Microservices; Agile; Java,10th Pass,2026-07-20,Part-time,Hybrid
JOB_02572,HR Coordinator,ICICI Bank,Healthcare,Ahmednagar,8+ years,339711,Employee Relations; Compliance; Communication; Payroll; HRMS,12th Pass,2026-06-08,Internship,Hybrid
JOB_02573,Data Analyst,IBM,Media & Entertainment,Amravati,0-2 years,32304,Power BI; Pandas; Tableau; Statistics; NumPy; SQL,10th Pass,2026-07-24,Part-time,Yes
JOB_02574,Retail Associate,Tech Mahindra,IT Services,Jalgaon,8+ years,456499,Customer Service; Sales; Inventory Management,Graduate,2026-07-11,Internship,Hybrid
JOB_02575,Cloud Engineer,Capgemini,Retail,Akola,8+ years,306002,Kubernetes; Terraform; Docker; Linux; Networking,Post Graduate,2026-06-30,Part-time,Yes
JOB_02576,Accountant,Mahindra & Mahindra,Healthcare,Sangli,Fresher,30501,Accounting; Financial Reporting; GST; Taxation; QuickBooks,10th Pass,2026-06-29,Part-time,No
JOB_02577,Software Developer,Reliance Jio,Retail,Yavatmal,2-5 years,53800,JavaScript; REST API; SQL,10th Pass,2026-07-15,Internship,No
JOB_02578,Accountant,Zerodha,Banking & Finance,Pune,5-8 years,162693,Excel; Taxation; QuickBooks,Graduate,2026-07-15,Part-time,Hybrid
JOB_02579,Cloud Engineer,Paytm,Logistics,Amravati,0-2 years,31714,Linux; Kubernetes; Terraform; Networking; GCP,Post Graduate,2026-06-07,Part-time,No
JOB_02580,Accountant,TCS,Manufacturing,Chandrapur,8+ years,223524,Accounting; Taxation; Tally,12th Pass,2026-06-16,Contract,Yes
JOB_02581,Teacher,Tata Motors,IT Services,Ahmednagar,Fresher,32624,Lesson Planning; Assessment; Communication; Curriculum Development,Diploma,2026-06-09,Internship,Hybrid
JOB_02582,Warehouse Supervisor,HDFC Bank,FMCG,Jalna,2-5 years,96041,Team Leadership; Logistics; Safety Standards,Post Graduate,2026-07-07,Internship,No
JOB_02583,Technician,TCS,Energy,Osmanabad,2-5 years,117380,Electrical Systems; Troubleshooting; Mechanical Systems; Equipment Maintenance,10th Pass,2026-08-28,Full-time,Yes
JOB_02584,Cloud Engineer,PhonePe,Healthcare,Bhiwandi,5-8 years,236120,Kubernetes; Azure; Linux; AWS; Docker; Networking,10th Pass,2026-07-25,Contract,No
JOB_02585,Machine Learning Engineer,Siemens,Pharmaceuticals,Bhiwandi,Fresher,30111,Python; TensorFlow; Deep Learning; NLP,Diploma,2026-06-16,Internship,Yes
JOB_02586,Pharmacy Assistant,Byju's,Automotive,Aurangabad,2-5 years,70834,Medication Dispensing; Inventory Management; Customer Service,Graduate,2026-08-09,Part-time,Hybrid
JOB_02587,Project Coordinator,Narayana Health,Retail,Yavatmal,8+ years,387808,Communication; Project Management; Agile; Coordination,Diploma,2026-07-15,Contract,Yes
JOB_02588,Cybersecurity Analyst,Capgemini,FMCG,Chandrapur,Fresher,21831,SIEM; Network Security; Penetration Testing; Compliance; Firewall,Graduate,2026-08-15,Full-time,Yes
JOB_02589,Pharmacy Assistant,ICICI Bank,Banking & Finance,Latur,8+ years,305108,Medication Dispensing; Pharmacy Software; Customer Service; Inventory Management,10th Pass,2026-08-25,Part-time,Hybrid
JOB_02590,Data Analyst,IBM,FMCG,Jalna,5-8 years,108528,Tableau; NumPy; Python,Post Graduate,2026-06-24,Full-time,No
JOB_02591,Full Stack Developer,Unacademy,Healthcare,Jalgaon,8+ years,307255,REST API; Git; MongoDB; SQL; HTML/CSS,10th Pass,2026-06-21,Part-time,No
JOB_02592,Medical Lab Technician,Siemens,Healthcare,Beed,2-5 years,69049,Lab Testing; Equipment Operation; Safety; Quality Control; Sample Collection,Post Graduate,2026-06-10,Part-time,No
JOB_02593,Training Coordinator,Larsen & Toubro,Energy,Aurangabad,2-5 years,97492,LMS; Communication; Training Delivery,12th Pass,2026-07-20,Internship,Hybrid
JOB_02594,Nurse,Accenture,Manufacturing,Yavatmal,8+ years,469118,Emergency Care; Patient Care; Vital Signs; Medication Administration,10th Pass,2026-08-20,Internship,Hybrid
JOB_02595,Warehouse Supervisor,Crompton Greaves,Education,Akola,8+ years,207808,WMS; Safety Standards; Team Leadership; Inventory Management; Logistics,10th Pass,2026-07-29,Contract,Hybrid
JOB_02596,Warehouse Supervisor,Siemens,Pharmaceuticals,Osmanabad,Fresher,23365,WMS; Team Leadership; Logistics,12th Pass,2026-07-30,Contract,Yes
JOB_02597,Cybersecurity Analyst,Unacademy,Media & Entertainment,Mumbai,2-5 years,93599,Risk Assessment; SIEM; Compliance; Penetration Testing; Network Security; Firewall,10th Pass,2026-07-01,Full-time,Yes
JOB_02598,Quality Analyst,Amazon,Logistics,Yavatmal,0-2 years,57319,JIRA; Manual Testing; Agile; SQL; Selenium; Bug Tracking,Diploma,2026-08-01,Part-time,No
JOB_02599,Full Stack Developer,ICICI Bank,Telecommunications,Aurangabad,Fresher,34534,Node.js; Git; REST API; SQL; React; MongoDB,10th Pass,2026-07-06,Full-time,Yes
JOB_02600,Supply Chain Analyst,Godrej Industries,Energy,Osmanabad,Fresher,33651,Logistics; Data Analysis; Forecasting; Inventory Management; SAP,12th Pass,2026-06-08,Internship,No
JOB_02601,Training Coordinator,Byju's,E-commerce,Ahmednagar,Fresher,31009,LMS; Communication; Curriculum Design,Post Graduate,2026-08-20,Contract,No
JOB_02602,Fitter,Infosys,Media & Entertainment,Akola,0-2 years,42269,Assembly; Maintenance; Blueprint Reading,Graduate,2026-06-17,Internship,No
JOB_02603,Cloud Engineer,Paytm,E-commerce,Aurangabad,0-2 years,32417,Networking; GCP; Azure; AWS; Terraform; Linux,Post Graduate,2026-06-08,Contract,Yes
JOB_02604,Supply Chain Analyst,ABB India,Education,Pune,Fresher,26653,Logistics; Data Analysis; SAP; Inventory Management; Forecasting,Diploma,2026-06-17,Contract,No
JOB_02605,Nurse,Byju's,Telecommunications,Nashik,0-2 years,52181,Medical Procedures; Emergency Care; Vital Signs; Medication Administration; Patient Care,Graduate,2026-07-01,Contract,Yes
JOB_02606,Full Stack Developer,Infosys,Telecommunications,Nagpur,8+ years,394278,JavaScript; Node.js; React; REST API; MongoDB; SQL,12th Pass,2026-07-24,Contract,Yes
JOB_02607,Digital Marketing Executive,Axis Bank,Healthcare,Chandrapur,8+ years,420323,Content Marketing; Social Media Marketing; SEO; Google Analytics; Email Marketing; SEM,10th Pass,2026-08-31,Contract,Hybrid
JOB_02608,Technician,Wipro,Manufacturing,Nagpur,Fresher,18042,Safety; Troubleshooting; Electrical Systems; Equipment Maintenance,Diploma,2026-08-22,Part-time,Yes
JOB_02609,Data Analyst,Godrej Industries,IT Services,Dhule,0-2 years,40555,Power BI; Statistics; Pandas,10th Pass,2026-08-08,Internship,Yes
JOB_02610,Supply Chain Analyst,Reliance Jio,Media & Entertainment,Pune,8+ years,471979,Forecasting; SAP; Inventory Management,Graduate,2026-08-14,Part-time,Hybrid
JOB_02611,Full Stack Developer,Razorpay,Banking & Finance,Chandrapur,2-5 years,51035,REST API; MongoDB; Git; React; Node.js; JavaScript,Post Graduate,2026-06-27,Contract,Hybrid
JOB_02612,Retail Associate,Godrej Industries,E-commerce,Solapur,Fresher,19879,Cash Handling; Communication; Sales; Inventory Management; Customer Service,Diploma,2026-07-14,Contract,Yes
JOB_02613,Machine Learning Engineer,HDFC Bank,FMCG,Beed,5-8 years,206552,NLP; Scikit-learn; SQL; Deep Learning,12th Pass,2026-08-05,Contract,Hybrid
JOB_02614,Digital Marketing Executive,Unacademy,Energy,Parbhani,8+ years,476024,Google Analytics; Content Marketing; SEM; Social Media Marketing; Email Marketing,Graduate,2026-07-09,Contract,No
JOB_02615,Content Writer,ABB India,Healthcare,Amravati,8+ years,411484,Copywriting; WordPress; Research,Post Graduate,2026-07-27,Part-time,Hybrid
JOB_02616,Machine Learning Engineer,Fortis Healthcare,FMCG,Aurangabad,Fresher,27289,NLP; SQL; Deep Learning,10th Pass,2026-08-01,Internship,No
JOB_02617,Accountant,Capgemini,Construction,Nagpur,8+ years,327398,QuickBooks; Excel; Taxation; Financial Reporting,Post Graduate,2026-06-11,Contract,No
JOB_02618,Electrician,Reliance Jio,Media & Entertainment,Aurangabad,5-8 years,160398,Circuit Design; Troubleshooting; Electrical Wiring,10th Pass,2026-07-04,Contract,Yes
JOB_02619,Content Writer,PhonePe,Retail,Amravati,Fresher,23699,Copywriting; Editing; WordPress; SEO; Content Writing; Research,Diploma,2026-07-24,Internship,Hybrid
JOB_02620,Nurse,Unacademy,Construction,Yavatmal,2-5 years,50279,Medication Administration; Vital Signs; Emergency Care; Medical Procedures,Diploma,2026-08-29,Contract,Yes
JOB_02621,Pharmacy Assistant,Zerodha,Construction,Dhule,0-2 years,39079,Inventory Management; Pharmacy Software; Customer Service; Medication Dispensing,Post Graduate,2026-07-13,Part-time,No
JOB_02622,Data Analyst,Cognizant,Education,Ahmednagar,2-5 years,58054,Statistics; SQL; Excel; NumPy; Pandas; Python,Post Graduate,2026-07-29,Full-time,Hybrid
JOB_02623,Quality Analyst,Mahindra & Mahindra,Logistics,Chandrapur,5-8 years,113293,JIRA; Manual Testing; Selenium,Diploma,2026-08-04,Full-time,Hybrid
JOB_02624,Fitter,Razorpay,Manufacturing,Nanded,Fresher,22714,Mechanical Fitting; Precision Tools; Blueprint Reading; Assembly; Maintenance,Diploma,2026-08-07,Contract,Yes
JOB_02625,Electrician,Mahindra & Mahindra,Healthcare,Beed,Fresher,28459,Circuit Design; Troubleshooting; Equipment Maintenance,Post Graduate,2026-08-09,Internship,Hybrid
JOB_02626,Fitter,IBM,Healthcare,Sangli,Fresher,28179,Maintenance; Mechanical Fitting; Assembly,10th Pass,2026-08-30,Full-time,Hybrid
JOB_02627,Medical Lab Technician,Wipro,Manufacturing,Pune,5-8 years,170063,Sample Collection; Lab Testing; Equipment Operation,12th Pass,2026-07-22,Contract,Hybrid
JOB_02628,Medical Lab Technician,Infosys,Manufacturing,Latur,5-8 years,147235,Quality Control; Lab Testing; Equipment Operation,10th Pass,2026-07-22,Internship,Yes
JOB_02629,Project Coordinator,ICICI Bank,Manufacturing,Jalgaon,Fresher,30859,Project Management; Documentation; Agile; Coordination,Diploma,2026-07-05,Full-time,Yes
JOB_02630,Data Analyst,TCS,Automotive,Nagpur,5-8 years,219478,Excel; Python; Power BI; Tableau,Diploma,2026-07-30,Part-time,No
JOB_02631,Cloud Engineer,Bajaj Finserv,Energy,Chandrapur,2-5 years,66549,AWS; GCP; Azure; Terraform,Diploma,2026-07-10,Part-time,Yes
JOB_02632,UI/UX Designer,Max Healthcare,Manufacturing,Ahmednagar,5-8 years,122661,HTML/CSS; Figma; Adobe XD; User Research; Wireframing; Prototyping,Diploma,2026-07-14,Contract,Hybrid
JOB_02633,Software Developer,Mahindra & Mahindra,Logistics,Aurangabad,5-8 years,136397,Agile; JavaScript; Java; SQL; Git,Post Graduate,2026-08-29,Internship,Hybrid
JOB_02634,Teacher,HCL,E-commerce,Raigad,5-8 years,193387,Communication; Lesson Planning; Assessment; Curriculum Development,12th Pass,2026-06-09,Internship,Yes
JOB_02635,Accountant,Siemens,Logistics,Mumbai,8+ years,243636,QuickBooks; Tally; Excel,10th Pass,2026-06-07,Full-time,No
JOB_02636,HR Coordinator,Reliance Jio,Healthcare,Amravati,8+ years,208754,HRMS; Payroll; Compliance; Communication; Recruitment,Diploma,2026-06-16,Contract,Hybrid
JOB_02637,Full Stack Developer,Siemens,Banking & Finance,Osmanabad,8+ years,276168,HTML/CSS; MongoDB; JavaScript; Git; Node.js; REST API,10th Pass,2026-08-22,Part-time,Yes
JOB_02638,DevOps Engineer,Narayana Health,Construction,Solapur,2-5 years,64466,Linux; Python; CI/CD; Kubernetes; Ansible,Graduate,2026-06-23,Part-time,Hybrid
JOB_02639,Data Analyst,Tech Mahindra,Manufacturing,Nagpur,2-5 years,79013,Python; Pandas; Excel; NumPy; Tableau,Diploma,2026-08-11,Internship,No
JOB_02640,Warehouse Supervisor,Max Healthcare,Healthcare,Kolhapur,0-2 years,49137,Inventory Management; Logistics; Team Leadership,Diploma,2026-06-07,Part-time,No
JOB_02641,Retail Associate,Godrej Industries,Banking & Finance,Mumbai,Fresher,16081,Inventory Management; Sales; Cash Handling; Communication,Post Graduate,2026-06-15,Full-time,No
JOB_02642,Software Developer,HCL,Banking & Finance,Chandrapur,2-5 years,72232,Agile; Microservices; REST API; Git,Post Graduate,2026-06-26,Part-time,Hybrid
JOB_02643,Medical Lab Technician,Zerodha,Banking & Finance,Raigad,8+ years,438033,Safety; Equipment Operation; Sample Collection; Lab Testing,10th Pass,2026-07-18,Internship,No
JOB_02644,Data Analyst,Cognizant,Logistics,Satara,2-5 years,57498,Power BI; Python; Statistics; Pandas,Diploma,2026-06-09,Contract,Hybrid
JOB_02645,Digital Marketing Executive,HDFC Bank,Healthcare,Satara,5-8 years,198511,Social Media Marketing; Content Marketing; SEM,12th Pass,2026-07-30,Full-time,Hybrid
JOB_02646,Welder,Crompton Greaves,IT Services,Raigad,2-5 years,93784,TIG Welding; Blueprint Reading; MIG Welding; Arc Welding,Post Graduate,2026-06-23,Contract,No
JOB_02647,Software Developer,Apollo Hospitals,IT Services,Dhule,5-8 years,211510,REST API; Java; Python; SQL; JavaScript,Post Graduate,2026-08-17,Internship,Yes
JOB_02648,Fitter,Infosys,FMCG,Ahmednagar,0-2 years,53580,Assembly; Mechanical Fitting; Maintenance,Graduate,2026-07-01,Full-time,Yes
JOB_02649,Welder,TCS,Automotive,Ahmednagar,0-2 years,55628,Arc Welding; TIG Welding; Safety Standards; Blueprint Reading; MIG Welding,Graduate,2026-08-29,Part-time,Yes
JOB_02650,Supply Chain Analyst,Flipkart,Telecommunications,Yavatmal,5-8 years,221881,Logistics; Data Analysis; Inventory Management,12th Pass,2026-07-04,Full-time,Yes
JOB_02651,Machine Learning Engineer,IBM,Pharmaceuticals,Chandrapur,8+ years,423767,SQL; TensorFlow; Python; NLP; PyTorch; Deep Learning,10th Pass,2026-06-14,Internship,No
JOB_02652,Accountant,Unacademy,Healthcare,Parbhani,Fresher,20480,Taxation; GST; Accounting; Tally; Financial Reporting,Graduate,2026-08-16,Contract,Yes
JOB_02653,Business Analyst,Bajaj Finserv,Energy,Dhule,2-5 years,56384,JIRA; Power BI; Requirements Gathering; Excel; Process Mapping; SQL,Diploma,2026-07-03,Full-time,No
JOB_02654,HR Coordinator,Razorpay,Retail,Raigad,2-5 years,114233,HRMS; Communication; Recruitment; Payroll; Employee Relations; Compliance,Diploma,2026-07-03,Internship,No
JOB_02655,Supply Chain Analyst,Bajaj Finserv,Manufacturing,Satara,5-8 years,197738,Forecasting; Data Analysis; Logistics; Excel; Inventory Management,10th Pass,2026-07-17,Internship,Yes
JOB_02656,UI/UX Designer,Wipro,Energy,Aurangabad,2-5 years,99802,User Research; Adobe XD; Figma,12th Pass,2026-08-03,Full-time,Yes
JOB_02657,Content Writer,Accenture,Automotive,Nashik,5-8 years,109849,Editing; WordPress; SEO; Content Writing; Research; Copywriting,Graduate,2026-08-08,Part-time,Hybrid
JOB_02658,Supply Chain Analyst,Wipro,Manufacturing,Amravati,8+ years,372713,Data Analysis; SAP; Inventory Management; Forecasting; Excel; Logistics,Post Graduate,2026-07-24,Internship,Hybrid
JOB_02659,UI/UX Designer,Tata Motors,FMCG,Aurangabad,Fresher,33301,Sketch; Prototyping; User Research; Figma; Wireframing; HTML/CSS,12th Pass,2026-08-15,Part-time,No
JOB_02660,Warehouse Supervisor,Unacademy,Healthcare,Nashik,2-5 years,107736,Team Leadership; WMS; Inventory Management; Logistics; Safety Standards,12th Pass,2026-06-14,Internship,No
JOB_02661,Teacher,Tata Motors,Construction,Kolhapur,Fresher,25671,Assessment; Communication; Curriculum Development; Lesson Planning; Classroom Management,12th Pass,2026-07-05,Internship,Hybrid
JOB_02662,Digital Marketing Executive,ICICI Bank,Banking & Finance,Jalgaon,5-8 years,183693,Email Marketing; Google Analytics; SEM; Social Media Marketing,Diploma,2026-08-09,Part-time,Hybrid
JOB_02663,Training Coordinator,ABB India,Logistics,Nagpur,Fresher,16643,Training Delivery; Curriculum Design; Assessment; LMS,Diploma,2026-06-17,Full-time,Hybrid
JOB_02664,Nurse,Apollo Hospitals,Logistics,Dhule,0-2 years,38072,Medication Administration; Vital Signs; Patient Care; Medical Procedures; Emergency Care,Graduate,2026-06-23,Internship,Hybrid
JOB_02665,Content Writer,Razorpay,Telecommunications,Mumbai,5-8 years,159724,Copywriting; Content Writing; Research; WordPress; SEO,Diploma,2026-06-22,Contract,Yes
JOB_02666,Data Analyst,Crompton Greaves,E-commerce,Mumbai,Fresher,34154,NumPy; Excel; Tableau; SQL; Pandas; Statistics,Graduate,2026-08-16,Full-time,Yes
JOB_02667,Pharmacy Assistant,PhonePe,Telecommunications,Nagpur,8+ years,393835,Medication Dispensing; Pharmacy Software; Inventory Management; Customer Service,Diploma,2026-07-09,Part-time,Hybrid
JOB_02668,Full Stack Developer,Tech Mahindra,Banking & Finance,Beed,8+ years,219704,HTML/CSS; REST API; MongoDB,Diploma,2026-08-11,Internship,No
JOB_02669,Content Writer,Accenture,Energy,Beed,Fresher,25595,Copywriting; SEO; Research; Content Writing; Editing; WordPress,12th Pass,2026-07-30,Part-time,Yes
JOB_02670,Training Coordinator,Axis Bank,Manufacturing,Nashik,0-2 years,41381,Communication; Assessment; LMS; Training Delivery; Curriculum Design,Diploma,2026-06-24,Full-time,No
JOB_02671,Medical Lab Technician,Bajaj Finserv,Construction,Chandrapur,Fresher,17033,Sample Collection; Equipment Operation; Safety; Quality Control,Diploma,2026-06-17,Contract,No
JOB_02672,Technician,HCL,Retail,Raigad,Fresher,29466,Troubleshooting; Equipment Maintenance; Mechanical Systems,Diploma,2026-06-23,Full-time,No
JOB_02673,Business Analyst,Tech Mahindra,Education,Aurangabad,2-5 years,72342,Agile; Excel; SQL,Diploma,2026-08-14,Full-time,No
JOB_02674,Sales Executive,Fortis Healthcare,Telecommunications,Nagpur,5-8 years,166346,Customer Relationship; Communication; Negotiation,Graduate,2026-06-11,Contract,No
JOB_02675,Cloud Engineer,HDFC Bank,Retail,Amravati,0-2 years,29413,Linux; Terraform; AWS; Azure; GCP; Docker,12th Pass,2026-07-24,Contract,Hybrid
JOB_02676,Cloud Engineer,Cognizant,Construction,Beed,5-8 years,186296,Terraform; Kubernetes; Azure; Networking; AWS,Diploma,2026-08-13,Part-time,Yes
JOB_02677,Digital Marketing Executive,Cognizant,Construction,Nashik,8+ years,352144,SEM; Content Marketing; Google Analytics; Social Media Marketing; SEO,Diploma,2026-08-21,Full-time,Yes
JOB_02678,Business Analyst,Narayana Health,Media & Entertainment,Latur,8+ years,416105,Requirements Gathering; SQL; Power BI; Excel,Post Graduate,2026-07-25,Full-time,Yes
JOB_02679,Medical Lab Technician,Infosys,Banking & Finance,Osmanabad,0-2 years,58167,Equipment Operation; Lab Testing; Quality Control; Safety,Diploma,2026-06-14,Contract,No
JOB_02680,Welder,Razorpay,Retail,Jalna,8+ years,484406,TIG Welding; Blueprint Reading; Safety Standards; Arc Welding,12th Pass,2026-08-17,Part-time,Hybrid
JOB_02681,Cloud Engineer,Fortis Healthcare,Logistics,Yavatmal,0-2 years,45536,Azure; Docker; GCP; Linux; AWS,Post Graduate,2026-08-11,Full-time,Hybrid
JOB_02682,Machine Operator,Cognizant,Healthcare,Nashik,Fresher,22134,Production Planning; Quality Control; CNC Operation,Diploma,2026-08-22,Internship,Hybrid
JOB_02683,Logistics Coordinator,Godrej Industries,E-commerce,Kolhapur,0-2 years,41501,Communication; Transportation Management; Coordination; Tracking Systems; Documentation,Post Graduate,2026-07-16,Internship,No
JOB_02684,Medical Lab Technician,Bajaj Finserv,FMCG,Beed,Fresher,23090,Lab Testing; Sample Collection; Quality Control,Post Graduate,2026-08-03,Part-time,Hybrid
JOB_02685,Accountant,Unacademy,Logistics,Pune,5-8 years,211832,Tally; GST; Excel; Taxation; Financial Reporting; Accounting,12th Pass,2026-07-16,Contract,Yes
JOB_02686,Electrician,IBM,Banking & Finance,Parbhani,5-8 years,176575,Troubleshooting; Safety Standards; Electrical Wiring,Graduate,2026-06-08,Full-time,Yes
JOB_02687,Medical Lab Technician,Wipro,Media & Entertainment,Osmanabad,0-2 years,34479,Lab Testing; Safety; Equipment Operation; Sample Collection,12th Pass,2026-07-30,Part-time,No
JOB_02688,Machine Learning Engineer,Larsen & Toubro,Education,Ahmednagar,0-2 years,38590,Scikit-learn; Deep Learning; SQL,Post Graduate,2026-06-21,Internship,No
JOB_02689,Logistics Coordinator,Siemens,Pharmaceuticals,Nanded,0-2 years,36092,Documentation; Transportation Management; Communication,10th Pass,2026-07-01,Part-time,No
JOB_02690,Machine Operator,Flipkart,FMCG,Yavatmal,0-2 years,56333,Production Planning; Safety Standards; Quality Control; CNC Operation,Diploma,2026-08-30,Part-time,Hybrid
JOB_02691,Teacher,Vedantu,FMCG,Latur,0-2 years,29638,Classroom Management; Lesson Planning; Communication; Curriculum Development; Assessment,12th Pass,2026-08-25,Part-time,Hybrid
JOB_02692,Digital Marketing Executive,Bajaj Finserv,Education,Akola,0-2 years,57480,Email Marketing; SEO; Google Analytics; Content Marketing; SEM; Social Media Marketing,Diploma,2026-07-05,Full-time,Hybrid
JOB_02693,Electrician,Godrej Industries,Construction,Jalgaon,8+ years,398120,Equipment Maintenance; Troubleshooting; Electrical Wiring; Circuit Design; Safety Standards,12th Pass,2026-07-02,Internship,Yes
JOB_02694,Logistics Coordinator,TCS,FMCG,Kolhapur,Fresher,33102,Coordination; Communication; Transportation Management; Documentation,Diploma,2026-07-31,Contract,Hybrid
JOB_02695,UI/UX Designer,ABB India,Manufacturing,Latur,0-2 years,46456,Adobe XD; HTML/CSS; Figma,Graduate,2026-06-18,Contract,No
JOB_02696,Cloud Engineer,ICICI Bank,Construction,Ahmednagar,8+ years,415336,Azure; Linux; Networking; AWS; Kubernetes,Diploma,2026-07-03,Contract,Yes
JOB_02697,Technician,Axis Bank,Retail,Ahmednagar,0-2 years,41502,Safety; Equipment Maintenance; Troubleshooting; Mechanical Systems,12th Pass,2026-08-27,Part-time,No
JOB_02698,Teacher,Bajaj Finserv,Education,Aurangabad,0-2 years,55547,Assessment; Curriculum Development; Communication,Post Graduate,2026-08-30,Part-time,Yes
JOB_02699,Machine Operator,IBM,Telecommunications,Nashik,8+ years,498950,Safety Standards; CNC Operation; Quality Control,Diploma,2026-08-06,Contract,Hybrid
JOB_02700,HR Coordinator,Capgemini,Banking & Finance,Aurangabad,2-5 years,115279,Employee Relations; Communication; Compliance; Recruitment,Graduate,2026-08-08,Full-time,No
JOB_02701,Welder,Cognizant,Media & Entertainment,Kolhapur,0-2 years,40776,Blueprint Reading; Safety Standards; Arc Welding,12th Pass,2026-08-29,Contract,Hybrid
JOB_02702,Teacher,Infosys,IT Services,Yavatmal,2-5 years,52452,Curriculum Development; Lesson Planning; Communication,12th Pass,2026-08-04,Contract,Hybrid
JOB_02703,Project Coordinator,Accenture,Construction,Osmanabad,2-5 years,115640,Project Management; Communication; Agile,Diploma,2026-08-16,Full-time,Hybrid
JOB_02704,Machine Learning Engineer,Accenture,Logistics,Bhiwandi,Fresher,28849,TensorFlow; SQL; PyTorch,12th Pass,2026-08-27,Internship,Hybrid
JOB_02705,HR Coordinator,Tech Mahindra,Education,Solapur,0-2 years,45407,Recruitment; HRMS; Payroll; Compliance; Employee Relations; Communication,12th Pass,2026-06-11,Contract,Yes
JOB_02706,Warehouse Supervisor,Crompton Greaves,E-commerce,Jalgaon,0-2 years,29347,Inventory Management; Safety Standards; Team Leadership,Graduate,2026-08-30,Contract,No
JOB_02707,Software Developer,Godrej Industries,Banking & Finance,Mumbai,Fresher,25943,Java; Microservices; JavaScript; Agile,10th Pass,2026-07-08,Contract,Yes
JOB_02708,Data Analyst,IBM,Construction,Aurangabad,5-8 years,134203,Statistics; Power BI; NumPy; Pandas,Graduate,2026-06-12,Internship,No
JOB_02709,Nurse,Razorpay,FMCG,Osmanabad,Fresher,28877,Emergency Care; Vital Signs; Medication Administration; Medical Procedures; Patient Care,12th Pass,2026-07-06,Contract,Yes
JOB_02710,Business Analyst,Vedantu,Construction,Parbhani,8+ years,481566,Excel; JIRA; Requirements Gathering,10th Pass,2026-08-25,Part-time,Hybrid
JOB_02711,HR Coordinator,Tata Motors,Telecommunications,Pune,0-2 years,45911,HRMS; Recruitment; Communication; Compliance; Payroll; Employee Relations,10th Pass,2026-07-23,Internship,Hybrid
JOB_02712,Nurse,Vedantu,Energy,Beed,Fresher,33964,Medical Procedures; Medication Administration; Patient Care; Vital Signs; Emergency Care,12th Pass,2026-06-12,Contract,Hybrid
JOB_02713,Technician,Cognizant,Manufacturing,Kolhapur,Fresher,33636,Electrical Systems; Safety; Mechanical Systems; Equipment Maintenance,10th Pass,2026-08-22,Contract,Yes
JOB_02714,Technician,IBM,IT Services,Raigad,5-8 years,161744,Electrical Systems; Safety; Mechanical Systems; Equipment Maintenance,Post Graduate,2026-06-22,Internship,Yes
JOB_02715,Technician,Mahindra & Mahindra,IT Services,Akola,8+ years,204421,Troubleshooting; Electrical Systems; Safety; Mechanical Systems,Graduate,2026-08-18,Internship,Hybrid
JOB_02716,Digital Marketing Executive,Vedantu,Telecommunications,Amravati,2-5 years,94115,SEM; SEO; Google Analytics; Email Marketing; Social Media Marketing,Diploma,2026-08-07,Contract,No
JOB_02717,Training Coordinator,Razorpay,Pharmaceuticals,Chandrapur,Fresher,18468,Assessment; LMS; Curriculum Design; Training Delivery; Communication,Graduate,2026-08-31,Internship,Yes
JOB_02718,Technician,Infosys,FMCG,Sangli,Fresher,24668,Electrical Systems; Mechanical Systems; Equipment Maintenance; Safety; Troubleshooting,Graduate,2026-07-15,Internship,No
JOB_02719,Technician,TCS,Media & Entertainment,Bhiwandi,5-8 years,244690,Equipment Maintenance; Safety; Electrical Systems; Troubleshooting,12th Pass,2026-07-12,Internship,Yes
JOB_02720,Quality Analyst,Tata Motors,E-commerce,Sangli,5-8 years,247574,Selenium; Manual Testing; Agile; SQL; Testing; JIRA,12th Pass,2026-06-26,Internship,Yes
JOB_02721,Cloud Engineer,PhonePe,Logistics,Nashik,Fresher,16540,AWS; Azure; Networking; Linux; GCP; Kubernetes,Diploma,2026-06-08,Contract,Yes
JOB_02722,Nurse,Bajaj Finserv,E-commerce,Chandrapur,Fresher,23400,Vital Signs; Emergency Care; Medication Administration; Medical Procedures,Graduate,2026-06-20,Part-time,Hybrid
JOB_02723,Logistics Coordinator,Axis Bank,Telecommunications,Sangli,Fresher,34490,Tracking Systems; Coordination; Communication,10th Pass,2026-07-02,Part-time,No
JOB_02724,Content Writer,Godrej Industries,Logistics,Solapur,8+ years,255198,Copywriting; Editing; Content Writing,Post Graduate,2026-06-09,Full-time,Yes
JOB_02725,Quality Analyst,Bajaj Finserv,E-commerce,Jalgaon,5-8 years,197408,Testing; Manual Testing; Agile; SQL,10th Pass,2026-08-23,Full-time,Yes
JOB_02726,HR Coordinator,Accenture,Media & Entertainment,Satara,2-5 years,85495,Recruitment; Compliance; HRMS; Employee Relations; Payroll; Communication,Post Graduate,2026-08-10,Contract,No
JOB_02727,Nurse,Infosys,Energy,Jalgaon,5-8 years,123962,Medication Administration; Medical Procedures; Vital Signs; Patient Care; Emergency Care,Post Graduate,2026-06-13,Part-time,Yes
JOB_02728,Digital Marketing Executive,Cognizant,Construction,Sangli,2-5 years,68023,SEO; Content Marketing; Email Marketing,12th Pass,2026-09-01,Full-time,No
JOB_02729,Cloud Engineer,Narayana Health,Construction,Raigad,0-2 years,33427,AWS; Networking; Terraform; GCP,Graduate,2026-08-13,Contract,No
JOB_02730,UI/UX Designer,Bajaj Finserv,Pharmaceuticals,Chandrapur,5-8 years,135674,HTML/CSS; Adobe XD; User Research; Sketch; Prototyping,12th Pass,2026-07-26,Full-time,Yes
JOB_02731,Medical Lab Technician,Siemens,Construction,Nashik,5-8 years,122353,Safety; Equipment Operation; Sample Collection; Lab Testing; Quality Control,Diploma,2026-06-28,Contract,No
JOB_02732,Business Analyst,Amazon,Retail,Akola,5-8 years,115735,Agile; JIRA; Requirements Gathering; Power BI,Graduate,2026-06-28,Contract,Hybrid
JOB_02733,Fitter,Reliance Jio,FMCG,Pune,2-5 years,98554,Blueprint Reading; Maintenance; Assembly,Post Graduate,2026-06-21,Contract,Hybrid
JOB_02734,Data Analyst,ABB India,Media & Entertainment,Yavatmal,0-2 years,45719,Python; Excel; NumPy; Power BI,12th Pass,2026-08-30,Full-time,Hybrid
JOB_02735,Technician,Apollo Hospitals,Education,Amravati,5-8 years,224088,Troubleshooting; Electrical Systems; Equipment Maintenance; Safety,12th Pass,2026-07-03,Internship,No
JOB_02736,Full Stack Developer,Fortis Healthcare,Education,Nanded,2-5 years,56929,JavaScript; Node.js; MongoDB; Git,12th Pass,2026-08-29,Full-time,No
JOB_02737,Fitter,IBM,Retail,Jalna,8+ years,390921,Maintenance; Assembly; Mechanical Fitting; Blueprint Reading,Post Graduate,2026-07-20,Internship,No
JOB_02738,Fitter,Larsen & Toubro,Media & Entertainment,Bhiwandi,0-2 years,32948,Precision Tools; Assembly; Mechanical Fitting; Maintenance; Blueprint Reading,Diploma,2026-09-02,Full-time,No
JOB_02739,UI/UX Designer,Larsen & Toubro,Pharmaceuticals,Sangli,2-5 years,106903,User Research; Prototyping; Figma; HTML/CSS,10th Pass,2026-08-28,Part-time,Yes
JOB_02740,Medical Lab Technician,Infosys,Logistics,Chandrapur,2-5 years,112511,Sample Collection; Quality Control; Lab Testing; Safety; Equipment Operation,Post Graduate,2026-07-29,Full-time,Hybrid
JOB_02741,Content Writer,IBM,Manufacturing,Amravati,Fresher,23078,WordPress; SEO; Copywriting,10th Pass,2026-06-10,Contract,No
JOB_02742,Project Coordinator,Larsen & Toubro,E-commerce,Chandrapur,0-2 years,42340,MS Office; Project Management; Agile; Documentation,12th Pass,2026-06-24,Contract,No
JOB_02743,Training Coordinator,Larsen & Toubro,Pharmaceuticals,Satara,2-5 years,108802,Communication; Assessment; LMS; Training Delivery; Curriculum Design,Graduate,2026-08-11,Internship,Hybrid
JOB_02744,Pharmacy Assistant,Amazon,Logistics,Yavatmal,2-5 years,86681,Customer Service; Medication Dispensing; Inventory Management,Post Graduate,2026-09-01,Part-time,Hybrid
JOB_02745,Project Coordinator,IBM,Logistics,Dhule,0-2 years,27649,Project Management; MS Office; Coordination; Communication; Agile; Documentation,12th Pass,2026-07-31,Contract,Hybrid
JOB_02746,Customer Support Specialist,Flipkart,Telecommunications,Nagpur,Fresher,26475,Problem Solving; Communication; Zendesk; CRM,Post Graduate,2026-09-04,Part-time,Hybrid
JOB_02747,Retail Associate,Wipro,Logistics,Solapur,8+ years,475717,Inventory Management; Communication; Cash Handling; Sales; Customer Service,12th Pass,2026-08-18,Internship,No
JOB_02748,Supply Chain Analyst,ICICI Bank,Automotive,Solapur,2-5 years,109874,Logistics; Forecasting; SAP; Excel,Post Graduate,2026-08-11,Internship,Hybrid
JOB_02749,Project Coordinator,Max Healthcare,FMCG,Satara,0-2 years,25781,Project Management; Documentation; Agile; MS Office,12th Pass,2026-08-18,Full-time,No
JOB_02750,HR Coordinator,Mahindra & Mahindra,Healthcare,Nagpur,0-2 years,47496,Compliance; Payroll; Employee Relations; Communication; HRMS,12th Pass,2026-08-08,Full-time,No
JOB_02751,Teacher,Bajaj Finserv,Banking & Finance,Parbhani,2-5 years,75499,Communication; Classroom Management; Lesson Planning,10th Pass,2026-08-27,Internship,Yes
JOB_02752,Software Developer,HCL,Logistics,Latur,8+ years,255286,SQL; Microservices; REST API; Java,10th Pass,2026-08-19,Internship,Yes
JOB_02753,Teacher,Crompton Greaves,Telecommunications,Nagpur,2-5 years,98905,Lesson Planning; Classroom Management; Communication; Assessment,Graduate,2026-06-19,Part-time,No
JOB_02754,Electrician,HCL,Logistics,Mumbai,Fresher,30649,Circuit Design; Electrical Wiring; Safety Standards,Post Graduate,2026-08-25,Full-time,Hybrid
JOB_02755,Fitter,Reliance Jio,Healthcare,Latur,2-5 years,77486,Precision Tools; Assembly; Mechanical Fitting; Maintenance; Blueprint Reading,Diploma,2026-08-26,Internship,No
JOB_02756,Cloud Engineer,Unacademy,FMCG,Latur,5-8 years,103607,Docker; Azure; Networking,10th Pass,2026-06-26,Full-time,No
JOB_02757,Pharmacy Assistant,Godrej Industries,Banking & Finance,Satara,Fresher,18989,Inventory Management; Medication Dispensing; Pharmacy Software; Customer Service,Graduate,2026-08-07,Full-time,No
JOB_02758,Quality Analyst,Paytm,Construction,Ahmednagar,8+ years,483749,Bug Tracking; Agile; SQL; Manual Testing; Selenium,Graduate,2026-07-23,Contract,Hybrid
JOB_02759,Logistics Coordinator,ABB India,IT Services,Jalgaon,Fresher,27806,Coordination; Tracking Systems; Transportation Management; Communication,10th Pass,2026-07-14,Contract,Hybrid
JOB_02760,Content Writer,Reliance Jio,Telecommunications,Chandrapur,0-2 years,45215,Copywriting; Content Writing; Editing; SEO; Research; WordPress,10th Pass,2026-08-07,Contract,Hybrid
JOB_02761,Sales Executive,Mahindra & Mahindra,Media & Entertainment,Yavatmal,Fresher,23545,Negotiation; CRM; Customer Relationship; Communication,Post Graduate,2026-06-12,Contract,Hybrid
JOB_02762,Pharmacy Assistant,Godrej Industries,Banking & Finance,Nanded,0-2 years,53941,Pharmacy Software; Customer Service; Inventory Management; Medication Dispensing,10th Pass,2026-06-25,Internship,Hybrid
JOB_02763,Quality Analyst,Siemens,Logistics,Bhiwandi,2-5 years,107246,Bug Tracking; Testing; Agile; JIRA; Selenium,Post Graduate,2026-07-08,Internship,No
JOB_02764,Project Coordinator,Unacademy,Automotive,Jalna,Fresher,25388,Agile; Coordination; MS Office; Documentation,12th Pass,2026-08-08,Internship,Yes
JOB_02765,Digital Marketing Executive,ICICI Bank,Media & Entertainment,Sangli,0-2 years,59179,Social Media Marketing; Google Analytics; Content Marketing,Diploma,2026-08-17,Part-time,No
JOB_02766,Electrician,Unacademy,IT Services,Sangli,Fresher,27746,Electrical Wiring; Troubleshooting; Safety Standards; Equipment Maintenance,Graduate,2026-07-22,Internship,No
JOB_02767,Content Writer,Byju's,Media & Entertainment,Solapur,8+ years,309231,Content Writing; SEO; Editing; Research,12th Pass,2026-07-23,Full-time,Yes
JOB_02768,Customer Support Specialist,Reliance Jio,Banking & Finance,Parbhani,5-8 years,244852,Problem Solving; Communication; Zendesk,12th Pass,2026-07-23,Contract,Hybrid
JOB_02769,Cloud Engineer,Amazon,Pharmaceuticals,Kolhapur,2-5 years,50905,GCP; Terraform; Docker; Linux; AWS,10th Pass,2026-06-22,Full-time,No
JOB_02770,Training Coordinator,ICICI Bank,Retail,Bhiwandi,5-8 years,153001,LMS; Training Delivery; Communication; Assessment; Curriculum Design,Graduate,2026-08-01,Part-time,Hybrid
JOB_02771,Content Writer,HDFC Bank,E-commerce,Beed,2-5 years,107827,Research; Editing; Copywriting; WordPress; SEO,12th Pass,2026-09-01,Full-time,No
JOB_02772,Data Analyst,Tata Motors,Retail,Parbhani,Fresher,23110,Tableau; Pandas; SQL,Graduate,2026-07-10,Full-time,No
JOB_02773,Warehouse Supervisor,Paytm,Education,Nagpur,8+ years,243226,Team Leadership; Safety Standards; Logistics; WMS,12th Pass,2026-06-12,Part-time,Hybrid
JOB_02774,Training Coordinator,Reliance Jio,Energy,Ahmednagar,5-8 years,228396,Communication; Assessment; LMS,Graduate,2026-07-28,Contract,No
JOB_02775,Customer Support Specialist,Byju's,Banking & Finance,Ahmednagar,8+ years,235163,Problem Solving; CRM; Zendesk; Customer Service; Communication,Post Graduate,2026-07-31,Internship,Hybrid
JOB_02776,Customer Support Specialist,Tech Mahindra,Education,Beed,0-2 years,52411,Customer Service; Zendesk; Communication,Diploma,2026-08-09,Part-time,Yes
JOB_02777,Machine Operator,ICICI Bank,Pharmaceuticals,Aurangabad,0-2 years,45581,Production Planning; Machine Maintenance; CNC Operation,Graduate,2026-06-24,Full-time,No
JOB_02778,Retail Associate,IBM,Construction,Amravati,Fresher,26505,Customer Service; Inventory Management; Cash Handling; Sales; Communication,12th Pass,2026-07-13,Internship,Yes
JOB_02779,Customer Support Specialist,Vedantu,Construction,Nashik,2-5 years,104747,Zendesk; Customer Service; Communication; Problem Solving; CRM,10th Pass,2026-06-26,Part-time,Hybrid
JOB_02780,Digital Marketing Executive,Crompton Greaves,Manufacturing,Dhule,Fresher,27204,Email Marketing; Social Media Marketing; Content Marketing; Google Analytics; SEM; SEO,12th Pass,2026-07-06,Internship,No
JOB_02781,Pharmacy Assistant,Narayana Health,IT Services,Parbhani,2-5 years,107119,Customer Service; Medication Dispensing; Pharmacy Software; Inventory Management,Diploma,2026-07-27,Contract,Yes
JOB_02782,Digital Marketing Executive,HCL,Education,Latur,5-8 years,178403,Content Marketing; SEM; Social Media Marketing; SEO; Email Marketing; Google Analytics,Post Graduate,2026-07-31,Part-time,Yes
JOB_02783,Accountant,Apollo Hospitals,Pharmaceuticals,Yavatmal,Fresher,34494,Accounting; Taxation; Excel,12th Pass,2026-06-28,Part-time,Hybrid
JOB_02784,Quality Analyst,Tata Motors,IT Services,Yavatmal,5-8 years,180029,SQL; JIRA; Selenium,12th Pass,2026-07-13,Part-time,Hybrid
JOB_02785,Data Analyst,Accenture,Education,Solapur,0-2 years,37446,Python; SQL; NumPy; Tableau,Post Graduate,2026-06-24,Part-time,Yes
JOB_02786,Teacher,Capgemini,FMCG,Nashik,Fresher,31441,Communication; Lesson Planning; Classroom Management; Curriculum Development; Assessment,Diploma,2026-06-28,Contract,Hybrid
JOB_02787,Supply Chain Analyst,IBM,Pharmaceuticals,Latur,2-5 years,59806,Logistics; SAP; Inventory Management; Excel; Data Analysis,Post Graduate,2026-07-31,Internship,Hybrid
JOB_02788,HR Coordinator,Vedantu,Pharmaceuticals,Latur,2-5 years,76177,Communication; Recruitment; Employee Relations; Compliance,10th Pass,2026-06-13,Internship,Hybrid
JOB_02789,Training Coordinator,Bajaj Finserv,Manufacturing,Yavatmal,Fresher,23108,Assessment; LMS; Communication; Curriculum Design,Post Graduate,2026-06-12,Contract,Hybrid
JOB_02790,Teacher,Mahindra & Mahindra,Banking & Finance,Ahmednagar,8+ years,224070,Curriculum Development; Classroom Management; Assessment; Communication,Graduate,2026-06-08,Full-time,Hybrid
JOB_02791,Accountant,Byju's,Media & Entertainment,Sangli,0-2 years,37840,Financial Reporting; Accounting; QuickBooks; Excel; GST,10th Pass,2026-07-16,Contract,Yes
JOB_02792,Accountant,Capgemini,Logistics,Latur,8+ years,268742,Excel; Accounting; Financial Reporting; Tally; Taxation; GST,12th Pass,2026-06-13,Full-time,Hybrid
JOB_02793,Logistics Coordinator,Siemens,Energy,Yavatmal,Fresher,18304,Documentation; Transportation Management; Tracking Systems; Coordination; Communication,Graduate,2026-08-19,Contract,Hybrid
JOB_02794,Digital Marketing Executive,Tata Motors,Media & Entertainment,Pune,8+ years,418666,Email Marketing; Social Media Marketing; SEM; Content Marketing; Google Analytics,Post Graduate,2026-06-08,Part-time,Yes
JOB_02795,Cloud Engineer,Byju's,Retail,Akola,5-8 years,109560,Docker; Kubernetes; Azure; GCP,Post Graduate,2026-06-30,Contract,Yes
JOB_02796,Warehouse Supervisor,IBM,Manufacturing,Dhule,0-2 years,25949,WMS; Inventory Management; Team Leadership,Graduate,2026-08-05,Internship,No
JOB_02797,Sales Executive,Godrej Industries,Banking & Finance,Jalna,8+ years,477463,Communication; Negotiation; CRM; Customer Relationship; Lead Generation,Post Graduate,2026-07-28,Contract,Yes
JOB_02798,Supply Chain Analyst,TCS,FMCG,Latur,2-5 years,57092,Forecasting; SAP; Data Analysis; Logistics,10th Pass,2026-06-22,Internship,Yes
JOB_02799,DevOps Engineer,TCS,Education,Sangli,2-5 years,111349,Docker; Jenkins; CI/CD; Linux,Graduate,2026-07-05,Part-time,Yes
JOB_02800,Technician,Bajaj Finserv,Media & Entertainment,Osmanabad,2-5 years,78916,Mechanical Systems; Safety; Electrical Systems,12th Pass,2026-07-04,Contract,No
JOB_02801,Machine Learning Engineer,Tech Mahindra,Logistics,Dhule,5-8 years,188487,Scikit-learn; PyTorch; NLP; TensorFlow,Diploma,2026-07-25,Full-time,No
JOB_02802,HR Coordinator,Fortis Healthcare,Retail,Solapur,Fresher,34897,Recruitment; Communication; HRMS; Payroll; Compliance; Employee Relations,Post Graduate,2026-08-01,Internship,Hybrid
JOB_02803,Data Analyst,Larsen & Toubro,IT Services,Nagpur,0-2 years,41355,Power BI; Excel; SQL,Graduate,2026-06-24,Internship,Yes
JOB_02804,Supply Chain Analyst,ABB India,Telecommunications,Raigad,8+ years,312836,Logistics; Inventory Management; Data Analysis; Excel,Graduate,2026-06-24,Part-time,Hybrid
JOB_02805,Pharmacy Assistant,Axis Bank,Logistics,Pune,8+ years,381737,Medication Dispensing; Pharmacy Software; Customer Service,Post Graduate,2026-06-20,Contract,No
JOB_02806,HR Coordinator,Reliance Jio,Banking & Finance,Jalgaon,Fresher,16100,Employee Relations; HRMS; Payroll,Diploma,2026-07-16,Full-time,Yes
JOB_02807,Software Developer,HDFC Bank,Retail,Sangli,2-5 years,77559,SQL; Microservices; JavaScript; Agile; Git,10th Pass,2026-08-15,Internship,Hybrid
JOB_02808,Digital Marketing Executive,Flipkart,Pharmaceuticals,Aurangabad,2-5 years,69693,Email Marketing; SEO; Social Media Marketing,12th Pass,2026-08-14,Internship,Hybrid
JOB_02809,Quality Analyst,Flipkart,Logistics,Akola,0-2 years,54231,JIRA; Agile; Bug Tracking,Diploma,2026-06-27,Internship,Yes
JOB_02810,Data Analyst,HDFC Bank,Telecommunications,Amravati,8+ years,231455,Power BI; Python; Pandas; Statistics; Tableau,12th Pass,2026-06-11,Part-time,Hybrid
JOB_02811,DevOps Engineer,Byju's,Construction,Jalna,2-5 years,104157,Ansible; Kubernetes; Linux; AWS; Python; CI/CD,12th Pass,2026-08-20,Part-time,Hybrid
JOB_02812,Technician,Infosys,Healthcare,Chandrapur,2-5 years,78864,Electrical Systems; Mechanical Systems; Safety; Equipment Maintenance,Diploma,2026-08-12,Internship,No
JOB_02813,Machine Operator,Godrej Industries,Energy,Jalna,5-8 years,207693,Quality Control; Production Planning; Safety Standards,Diploma,2026-08-10,Full-time,No
JOB_02814,Sales Executive,Siemens,FMCG,Amravati,5-8 years,230992,Customer Relationship; Communication; CRM,10th Pass,2026-07-16,Internship,No
JOB_02815,Retail Associate,Max Healthcare,Manufacturing,Latur,8+ years,314781,Customer Service; Communication; Inventory Management; Cash Handling,Diploma,2026-07-09,Part-time,Yes
JOB_02816,Fitter,Tata Motors,Telecommunications,Raigad,5-8 years,148237,Blueprint Reading; Mechanical Fitting; Assembly; Precision Tools,Diploma,2026-08-19,Full-time,Hybrid
JOB_02817,Machine Learning Engineer,Zerodha,Media & Entertainment,Latur,2-5 years,67099,NLP; Deep Learning; TensorFlow; Scikit-learn; PyTorch,12th Pass,2026-08-06,Internship,No
JOB_02818,Data Analyst,Godrej Industries,E-commerce,Nagpur,2-5 years,60155,Tableau; SQL; Python; Pandas; Power BI; Statistics,12th Pass,2026-08-07,Part-time,Yes
JOB_02819,Fitter,Capgemini,IT Services,Aurangabad,8+ years,299715,Blueprint Reading; Precision Tools; Assembly; Mechanical Fitting; Maintenance,Post Graduate,2026-06-19,Part-time,Hybrid
JOB_02820,Machine Operator,Accenture,Pharmaceuticals,Pune,2-5 years,110406,Quality Control; Safety Standards; CNC Operation; Machine Maintenance; Production Planning,10th Pass,2026-07-11,Contract,Yes
JOB_02821,Welder,Vedantu,Telecommunications,Bhiwandi,Fresher,30004,TIG Welding; Safety Standards; MIG Welding,10th Pass,2026-06-09,Full-time,Yes
JOB_02822,Project Coordinator,Amazon,Education,Jalna,5-8 years,247327,MS Office; Agile; Coordination; Communication; Documentation,12th Pass,2026-08-07,Full-time,Hybrid
JOB_02823,Project Coordinator,Crompton Greaves,Healthcare,Beed,8+ years,375841,Coordination; Communication; Documentation; MS Office; Project Management; Agile,Post Graduate,2026-06-22,Contract,Hybrid
JOB_02824,Accountant,Zerodha,FMCG,Nanded,0-2 years,38809,Accounting; QuickBooks; Taxation; Excel,Diploma,2026-08-17,Internship,Hybrid
JOB_02825,Medical Lab Technician,Bajaj Finserv,Construction,Parbhani,0-2 years,42726,Quality Control; Sample Collection; Safety; Lab Testing,Post Graduate,2026-07-07,Part-time,Hybrid
JOB_02826,Technician,Mahindra & Mahindra,Media & Entertainment,Sangli,0-2 years,48162,Mechanical Systems; Safety; Equipment Maintenance; Electrical Systems,Diploma,2026-08-23,Internship,Yes
JOB_02827,Electrician,PhonePe,Retail,Dhule,Fresher,32037,Equipment Maintenance; Troubleshooting; Safety Standards,10th Pass,2026-06-07,Internship,Hybrid
JOB_02828,Project Coordinator,Mahindra & Mahindra,Automotive,Sangli,0-2 years,46234,Project Management; Communication; Documentation; Agile; Coordination,Graduate,2026-07-13,Part-time,Hybrid
JOB_02829,Full Stack Developer,Axis Bank,Pharmaceuticals,Pune,2-5 years,53625,React; SQL; REST API; Git,12th Pass,2026-08-20,Part-time,No
JOB_02830,Supply Chain Analyst,Tech Mahindra,FMCG,Nanded,5-8 years,164933,Forecasting; SAP; Inventory Management; Data Analysis,10th Pass,2026-06-16,Full-time,Yes
JOB_02831,Logistics Coordinator,Infosys,Banking & Finance,Solapur,0-2 years,36821,Documentation; Transportation Management; Communication; Coordination,Graduate,2026-09-01,Part-time,Yes
JOB_02832,Fitter,Amazon,Healthcare,Latur,Fresher,22105,Blueprint Reading; Maintenance; Assembly,Graduate,2026-06-10,Contract,Yes
JOB_02833,Fitter,Accenture,E-commerce,Solapur,8+ years,487972,Mechanical Fitting; Blueprint Reading; Maintenance; Precision Tools,12th Pass,2026-06-20,Internship,Yes
JOB_02834,Data Analyst,Larsen & Toubro,Automotive,Solapur,Fresher,29958,Power BI; Python; Statistics,Diploma,2026-07-04,Internship,Hybrid
JOB_02835,Retail Associate,TCS,Pharmaceuticals,Mumbai,Fresher,27327,Communication; Customer Service; Sales,Post Graduate,2026-07-23,Part-time,No
JOB_02836,Pharmacy Assistant,Bajaj Finserv,Education,Jalna,2-5 years,59532,Pharmacy Software; Medication Dispensing; Customer Service,Diploma,2026-07-26,Internship,No
JOB_02837,Accountant,Capgemini,Logistics,Nashik,8+ years,437080,Financial Reporting; QuickBooks; Taxation,Post Graduate,2026-09-03,Internship,Yes
JOB_02838,Electrician,Mahindra & Mahindra,IT Services,Pune,0-2 years,59057,Equipment Maintenance; Circuit Design; Safety Standards,10th Pass,2026-09-03,Part-time,No
JOB_02839,Machine Operator,Capgemini,E-commerce,Beed,8+ years,206615,Machine Maintenance; CNC Operation; Production Planning,Diploma,2026-09-01,Part-time,Yes
JOB_02840,Machine Learning Engineer,Axis Bank,E-commerce,Bhiwandi,Fresher,26827,TensorFlow; Deep Learning; Scikit-learn; SQL; Python,Graduate,2026-08-17,Part-time,Yes
JOB_02841,Cybersecurity Analyst,Byju's,Logistics,Nashik,Fresher,20487,Compliance; SIEM; Penetration Testing; Risk Assessment; Network Security,12th Pass,2026-07-17,Full-time,Yes
JOB_02842,Warehouse Supervisor,Unacademy,Telecommunications,Dhule,Fresher,32596,Inventory Management; Safety Standards; Team Leadership,Post Graduate,2026-07-14,Full-time,Yes
JOB_02843,Sales Executive,HDFC Bank,Telecommunications,Akola,Fresher,22663,Communication; Negotiation; Lead Generation; Customer Relationship,Post Graduate,2026-09-02,Part-time,Yes
JOB_02844,Welder,Accenture,Logistics,Jalgaon,8+ years,206252,TIG Welding; MIG Welding; Blueprint Reading; Arc Welding; Safety Standards,Post Graduate,2026-07-20,Full-time,Hybrid
JOB_02845,Quality Analyst,HCL,Construction,Nagpur,2-5 years,119155,Testing; SQL; Manual Testing; Bug Tracking; JIRA,10th Pass,2026-08-02,Contract,Yes
JOB_02846,Electrician,Paytm,Logistics,Ahmednagar,2-5 years,82833,Circuit Design; Troubleshooting; Safety Standards,12th Pass,2026-07-11,Internship,Yes
JOB_02847,Warehouse Supervisor,Axis Bank,IT Services,Bhiwandi,Fresher,26132,Safety Standards; WMS; Team Leadership; Logistics; Inventory Management,Post Graduate,2026-07-01,Contract,No
JOB_02848,Retail Associate,Paytm,Media & Entertainment,Nagpur,Fresher,34495,Cash Handling; Sales; Communication,Post Graduate,2026-07-10,Part-time,Hybrid
JOB_02849,UI/UX Designer,Capgemini,Energy,Mumbai,8+ years,247181,Adobe XD; Figma; Sketch; Wireframing,Graduate,2026-08-15,Part-time,No
JOB_02850,Software Developer,Fortis Healthcare,Telecommunications,Amravati,5-8 years,110365,Java; Git; REST API,Graduate,2026-07-20,Part-time,No
JOB_02851,Data Analyst,Tech Mahindra,Banking & Finance,Akola,5-8 years,112851,Tableau; Pandas; Power BI; Python; NumPy; SQL,12th Pass,2026-06-11,Contract,Hybrid
JOB_02852,Customer Support Specialist,Byju's,Media & Entertainment,Nanded,5-8 years,166746,Customer Service; Zendesk; Communication; CRM; Problem Solving,12th Pass,2026-08-28,Full-time,No
JOB_02853,Machine Operator,Accenture,Healthcare,Bhiwandi,2-5 years,63080,Production Planning; CNC Operation; Quality Control; Safety Standards; Machine Maintenance,Diploma,2026-07-31,Internship,No
JOB_02854,Nurse,Unacademy,Retail,Chandrapur,5-8 years,170247,Emergency Care; Medication Administration; Patient Care,12th Pass,2026-06-24,Full-time,Yes
JOB_02855,Supply Chain Analyst,Amazon,FMCG,Nanded,Fresher,25849,Inventory Management; Forecasting; Logistics,12th Pass,2026-08-26,Internship,Yes
JOB_02856,DevOps Engineer,ICICI Bank,Telecommunications,Yavatmal,0-2 years,40073,CI/CD; Python; Kubernetes,12th Pass,2026-07-27,Part-time,No
JOB_02857,HR Coordinator,HDFC Bank,Pharmaceuticals,Akola,0-2 years,36965,Recruitment; Payroll; Communication; Employee Relations,Diploma,2026-06-28,Internship,Yes
JOB_02858,Customer Support Specialist,Reliance Jio,Logistics,Parbhani,8+ years,377969,Customer Service; Problem Solving; Communication,12th Pass,2026-06-07,Full-time,Yes
JOB_02859,Retail Associate,Bajaj Finserv,Automotive,Mumbai,2-5 years,87510,Cash Handling; Communication; Customer Service; Sales; Inventory Management,Diploma,2026-06-28,Contract,Yes
JOB_02860,Technician,Axis Bank,Manufacturing,Kolhapur,5-8 years,244984,Mechanical Systems; Electrical Systems; Equipment Maintenance; Safety; Troubleshooting,12th Pass,2026-06-26,Internship,No
JOB_02861,UI/UX Designer,Bajaj Finserv,Manufacturing,Parbhani,0-2 years,50587,HTML/CSS; Adobe XD; Sketch; Figma,Post Graduate,2026-06-16,Full-time,Yes
JOB_02862,Accountant,Bajaj Finserv,Education,Amravati,5-8 years,124082,Tally; GST; Excel,12th Pass,2026-07-19,Part-time,No
JOB_02863,Teacher,Max Healthcare,Healthcare,Solapur,2-5 years,75553,Classroom Management; Assessment; Lesson Planning; Communication,12th Pass,2026-07-20,Full-time,No
JOB_02864,Machine Learning Engineer,Apollo Hospitals,FMCG,Latur,2-5 years,76658,Deep Learning; NLP; PyTorch,Diploma,2026-08-01,Part-time,Yes
JOB_02865,Digital Marketing Executive,ABB India,Education,Chandrapur,Fresher,20462,Google Analytics; Content Marketing; Email Marketing; SEM; Social Media Marketing,10th Pass,2026-08-25,Contract,Yes
JOB_02866,Pharmacy Assistant,Bajaj Finserv,Telecommunications,Dhule,2-5 years,64580,Inventory Management; Medication Dispensing; Pharmacy Software,12th Pass,2026-08-20,Contract,No
JOB_02867,Machine Operator,Mahindra & Mahindra,Construction,Solapur,8+ years,290979,Quality Control; Machine Maintenance; Production Planning; Safety Standards,12th Pass,2026-08-03,Part-time,No
JOB_02868,Business Analyst,Razorpay,Media & Entertainment,Satara,8+ years,201101,Power BI; Agile; Requirements Gathering; SQL; Excel; Process Mapping,12th Pass,2026-08-28,Contract,Yes
JOB_02869,Machine Learning Engineer,Tech Mahindra,FMCG,Beed,2-5 years,80750,NLP; PyTorch; Scikit-learn; TensorFlow,Diploma,2026-08-29,Internship,Hybrid
JOB_02870,UI/UX Designer,HDFC Bank,Banking & Finance,Akola,2-5 years,68391,Wireframing; User Research; Figma,12th Pass,2026-08-03,Contract,Yes
JOB_02871,Warehouse Supervisor,Fortis Healthcare,E-commerce,Bhiwandi,5-8 years,170425,Team Leadership; Inventory Management; Logistics; Safety Standards,12th Pass,2026-06-16,Full-time,No
JOB_02872,Accountant,Capgemini,Pharmaceuticals,Dhule,8+ years,327058,Accounting; Taxation; QuickBooks,Diploma,2026-07-09,Full-time,Yes
JOB_02873,Nurse,Paytm,Automotive,Jalna,Fresher,17540,Patient Care; Vital Signs; Medical Procedures; Emergency Care; Medication Administration,12th Pass,2026-08-01,Full-time,No
JOB_02874,Fitter,Cognizant,Media & Entertainment,Nashik,Fresher,21259,Precision Tools; Mechanical Fitting; Assembly,12th Pass,2026-08-25,Full-time,Yes
JOB_02875,Training Coordinator,Reliance Jio,Media & Entertainment,Pune,2-5 years,67519,Curriculum Design; Assessment; Communication; Training Delivery,Post Graduate,2026-08-21,Full-time,Hybrid
JOB_02876,Content Writer,Godrej Industries,E-commerce,Sangli,Fresher,31556,Content Writing; Research; Editing; SEO; Copywriting,Post Graduate,2026-08-02,Full-time,Yes
JOB_02877,Machine Operator,Accenture,Education,Jalgaon,Fresher,30587,Machine Maintenance; Quality Control; Production Planning; CNC Operation,12th Pass,2026-08-07,Part-time,Yes
JOB_02878,Retail Associate,Tech Mahindra,Pharmaceuticals,Ahmednagar,8+ years,343267,Communication; Inventory Management; Customer Service; Sales,Diploma,2026-07-08,Internship,Hybrid
JOB_02879,Accountant,PhonePe,E-commerce,Parbhani,0-2 years,56317,Tally; GST; Financial Reporting; Accounting,12th Pass,2026-06-23,Part-time,No
JOB_02880,HR Coordinator,Zerodha,Education,Mumbai,5-8 years,171458,Recruitment; Communication; HRMS,10th Pass,2026-06-10,Full-time,No
JOB_02881,Software Developer,HCL,Healthcare,Kolhapur,2-5 years,103715,REST API; Agile; Python; Java; JavaScript,12th Pass,2026-06-17,Internship,Hybrid
JOB_02882,Software Developer,ICICI Bank,Manufacturing,Ahmednagar,8+ years,242932,Microservices; SQL; Python; REST API; JavaScript,Graduate,2026-08-14,Full-time,Yes
JOB_02883,Quality Analyst,Fortis Healthcare,E-commerce,Aurangabad,2-5 years,118995,SQL; Manual Testing; Agile; Testing,Post Graduate,2026-09-02,Contract,No
JOB_02884,Fitter,PhonePe,Manufacturing,Pune,2-5 years,94088,Blueprint Reading; Precision Tools; Maintenance; Assembly; Mechanical Fitting,Diploma,2026-08-15,Part-time,No
JOB_02885,Logistics Coordinator,ABB India,IT Services,Raigad,5-8 years,158591,Tracking Systems; Communication; Documentation; Coordination,Diploma,2026-07-04,Contract,Hybrid
JOB_02886,Training Coordinator,Tech Mahindra,E-commerce,Akola,0-2 years,55013,Communication; LMS; Curriculum Design,Graduate,2026-06-21,Full-time,Hybrid
JOB_02887,Supply Chain Analyst,Flipkart,Energy,Solapur,2-5 years,71247,Data Analysis; SAP; Logistics; Inventory Management; Forecasting; Excel,10th Pass,2026-08-09,Internship,No
JOB_02888,Machine Learning Engineer,HCL,E-commerce,Nanded,8+ years,377953,NLP; TensorFlow; SQL,Graduate,2026-08-01,Internship,Yes
JOB_02889,Data Analyst,Accenture,Manufacturing,Sangli,8+ years,417501,Excel; NumPy; SQL,Diploma,2026-06-24,Internship,No
JOB_02890,Cybersecurity Analyst,Tech Mahindra,Pharmaceuticals,Akola,8+ years,329843,Compliance; Risk Assessment; Firewall; Penetration Testing,Post Graduate,2026-07-24,Contract,No
JOB_02891,Digital Marketing Executive,Byju's,Pharmaceuticals,Aurangabad,2-5 years,96421,SEO; Google Analytics; Email Marketing; Content Marketing,Graduate,2026-08-17,Internship,Yes
JOB_02892,Business Analyst,Tech Mahindra,Banking & Finance,Ahmednagar,2-5 years,100121,Requirements Gathering; Process Mapping; Excel; Agile; SQL; Power BI,10th Pass,2026-07-22,Part-time,Hybrid
JOB_02893,Business Analyst,Godrej Industries,Banking & Finance,Pune,8+ years,225307,Process Mapping; SQL; JIRA,Post Graduate,2026-08-04,Part-time,Yes
JOB_02894,Quality Analyst,Godrej Industries,Banking & Finance,Jalgaon,2-5 years,73689,Selenium; SQL; Agile; Testing; Manual Testing,Graduate,2026-06-10,Part-time,Yes
JOB_02895,Cybersecurity Analyst,HCL,Pharmaceuticals,Bhiwandi,5-8 years,162991,Compliance; Network Security; Risk Assessment; SIEM,12th Pass,2026-07-13,Internship,No
JOB_02896,Project Coordinator,Vedantu,Healthcare,Chandrapur,5-8 years,178327,Documentation; MS Office; Coordination; Communication; Agile; Project Management,10th Pass,2026-07-24,Full-time,Yes
JOB_02897,Machine Learning Engineer,ABB India,FMCG,Nashik,8+ years,273248,TensorFlow; PyTorch; Python; SQL; Scikit-learn,10th Pass,2026-07-18,Part-time,Hybrid
JOB_02898,Sales Executive,Bajaj Finserv,Energy,Amravati,2-5 years,82701,Customer Relationship; Negotiation; CRM,Graduate,2026-08-11,Part-time,No
JOB_02899,Technician,Razorpay,Manufacturing,Jalgaon,Fresher,27337,Equipment Maintenance; Mechanical Systems; Safety; Electrical Systems,Graduate,2026-08-03,Internship,Yes
JOB_02900,Nurse,Fortis Healthcare,Logistics,Mumbai,5-8 years,177844,Patient Care; Medication Administration; Vital Signs; Emergency Care,10th Pass,2026-07-27,Internship,No
JOB_02901,UI/UX Designer,Godrej Industries,Telecommunications,Ahmednagar,Fresher,33969,Wireframing; Sketch; Adobe XD; Prototyping,Post Graduate,2026-07-08,Full-time,Yes
JOB_02902,Fitter,Byju's,Automotive,Pune,2-5 years,54401,Assembly; Blueprint Reading; Maintenance; Mechanical Fitting,Post Graduate,2026-08-15,Contract,Hybrid
JOB_02903,Welder,Vedantu,FMCG,Chandrapur,0-2 years,36844,MIG Welding; TIG Welding; Safety Standards,Diploma,2026-06-28,Full-time,Hybrid
JOB_02904,Technician,Larsen & Toubro,Banking & Finance,Jalgaon,8+ years,364399,Electrical Systems; Equipment Maintenance; Safety; Troubleshooting,Diploma,2026-07-16,Contract,No
JOB_02905,Machine Learning Engineer,Bajaj Finserv,Energy,Aurangabad,2-5 years,98549,Python; PyTorch; NLP,Diploma,2026-08-14,Part-time,Hybrid
JOB_02906,Quality Analyst,Apollo Hospitals,Manufacturing,Parbhani,5-8 years,190872,SQL; Testing; Agile; JIRA; Selenium,Graduate,2026-08-30,Contract,No
JOB_02907,HR Coordinator,Axis Bank,Retail,Raigad,Fresher,16877,HRMS; Communication; Recruitment; Payroll; Employee Relations; Compliance,Diploma,2026-06-08,Full-time,No
JOB_02908,Supply Chain Analyst,Paytm,Healthcare,Beed,Fresher,18468,Forecasting; Inventory Management; Excel; Logistics; Data Analysis,Graduate,2026-07-14,Part-time,Hybrid
JOB_02909,Full Stack Developer,Paytm,Automotive,Raigad,Fresher,30775,React; MongoDB; Node.js; HTML/CSS,Post Graduate,2026-07-25,Internship,No
JOB_02910,Full Stack Developer,PhonePe,Pharmaceuticals,Osmanabad,0-2 years,57105,Node.js; Git; SQL; MongoDB,10th Pass,2026-06-09,Contract,Yes
JOB_02911,Project Coordinator,HCL,Retail,Yavatmal,2-5 years,64393,Coordination; Agile; Project Management; Communication; Documentation; MS Office,Diploma,2026-06-08,Contract,No
JOB_02912,Technician,Max Healthcare,Retail,Nagpur,5-8 years,162648,Safety; Electrical Systems; Equipment Maintenance; Mechanical Systems; Troubleshooting,Diploma,2026-07-17,Internship,Hybrid
JOB_02913,Software Developer,Apollo Hospitals,Manufacturing,Nanded,2-5 years,78715,REST API; Python; Microservices,10th Pass,2026-08-09,Contract,No
JOB_02914,Business Analyst,Mahindra & Mahindra,Media & Entertainment,Aurangabad,0-2 years,51482,SQL; Requirements Gathering; Excel; Power BI; Agile,10th Pass,2026-08-27,Part-time,Yes
JOB_02915,Project Coordinator,Byju's,Media & Entertainment,Beed,0-2 years,59445,Agile; Documentation; MS Office; Coordination; Communication; Project Management,10th Pass,2026-07-05,Internship,Hybrid
JOB_02916,Business Analyst,Byju's,Media & Entertainment,Nanded,Fresher,16669,SQL; Power BI; Excel; Process Mapping,Post Graduate,2026-08-02,Internship,Hybrid
JOB_02917,Teacher,Larsen & Toubro,Energy,Solapur,0-2 years,25283,Lesson Planning; Assessment; Classroom Management; Curriculum Development; Communication,Post Graduate,2026-08-20,Internship,No
JOB_02918,Content Writer,TCS,Banking & Finance,Osmanabad,8+ years,327777,Research; SEO; Content Writing; Copywriting; WordPress; Editing,Graduate,2026-07-07,Contract,Hybrid
JOB_02919,Customer Support Specialist,TCS,Retail,Dhule,0-2 years,52081,Problem Solving; Customer Service; Communication,Diploma,2026-08-11,Internship,No
JOB_02920,Business Analyst,Vedantu,Manufacturing,Parbhani,2-5 years,58504,Requirements Gathering; Agile; Power BI; Excel; JIRA; Process Mapping,Diploma,2026-09-04,Full-time,Hybrid
JOB_02921,Data Analyst,Flipkart,Logistics,Raigad,0-2 years,59325,Python; SQL; Pandas; Excel,12th Pass,2026-08-13,Contract,Hybrid
JOB_02922,Content Writer,Siemens,E-commerce,Raigad,0-2 years,58741,Copywriting; Research; Content Writing; Editing,Post Graduate,2026-06-08,Full-time,Yes
JOB_02923,Medical Lab Technician,Byju's,Energy,Mumbai,8+ years,235183,Safety; Equipment Operation; Quality Control; Sample Collection; Lab Testing,Diploma,2026-06-25,Part-time,Hybrid
JOB_02924,Project Coordinator,Cognizant,Banking & Finance,Osmanabad,Fresher,34755,Coordination; Project Management; MS Office; Communication,Post Graduate,2026-09-01,Internship,No
JOB_02925,Content Writer,Narayana Health,Construction,Kolhapur,5-8 years,141514,Research; SEO; Content Writing; Copywriting; WordPress,Diploma,2026-07-13,Contract,No
JOB_02926,Software Developer,Paytm,Automotive,Amravati,0-2 years,43224,JavaScript; Agile; REST API,Post Graduate,2026-09-01,Internship,No
JOB_02927,Business Analyst,HDFC Bank,Construction,Beed,2-5 years,82890,Agile; Excel; JIRA,Post Graduate,2026-07-23,Internship,Hybrid
JOB_02928,Sales Executive,Cognizant,Automotive,Chandrapur,5-8 years,196771,Communication; CRM; Customer Relationship; Lead Generation; Negotiation,10th Pass,2026-07-15,Internship,Hybrid
JOB_02929,Data Analyst,IBM,Pharmaceuticals,Nagpur,5-8 years,118939,Statistics; SQL; Excel; Tableau; NumPy; Power BI,Diploma,2026-07-02,Part-time,Hybrid
JOB_02930,Welder,PhonePe,Telecommunications,Kolhapur,8+ years,263336,Arc Welding; Blueprint Reading; MIG Welding,10th Pass,2026-07-31,Internship,No
JOB_02931,Supply Chain Analyst,Accenture,Healthcare,Sangli,5-8 years,190801,Forecasting; Excel; Inventory Management; SAP; Logistics; Data Analysis,10th Pass,2026-08-18,Part-time,Yes
JOB_02932,Retail Associate,Siemens,Construction,Nashik,5-8 years,247298,Communication; Customer Service; Cash Handling; Sales,10th Pass,2026-08-02,Contract,Yes
JOB_02933,Technician,Siemens,Logistics,Raigad,2-5 years,107269,Mechanical Systems; Safety; Equipment Maintenance; Electrical Systems,Diploma,2026-07-23,Full-time,Hybrid
JOB_02934,Project Coordinator,Accenture,Pharmaceuticals,Osmanabad,Fresher,31894,Coordination; Documentation; MS Office; Agile; Communication,Post Graduate,2026-08-11,Part-time,Hybrid
JOB_02935,Retail Associate,HDFC Bank,Retail,Nanded,2-5 years,70215,Customer Service; Inventory Management; Communication,12th Pass,2026-06-15,Full-time,No
JOB_02936,Content Writer,Siemens,Construction,Bhiwandi,Fresher,16362,Research; Content Writing; WordPress; Copywriting,Post Graduate,2026-07-10,Full-time,Hybrid
JOB_02937,DevOps Engineer,ICICI Bank,Telecommunications,Kolhapur,Fresher,33934,Docker; Ansible; Jenkins,12th Pass,2026-06-17,Internship,No
JOB_02938,Accountant,Flipkart,IT Services,Chandrapur,0-2 years,41398,Financial Reporting; Accounting; Excel; GST,Post Graduate,2026-07-02,Internship,No
JOB_02939,Accountant,Vedantu,Construction,Mumbai,5-8 years,191096,Taxation; Financial Reporting; Tally,Diploma,2026-07-15,Internship,No
JOB_02940,Medical Lab Technician,Max Healthcare,Logistics,Nanded,0-2 years,54529,Lab Testing; Equipment Operation; Sample Collection; Quality Control,10th Pass,2026-08-10,Part-time,Yes
JOB_02941,Content Writer,TCS,Automotive,Raigad,2-5 years,56563,Copywriting; Research; Editing; WordPress; Content Writing,10th Pass,2026-07-21,Internship,Hybrid
JOB_02942,Cloud Engineer,ABB India,Healthcare,Solapur,Fresher,28841,GCP; Kubernetes; Azure,Post Graduate,2026-07-13,Contract,No
JOB_02943,Supply Chain Analyst,Wipro,Automotive,Pune,8+ years,354078,Data Analysis; Excel; Logistics; Forecasting; Inventory Management,Graduate,2026-07-17,Contract,Hybrid
JOB_02944,Nurse,TCS,IT Services,Raigad,5-8 years,218160,Patient Care; Emergency Care; Vital Signs,10th Pass,2026-08-09,Contract,No
JOB_02945,Content Writer,Axis Bank,Construction,Osmanabad,5-8 years,160811,WordPress; Research; Copywriting; Content Writing; SEO,Graduate,2026-06-23,Contract,Yes
JOB_02946,Business Analyst,Razorpay,Manufacturing,Nanded,Fresher,21590,Process Mapping; SQL; Requirements Gathering; Excel; Agile; Power BI,Diploma,2026-09-03,Contract,Yes
JOB_02947,Training Coordinator,Mahindra & Mahindra,Construction,Beed,8+ years,245396,Curriculum Design; Communication; Assessment; Training Delivery; LMS,Graduate,2026-06-22,Part-time,No
JOB_02948,Welder,TCS,Automotive,Raigad,2-5 years,91092,MIG Welding; TIG Welding; Arc Welding; Safety Standards,12th Pass,2026-06-24,Full-time,Hybrid
JOB_02949,Technician,Bajaj Finserv,Telecommunications,Aurangabad,0-2 years,27377,Mechanical Systems; Safety; Troubleshooting; Electrical Systems; Equipment Maintenance,12th Pass,2026-06-16,Part-time,Hybrid
JOB_02950,Quality Analyst,Tech Mahindra,Media & Entertainment,Akola,8+ years,495790,JIRA; Manual Testing; Testing; Selenium,12th Pass,2026-06-18,Part-time,Hybrid
JOB_02951,HR Coordinator,HDFC Bank,IT Services,Jalgaon,2-5 years,81302,Payroll; HRMS; Employee Relations,10th Pass,2026-08-15,Part-time,Hybrid
JOB_02952,Welder,TCS,E-commerce,Osmanabad,5-8 years,101157,Safety Standards; MIG Welding; TIG Welding; Arc Welding,Graduate,2026-07-06,Contract,No
JOB_02953,Electrician,Siemens,Banking & Finance,Bhiwandi,Fresher,30397,Circuit Design; Electrical Wiring; Troubleshooting,12th Pass,2026-07-01,Full-time,No
JOB_02954,HR Coordinator,Unacademy,Logistics,Dhule,5-8 years,108747,Payroll; HRMS; Compliance,Graduate,2026-08-06,Part-time,Hybrid
JOB_02955,HR Coordinator,Tata Motors,IT Services,Chandrapur,2-5 years,77422,Payroll; Compliance; HRMS; Recruitment; Communication,Graduate,2026-07-13,Internship,No
JOB_02956,Supply Chain Analyst,Capgemini,Automotive,Parbhani,8+ years,291733,Logistics; Data Analysis; Inventory Management; Forecasting,Diploma,2026-07-18,Contract,No
JOB_02957,Digital Marketing Executive,Godrej Industries,Automotive,Dhule,0-2 years,39999,Social Media Marketing; Google Analytics; Content Marketing; SEO; SEM; Email Marketing,Diploma,2026-07-09,Part-time,No
JOB_02958,HR Coordinator,Razorpay,Telecommunications,Jalgaon,2-5 years,56361,Communication; HRMS; Employee Relations; Compliance,10th Pass,2026-08-21,Contract,Yes
JOB_02959,Logistics Coordinator,Siemens,Pharmaceuticals,Nashik,Fresher,17443,Tracking Systems; Documentation; Transportation Management; Coordination,12th Pass,2026-07-26,Internship,No
JOB_02960,Warehouse Supervisor,Wipro,Construction,Parbhani,5-8 years,242762,Inventory Management; Safety Standards; Logistics; WMS,10th Pass,2026-08-10,Part-time,Yes
JOB_02961,Pharmacy Assistant,Mahindra & Mahindra,Retail,Kolhapur,8+ years,466938,Medication Dispensing; Pharmacy Software; Customer Service; Inventory Management,Graduate,2026-07-12,Part-time,Hybrid
JOB_02962,Full Stack Developer,HDFC Bank,Pharmaceuticals,Dhule,2-5 years,69756,MongoDB; Git; SQL; HTML/CSS,Diploma,2026-08-04,Contract,Yes
JOB_02963,Machine Learning Engineer,HCL,Manufacturing,Chandrapur,2-5 years,119529,PyTorch; NLP; Scikit-learn,Post Graduate,2026-06-15,Internship,Yes
JOB_02964,Electrician,HDFC Bank,FMCG,Mumbai,8+ years,246490,Safety Standards; Circuit Design; Troubleshooting,Graduate,2026-07-18,Internship,Yes
JOB_02965,Retail Associate,Fortis Healthcare,Automotive,Beed,8+ years,313036,Inventory Management; Cash Handling; Sales; Customer Service,12th Pass,2026-06-16,Full-time,Yes
JOB_02966,Technician,Tata Motors,Logistics,Latur,8+ years,264410,Mechanical Systems; Troubleshooting; Safety; Equipment Maintenance; Electrical Systems,Post Graduate,2026-06-18,Part-time,Hybrid
JOB_02967,Fitter,Reliance Jio,Media & Entertainment,Nagpur,2-5 years,74304,Blueprint Reading; Maintenance; Precision Tools; Mechanical Fitting; Assembly,Post Graduate,2026-07-22,Contract,Hybrid
JOB_02968,Cloud Engineer,Tata Motors,Manufacturing,Latur,8+ years,366879,Kubernetes; AWS; Terraform; Linux; Azure,10th Pass,2026-06-28,Part-time,Yes
JOB_02969,Machine Learning Engineer,Axis Bank,Manufacturing,Pune,Fresher,29126,TensorFlow; Python; NLP; SQL; PyTorch; Deep Learning,Post Graduate,2026-07-06,Contract,Hybrid
JOB_02970,Full Stack Developer,Crompton Greaves,Logistics,Mumbai,8+ years,273023,HTML/CSS; MongoDB; JavaScript; Git; SQL; Node.js,Post Graduate,2026-08-24,Part-time,Hybrid
JOB_02971,Nurse,Razorpay,Retail,Pune,2-5 years,91121,Emergency Care; Vital Signs; Medication Administration,Diploma,2026-07-17,Part-time,No
JOB_02972,HR Coordinator,Razorpay,Energy,Pune,5-8 years,242704,HRMS; Recruitment; Compliance; Employee Relations,Post Graduate,2026-07-10,Contract,No
JOB_02973,HR Coordinator,ICICI Bank,Banking & Finance,Dhule,0-2 years,27744,HRMS; Compliance; Recruitment; Communication; Payroll; Employee Relations,12th Pass,2026-08-22,Part-time,Hybrid
JOB_02974,Content Writer,TCS,Healthcare,Jalna,0-2 years,28217,WordPress; Research; Copywriting; Editing,Diploma,2026-07-01,Internship,No
JOB_02975,Fitter,Accenture,Retail,Beed,Fresher,16132,Precision Tools; Blueprint Reading; Maintenance,Graduate,2026-08-06,Full-time,Hybrid
JOB_02976,Project Coordinator,Max Healthcare,Healthcare,Dhule,Fresher,25425,MS Office; Communication; Coordination; Documentation; Agile; Project Management,Graduate,2026-07-27,Contract,Yes
JOB_02977,Electrician,Fortis Healthcare,E-commerce,Chandrapur,2-5 years,63643,Equipment Maintenance; Safety Standards; Electrical Wiring,Graduate,2026-06-15,Contract,Hybrid
JOB_02978,Accountant,Fortis Healthcare,Pharmaceuticals,Pune,Fresher,24705,Financial Reporting; Tally; QuickBooks; Excel; Accounting; Taxation,10th Pass,2026-07-13,Full-time,Hybrid
JOB_02979,Cloud Engineer,ABB India,Healthcare,Sangli,5-8 years,181858,Networking; Terraform; Azure,Graduate,2026-07-31,Full-time,No
JOB_02980,Content Writer,Godrej Industries,Manufacturing,Bhiwandi,5-8 years,146582,SEO; WordPress; Content Writing; Editing; Copywriting; Research,Diploma,2026-06-09,Part-time,Yes
JOB_02981,Logistics Coordinator,HDFC Bank,Manufacturing,Nanded,8+ years,235479,Communication; Transportation Management; Documentation; Tracking Systems,Graduate,2026-06-14,Internship,Yes
JOB_02982,Welder,Infosys,E-commerce,Latur,8+ years,215954,Arc Welding; TIG Welding; Safety Standards,12th Pass,2026-07-12,Internship,Yes
JOB_02983,Machine Learning Engineer,Axis Bank,Media & Entertainment,Akola,8+ years,242246,Deep Learning; TensorFlow; Python; Scikit-learn,12th Pass,2026-08-03,Contract,No
JOB_02984,Machine Learning Engineer,Flipkart,Education,Solapur,Fresher,26683,TensorFlow; Python; NLP; Deep Learning,Post Graduate,2026-06-13,Full-time,Hybrid
JOB_02985,Fitter,Capgemini,Energy,Aurangabad,2-5 years,104664,Assembly; Mechanical Fitting; Maintenance; Precision Tools,12th Pass,2026-06-19,Part-time,No
JOB_02986,Project Coordinator,HCL,Logistics,Akola,Fresher,34665,Agile; Communication; Documentation; MS Office,Post Graduate,2026-08-27,Contract,Yes
JOB_02987,Data Analyst,Flipkart,Manufacturing,Osmanabad,0-2 years,51046,Excel; Power BI; NumPy,Post Graduate,2026-08-16,Part-time,Hybrid
JOB_02988,Project Coordinator,HCL,FMCG,Jalgaon,2-5 years,77588,MS Office; Agile; Documentation; Communication,10th Pass,2026-06-20,Contract,Yes
JOB_02989,Medical Lab Technician,Razorpay,IT Services,Latur,8+ years,415423,Sample Collection; Lab Testing; Equipment Operation,Diploma,2026-06-15,Full-time,No
JOB_02990,Electrician,Bajaj Finserv,Energy,Beed,5-8 years,183708,Equipment Maintenance; Electrical Wiring; Safety Standards,Diploma,2026-09-02,Full-time,No
JOB_02991,Training Coordinator,Cognizant,Manufacturing,Parbhani,8+ years,444645,Training Delivery; Communication; LMS; Assessment; Curriculum Design,Post Graduate,2026-07-04,Full-time,Yes
JOB_02992,Welder,Mahindra & Mahindra,Education,Parbhani,Fresher,17350,Safety Standards; MIG Welding; TIG Welding; Arc Welding,Graduate,2026-07-06,Internship,No
JOB_02993,Pharmacy Assistant,HDFC Bank,Pharmaceuticals,Mumbai,Fresher,25798,Inventory Management; Customer Service; Pharmacy Software; Medication Dispensing,12th Pass,2026-06-10,Part-time,No
JOB_02994,Full Stack Developer,Fortis Healthcare,Retail,Satara,2-5 years,57608,JavaScript; MongoDB; React; HTML/CSS; Git; SQL,12th Pass,2026-07-29,Contract,Yes
JOB_02995,DevOps Engineer,Cognizant,Telecommunications,Bhiwandi,Fresher,34471,AWS; Ansible; CI/CD,10th Pass,2026-08-09,Part-time,No
JOB_02996,Medical Lab Technician,Godrej Industries,IT Services,Bhiwandi,0-2 years,51355,Sample Collection; Safety; Quality Control; Lab Testing,Post Graduate,2026-09-02,Internship,Hybrid
JOB_02997,Logistics Coordinator,Unacademy,Manufacturing,Parbhani,2-5 years,87967,Tracking Systems; Coordination; Communication,Graduate,2026-06-25,Part-time,Hybrid
JOB_02998,Warehouse Supervisor,HDFC Bank,Retail,Ahmednagar,Fresher,19897,WMS; Inventory Management; Team Leadership; Logistics,10th Pass,2026-08-02,Full-time,Yes
JOB_02999,Sales Executive,Fortis Healthcare,Media & Entertainment,Parbhani,0-2 years,25748,Negotiation; Customer Relationship; Communication; CRM,10th Pass,2026-08-09,Contract,Yes
JOB_03000,Welder,Narayana Health,IT Services,Aurangabad,2-5 years,81029,Blueprint Reading; TIG Welding; Arc Welding; Safety Standards; MIG Welding,Graduate,2026-07-29,Full-time,Yes
JOB_03001,Machine Learning Engineer,Paytm,Energy,Satara,8+ years,435682,Scikit-learn; PyTorch; Deep Learning; NLP; Python,Graduate,2026-07-07,Contract,Hybrid
JOB_03002,Project Coordinator,Max Healthcare,Logistics,Pune,8+ years,404136,Coordination; Documentation; Agile,10th Pass,2026-07-23,Internship,No
JOB_03003,Cybersecurity Analyst,Cognizant,FMCG,Dhule,8+ years,211134,Compliance; Penetration Testing; SIEM,12th Pass,2026-07-23,Part-time,No
JOB_03004,Electrician,HCL,Telecommunications,Nashik,8+ years,425084,Electrical Wiring; Safety Standards; Equipment Maintenance; Circuit Design; Troubleshooting,Diploma,2026-06-17,Part-time,Yes
JOB_03005,Supply Chain Analyst,PhonePe,Construction,Nashik,0-2 years,50375,Forecasting; Inventory Management; Excel; Logistics; SAP; Data Analysis,10th Pass,2026-07-26,Internship,Yes
JOB_03006,Cybersecurity Analyst,Crompton Greaves,FMCG,Kolhapur,5-8 years,241040,Network Security; Compliance; SIEM,12th Pass,2026-07-24,Internship,No
JOB_03007,Training Coordinator,Fortis Healthcare,Manufacturing,Aurangabad,Fresher,34229,Curriculum Design; Training Delivery; Communication; Assessment,Post Graduate,2026-08-20,Internship,Hybrid
JOB_03008,Welder,Apollo Hospitals,Media & Entertainment,Jalna,8+ years,213543,MIG Welding; TIG Welding; Safety Standards; Arc Welding; Blueprint Reading,10th Pass,2026-06-15,Contract,Yes
JOB_03009,Warehouse Supervisor,ABB India,Media & Entertainment,Yavatmal,2-5 years,58088,Team Leadership; Safety Standards; Logistics; Inventory Management,Post Graduate,2026-07-31,Internship,No
JOB_03010,Business Analyst,Siemens,Manufacturing,Jalna,Fresher,23364,Process Mapping; SQL; JIRA; Agile; Excel; Power BI,Graduate,2026-06-26,Contract,Hybrid
JOB_03011,Full Stack Developer,HCL,Pharmaceuticals,Mumbai,Fresher,16479,JavaScript; Git; MongoDB; Node.js; HTML/CSS,Post Graduate,2026-08-16,Full-time,Yes
JOB_03012,Warehouse Supervisor,Wipro,Logistics,Jalgaon,5-8 years,146259,Safety Standards; Team Leadership; Logistics; WMS; Inventory Management,10th Pass,2026-06-25,Contract,Hybrid
JOB_03013,Nurse,Vedantu,Media & Entertainment,Aurangabad,2-5 years,113625,Medication Administration; Emergency Care; Vital Signs,10th Pass,2026-06-23,Part-time,No
JOB_03014,Cloud Engineer,HDFC Bank,FMCG,Parbhani,8+ years,392007,Networking; Linux; GCP; Terraform; Docker; Kubernetes,12th Pass,2026-07-01,Part-time,Hybrid
JOB_03015,Supply Chain Analyst,Siemens,Healthcare,Pune,Fresher,31238,Logistics; Data Analysis; Excel; SAP,Graduate,2026-07-08,Contract,Yes
JOB_03016,Retail Associate,Cognizant,Logistics,Mumbai,5-8 years,141367,Sales; Customer Service; Communication; Cash Handling,12th Pass,2026-07-22,Full-time,Yes
JOB_03017,Full Stack Developer,Cognizant,Retail,Amravati,Fresher,29346,REST API; MongoDB; Node.js; React; Git; JavaScript,Post Graduate,2026-08-21,Internship,Hybrid
JOB_03018,Retail Associate,Unacademy,Retail,Nashik,5-8 years,177497,Inventory Management; Customer Service; Sales,12th Pass,2026-08-13,Part-time,Hybrid
JOB_03019,Warehouse Supervisor,Godrej Industries,Healthcare,Mumbai,8+ years,408477,WMS; Inventory Management; Team Leadership; Logistics; Safety Standards,Post Graduate,2026-08-18,Internship,Yes
JOB_03020,DevOps Engineer,Bajaj Finserv,Banking & Finance,Jalgaon,2-5 years,85744,AWS; CI/CD; Jenkins; Kubernetes; Linux; Docker,Post Graduate,2026-07-05,Contract,No
JOB_03021,Data Analyst,Vedantu,Media & Entertainment,Dhule,2-5 years,52810,Python; Statistics; SQL; Power BI,Graduate,2026-07-16,Contract,Hybrid
JOB_03022,Nurse,Reliance Jio,Retail,Pune,2-5 years,111769,Medical Procedures; Medication Administration; Patient Care,Graduate,2026-08-07,Part-time,Yes
JOB_03023,Nurse,Byju's,Retail,Osmanabad,Fresher,15139,Vital Signs; Emergency Care; Medical Procedures; Medication Administration,Post Graduate,2026-07-25,Part-time,No
JOB_03024,UI/UX Designer,Max Healthcare,Automotive,Osmanabad,Fresher,29232,Adobe XD; Sketch; HTML/CSS; User Research; Wireframing,12th Pass,2026-08-26,Full-time,No
JOB_03025,Electrician,Razorpay,IT Services,Kolhapur,Fresher,22326,Troubleshooting; Circuit Design; Electrical Wiring; Safety Standards,12th Pass,2026-07-18,Internship,No
JOB_03026,Customer Support Specialist,IBM,Retail,Latur,2-5 years,107732,CRM; Communication; Zendesk,Diploma,2026-09-03,Contract,No
JOB_03027,Software Developer,Apollo Hospitals,IT Services,Solapur,2-5 years,75028,Microservices; REST API; JavaScript; Agile; Python; SQL,10th Pass,2026-07-23,Internship,Hybrid
JOB_03028,UI/UX Designer,Narayana Health,Automotive,Bhiwandi,2-5 years,106477,HTML/CSS; Prototyping; Adobe XD; Sketch,Graduate,2026-09-01,Internship,Hybrid
JOB_03029,UI/UX Designer,Larsen & Toubro,Banking & Finance,Yavatmal,2-5 years,97609,Figma; Prototyping; User Research; Wireframing; Sketch,10th Pass,2026-08-26,Part-time,No
JOB_03030,Teacher,ABB India,Healthcare,Sangli,8+ years,340046,Classroom Management; Assessment; Lesson Planning,Diploma,2026-08-03,Full-time,Hybrid
JOB_03031,Digital Marketing Executive,Byju's,Pharmaceuticals,Parbhani,8+ years,246755,SEO; SEM; Google Analytics; Content Marketing,Diploma,2026-07-16,Internship,Yes
JOB_03032,Sales Executive,Byju's,FMCG,Osmanabad,0-2 years,42151,Negotiation; Customer Relationship; CRM; Communication,Graduate,2026-07-09,Full-time,Yes
JOB_03033,Cloud Engineer,Cognizant,E-commerce,Jalna,2-5 years,82908,Azure; Kubernetes; Networking; Linux; GCP; AWS,12th Pass,2026-08-04,Contract,Hybrid
JOB_03034,Technician,Narayana Health,Telecommunications,Aurangabad,Fresher,15465,Mechanical Systems; Troubleshooting; Equipment Maintenance,Graduate,2026-06-30,Contract,Hybrid
JOB_03035,Electrician,TCS,Manufacturing,Satara,8+ years,208429,Equipment Maintenance; Electrical Wiring; Safety Standards; Troubleshooting; Circuit Design,Post Graduate,2026-08-11,Contract,Hybrid
JOB_03036,Medical Lab Technician,Wipro,Telecommunications,Akola,Fresher,26182,Lab Testing; Safety; Sample Collection; Equipment Operation; Quality Control,10th Pass,2026-06-14,Internship,Hybrid
JOB_03037,Fitter,Reliance Jio,Banking & Finance,Beed,Fresher,28593,Mechanical Fitting; Maintenance; Blueprint Reading,Diploma,2026-06-24,Internship,Yes
JOB_03038,Teacher,Tech Mahindra,E-commerce,Beed,0-2 years,34449,Assessment; Curriculum Development; Classroom Management; Communication,Graduate,2026-07-02,Part-time,Hybrid
JOB_03039,Technician,Razorpay,Energy,Nanded,2-5 years,109904,Mechanical Systems; Troubleshooting; Equipment Maintenance,10th Pass,2026-08-01,Contract,Hybrid
JOB_03040,Teacher,Tech Mahindra,Energy,Satara,2-5 years,69481,Assessment; Lesson Planning; Communication,Post Graduate,2026-09-04,Part-time,Yes
JOB_03041,Warehouse Supervisor,Byju's,Manufacturing,Raigad,2-5 years,104993,Logistics; Safety Standards; WMS; Inventory Management,Diploma,2026-07-16,Internship,Hybrid
JOB_03042,Machine Operator,Infosys,Education,Amravati,Fresher,31426,Production Planning; Quality Control; CNC Operation; Machine Maintenance; Safety Standards,12th Pass,2026-06-24,Contract,Hybrid
JOB_03043,Cloud Engineer,Larsen & Toubro,IT Services,Sangli,5-8 years,134126,GCP; Linux; Networking; Kubernetes; Terraform; AWS,Post Graduate,2026-08-19,Full-time,No
JOB_03044,DevOps Engineer,Paytm,Retail,Raigad,2-5 years,97719,Docker; Ansible; AWS; Jenkins; Linux,12th Pass,2026-07-20,Contract,No
JOB_03045,Electrician,PhonePe,Pharmaceuticals,Nashik,5-8 years,164330,Safety Standards; Circuit Design; Equipment Maintenance,Graduate,2026-07-27,Part-time,No
JOB_03046,Machine Learning Engineer,Zerodha,Telecommunications,Aurangabad,2-5 years,72542,SQL; NLP; Deep Learning; Python; PyTorch,12th Pass,2026-09-03,Internship,No
JOB_03047,Content Writer,Reliance Jio,Manufacturing,Amravati,8+ years,325825,SEO; Research; Editing; Copywriting; Content Writing; WordPress,10th Pass,2026-07-13,Part-time,Yes
JOB_03048,Nurse,ABB India,Healthcare,Parbhani,0-2 years,47230,Patient Care; Medical Procedures; Medication Administration; Vital Signs,12th Pass,2026-06-15,Full-time,Yes
JOB_03049,Teacher,Infosys,Banking & Finance,Jalna,0-2 years,52557,Assessment; Lesson Planning; Communication; Curriculum Development,10th Pass,2026-08-19,Contract,No
JOB_03050,Pharmacy Assistant,Fortis Healthcare,Construction,Aurangabad,Fresher,21997,Inventory Management; Customer Service; Medication Dispensing; Pharmacy Software,Graduate,2026-07-31,Contract,Hybrid
JOB_03051,Cybersecurity Analyst,Infosys,Pharmaceuticals,Nagpur,8+ years,426064,Penetration Testing; Compliance; Network Security; SIEM,12th Pass,2026-06-12,Internship,Hybrid
JOB_03052,Machine Operator,Byju's,Construction,Ahmednagar,Fresher,16695,Quality Control; Safety Standards; Machine Maintenance; CNC Operation,Graduate,2026-08-23,Full-time,No
JOB_03053,Software Developer,PhonePe,Education,Kolhapur,8+ years,406716,Microservices; REST API; Git; Java,Graduate,2026-09-02,Internship,No
JOB_03054,Retail Associate,Larsen & Toubro,Construction,Satara,5-8 years,134930,Sales; Inventory Management; Customer Service,Post Graduate,2026-07-25,Part-time,Hybrid
JOB_03055,DevOps Engineer,IBM,Manufacturing,Sangli,0-2 years,48731,Ansible; AWS; Docker; Linux; CI/CD; Python,Diploma,2026-07-09,Full-time,Yes
JOB_03056,Cloud Engineer,Larsen & Toubro,E-commerce,Jalna,8+ years,362011,Azure; GCP; Kubernetes,Graduate,2026-07-11,Part-time,Hybrid
JOB_03057,Content Writer,Axis Bank,Automotive,Jalna,0-2 years,26036,WordPress; Editing; Research; Copywriting; SEO; Content Writing,Diploma,2026-06-11,Internship,No
JOB_03058,Teacher,Bajaj Finserv,Manufacturing,Bhiwandi,8+ years,400969,Curriculum Development; Communication; Classroom Management; Assessment; Lesson Planning,Post Graduate,2026-06-23,Part-time,Hybrid
JOB_03059,Sales Executive,HCL,E-commerce,Aurangabad,0-2 years,56077,Communication; Lead Generation; CRM; Negotiation,Diploma,2026-06-21,Internship,Hybrid
JOB_03060,HR Coordinator,Tech Mahindra,Telecommunications,Jalna,5-8 years,185990,HRMS; Employee Relations; Recruitment; Payroll; Compliance; Communication,Post Graduate,2026-06-22,Full-time,Yes
JOB_03061,Retail Associate,Unacademy,E-commerce,Akola,8+ years,347211,Inventory Management; Customer Service; Cash Handling,Post Graduate,2026-07-08,Internship,No
JOB_03062,Fitter,Narayana Health,Construction,Aurangabad,5-8 years,176561,Maintenance; Assembly; Blueprint Reading,10th Pass,2026-06-24,Internship,Hybrid
JOB_03063,HR Coordinator,Zerodha,Telecommunications,Nagpur,8+ years,264657,HRMS; Recruitment; Payroll; Communication,Graduate,2026-09-02,Full-time,Hybrid
JOB_03064,Machine Learning Engineer,Max Healthcare,Construction,Jalna,0-2 years,46090,SQL; Python; Scikit-learn; TensorFlow; NLP; Deep Learning,Diploma,2026-07-04,Contract,Yes
JOB_03065,Machine Learning Engineer,Narayana Health,Logistics,Pune,8+ years,468043,Deep Learning; NLP; Python,Graduate,2026-09-03,Contract,Hybrid
JOB_03066,Project Coordinator,Zerodha,Media & Entertainment,Jalna,2-5 years,88403,Documentation; Communication; Coordination; MS Office,10th Pass,2026-06-08,Internship,No
JOB_03067,Customer Support Specialist,Crompton Greaves,Energy,Satara,0-2 years,33145,Problem Solving; Communication; Customer Service; Zendesk; CRM,12th Pass,2026-06-21,Part-time,Hybrid
JOB_03068,Sales Executive,ICICI Bank,Energy,Solapur,Fresher,29156,Negotiation; Customer Relationship; Lead Generation; CRM,Diploma,2026-07-07,Internship,Hybrid
JOB_03069,Supply Chain Analyst,ICICI Bank,Education,Chandrapur,5-8 years,112606,Inventory Management; Logistics; Forecasting; SAP,Graduate,2026-08-09,Full-time,No
JOB_03070,Retail Associate,Accenture,Education,Chandrapur,8+ years,295592,Cash Handling; Communication; Customer Service,Graduate,2026-07-01,Internship,Yes
JOB_03071,Project Coordinator,Wipro,Logistics,Satara,8+ years,343104,MS Office; Agile; Coordination; Documentation; Communication,Post Graduate,2026-07-06,Full-time,No
JOB_03072,Cloud Engineer,Axis Bank,Manufacturing,Jalgaon,0-2 years,35068,Networking; Kubernetes; Linux; Azure; AWS; Docker,Post Graduate,2026-07-22,Internship,Hybrid
JOB_03073,Customer Support Specialist,Siemens,Telecommunications,Latur,0-2 years,25689,Zendesk; Customer Service; Communication; Problem Solving,10th Pass,2026-07-06,Full-time,Hybrid
JOB_03074,Data Analyst,Razorpay,Pharmaceuticals,Solapur,5-8 years,170262,Tableau; Pandas; Power BI; Statistics,Graduate,2026-07-13,Part-time,Hybrid
JOB_03075,Content Writer,ICICI Bank,Construction,Sangli,Fresher,29463,WordPress; SEO; Content Writing; Copywriting; Editing; Research,12th Pass,2026-07-24,Contract,No
JOB_03076,Cybersecurity Analyst,Siemens,Banking & Finance,Pune,8+ years,406499,Firewall; Compliance; Penetration Testing; Network Security; SIEM,12th Pass,2026-08-10,Part-time,Hybrid
JOB_03077,Training Coordinator,Larsen & Toubro,Construction,Pune,Fresher,29592,Assessment; Communication; Training Delivery,12th Pass,2026-07-01,Full-time,No
JOB_03078,Medical Lab Technician,Accenture,Healthcare,Nashik,8+ years,417902,Equipment Operation; Sample Collection; Safety; Quality Control; Lab Testing,Post Graduate,2026-07-20,Internship,Hybrid
JOB_03079,Teacher,Siemens,Automotive,Satara,0-2 years,29010,Curriculum Development; Assessment; Classroom Management; Communication; Lesson Planning,Diploma,2026-07-24,Contract,Hybrid
JOB_03080,Fitter,Wipro,Logistics,Osmanabad,8+ years,250383,Blueprint Reading; Assembly; Precision Tools,Diploma,2026-07-25,Part-time,No
JOB_03081,Software Developer,IBM,Automotive,Yavatmal,Fresher,21951,SQL; REST API; Agile; Python,12th Pass,2026-08-19,Part-time,No
JOB_03082,Medical Lab Technician,Infosys,E-commerce,Ahmednagar,2-5 years,87634,Sample Collection; Quality Control; Equipment Operation,Diploma,2026-08-26,Internship,No
JOB_03083,Digital Marketing Executive,Tech Mahindra,Telecommunications,Raigad,0-2 years,52110,SEM; Google Analytics; SEO; Content Marketing; Email Marketing,12th Pass,2026-08-25,Internship,Hybrid
JOB_03084,Training Coordinator,Flipkart,E-commerce,Akola,2-5 years,92357,Communication; LMS; Training Delivery,12th Pass,2026-06-25,Full-time,No
JOB_03085,Business Analyst,Amazon,FMCG,Yavatmal,Fresher,22718,Requirements Gathering; Agile; Excel; JIRA,Post Graduate,2026-07-21,Internship,Hybrid
JOB_03086,Welder,Apollo Hospitals,Pharmaceuticals,Nashik,5-8 years,226988,TIG Welding; Safety Standards; MIG Welding,12th Pass,2026-08-15,Contract,Hybrid
JOB_03087,Supply Chain Analyst,Tata Motors,Construction,Ahmednagar,2-5 years,118147,Logistics; Excel; Inventory Management; Forecasting; Data Analysis,Graduate,2026-08-04,Full-time,Yes
JOB_03088,Electrician,HCL,Telecommunications,Raigad,2-5 years,95956,Electrical Wiring; Troubleshooting; Circuit Design; Safety Standards; Equipment Maintenance,Diploma,2026-09-01,Full-time,Hybrid
JOB_03089,Software Developer,TCS,Banking & Finance,Jalna,2-5 years,114464,REST API; SQL; Git,Diploma,2026-08-02,Internship,No
JOB_03090,Digital Marketing Executive,Unacademy,Telecommunications,Amravati,8+ years,373274,Social Media Marketing; SEM; Email Marketing; Google Analytics; Content Marketing; SEO,Post Graduate,2026-08-04,Part-time,No
JOB_03091,Medical Lab Technician,Tata Motors,Pharmaceuticals,Chandrapur,5-8 years,140951,Quality Control; Sample Collection; Lab Testing; Safety; Equipment Operation,12th Pass,2026-06-08,Part-time,Hybrid
JOB_03092,Cloud Engineer,Larsen & Toubro,IT Services,Nagpur,8+ years,488051,Docker; Terraform; GCP; Azure,12th Pass,2026-06-15,Part-time,No
JOB_03093,Sales Executive,Flipkart,Banking & Finance,Akola,Fresher,30507,Communication; CRM; Negotiation; Lead Generation; Customer Relationship,12th Pass,2026-08-19,Full-time,Hybrid
JOB_03094,Supply Chain Analyst,Flipkart,Automotive,Ahmednagar,8+ years,436399,Logistics; Forecasting; Inventory Management,12th Pass,2026-08-05,Internship,Yes
JOB_03095,Fitter,Siemens,Automotive,Raigad,8+ years,356258,Maintenance; Mechanical Fitting; Blueprint Reading,Post Graduate,2026-07-04,Internship,No
JOB_03096,Customer Support Specialist,Unacademy,Construction,Satara,0-2 years,58158,Customer Service; CRM; Zendesk; Problem Solving; Communication,Diploma,2026-06-20,Contract,No
JOB_03097,Cloud Engineer,Mahindra & Mahindra,Education,Nashik,0-2 years,36867,Networking; AWS; Docker; Azure; GCP,12th Pass,2026-07-23,Contract,No
JOB_03098,Supply Chain Analyst,Bajaj Finserv,Logistics,Sangli,5-8 years,171870,Excel; SAP; Data Analysis; Logistics,12th Pass,2026-07-01,Internship,No
JOB_03099,Content Writer,Accenture,Media & Entertainment,Satara,Fresher,21140,Copywriting; WordPress; Research; Editing; Content Writing; SEO,Graduate,2026-06-20,Full-time,Yes
JOB_03100,Sales Executive,Siemens,Education,Mumbai,8+ years,368865,CRM; Lead Generation; Customer Relationship; Negotiation,Diploma,2026-06-26,Contract,Yes
JOB_03101,Sales Executive,Axis Bank,Education,Nagpur,8+ years,446073,Negotiation; Communication; Customer Relationship; CRM,Post Graduate,2026-08-22,Part-time,Hybrid
JOB_03102,Cybersecurity Analyst,Max Healthcare,Manufacturing,Pune,0-2 years,49145,Penetration Testing; SIEM; Compliance; Risk Assessment,12th Pass,2026-06-18,Contract,Hybrid
JOB_03103,Technician,Narayana Health,FMCG,Mumbai,8+ years,262934,Safety; Troubleshooting; Electrical Systems,12th Pass,2026-06-20,Full-time,Hybrid
JOB_03104,Supply Chain Analyst,Siemens,Construction,Parbhani,8+ years,443830,Data Analysis; Forecasting; SAP; Logistics; Inventory Management; Excel,Post Graduate,2026-07-12,Full-time,Hybrid
JOB_03105,Training Coordinator,Axis Bank,Automotive,Chandrapur,5-8 years,107136,LMS; Curriculum Design; Assessment; Communication; Training Delivery,12th Pass,2026-06-24,Internship,Hybrid
JOB_03106,Nurse,TCS,FMCG,Akola,2-5 years,56077,Medication Administration; Emergency Care; Medical Procedures,Post Graduate,2026-07-10,Internship,Yes
JOB_03107,Project Coordinator,Infosys,Construction,Raigad,8+ years,295402,Project Management; MS Office; Communication,Post Graduate,2026-06-08,Internship,No
JOB_03108,DevOps Engineer,Flipkart,Manufacturing,Jalna,5-8 years,120554,Linux; Docker; Jenkins; Kubernetes; CI/CD,12th Pass,2026-07-22,Internship,Yes
JOB_03109,Digital Marketing Executive,Siemens,Healthcare,Chandrapur,5-8 years,108991,SEM; Google Analytics; Content Marketing; Social Media Marketing; SEO; Email Marketing,10th Pass,2026-07-02,Contract,Yes
JOB_03110,Supply Chain Analyst,Siemens,FMCG,Osmanabad,2-5 years,75663,Forecasting; Data Analysis; Excel; SAP,Diploma,2026-07-16,Internship,Yes
JOB_03111,Accountant,Apollo Hospitals,IT Services,Amravati,8+ years,223824,Financial Reporting; QuickBooks; Tally; GST; Taxation; Accounting,10th Pass,2026-07-14,Internship,No
JOB_03112,UI/UX Designer,Cognizant,Manufacturing,Aurangabad,Fresher,30843,User Research; Adobe XD; HTML/CSS; Prototyping; Figma; Sketch,Diploma,2026-06-30,Part-time,No
JOB_03113,Fitter,Capgemini,Education,Aurangabad,8+ years,448058,Maintenance; Blueprint Reading; Assembly; Mechanical Fitting; Precision Tools,12th Pass,2026-08-22,Part-time,Yes
JOB_03114,Pharmacy Assistant,HDFC Bank,Automotive,Osmanabad,5-8 years,108739,Inventory Management; Pharmacy Software; Medication Dispensing,10th Pass,2026-07-14,Contract,Hybrid
JOB_03115,Training Coordinator,Byju's,FMCG,Amravati,8+ years,480876,Training Delivery; Assessment; Curriculum Design; LMS; Communication,12th Pass,2026-07-16,Contract,Hybrid
JOB_03116,Accountant,Zerodha,Logistics,Dhule,Fresher,25719,GST; Taxation; QuickBooks; Accounting; Tally,Graduate,2026-07-29,Full-time,No
JOB_03117,Project Coordinator,IBM,Manufacturing,Parbhani,5-8 years,186038,Documentation; Project Management; Communication,10th Pass,2026-06-08,Full-time,Yes
JOB_03118,Machine Operator,Siemens,Telecommunications,Akola,8+ years,464162,Machine Maintenance; Production Planning; Safety Standards; Quality Control,Diploma,2026-07-29,Internship,Hybrid
JOB_03119,DevOps Engineer,Infosys,E-commerce,Jalna,Fresher,16942,Docker; Jenkins; Kubernetes; Linux; Python,Diploma,2026-07-07,Part-time,Yes
JOB_03120,Content Writer,Razorpay,Construction,Mumbai,5-8 years,189987,Research; Content Writing; Editing,Diploma,2026-06-15,Internship,No
JOB_03121,Digital Marketing Executive,Godrej Industries,IT Services,Beed,0-2 years,45439,Social Media Marketing; Google Analytics; SEO; Email Marketing; Content Marketing,10th Pass,2026-07-24,Contract,Yes
JOB_03122,Project Coordinator,IBM,E-commerce,Nanded,8+ years,361349,Project Management; MS Office; Agile; Documentation; Communication; Coordination,Post Graduate,2026-06-17,Contract,No
JOB_03123,Machine Operator,PhonePe,IT Services,Raigad,2-5 years,88388,Machine Maintenance; Safety Standards; CNC Operation; Quality Control; Production Planning,Post Graduate,2026-07-04,Part-time,No
JOB_03124,Customer Support Specialist,Cognizant,Logistics,Jalna,2-5 years,95806,Customer Service; Problem Solving; Communication,Diploma,2026-08-27,Part-time,No
JOB_03125,Machine Learning Engineer,Max Healthcare,Retail,Beed,8+ years,218279,Deep Learning; SQL; Python; NLP,Diploma,2026-08-02,Part-time,Hybrid
JOB_03126,Training Coordinator,Tata Motors,Pharmaceuticals,Mumbai,8+ years,254782,LMS; Assessment; Curriculum Design; Training Delivery; Communication,Graduate,2026-07-28,Internship,Yes
JOB_03127,Warehouse Supervisor,PhonePe,Logistics,Pune,5-8 years,231356,Inventory Management; Safety Standards; WMS,12th Pass,2026-08-21,Internship,Hybrid
JOB_03128,Training Coordinator,Axis Bank,Media & Entertainment,Nashik,8+ years,256928,Curriculum Design; Communication; LMS,Post Graduate,2026-06-10,Full-time,No
JOB_03129,Data Analyst,Mahindra & Mahindra,Manufacturing,Dhule,Fresher,22590,Pandas; Power BI; SQL; Excel; NumPy,Post Graduate,2026-08-21,Contract,Yes
JOB_03130,Accountant,Unacademy,Retail,Aurangabad,Fresher,31000,Accounting; Excel; Financial Reporting; GST; Taxation; QuickBooks,Diploma,2026-07-31,Full-time,Hybrid
JOB_03131,Data Analyst,PhonePe,Automotive,Beed,8+ years,460065,SQL; Power BI; NumPy; Statistics; Python; Tableau,12th Pass,2026-08-23,Full-time,No
JOB_03132,UI/UX Designer,Mahindra & Mahindra,Energy,Nagpur,5-8 years,169444,Prototyping; Figma; HTML/CSS; Sketch; Wireframing,Graduate,2026-08-02,Contract,Yes
JOB_03133,Accountant,Larsen & Toubro,Construction,Jalgaon,2-5 years,98380,Taxation; Accounting; QuickBooks; GST,Graduate,2026-08-03,Full-time,Yes
JOB_03134,Training Coordinator,Wipro,Education,Bhiwandi,5-8 years,149637,LMS; Assessment; Curriculum Design; Training Delivery; Communication,Post Graduate,2026-06-26,Internship,Yes
JOB_03135,Welder,Flipkart,Education,Akola,5-8 years,227360,Safety Standards; Blueprint Reading; Arc Welding,Graduate,2026-07-30,Contract,No
JOB_03136,Machine Learning Engineer,Flipkart,Retail,Mumbai,2-5 years,87016,TensorFlow; PyTorch; NLP,Diploma,2026-08-16,Contract,No
JOB_03137,Content Writer,HDFC Bank,E-commerce,Bhiwandi,Fresher,26799,WordPress; SEO; Content Writing; Research; Editing; Copywriting,Graduate,2026-07-22,Full-time,Hybrid
JOB_03138,Technician,IBM,Energy,Sangli,2-5 years,98207,Electrical Systems; Troubleshooting; Mechanical Systems; Safety; Equipment Maintenance,10th Pass,2026-07-15,Full-time,Hybrid
JOB_03139,Teacher,Razorpay,Media & Entertainment,Beed,2-5 years,111710,Lesson Planning; Assessment; Curriculum Development,Post Graduate,2026-08-26,Internship,Yes
JOB_03140,Business Analyst,Reliance Jio,Construction,Pune,2-5 years,69850,Process Mapping; Requirements Gathering; SQL; Excel,12th Pass,2026-07-14,Part-time,No
JOB_03141,Cybersecurity Analyst,Max Healthcare,E-commerce,Aurangabad,0-2 years,58201,Firewall; Compliance; Risk Assessment; Penetration Testing; SIEM; Network Security,Graduate,2026-07-01,Contract,No
JOB_03142,Electrician,Vedantu,FMCG,Beed,5-8 years,170382,Equipment Maintenance; Circuit Design; Safety Standards; Troubleshooting,10th Pass,2026-06-19,Part-time,Yes
JOB_03143,Business Analyst,Larsen & Toubro,Construction,Parbhani,5-8 years,101199,Excel; Agile; Process Mapping; Requirements Gathering; Power BI; JIRA,Diploma,2026-06-09,Part-time,No
JOB_03144,Machine Operator,PhonePe,Healthcare,Chandrapur,5-8 years,204027,CNC Operation; Machine Maintenance; Production Planning,Post Graduate,2026-08-20,Full-time,No
JOB_03145,HR Coordinator,ABB India,Healthcare,Mumbai,8+ years,253377,Recruitment; HRMS; Payroll; Compliance; Communication,Diploma,2026-06-13,Full-time,Hybrid
JOB_03146,Software Developer,Narayana Health,Education,Dhule,Fresher,19429,JavaScript; Java; SQL,Graduate,2026-06-28,Full-time,Hybrid
JOB_03147,Cybersecurity Analyst,Apollo Hospitals,Healthcare,Jalna,8+ years,326337,Network Security; SIEM; Risk Assessment,12th Pass,2026-06-24,Full-time,No
JOB_03148,Supply Chain Analyst,Accenture,Energy,Sangli,0-2 years,52938,Data Analysis; Excel; Forecasting; Logistics; SAP,10th Pass,2026-09-03,Internship,Yes
JOB_03149,Cybersecurity Analyst,HCL,Education,Latur,5-8 years,181510,Network Security; Penetration Testing; Firewall; SIEM; Compliance; Risk Assessment,10th Pass,2026-07-03,Part-time,Yes
JOB_03150,Training Coordinator,Amazon,Energy,Nashik,2-5 years,104501,Training Delivery; Curriculum Design; Assessment; LMS,Graduate,2026-08-19,Full-time,Hybrid
JOB_03151,Full Stack Developer,Siemens,Energy,Nagpur,Fresher,32152,REST API; HTML/CSS; JavaScript; MongoDB; React; Node.js,Graduate,2026-08-27,Internship,Hybrid
JOB_03152,Customer Support Specialist,Razorpay,Retail,Ahmednagar,0-2 years,52443,CRM; Communication; Customer Service; Zendesk,Graduate,2026-06-26,Internship,Hybrid
JOB_03153,Training Coordinator,Godrej Industries,IT Services,Nashik,0-2 years,59436,Curriculum Design; Assessment; Training Delivery; Communication,12th Pass,2026-06-09,Full-time,No
JOB_03154,Logistics Coordinator,Infosys,Healthcare,Nanded,0-2 years,50634,Transportation Management; Documentation; Coordination; Communication; Tracking Systems,12th Pass,2026-08-13,Full-time,No
JOB_03155,Software Developer,Godrej Industries,Logistics,Beed,0-2 years,29136,Agile; Microservices; SQL; Git; Java,Post Graduate,2026-08-06,Internship,Yes
JOB_03156,Electrician,Reliance Jio,E-commerce,Akola,Fresher,25747,Circuit Design; Equipment Maintenance; Electrical Wiring; Troubleshooting; Safety Standards,Graduate,2026-08-03,Full-time,No
JOB_03157,Fitter,Godrej Industries,Logistics,Bhiwandi,0-2 years,58152,Precision Tools; Blueprint Reading; Maintenance; Mechanical Fitting,12th Pass,2026-06-28,Contract,No
JOB_03158,Welder,HCL,IT Services,Chandrapur,2-5 years,106164,Blueprint Reading; MIG Welding; TIG Welding; Safety Standards,12th Pass,2026-08-08,Internship,Hybrid
JOB_03159,Medical Lab Technician,Zerodha,Energy,Kolhapur,8+ years,346875,Equipment Operation; Safety; Quality Control; Lab Testing,10th Pass,2026-07-23,Part-time,Hybrid
JOB_03160,Supply Chain Analyst,TCS,Energy,Pune,2-5 years,65147,Forecasting; Inventory Management; Excel; Logistics; Data Analysis; SAP,Post Graduate,2026-07-10,Full-time,Hybrid
JOB_03161,Teacher,Apollo Hospitals,Automotive,Kolhapur,Fresher,22748,Curriculum Development; Lesson Planning; Classroom Management; Assessment; Communication,Diploma,2026-08-21,Internship,Hybrid
JOB_03162,Accountant,Capgemini,IT Services,Mumbai,2-5 years,61879,GST; Accounting; Tally,Post Graduate,2026-06-17,Part-time,No
JOB_03163,UI/UX Designer,Flipkart,E-commerce,Ahmednagar,Fresher,24054,Figma; Wireframing; User Research; Adobe XD; HTML/CSS; Prototyping,12th Pass,2026-08-19,Internship,Yes
JOB_03164,Cybersecurity Analyst,Cognizant,Education,Dhule,Fresher,18453,Risk Assessment; Penetration Testing; Compliance,Graduate,2026-09-04,Internship,Yes
JOB_03165,Retail Associate,Godrej Industries,Manufacturing,Nashik,5-8 years,194890,Inventory Management; Customer Service; Sales; Cash Handling,10th Pass,2026-09-01,Full-time,Hybrid
JOB_03166,Teacher,ABB India,Retail,Mumbai,Fresher,22400,Classroom Management; Communication; Lesson Planning; Curriculum Development,10th Pass,2026-07-20,Contract,Yes
JOB_03167,Supply Chain Analyst,Apollo Hospitals,E-commerce,Kolhapur,5-8 years,238217,Excel; SAP; Forecasting; Inventory Management; Logistics,12th Pass,2026-07-18,Full-time,Yes
JOB_03168,Content Writer,Byju's,IT Services,Akola,5-8 years,196031,Copywriting; Editing; SEO; Content Writing,12th Pass,2026-07-09,Internship,No
JOB_03169,Digital Marketing Executive,Wipro,Manufacturing,Nanded,2-5 years,115010,SEO; Social Media Marketing; Google Analytics; Email Marketing; Content Marketing; SEM,10th Pass,2026-06-09,Internship,Hybrid
JOB_03170,Nurse,Narayana Health,Banking & Finance,Solapur,2-5 years,102565,Emergency Care; Vital Signs; Medication Administration; Patient Care,Post Graduate,2026-06-26,Full-time,No
JOB_03171,Cloud Engineer,Accenture,Banking & Finance,Nashik,2-5 years,88372,GCP; Linux; Terraform; AWS; Azure,10th Pass,2026-06-07,Contract,No
JOB_03172,Teacher,Unacademy,Healthcare,Ahmednagar,2-5 years,111598,Classroom Management; Assessment; Lesson Planning,Graduate,2026-08-02,Full-time,Hybrid
JOB_03173,Accountant,Siemens,Education,Satara,5-8 years,101288,Financial Reporting; Tally; Taxation; GST; Excel,Diploma,2026-08-11,Full-time,Yes
JOB_03174,Machine Operator,Narayana Health,Media & Entertainment,Parbhani,Fresher,18416,Safety Standards; CNC Operation; Machine Maintenance,Graduate,2026-08-09,Full-time,Yes
JOB_03175,Technician,ICICI Bank,Telecommunications,Chandrapur,0-2 years,35638,Equipment Maintenance; Safety; Troubleshooting,Post Graduate,2026-09-01,Contract,No
JOB_03176,Fitter,Byju's,Education,Latur,5-8 years,116731,Mechanical Fitting; Maintenance; Precision Tools,Diploma,2026-06-11,Contract,Yes
JOB_03177,Logistics Coordinator,HCL,Pharmaceuticals,Raigad,5-8 years,132236,Coordination; Documentation; Tracking Systems; Transportation Management,Diploma,2026-07-13,Part-time,No
JOB_03178,Logistics Coordinator,Tech Mahindra,Energy,Jalgaon,0-2 years,44113,Communication; Tracking Systems; Documentation,12th Pass,2026-06-12,Internship,Yes
JOB_03179,Machine Learning Engineer,IBM,Healthcare,Aurangabad,8+ years,266215,Deep Learning; Scikit-learn; PyTorch,Graduate,2026-08-26,Internship,Hybrid
JOB_03180,Machine Learning Engineer,Axis Bank,Telecommunications,Pune,5-8 years,173158,Python; Deep Learning; PyTorch; TensorFlow; NLP,12th Pass,2026-06-08,Internship,No
JOB_03181,DevOps Engineer,Godrej Industries,Retail,Parbhani,Fresher,23858,Python; Docker; Linux; Jenkins; AWS,Diploma,2026-06-22,Full-time,No
JOB_03182,Data Analyst,Godrej Industries,Banking & Finance,Beed,2-5 years,63661,Power BI; NumPy; Statistics,Diploma,2026-08-07,Internship,Hybrid
JOB_03183,Teacher,Cognizant,FMCG,Beed,0-2 years,53064,Lesson Planning; Assessment; Communication; Curriculum Development; Classroom Management,Diploma,2026-06-23,Internship,Hybrid
JOB_03184,Content Writer,Razorpay,Healthcare,Nashik,Fresher,24119,Copywriting; Content Writing; WordPress,Diploma,2026-06-15,Internship,No
JOB_03185,Medical Lab Technician,Bajaj Finserv,Education,Kolhapur,5-8 years,213251,Sample Collection; Equipment Operation; Quality Control; Safety; Lab Testing,12th Pass,2026-06-19,Full-time,Yes
JOB_03186,Technician,Apollo Hospitals,E-commerce,Jalna,5-8 years,183825,Troubleshooting; Equipment Maintenance; Electrical Systems; Safety,Diploma,2026-08-29,Full-time,Hybrid
JOB_03187,Business Analyst,Accenture,Media & Entertainment,Mumbai,5-8 years,204288,Requirements Gathering; Power BI; JIRA,10th Pass,2026-06-25,Internship,No
JOB_03188,Machine Operator,Larsen & Toubro,E-commerce,Raigad,Fresher,34626,CNC Operation; Quality Control; Safety Standards; Machine Maintenance; Production Planning,12th Pass,2026-07-22,Part-time,Hybrid
JOB_03189,Digital Marketing Executive,Unacademy,Pharmaceuticals,Sangli,8+ years,307735,Social Media Marketing; Email Marketing; SEO; SEM,10th Pass,2026-06-19,Part-time,No
JOB_03190,Digital Marketing Executive,Cognizant,Banking & Finance,Beed,5-8 years,234427,Google Analytics; SEO; Social Media Marketing; Content Marketing; SEM,10th Pass,2026-06-14,Full-time,Hybrid
JOB_03191,Electrician,PhonePe,FMCG,Dhule,Fresher,18858,Electrical Wiring; Equipment Maintenance; Troubleshooting,10th Pass,2026-07-08,Contract,Hybrid
JOB_03192,DevOps Engineer,Flipkart,Healthcare,Aurangabad,8+ years,454827,Docker; Ansible; Kubernetes; AWS,Post Graduate,2026-07-03,Contract,Yes
JOB_03193,Medical Lab Technician,Larsen & Toubro,FMCG,Jalna,0-2 years,32610,Lab Testing; Quality Control; Safety; Sample Collection,Graduate,2026-08-02,Part-time,No
JOB_03194,Nurse,Paytm,Healthcare,Parbhani,0-2 years,57237,Medical Procedures; Medication Administration; Vital Signs,12th Pass,2026-08-06,Contract,Yes
JOB_03195,Training Coordinator,Crompton Greaves,Pharmaceuticals,Yavatmal,Fresher,16136,Training Delivery; Communication; LMS,10th Pass,2026-07-10,Part-time,No
JOB_03196,Machine Learning Engineer,PhonePe,Logistics,Latur,Fresher,24420,SQL; Deep Learning; NLP,Diploma,2026-08-17,Full-time,Hybrid
JOB_03197,Sales Executive,ABB India,Healthcare,Aurangabad,8+ years,317302,CRM; Communication; Negotiation; Lead Generation; Customer Relationship,Diploma,2026-07-16,Part-time,No
JOB_03198,Business Analyst,Larsen & Toubro,Logistics,Nanded,5-8 years,118728,Excel; Requirements Gathering; SQL; Process Mapping,10th Pass,2026-08-19,Part-time,Yes
JOB_03199,Cybersecurity Analyst,Cognizant,Construction,Nashik,2-5 years,64012,Penetration Testing; Compliance; Network Security,12th Pass,2026-09-01,Contract,Yes
JOB_03200,Customer Support Specialist,Mahindra & Mahindra,Retail,Solapur,Fresher,21918,CRM; Customer Service; Zendesk; Communication; Problem Solving,Post Graduate,2026-08-18,Part-time,Yes
JOB_03201,Pharmacy Assistant,Zerodha,FMCG,Pune,0-2 years,28881,Inventory Management; Pharmacy Software; Customer Service,Diploma,2026-06-23,Part-time,Hybrid
JOB_03202,Medical Lab Technician,Zerodha,IT Services,Kolhapur,Fresher,20552,Equipment Operation; Quality Control; Safety; Lab Testing; Sample Collection,Post Graduate,2026-08-20,Full-time,No
JOB_03203,Medical Lab Technician,IBM,Retail,Solapur,8+ years,235445,Lab Testing; Safety; Equipment Operation; Quality Control; Sample Collection,Graduate,2026-07-19,Part-time,Yes
JOB_03204,Training Coordinator,Crompton Greaves,Education,Bhiwandi,5-8 years,216460,LMS; Curriculum Design; Communication; Training Delivery; Assessment,Diploma,2026-06-15,Internship,Hybrid
JOB_03205,Nurse,Capgemini,Banking & Finance,Bhiwandi,0-2 years,41397,Medical Procedures; Vital Signs; Patient Care,Diploma,2026-06-23,Internship,Yes
JOB_03206,Full Stack Developer,Crompton Greaves,IT Services,Akola,2-5 years,92193,REST API; JavaScript; Git; Node.js; React; MongoDB,10th Pass,2026-06-13,Part-time,Yes
JOB_03207,Training Coordinator,Cognizant,Construction,Bhiwandi,2-5 years,73487,LMS; Training Delivery; Communication,Post Graduate,2026-06-24,Contract,Yes
JOB_03208,Nurse,Tata Motors,Logistics,Raigad,0-2 years,48206,Emergency Care; Medical Procedures; Vital Signs; Medication Administration,12th Pass,2026-08-07,Full-time,No
JOB_03209,Accountant,Siemens,Media & Entertainment,Nashik,2-5 years,52115,Excel; Financial Reporting; Tally; Accounting,12th Pass,2026-07-18,Internship,Hybrid
JOB_03210,Teacher,Narayana Health,Healthcare,Pune,5-8 years,118111,Lesson Planning; Curriculum Development; Communication,Graduate,2026-07-11,Full-time,Hybrid
JOB_03211,Sales Executive,Axis Bank,IT Services,Raigad,2-5 years,83506,Negotiation; Lead Generation; CRM; Communication; Customer Relationship,Graduate,2026-06-09,Part-time,No
JOB_03212,Supply Chain Analyst,Vedantu,IT Services,Nagpur,8+ years,417143,Inventory Management; Data Analysis; SAP; Excel,10th Pass,2026-08-23,Part-time,Yes
JOB_03213,Teacher,Apollo Hospitals,Telecommunications,Jalgaon,Fresher,18162,Lesson Planning; Assessment; Curriculum Development,Post Graduate,2026-07-16,Contract,No
JOB_03214,Retail Associate,Crompton Greaves,Retail,Aurangabad,2-5 years,92109,Inventory Management; Cash Handling; Customer Service; Communication; Sales,12th Pass,2026-08-28,Contract,Yes
JOB_03215,Fitter,ABB India,Pharmaceuticals,Mumbai,8+ years,262729,Assembly; Maintenance; Precision Tools,Graduate,2026-08-19,Internship,Yes
JOB_03216,Training Coordinator,Larsen & Toubro,Logistics,Satara,Fresher,15366,LMS; Training Delivery; Assessment; Curriculum Design; Communication,Graduate,2026-06-28,Internship,Hybrid
JOB_03217,Pharmacy Assistant,Siemens,Retail,Sangli,2-5 years,84542,Pharmacy Software; Inventory Management; Medication Dispensing; Customer Service,Post Graduate,2026-07-29,Full-time,No
JOB_03218,Machine Learning Engineer,Apollo Hospitals,Media & Entertainment,Beed,Fresher,28756,PyTorch; Deep Learning; NLP,Diploma,2026-07-05,Full-time,Hybrid
JOB_03219,Nurse,Capgemini,Pharmaceuticals,Pune,0-2 years,27322,Vital Signs; Medication Administration; Emergency Care; Patient Care,Graduate,2026-09-01,Part-time,No
JOB_03220,Pharmacy Assistant,Wipro,Manufacturing,Jalgaon,Fresher,15626,Pharmacy Software; Inventory Management; Customer Service,Graduate,2026-06-23,Contract,No
JOB_03221,Project Coordinator,Crompton Greaves,Telecommunications,Latur,5-8 years,109806,Project Management; Agile; Coordination; MS Office; Communication,Diploma,2026-09-02,Internship,No
JOB_03222,Pharmacy Assistant,Vedantu,Retail,Sangli,2-5 years,96007,Inventory Management; Pharmacy Software; Customer Service,Diploma,2026-08-14,Internship,Yes
JOB_03223,Full Stack Developer,Amazon,Energy,Nanded,8+ years,421276,Git; MongoDB; React; Node.js; REST API,Graduate,2026-08-28,Part-time,Hybrid
JOB_03224,Data Analyst,ABB India,Pharmaceuticals,Satara,5-8 years,144731,SQL; Tableau; Python,Graduate,2026-06-11,Internship,No
JOB_03225,UI/UX Designer,Capgemini,Manufacturing,Pune,2-5 years,94328,User Research; Figma; Sketch; Adobe XD; Wireframing,12th Pass,2026-09-02,Full-time,No
JOB_03226,Machine Learning Engineer,Byju's,Construction,Beed,Fresher,16306,Scikit-learn; NLP; Deep Learning; TensorFlow; Python,Post Graduate,2026-06-08,Part-time,Hybrid
JOB_03227,Cybersecurity Analyst,Vedantu,Retail,Nanded,Fresher,28542,Network Security; Penetration Testing; SIEM; Risk Assessment; Firewall; Compliance,Diploma,2026-07-01,Contract,No
JOB_03228,Content Writer,Godrej Industries,Manufacturing,Ahmednagar,8+ years,484291,Copywriting; WordPress; Content Writing; Editing,Post Graduate,2026-08-06,Full-time,Yes
JOB_03229,Pharmacy Assistant,IBM,Education,Chandrapur,0-2 years,46273,Pharmacy Software; Inventory Management; Medication Dispensing; Customer Service,Graduate,2026-06-23,Contract,No
JOB_03230,Quality Analyst,Infosys,Media & Entertainment,Jalgaon,8+ years,401582,Bug Tracking; Agile; Manual Testing,10th Pass,2026-07-23,Contract,No
JOB_03231,Cybersecurity Analyst,Godrej Industries,Telecommunications,Aurangabad,8+ years,450264,Risk Assessment; Network Security; Firewall; Compliance; Penetration Testing; SIEM,Diploma,2026-07-13,Internship,Yes
JOB_03232,HR Coordinator,Siemens,Healthcare,Pune,8+ years,482077,HRMS; Communication; Recruitment; Payroll; Employee Relations,Graduate,2026-07-08,Internship,Yes
JOB_03233,Pharmacy Assistant,Unacademy,Education,Nanded,8+ years,409860,Pharmacy Software; Customer Service; Inventory Management; Medication Dispensing,10th Pass,2026-08-28,Full-time,Hybrid
JOB_03234,Cloud Engineer,Apollo Hospitals,E-commerce,Amravati,8+ years,435051,Kubernetes; Azure; GCP; Terraform; Networking; AWS,10th Pass,2026-07-11,Internship,Yes
JOB_03235,Quality Analyst,Unacademy,Manufacturing,Ahmednagar,2-5 years,107156,Testing; Agile; Manual Testing,10th Pass,2026-08-08,Internship,No
JOB_03236,Data Analyst,Unacademy,Logistics,Sangli,2-5 years,57262,SQL; Excel; Python; Pandas; Power BI; NumPy,Diploma,2026-08-18,Full-time,Hybrid
JOB_03237,Digital Marketing Executive,Godrej Industries,Education,Latur,2-5 years,67325,SEO; Content Marketing; Google Analytics; SEM; Social Media Marketing,12th Pass,2026-07-19,Part-time,No
JOB_03238,Machine Learning Engineer,Tata Motors,Manufacturing,Raigad,2-5 years,103739,Deep Learning; PyTorch; Scikit-learn; SQL; NLP,Post Graduate,2026-08-09,Contract,Hybrid
JOB_03239,Machine Learning Engineer,ABB India,IT Services,Mumbai,0-2 years,55811,TensorFlow; Python; Scikit-learn; NLP; SQL,10th Pass,2026-08-19,Part-time,No
JOB_03240,Content Writer,PhonePe,Media & Entertainment,Akola,8+ years,211980,Content Writing; Editing; Copywriting; WordPress; SEO; Research,12th Pass,2026-08-05,Internship,Hybrid
JOB_03241,Electrician,Reliance Jio,FMCG,Beed,Fresher,34662,Troubleshooting; Safety Standards; Circuit Design; Electrical Wiring,Post Graduate,2026-07-30,Contract,Yes
JOB_03242,Data Analyst,Narayana Health,FMCG,Satara,5-8 years,225356,Pandas; Excel; SQL,12th Pass,2026-07-03,Contract,Yes
JOB_03243,Machine Learning Engineer,Max Healthcare,Education,Nashik,5-8 years,150605,SQL; Python; Scikit-learn,12th Pass,2026-06-09,Contract,Yes
JOB_03244,Pharmacy Assistant,ABB India,Automotive,Solapur,5-8 years,201763,Inventory Management; Medication Dispensing; Pharmacy Software,Graduate,2026-06-19,Contract,No
JOB_03245,Welder,HCL,Logistics,Jalna,5-8 years,112079,Blueprint Reading; MIG Welding; Arc Welding; TIG Welding; Safety Standards,10th Pass,2026-09-02,Full-time,Yes
JOB_03246,Business Analyst,Infosys,E-commerce,Raigad,2-5 years,73311,JIRA; Process Mapping; Power BI; Excel,10th Pass,2026-07-11,Part-time,No
JOB_03247,Welder,TCS,Banking & Finance,Nashik,2-5 years,72877,Safety Standards; TIG Welding; Blueprint Reading; Arc Welding; MIG Welding,Diploma,2026-06-23,Internship,No
JOB_03248,Data Analyst,Cognizant,Telecommunications,Nagpur,0-2 years,53484,NumPy; Tableau; Python; Excel,10th Pass,2026-07-21,Contract,Yes
JOB_03249,Digital Marketing Executive,HDFC Bank,Energy,Mumbai,0-2 years,50216,Content Marketing; SEO; Google Analytics; Social Media Marketing,12th Pass,2026-07-11,Contract,Yes
JOB_03250,Business Analyst,HDFC Bank,Telecommunications,Jalgaon,8+ years,283371,Agile; Process Mapping; Power BI; Requirements Gathering,10th Pass,2026-06-29,Contract,No
JOB_03251,Cybersecurity Analyst,Zerodha,Healthcare,Raigad,5-8 years,102550,Compliance; Risk Assessment; SIEM; Network Security; Firewall,12th Pass,2026-08-13,Internship,Yes
JOB_03252,Technician,ICICI Bank,Energy,Chandrapur,Fresher,16526,Mechanical Systems; Troubleshooting; Safety,Diploma,2026-07-24,Part-time,Yes
JOB_03253,Accountant,Amazon,Education,Satara,5-8 years,222120,Financial Reporting; QuickBooks; Taxation; Excel; GST,12th Pass,2026-08-17,Internship,Hybrid
JOB_03254,Supply Chain Analyst,PhonePe,Media & Entertainment,Kolhapur,8+ years,431967,Data Analysis; Excel; SAP; Logistics; Inventory Management,10th Pass,2026-08-14,Internship,No
JOB_03255,Machine Learning Engineer,Fortis Healthcare,Media & Entertainment,Bhiwandi,5-8 years,216159,Python; PyTorch; NLP,Post Graduate,2026-07-18,Internship,Hybrid
JOB_03256,Project Coordinator,Reliance Jio,Energy,Akola,5-8 years,234687,Project Management; Documentation; MS Office; Agile; Coordination,Post Graduate,2026-08-29,Full-time,No
JOB_03257,Software Developer,TCS,Logistics,Nagpur,2-5 years,86677,Java; Microservices; Git,Post Graduate,2026-08-04,Internship,Yes
JOB_03258,Training Coordinator,Apollo Hospitals,Logistics,Ahmednagar,0-2 years,48435,Training Delivery; Communication; Assessment; Curriculum Design; LMS,Graduate,2026-07-26,Full-time,Hybrid
JOB_03259,Business Analyst,Tech Mahindra,Construction,Amravati,2-5 years,116998,SQL; JIRA; Power BI,Diploma,2026-07-28,Internship,No
JOB_03260,Medical Lab Technician,Axis Bank,Logistics,Nagpur,0-2 years,55223,Lab Testing; Safety; Equipment Operation,10th Pass,2026-07-31,Part-time,Yes
JOB_03261,Teacher,Max Healthcare,IT Services,Latur,5-8 years,216733,Classroom Management; Lesson Planning; Assessment; Communication,12th Pass,2026-08-08,Part-time,Yes
JOB_03262,Medical Lab Technician,Wipro,Banking & Finance,Parbhani,8+ years,290075,Lab Testing; Equipment Operation; Quality Control,Post Graduate,2026-07-14,Full-time,Hybrid
JOB_03263,Welder,Mahindra & Mahindra,IT Services,Solapur,0-2 years,59355,Safety Standards; Arc Welding; Blueprint Reading,Diploma,2026-07-18,Contract,Hybrid
JOB_03264,Fitter,HCL,E-commerce,Dhule,5-8 years,242209,Precision Tools; Mechanical Fitting; Blueprint Reading; Assembly; Maintenance,Diploma,2026-08-30,Internship,Yes
JOB_03265,Digital Marketing Executive,Infosys,FMCG,Osmanabad,8+ years,243466,Google Analytics; Email Marketing; SEO,Post Graduate,2026-07-26,Full-time,Hybrid
JOB_03266,Cloud Engineer,Max Healthcare,IT Services,Akola,8+ years,343670,Terraform; Docker; Kubernetes; Azure,12th Pass,2026-07-03,Internship,No
JOB_03267,Data Analyst,PhonePe,Energy,Sangli,2-5 years,51078,Pandas; SQL; Excel; Power BI; Statistics,Post Graduate,2026-08-01,Part-time,No
JOB_03268,Content Writer,Fortis Healthcare,Automotive,Pune,2-5 years,94238,WordPress; Editing; Research; Content Writing; SEO,Graduate,2026-08-02,Part-time,No
JOB_03269,Logistics Coordinator,Capgemini,Education,Nashik,5-8 years,245840,Coordination; Transportation Management; Documentation; Tracking Systems; Communication,Graduate,2026-09-02,Internship,Hybrid
JOB_03270,Nurse,Paytm,IT Services,Latur,2-5 years,56112,Medical Procedures; Vital Signs; Emergency Care; Medication Administration; Patient Care,Diploma,2026-08-02,Contract,Yes
JOB_03271,Teacher,IBM,Automotive,Sangli,2-5 years,119472,Classroom Management; Assessment; Curriculum Development; Lesson Planning,Graduate,2026-06-28,Contract,Yes
JOB_03272,Digital Marketing Executive,Axis Bank,Logistics,Nashik,2-5 years,88445,SEM; Social Media Marketing; Google Analytics; Content Marketing; Email Marketing; SEO,Diploma,2026-08-17,Full-time,No
JOB_03273,Warehouse Supervisor,PhonePe,Banking & Finance,Yavatmal,8+ years,482577,Team Leadership; Inventory Management; WMS; Logistics,12th Pass,2026-08-25,Full-time,Yes
JOB_03274,Accountant,Mahindra & Mahindra,Healthcare,Nagpur,8+ years,445119,GST; Taxation; Accounting; Excel; QuickBooks; Tally,12th Pass,2026-07-16,Full-time,Hybrid
JOB_03275,Data Analyst,Capgemini,Energy,Sangli,2-5 years,51822,SQL; Excel; Python; Statistics; Power BI; NumPy,12th Pass,2026-08-25,Contract,Yes
JOB_03276,Retail Associate,TCS,Media & Entertainment,Mumbai,8+ years,392792,Cash Handling; Inventory Management; Customer Service; Sales,12th Pass,2026-07-20,Internship,Yes
JOB_03277,Quality Analyst,Zerodha,FMCG,Parbhani,5-8 years,134400,SQL; JIRA; Agile,Graduate,2026-06-08,Part-time,Yes
JOB_03278,Electrician,Capgemini,Education,Jalgaon,0-2 years,48748,Electrical Wiring; Circuit Design; Equipment Maintenance,12th Pass,2026-08-15,Part-time,Hybrid
JOB_03279,Customer Support Specialist,Axis Bank,Healthcare,Parbhani,8+ years,474662,Zendesk; CRM; Customer Service; Communication,10th Pass,2026-06-10,Full-time,Yes
JOB_03280,Technician,Tata Motors,FMCG,Latur,Fresher,17968,Mechanical Systems; Safety; Electrical Systems; Equipment Maintenance,Post Graduate,2026-08-13,Contract,No
JOB_03281,Nurse,ICICI Bank,Retail,Pune,0-2 years,48440,Patient Care; Emergency Care; Vital Signs,Graduate,2026-07-04,Full-time,No
JOB_03282,Pharmacy Assistant,HCL,Pharmaceuticals,Osmanabad,0-2 years,49357,Customer Service; Pharmacy Software; Medication Dispensing; Inventory Management,10th Pass,2026-07-23,Contract,Hybrid
JOB_03283,Cloud Engineer,Narayana Health,Logistics,Nashik,2-5 years,103198,Azure; Docker; Linux; Networking; Terraform; GCP,10th Pass,2026-07-22,Internship,Hybrid
JOB_03284,Business Analyst,IBM,FMCG,Pune,5-8 years,137825,Excel; Process Mapping; Requirements Gathering; Agile; SQL,10th Pass,2026-08-28,Part-time,Yes
JOB_03285,Sales Executive,Wipro,FMCG,Latur,2-5 years,107565,CRM; Lead Generation; Communication; Negotiation; Customer Relationship,12th Pass,2026-06-25,Part-time,Hybrid
JOB_03286,Pharmacy Assistant,Cognizant,Energy,Parbhani,8+ years,226682,Inventory Management; Medication Dispensing; Pharmacy Software,Graduate,2026-06-15,Internship,No
JOB_03287,Sales Executive,PhonePe,Education,Jalgaon,8+ years,203049,Customer Relationship; Negotiation; CRM,12th Pass,2026-07-31,Full-time,Yes
JOB_03288,Retail Associate,Max Healthcare,IT Services,Beed,2-5 years,82109,Communication; Cash Handling; Customer Service; Sales; Inventory Management,Diploma,2026-07-06,Full-time,No
JOB_03289,Full Stack Developer,HCL,Construction,Satara,5-8 years,133158,MongoDB; JavaScript; Node.js; REST API; Git,10th Pass,2026-07-04,Full-time,Yes
JOB_03290,Pharmacy Assistant,Mahindra & Mahindra,Manufacturing,Ahmednagar,5-8 years,184054,Customer Service; Medication Dispensing; Inventory Management,Graduate,2026-06-16,Full-time,Hybrid
JOB_03291,Electrician,ABB India,Education,Parbhani,2-5 years,73586,Circuit Design; Electrical Wiring; Safety Standards; Equipment Maintenance,Diploma,2026-07-04,Full-time,No
JOB_03292,UI/UX Designer,PhonePe,Manufacturing,Solapur,8+ years,365011,Prototyping; Adobe XD; Sketch,Post Graduate,2026-08-07,Full-time,No
JOB_03293,Retail Associate,Apollo Hospitals,Banking & Finance,Bhiwandi,0-2 years,46592,Inventory Management; Customer Service; Cash Handling; Communication,Diploma,2026-08-15,Internship,Yes
JOB_03294,Digital Marketing Executive,PhonePe,Logistics,Bhiwandi,5-8 years,239093,SEO; Google Analytics; Email Marketing; Social Media Marketing; Content Marketing,Diploma,2026-06-15,Full-time,Hybrid
JOB_03295,Software Developer,Accenture,Energy,Raigad,2-5 years,83854,Java; Microservices; Python; Agile; SQL,Graduate,2026-06-16,Contract,Hybrid
JOB_03296,Customer Support Specialist,Byju's,Automotive,Akola,Fresher,19764,Problem Solving; Customer Service; Communication; Zendesk; CRM,10th Pass,2026-07-18,Contract,No
JOB_03297,Cybersecurity Analyst,HDFC Bank,IT Services,Chandrapur,8+ years,225394,Compliance; SIEM; Penetration Testing; Network Security,Graduate,2026-07-18,Contract,No
JOB_03298,Business Analyst,Unacademy,Banking & Finance,Pune,5-8 years,153787,Power BI; SQL; Excel; Process Mapping,Diploma,2026-06-18,Full-time,Yes
JOB_03299,Machine Operator,Tech Mahindra,Automotive,Bhiwandi,2-5 years,87639,Safety Standards; Production Planning; Quality Control,12th Pass,2026-08-11,Contract,Yes
JOB_03300,Project Coordinator,HDFC Bank,Banking & Finance,Latur,5-8 years,244683,Agile; Documentation; Coordination; Communication; MS Office,Diploma,2026-08-20,Full-time,Hybrid
JOB_03301,Fitter,Godrej Industries,Retail,Nashik,2-5 years,103851,Blueprint Reading; Mechanical Fitting; Precision Tools; Maintenance; Assembly,Post Graduate,2026-08-06,Full-time,Yes
JOB_03302,Business Analyst,Amazon,FMCG,Sangli,Fresher,18396,Excel; JIRA; Requirements Gathering; Agile,10th Pass,2026-06-12,Internship,Yes
JOB_03303,Logistics Coordinator,Infosys,Automotive,Akola,0-2 years,26589,Documentation; Tracking Systems; Transportation Management; Coordination; Communication,Post Graduate,2026-07-27,Internship,No
JOB_03304,Accountant,Vedantu,IT Services,Jalgaon,8+ years,443326,Financial Reporting; Excel; Accounting; Tally; GST; Taxation,12th Pass,2026-07-26,Internship,No
JOB_03305,Business Analyst,Infosys,Manufacturing,Jalna,5-8 years,245425,Process Mapping; Excel; Requirements Gathering; SQL,Post Graduate,2026-06-29,Part-time,Yes
JOB_03306,Teacher,Vedantu,IT Services,Nanded,Fresher,30208,Curriculum Development; Classroom Management; Assessment,Graduate,2026-07-03,Internship,No
JOB_03307,Cloud Engineer,Narayana Health,E-commerce,Osmanabad,8+ years,417070,AWS; Kubernetes; Networking,12th Pass,2026-08-11,Internship,Hybrid
JOB_03308,Training Coordinator,Tech Mahindra,Media & Entertainment,Jalna,0-2 years,49798,LMS; Assessment; Training Delivery; Communication,10th Pass,2026-07-15,Full-time,Yes
JOB_03309,Supply Chain Analyst,Crompton Greaves,Pharmaceuticals,Pune,8+ years,369096,Logistics; SAP; Forecasting; Data Analysis,Graduate,2026-07-02,Internship,Hybrid
JOB_03310,Logistics Coordinator,Unacademy,Automotive,Yavatmal,Fresher,34976,Documentation; Communication; Transportation Management,10th Pass,2026-07-08,Internship,Yes
JOB_03311,Business Analyst,HCL,Telecommunications,Pune,Fresher,23469,Power BI; Requirements Gathering; SQL; JIRA,10th Pass,2026-08-03,Internship,Hybrid
JOB_03312,Fitter,Bajaj Finserv,Healthcare,Sangli,Fresher,30003,Assembly; Precision Tools; Maintenance; Blueprint Reading,Post Graduate,2026-06-15,Internship,Yes
JOB_03313,UI/UX Designer,Tech Mahindra,Construction,Amravati,Fresher,28599,Prototyping; Wireframing; HTML/CSS,Graduate,2026-07-28,Contract,Hybrid
JOB_03314,Welder,Crompton Greaves,Healthcare,Parbhani,8+ years,433377,Arc Welding; Safety Standards; TIG Welding; Blueprint Reading; MIG Welding,Post Graduate,2026-06-29,Contract,Hybrid
JOB_03315,Training Coordinator,Cognizant,E-commerce,Chandrapur,0-2 years,30262,LMS; Assessment; Training Delivery; Curriculum Design,Diploma,2026-07-24,Internship,Hybrid
JOB_03316,Project Coordinator,Unacademy,Healthcare,Kolhapur,Fresher,30663,Documentation; Communication; Project Management,Diploma,2026-06-11,Internship,Yes
JOB_03317,Machine Learning Engineer,Tata Motors,Pharmaceuticals,Satara,5-8 years,141693,TensorFlow; NLP; Python; Scikit-learn; PyTorch,Post Graduate,2026-07-09,Full-time,No
JOB_03318,Machine Operator,Max Healthcare,Retail,Parbhani,8+ years,430965,CNC Operation; Quality Control; Production Planning,Diploma,2026-06-30,Internship,No
JOB_03319,Teacher,ABB India,Logistics,Nashik,Fresher,18828,Communication; Assessment; Classroom Management; Lesson Planning,10th Pass,2026-06-20,Internship,Hybrid
JOB_03320,Technician,ABB India,Construction,Ahmednagar,2-5 years,89413,Electrical Systems; Safety; Mechanical Systems,Diploma,2026-08-16,Contract,Hybrid
JOB_03321,Nurse,Vedantu,E-commerce,Dhule,5-8 years,210106,Medical Procedures; Patient Care; Emergency Care; Vital Signs; Medication Administration,10th Pass,2026-07-06,Contract,Yes
JOB_03322,Accountant,Siemens,FMCG,Nashik,Fresher,22647,Tally; Excel; Taxation; Financial Reporting; Accounting,12th Pass,2026-06-25,Part-time,Yes
JOB_03323,Welder,Razorpay,Retail,Amravati,0-2 years,41573,MIG Welding; TIG Welding; Safety Standards,10th Pass,2026-07-12,Internship,Yes
JOB_03324,Fitter,Accenture,IT Services,Ahmednagar,5-8 years,230347,Precision Tools; Assembly; Blueprint Reading,10th Pass,2026-08-01,Full-time,Hybrid
JOB_03325,Training Coordinator,Paytm,Construction,Amravati,2-5 years,69091,Communication; Curriculum Design; Assessment,Post Graduate,2026-07-05,Contract,Yes
JOB_03326,Machine Operator,HCL,Pharmaceuticals,Pune,5-8 years,174807,Machine Maintenance; Safety Standards; Production Planning,Graduate,2026-07-17,Internship,Yes
JOB_03327,Full Stack Developer,Accenture,IT Services,Pune,8+ years,386446,React; MongoDB; Git,10th Pass,2026-06-11,Contract,No
JOB_03328,Sales Executive,Bajaj Finserv,IT Services,Raigad,2-5 years,85227,CRM; Lead Generation; Communication,Post Graduate,2026-07-15,Internship,Hybrid
JOB_03329,Full Stack Developer,Siemens,E-commerce,Mumbai,0-2 years,58190,HTML/CSS; REST API; Git; SQL,Post Graduate,2026-07-08,Full-time,No
JOB_03330,Logistics Coordinator,Cognizant,Retail,Solapur,0-2 years,28004,Communication; Tracking Systems; Coordination; Transportation Management,Graduate,2026-07-09,Internship,Yes
JOB_03331,Pharmacy Assistant,Accenture,Healthcare,Parbhani,Fresher,16098,Medication Dispensing; Inventory Management; Pharmacy Software; Customer Service,12th Pass,2026-09-02,Contract,Yes
JOB_03332,DevOps Engineer,Mahindra & Mahindra,Healthcare,Ahmednagar,5-8 years,136739,CI/CD; Linux; Python; AWS; Kubernetes,Diploma,2026-07-11,Full-time,No
JOB_03333,Business Analyst,Paytm,Construction,Parbhani,2-5 years,116629,SQL; JIRA; Process Mapping; Agile; Requirements Gathering,10th Pass,2026-07-19,Contract,Yes
JOB_03334,Retail Associate,Paytm,Manufacturing,Bhiwandi,8+ years,231108,Communication; Cash Handling; Sales; Customer Service,Graduate,2026-08-02,Contract,No
JOB_03335,UI/UX Designer,Flipkart,FMCG,Raigad,8+ years,321106,Figma; HTML/CSS; Prototyping; Sketch,Post Graduate,2026-09-02,Part-time,Hybrid
JOB_03336,Project Coordinator,Tata Motors,Education,Chandrapur,5-8 years,190453,Communication; Agile; Coordination; Documentation; MS Office,12th Pass,2026-06-10,Internship,No
JOB_03337,Retail Associate,HCL,Education,Osmanabad,2-5 years,85906,Cash Handling; Sales; Communication; Inventory Management,12th Pass,2026-06-17,Part-time,Hybrid
JOB_03338,Nurse,Godrej Industries,Banking & Finance,Amravati,8+ years,216877,Patient Care; Vital Signs; Medical Procedures; Emergency Care; Medication Administration,10th Pass,2026-06-20,Internship,Hybrid
JOB_03339,Full Stack Developer,PhonePe,E-commerce,Solapur,2-5 years,67188,React; MongoDB; HTML/CSS; Node.js,Post Graduate,2026-08-20,Part-time,No
JOB_03340,Customer Support Specialist,Zerodha,FMCG,Latur,8+ years,237454,Problem Solving; CRM; Zendesk,Diploma,2026-09-04,Contract,No
JOB_03341,Fitter,Accenture,Manufacturing,Nanded,8+ years,383646,Precision Tools; Blueprint Reading; Assembly; Maintenance; Mechanical Fitting,Post Graduate,2026-08-21,Part-time,No
JOB_03342,Business Analyst,HCL,Pharmaceuticals,Sangli,2-5 years,59321,Agile; SQL; Requirements Gathering; JIRA; Excel; Process Mapping,10th Pass,2026-08-05,Contract,Hybrid
JOB_03343,Machine Operator,Siemens,Media & Entertainment,Kolhapur,2-5 years,111942,Production Planning; Quality Control; Machine Maintenance; CNC Operation,Graduate,2026-08-09,Part-time,Hybrid
JOB_03344,UI/UX Designer,Cognizant,FMCG,Beed,Fresher,19986,Adobe XD; Prototyping; Sketch,10th Pass,2026-08-23,Full-time,No
JOB_03345,Machine Learning Engineer,PhonePe,Automotive,Parbhani,2-5 years,113909,NLP; Scikit-learn; Deep Learning; Python,Diploma,2026-08-28,Full-time,No
JOB_03346,Software Developer,Infosys,Construction,Latur,8+ years,412160,JavaScript; SQL; Agile; Java; Git; REST API,Diploma,2026-08-13,Part-time,Yes
JOB_03347,Accountant,Amazon,IT Services,Chandrapur,2-5 years,55255,Taxation; QuickBooks; Tally; GST; Accounting; Excel,10th Pass,2026-07-05,Part-time,No
JOB_03348,Welder,Paytm,Construction,Parbhani,8+ years,302322,MIG Welding; Blueprint Reading; TIG Welding; Safety Standards,10th Pass,2026-07-17,Full-time,Hybrid
JOB_03349,Full Stack Developer,Tata Motors,Banking & Finance,Sangli,2-5 years,70134,HTML/CSS; MongoDB; REST API; SQL,Post Graduate,2026-06-29,Internship,Yes
JOB_03350,Warehouse Supervisor,Cognizant,Retail,Mumbai,8+ years,287003,Inventory Management; Logistics; Safety Standards; Team Leadership,Diploma,2026-07-05,Internship,Hybrid
JOB_03351,Medical Lab Technician,Apollo Hospitals,Construction,Nashik,5-8 years,216908,Sample Collection; Safety; Lab Testing; Equipment Operation,Post Graduate,2026-06-23,Full-time,Hybrid
JOB_03352,Business Analyst,ABB India,Media & Entertainment,Parbhani,2-5 years,97287,SQL; Requirements Gathering; Process Mapping; JIRA; Excel; Power BI,Graduate,2026-06-16,Part-time,Yes
JOB_03353,Nurse,Wipro,E-commerce,Mumbai,Fresher,32098,Emergency Care; Vital Signs; Medical Procedures; Medication Administration,12th Pass,2026-06-11,Full-time,Yes
JOB_03354,Customer Support Specialist,IBM,Manufacturing,Beed,Fresher,28821,Customer Service; Communication; CRM,Graduate,2026-08-11,Full-time,No
JOB_03355,Teacher,Fortis Healthcare,Automotive,Parbhani,0-2 years,35994,Classroom Management; Assessment; Communication,Diploma,2026-07-03,Internship,Yes
JOB_03356,UI/UX Designer,Zerodha,Manufacturing,Jalna,5-8 years,168196,Figma; HTML/CSS; Sketch; Adobe XD,10th Pass,2026-08-09,Internship,Yes
JOB_03357,Pharmacy Assistant,Siemens,Logistics,Chandrapur,Fresher,23227,Medication Dispensing; Customer Service; Inventory Management,10th Pass,2026-06-13,Contract,Yes
JOB_03358,Fitter,Tata Motors,Manufacturing,Dhule,8+ years,489859,Maintenance; Assembly; Mechanical Fitting; Blueprint Reading; Precision Tools,Graduate,2026-07-31,Part-time,No
JOB_03359,HR Coordinator,Unacademy,Energy,Latur,Fresher,29571,Compliance; Employee Relations; Communication; Recruitment,Diploma,2026-08-28,Full-time,Hybrid
JOB_03360,DevOps Engineer,Capgemini,FMCG,Nagpur,2-5 years,119632,AWS; Jenkins; Python,12th Pass,2026-07-11,Part-time,Yes
JOB_03361,Supply Chain Analyst,Cognizant,Education,Nanded,2-5 years,103501,Forecasting; Logistics; Inventory Management; SAP; Excel,12th Pass,2026-07-15,Internship,Yes
JOB_03362,Project Coordinator,ABB India,IT Services,Raigad,Fresher,21074,Communication; Documentation; Project Management; MS Office; Coordination,Diploma,2026-07-16,Contract,No
JOB_03363,Content Writer,Apollo Hospitals,Retail,Chandrapur,2-5 years,112874,Copywriting; Research; SEO; WordPress; Content Writing; Editing,Graduate,2026-07-28,Full-time,No
JOB_03364,Software Developer,Siemens,Automotive,Jalna,5-8 years,114290,JavaScript; Java; REST API,Diploma,2026-06-18,Internship,Hybrid
JOB_03365,UI/UX Designer,Paytm,Construction,Jalgaon,Fresher,27294,HTML/CSS; Prototyping; Figma,Post Graduate,2026-07-24,Internship,Yes
JOB_03366,Medical Lab Technician,ICICI Bank,FMCG,Akola,Fresher,28692,Sample Collection; Lab Testing; Safety; Quality Control,10th Pass,2026-08-16,Part-time,Yes
JOB_03367,Training Coordinator,Fortis Healthcare,Banking & Finance,Beed,8+ years,426403,Training Delivery; Assessment; LMS; Communication,Graduate,2026-07-16,Internship,Hybrid
JOB_03368,Data Analyst,Vedantu,IT Services,Ahmednagar,0-2 years,55754,Python; Excel; NumPy; Statistics; Power BI,10th Pass,2026-07-10,Internship,Hybrid
JOB_03369,Business Analyst,Godrej Industries,Retail,Satara,Fresher,33006,SQL; Requirements Gathering; Agile; Process Mapping; Power BI; JIRA,Diploma,2026-07-07,Internship,Yes
JOB_03370,Pharmacy Assistant,PhonePe,Healthcare,Aurangabad,0-2 years,55742,Pharmacy Software; Inventory Management; Customer Service,10th Pass,2026-07-09,Part-time,No
JOB_03371,Logistics Coordinator,Larsen & Toubro,Automotive,Chandrapur,0-2 years,36597,Coordination; Tracking Systems; Communication; Documentation,Diploma,2026-07-09,Part-time,Hybrid
JOB_03372,Cybersecurity Analyst,Unacademy,Banking & Finance,Pune,Fresher,15522,SIEM; Firewall; Compliance; Risk Assessment; Penetration Testing,Post Graduate,2026-08-21,Part-time,No
JOB_03373,HR Coordinator,Accenture,Banking & Finance,Raigad,0-2 years,35445,Employee Relations; Compliance; Recruitment; HRMS; Payroll,Post Graduate,2026-06-28,Contract,No
JOB_03374,Full Stack Developer,Capgemini,Construction,Beed,8+ years,229326,REST API; JavaScript; MongoDB; Node.js,Diploma,2026-06-24,Part-time,Hybrid
JOB_03375,Nurse,Cognizant,Manufacturing,Yavatmal,0-2 years,32743,Vital Signs; Medical Procedures; Emergency Care; Patient Care; Medication Administration,10th Pass,2026-06-13,Full-time,No
JOB_03376,Cloud Engineer,Tech Mahindra,Pharmaceuticals,Raigad,8+ years,213806,Networking; Terraform; Kubernetes; AWS,12th Pass,2026-07-31,Full-time,No
JOB_03377,Accountant,Mahindra & Mahindra,IT Services,Jalgaon,2-5 years,79194,Financial Reporting; Taxation; Tally; GST; QuickBooks,Diploma,2026-06-18,Part-time,No
JOB_03378,Electrician,Tech Mahindra,Automotive,Nagpur,8+ years,462423,Circuit Design; Troubleshooting; Safety Standards; Electrical Wiring; Equipment Maintenance,Graduate,2026-07-12,Internship,Hybrid
JOB_03379,Digital Marketing Executive,Accenture,Retail,Jalgaon,2-5 years,69937,Email Marketing; Social Media Marketing; SEO; Content Marketing; SEM; Google Analytics,Diploma,2026-06-19,Part-time,Yes
JOB_03380,Accountant,Infosys,Manufacturing,Pune,5-8 years,225729,Taxation; Excel; GST; Tally; Financial Reporting,10th Pass,2026-07-04,Contract,Hybrid
JOB_03381,Supply Chain Analyst,TCS,IT Services,Jalgaon,0-2 years,29227,Excel; SAP; Forecasting; Data Analysis,12th Pass,2026-06-30,Full-time,No
JOB_03382,Customer Support Specialist,Byju's,E-commerce,Bhiwandi,8+ years,445495,CRM; Customer Service; Zendesk,Diploma,2026-07-13,Full-time,Hybrid
JOB_03383,Machine Learning Engineer,PhonePe,Media & Entertainment,Latur,8+ years,243384,TensorFlow; PyTorch; Python; SQL,Post Graduate,2026-09-03,Internship,Yes
JOB_03384,Business Analyst,IBM,E-commerce,Satara,2-5 years,90100,JIRA; Process Mapping; Agile; SQL; Power BI; Excel,Post Graduate,2026-06-10,Internship,Hybrid
JOB_03385,UI/UX Designer,Apollo Hospitals,Pharmaceuticals,Satara,0-2 years,36916,Sketch; Adobe XD; HTML/CSS; User Research; Prototyping,Post Graduate,2026-08-24,Full-time,Yes
JOB_03386,Cloud Engineer,ABB India,Logistics,Beed,2-5 years,97513,Kubernetes; Networking; AWS; GCP; Linux; Docker,Post Graduate,2026-07-19,Part-time,Yes
JOB_03387,Supply Chain Analyst,PhonePe,FMCG,Mumbai,2-5 years,110666,Data Analysis; Inventory Management; SAP; Excel,Post Graduate,2026-07-26,Contract,Yes
JOB_03388,Technician,Tata Motors,Healthcare,Aurangabad,0-2 years,47900,Troubleshooting; Equipment Maintenance; Electrical Systems; Mechanical Systems,10th Pass,2026-07-05,Internship,No
JOB_03389,Project Coordinator,TCS,Logistics,Solapur,5-8 years,210183,Communication; Documentation; Project Management; MS Office,Diploma,2026-08-02,Contract,Hybrid
JOB_03390,Quality Analyst,Razorpay,E-commerce,Jalgaon,Fresher,27420,Testing; SQL; Bug Tracking; Selenium; Manual Testing,Diploma,2026-08-12,Contract,Hybrid
JOB_03391,HR Coordinator,HDFC Bank,Energy,Nanded,0-2 years,39259,Recruitment; Employee Relations; HRMS; Communication; Payroll; Compliance,Graduate,2026-07-18,Full-time,No
JOB_03392,Customer Support Specialist,IBM,Retail,Aurangabad,8+ years,441269,Problem Solving; Communication; Customer Service,Graduate,2026-07-19,Full-time,Yes
JOB_03393,Customer Support Specialist,Unacademy,Pharmaceuticals,Aurangabad,0-2 years,43716,Problem Solving; CRM; Communication,12th Pass,2026-07-10,Contract,No
JOB_03394,Pharmacy Assistant,Max Healthcare,Healthcare,Jalna,8+ years,204142,Medication Dispensing; Pharmacy Software; Customer Service; Inventory Management,Graduate,2026-06-29,Contract,Yes
JOB_03395,Quality Analyst,Tech Mahindra,FMCG,Bhiwandi,0-2 years,46633,Agile; Selenium; JIRA; SQL,Diploma,2026-07-09,Part-time,Hybrid
JOB_03396,Supply Chain Analyst,Godrej Industries,Manufacturing,Sangli,5-8 years,140550,SAP; Logistics; Inventory Management,Post Graduate,2026-08-14,Full-time,Hybrid
JOB_03397,Project Coordinator,Max Healthcare,Energy,Sangli,0-2 years,32996,Agile; Documentation; Communication; Coordination; MS Office,10th Pass,2026-08-09,Full-time,No
JOB_03398,Digital Marketing Executive,Fortis Healthcare,IT Services,Yavatmal,8+ years,238922,Content Marketing; Email Marketing; SEM; Google Analytics; Social Media Marketing; SEO,12th Pass,2026-08-31,Part-time,Hybrid
JOB_03399,Warehouse Supervisor,Amazon,Banking & Finance,Satara,0-2 years,37159,Team Leadership; Safety Standards; Inventory Management; WMS,10th Pass,2026-07-04,Contract,Hybrid
JOB_03400,Supply Chain Analyst,Bajaj Finserv,Retail,Pune,Fresher,34611,Forecasting; Excel; Logistics; SAP,12th Pass,2026-07-24,Part-time,No
JOB_03401,Machine Operator,Fortis Healthcare,Automotive,Yavatmal,Fresher,20508,CNC Operation; Machine Maintenance; Production Planning; Safety Standards,10th Pass,2026-06-26,Full-time,Hybrid
JOB_03402,Project Coordinator,Razorpay,Media & Entertainment,Jalna,8+ years,252146,Project Management; Coordination; Agile; MS Office; Documentation; Communication,10th Pass,2026-07-30,Part-time,Yes
JOB_03403,Retail Associate,Bajaj Finserv,FMCG,Mumbai,5-8 years,246368,Communication; Customer Service; Inventory Management; Sales,10th Pass,2026-06-12,Contract,No
JOB_03404,Nurse,Paytm,E-commerce,Amravati,2-5 years,114795,Medical Procedures; Emergency Care; Vital Signs,12th Pass,2026-07-03,Part-time,Hybrid
JOB_03405,Nurse,Tech Mahindra,Construction,Nagpur,0-2 years,28057,Patient Care; Medication Administration; Emergency Care; Medical Procedures; Vital Signs,12th Pass,2026-06-21,Internship,No
JOB_03406,Project Coordinator,Mahindra & Mahindra,E-commerce,Jalna,5-8 years,117224,Coordination; Project Management; Agile,12th Pass,2026-06-29,Contract,No
JOB_03407,UI/UX Designer,Axis Bank,Banking & Finance,Nagpur,8+ years,431087,Adobe XD; Prototyping; Sketch,12th Pass,2026-07-27,Full-time,Yes
JOB_03408,Data Analyst,ICICI Bank,Banking & Finance,Yavatmal,0-2 years,54345,SQL; Power BI; Tableau; Python,Diploma,2026-09-02,Part-time,Hybrid
JOB_03409,Cybersecurity Analyst,Siemens,Telecommunications,Parbhani,0-2 years,35928,Network Security; Risk Assessment; SIEM,12th Pass,2026-09-01,Part-time,Yes
JOB_03410,Pharmacy Assistant,Fortis Healthcare,Manufacturing,Nashik,2-5 years,61721,Pharmacy Software; Medication Dispensing; Customer Service,10th Pass,2026-06-26,Full-time,Yes
JOB_03411,Fitter,Cognizant,Media & Entertainment,Kolhapur,2-5 years,73707,Mechanical Fitting; Maintenance; Blueprint Reading,Graduate,2026-07-25,Part-time,No
JOB_03412,Pharmacy Assistant,HDFC Bank,Telecommunications,Aurangabad,0-2 years,27096,Medication Dispensing; Pharmacy Software; Customer Service,Graduate,2026-08-13,Full-time,Hybrid
JOB_03413,Full Stack Developer,Tata Motors,Retail,Nagpur,Fresher,30251,React; Git; HTML/CSS; REST API; MongoDB; JavaScript,Post Graduate,2026-07-03,Internship,Yes
JOB_03414,Data Analyst,HCL,Pharmaceuticals,Latur,2-5 years,95984,Pandas; Statistics; SQL,Post Graduate,2026-08-06,Part-time,No
JOB_03415,Software Developer,Reliance Jio,Retail,Dhule,Fresher,33880,Agile; Python; REST API; JavaScript,12th Pass,2026-08-01,Full-time,No
JOB_03416,Cybersecurity Analyst,Tech Mahindra,FMCG,Latur,Fresher,15960,Network Security; Penetration Testing; Risk Assessment; SIEM; Compliance,12th Pass,2026-06-21,Internship,Yes
JOB_03417,Data Analyst,Godrej Industries,IT Services,Aurangabad,8+ years,419995,Tableau; Python; Statistics; SQL; Excel; Power BI,Diploma,2026-07-13,Part-time,Yes
JOB_03418,Fitter,Fortis Healthcare,Healthcare,Kolhapur,Fresher,22251,Maintenance; Precision Tools; Blueprint Reading; Assembly; Mechanical Fitting,Graduate,2026-06-19,Contract,Hybrid
JOB_03419,Software Developer,Crompton Greaves,Banking & Finance,Mumbai,Fresher,18031,JavaScript; Agile; SQL; REST API; Microservices; Python,12th Pass,2026-07-27,Part-time,Hybrid
JOB_03420,Cloud Engineer,Apollo Hospitals,IT Services,Dhule,2-5 years,98518,Docker; Kubernetes; GCP,10th Pass,2026-07-20,Contract,No
JOB_03421,Pharmacy Assistant,Flipkart,IT Services,Beed,2-5 years,68408,Medication Dispensing; Inventory Management; Pharmacy Software,Post Graduate,2026-08-08,Full-time,Yes
JOB_03422,Content Writer,Razorpay,Telecommunications,Nashik,2-5 years,113780,Research; Content Writing; Editing,Graduate,2026-07-22,Internship,No
JOB_03423,Cloud Engineer,Fortis Healthcare,Energy,Solapur,8+ years,249358,Terraform; Linux; GCP; AWS; Networking; Azure,Post Graduate,2026-07-16,Part-time,Hybrid
JOB_03424,Machine Operator,Godrej Industries,Healthcare,Beed,8+ years,286333,Production Planning; Safety Standards; Machine Maintenance; Quality Control; CNC Operation,Post Graduate,2026-09-03,Full-time,No
JOB_03425,Pharmacy Assistant,Accenture,Media & Entertainment,Parbhani,8+ years,319266,Customer Service; Pharmacy Software; Inventory Management,12th Pass,2026-07-30,Internship,No
JOB_03426,Digital Marketing Executive,Amazon,Pharmaceuticals,Jalgaon,2-5 years,58444,SEO; Content Marketing; Social Media Marketing; SEM; Google Analytics; Email Marketing,Diploma,2026-07-29,Contract,No
JOB_03427,Software Developer,HCL,E-commerce,Pune,8+ years,383548,REST API; Agile; Git,12th Pass,2026-07-27,Part-time,No
JOB_03428,Accountant,Unacademy,Pharmaceuticals,Aurangabad,2-5 years,62168,Taxation; GST; Excel; Accounting,10th Pass,2026-08-31,Full-time,Hybrid
JOB_03429,Quality Analyst,Siemens,IT Services,Sangli,0-2 years,44472,Manual Testing; Agile; SQL,Graduate,2026-07-10,Part-time,Yes
JOB_03430,Accountant,Godrej Industries,Banking & Finance,Chandrapur,Fresher,20563,Tally; Accounting; QuickBooks; Excel; Taxation; Financial Reporting,Diploma,2026-07-24,Part-time,Hybrid
JOB_03431,Technician,Mahindra & Mahindra,Pharmaceuticals,Amravati,Fresher,21118,Mechanical Systems; Safety; Equipment Maintenance,Graduate,2026-06-27,Contract,No
JOB_03432,Training Coordinator,Apollo Hospitals,Education,Parbhani,Fresher,16185,Training Delivery; LMS; Curriculum Design; Assessment; Communication,10th Pass,2026-07-22,Contract,Hybrid
JOB_03433,UI/UX Designer,Unacademy,Healthcare,Nashik,8+ years,213788,Adobe XD; User Research; Prototyping; Figma,Post Graduate,2026-06-27,Internship,Hybrid
JOB_03434,Technician,Cognizant,E-commerce,Ahmednagar,2-5 years,86408,Mechanical Systems; Electrical Systems; Troubleshooting,12th Pass,2026-07-14,Internship,No
JOB_03435,HR Coordinator,Fortis Healthcare,E-commerce,Latur,8+ years,240767,Recruitment; Payroll; Communication; HRMS; Compliance,Diploma,2026-06-13,Part-time,Hybrid
JOB_03436,Fitter,Larsen & Toubro,Logistics,Aurangabad,8+ years,426455,Maintenance; Blueprint Reading; Precision Tools,Graduate,2026-08-20,Part-time,Hybrid
JOB_03437,Customer Support Specialist,Mahindra & Mahindra,Healthcare,Nashik,2-5 years,51468,Problem Solving; CRM; Zendesk; Customer Service; Communication,Post Graduate,2026-08-04,Internship,No
JOB_03438,Medical Lab Technician,Capgemini,Energy,Nashik,8+ years,222390,Safety; Lab Testing; Sample Collection; Quality Control; Equipment Operation,Post Graduate,2026-07-23,Full-time,No
JOB_03439,Supply Chain Analyst,Axis Bank,FMCG,Mumbai,0-2 years,26216,SAP; Data Analysis; Logistics,12th Pass,2026-08-22,Internship,No
JOB_03440,Nurse,Amazon,Pharmaceuticals,Nanded,5-8 years,103329,Patient Care; Emergency Care; Medication Administration; Vital Signs; Medical Procedures,Graduate,2026-07-04,Internship,Yes
JOB_03441,Welder,Godrej Industries,Media & Entertainment,Parbhani,2-5 years,65251,TIG Welding; Blueprint Reading; Arc Welding; MIG Welding,Post Graduate,2026-07-27,Internship,No
JOB_03442,Supply Chain Analyst,Crompton Greaves,Healthcare,Bhiwandi,0-2 years,52076,Forecasting; Logistics; Data Analysis,12th Pass,2026-07-03,Contract,Hybrid
JOB_03443,Training Coordinator,Flipkart,Automotive,Satara,5-8 years,224745,Curriculum Design; Assessment; Training Delivery; Communication,Post Graduate,2026-08-08,Contract,Yes
JOB_03444,Supply Chain Analyst,Accenture,Automotive,Amravati,Fresher,25523,Logistics; Inventory Management; Data Analysis,Graduate,2026-06-09,Contract,Yes
JOB_03445,Technician,HDFC Bank,IT Services,Jalgaon,0-2 years,50208,Mechanical Systems; Troubleshooting; Equipment Maintenance; Safety,10th Pass,2026-06-08,Full-time,Hybrid
JOB_03446,Machine Operator,Larsen & Toubro,FMCG,Pune,5-8 years,170261,CNC Operation; Production Planning; Machine Maintenance; Safety Standards; Quality Control,Post Graduate,2026-08-12,Internship,Hybrid
JOB_03447,Cybersecurity Analyst,ICICI Bank,Logistics,Sangli,5-8 years,119725,Risk Assessment; Network Security; Compliance; Firewall,Diploma,2026-06-29,Part-time,No
JOB_03448,Digital Marketing Executive,Zerodha,Pharmaceuticals,Latur,0-2 years,52135,Social Media Marketing; Content Marketing; SEM,Graduate,2026-08-20,Full-time,Hybrid
JOB_03449,Full Stack Developer,Flipkart,IT Services,Dhule,5-8 years,190127,MongoDB; Node.js; REST API; SQL; HTML/CSS; JavaScript,Graduate,2026-07-27,Contract,No
JOB_03450,Training Coordinator,Crompton Greaves,Logistics,Ahmednagar,2-5 years,117089,Training Delivery; LMS; Curriculum Design,Diploma,2026-06-28,Part-time,No
JOB_03451,Content Writer,Infosys,IT Services,Parbhani,0-2 years,44543,SEO; Editing; WordPress; Content Writing; Copywriting,Diploma,2026-06-26,Internship,Hybrid
JOB_03452,Warehouse Supervisor,Apollo Hospitals,Media & Entertainment,Dhule,Fresher,17245,Inventory Management; WMS; Logistics; Team Leadership,10th Pass,2026-07-01,Full-time,Hybrid
JOB_03453,DevOps Engineer,Narayana Health,FMCG,Jalgaon,2-5 years,76899,Kubernetes; AWS; Jenkins; Linux,12th Pass,2026-08-02,Full-time,Hybrid
JOB_03454,HR Coordinator,HDFC Bank,Banking & Finance,Ahmednagar,0-2 years,37450,Payroll; HRMS; Recruitment; Communication; Employee Relations,Post Graduate,2026-07-09,Part-time,Hybrid
JOB_03455,Warehouse Supervisor,TCS,Education,Jalna,0-2 years,43165,Inventory Management; Team Leadership; WMS; Logistics,Graduate,2026-06-24,Full-time,No
JOB_03456,Full Stack Developer,Mahindra & Mahindra,Automotive,Ahmednagar,5-8 years,245485,REST API; React; SQL; MongoDB,Post Graduate,2026-08-23,Part-time,Hybrid
JOB_03457,Supply Chain Analyst,Flipkart,Construction,Osmanabad,0-2 years,47633,Forecasting; Data Analysis; Excel; Logistics; Inventory Management; SAP,10th Pass,2026-08-09,Part-time,No
JOB_03458,Retail Associate,Bajaj Finserv,IT Services,Bhiwandi,8+ years,455161,Customer Service; Sales; Cash Handling,12th Pass,2026-08-27,Full-time,Hybrid
JOB_03459,Cybersecurity Analyst,Crompton Greaves,Banking & Finance,Jalna,0-2 years,45301,Risk Assessment; Firewall; Compliance; Network Security; SIEM; Penetration Testing,Graduate,2026-06-20,Internship,Yes
JOB_03460,Accountant,PhonePe,Banking & Finance,Jalna,2-5 years,82529,GST; Financial Reporting; Tally,Graduate,2026-06-21,Internship,No
JOB_03461,Electrician,Razorpay,Telecommunications,Solapur,Fresher,33590,Circuit Design; Troubleshooting; Safety Standards; Electrical Wiring; Equipment Maintenance,Graduate,2026-08-07,Part-time,Yes
JOB_03462,Nurse,Razorpay,Banking & Finance,Beed,5-8 years,164247,Vital Signs; Medication Administration; Patient Care; Medical Procedures,10th Pass,2026-07-13,Part-time,Yes
JOB_03463,Project Coordinator,Unacademy,E-commerce,Pune,0-2 years,47325,Coordination; MS Office; Project Management; Documentation; Agile,Post Graduate,2026-07-11,Part-time,Yes
JOB_03464,Medical Lab Technician,Infosys,Banking & Finance,Parbhani,5-8 years,122191,Safety; Equipment Operation; Sample Collection; Quality Control; Lab Testing,Graduate,2026-07-31,Part-time,Hybrid
JOB_03465,Teacher,Godrej Industries,Logistics,Sangli,Fresher,21604,Classroom Management; Lesson Planning; Communication,Post Graduate,2026-07-13,Contract,Hybrid
JOB_03466,HR Coordinator,ABB India,Retail,Jalna,2-5 years,59204,HRMS; Employee Relations; Payroll; Communication,Post Graduate,2026-07-05,Part-time,No
JOB_03467,HR Coordinator,Max Healthcare,FMCG,Mumbai,5-8 years,162961,Payroll; Communication; Recruitment; Compliance,10th Pass,2026-07-14,Full-time,No
JOB_03468,Customer Support Specialist,Tech Mahindra,Pharmaceuticals,Jalgaon,5-8 years,208844,Customer Service; CRM; Zendesk; Communication,Post Graduate,2026-07-15,Part-time,No
JOB_03469,Warehouse Supervisor,Accenture,Media & Entertainment,Ahmednagar,2-5 years,109360,Logistics; WMS; Inventory Management; Team Leadership; Safety Standards,12th Pass,2026-07-05,Contract,Hybrid
JOB_03470,DevOps Engineer,ABB India,Telecommunications,Sangli,8+ years,300585,Linux; Jenkins; CI/CD; Python,Diploma,2026-07-10,Contract,Hybrid
JOB_03471,Teacher,HDFC Bank,FMCG,Solapur,8+ years,339973,Assessment; Lesson Planning; Classroom Management; Curriculum Development; Communication,Graduate,2026-07-25,Part-time,No
JOB_03472,Medical Lab Technician,HCL,E-commerce,Parbhani,5-8 years,187258,Quality Control; Sample Collection; Equipment Operation,10th Pass,2026-06-21,Full-time,No
JOB_03473,Logistics Coordinator,TCS,Healthcare,Raigad,Fresher,15083,Tracking Systems; Documentation; Transportation Management; Coordination,10th Pass,2026-08-07,Full-time,No
JOB_03474,Business Analyst,Accenture,Construction,Sangli,5-8 years,234350,Process Mapping; Requirements Gathering; Agile; SQL,Diploma,2026-07-18,Contract,Yes
JOB_03475,Software Developer,Cognizant,Automotive,Ahmednagar,8+ years,308330,Python; REST API; SQL; Git; Java; JavaScript,Graduate,2026-06-10,Part-time,Yes
JOB_03476,Welder,Flipkart,Construction,Pune,2-5 years,55610,TIG Welding; Blueprint Reading; Arc Welding; MIG Welding,12th Pass,2026-08-27,Contract,No
JOB_03477,Customer Support Specialist,Zerodha,Education,Akola,2-5 years,51409,Zendesk; Problem Solving; CRM; Communication; Customer Service,12th Pass,2026-06-09,Full-time,No
JOB_03478,Content Writer,Siemens,Logistics,Akola,Fresher,33751,Editing; Copywriting; Content Writing; Research,Graduate,2026-07-15,Full-time,Hybrid
JOB_03479,Accountant,Max Healthcare,Media & Entertainment,Nashik,5-8 years,120784,Financial Reporting; GST; Excel,12th Pass,2026-07-10,Internship,Yes
JOB_03480,Nurse,Godrej Industries,Pharmaceuticals,Jalgaon,0-2 years,58440,Vital Signs; Emergency Care; Medication Administration; Patient Care,Diploma,2026-08-25,Part-time,Yes
JOB_03481,Logistics Coordinator,Unacademy,Manufacturing,Satara,5-8 years,104378,Communication; Coordination; Documentation; Tracking Systems,10th Pass,2026-07-17,Part-time,No
JOB_03482,Logistics Coordinator,Infosys,Manufacturing,Ahmednagar,0-2 years,45335,Documentation; Coordination; Communication,10th Pass,2026-06-19,Internship,Hybrid
JOB_03483,Content Writer,HCL,Telecommunications,Raigad,5-8 years,235666,Editing; Research; Copywriting,Graduate,2026-06-25,Contract,Yes
JOB_03484,Full Stack Developer,Max Healthcare,Healthcare,Amravati,Fresher,27790,REST API; Node.js; Git; JavaScript; React,10th Pass,2026-08-20,Part-time,No
JOB_03485,Welder,Flipkart,Construction,Solapur,Fresher,22059,Blueprint Reading; MIG Welding; Arc Welding; Safety Standards; TIG Welding,Post Graduate,2026-08-27,Full-time,Yes
JOB_03486,Machine Learning Engineer,Unacademy,Automotive,Akola,2-5 years,94910,Python; Scikit-learn; TensorFlow,12th Pass,2026-07-15,Internship,Yes
JOB_03487,Project Coordinator,Fortis Healthcare,Construction,Pune,0-2 years,37981,MS Office; Documentation; Agile; Coordination,Graduate,2026-07-10,Contract,Yes
JOB_03488,Project Coordinator,Cognizant,Healthcare,Jalgaon,Fresher,34005,MS Office; Agile; Coordination; Communication; Documentation; Project Management,Post Graduate,2026-06-12,Part-time,Hybrid
JOB_03489,Project Coordinator,Fortis Healthcare,Logistics,Sangli,0-2 years,45552,MS Office; Project Management; Agile; Communication,12th Pass,2026-07-24,Full-time,Yes
JOB_03490,Software Developer,ABB India,Education,Jalgaon,8+ years,345663,JavaScript; Git; Agile,Post Graduate,2026-07-28,Part-time,No
JOB_03491,Medical Lab Technician,Narayana Health,Automotive,Chandrapur,8+ years,402837,Lab Testing; Sample Collection; Equipment Operation; Quality Control,Diploma,2026-07-04,Internship,Hybrid
JOB_03492,Welder,TCS,Telecommunications,Dhule,8+ years,355722,Blueprint Reading; Safety Standards; Arc Welding; TIG Welding,10th Pass,2026-08-20,Part-time,No
JOB_03493,Fitter,Godrej Industries,Automotive,Raigad,Fresher,30285,Precision Tools; Maintenance; Blueprint Reading,Post Graduate,2026-07-31,Internship,Yes
JOB_03494,HR Coordinator,Crompton Greaves,Education,Latur,0-2 years,29177,Compliance; HRMS; Employee Relations; Communication; Payroll,10th Pass,2026-08-28,Contract,No
JOB_03495,HR Coordinator,Zerodha,Education,Bhiwandi,0-2 years,41101,Employee Relations; Communication; Recruitment,Graduate,2026-06-18,Contract,No
JOB_03496,Nurse,Unacademy,Telecommunications,Kolhapur,Fresher,25293,Emergency Care; Patient Care; Vital Signs,10th Pass,2026-07-14,Full-time,Hybrid
JOB_03497,Teacher,Apollo Hospitals,Telecommunications,Bhiwandi,Fresher,26738,Assessment; Curriculum Development; Lesson Planning; Classroom Management,Graduate,2026-09-01,Part-time,Hybrid
JOB_03498,Machine Operator,Reliance Jio,Manufacturing,Amravati,8+ years,406786,Safety Standards; Production Planning; Quality Control; Machine Maintenance,Graduate,2026-08-04,Internship,No
JOB_03499,Digital Marketing Executive,Reliance Jio,Retail,Dhule,8+ years,318731,Email Marketing; Social Media Marketing; Content Marketing; SEO; SEM; Google Analytics,12th Pass,2026-06-25,Part-time,Hybrid
JOB_03500,Cloud Engineer,HDFC Bank,E-commerce,Mumbai,0-2 years,26784,GCP; Terraform; Linux; Kubernetes; Docker; Azure,Diploma,2026-06-18,Internship,No
JOB_03501,Customer Support Specialist,Paytm,Logistics,Nanded,2-5 years,88920,CRM; Problem Solving; Zendesk,Post Graduate,2026-08-01,Contract,Hybrid
JOB_03502,Machine Operator,Cognizant,E-commerce,Jalgaon,2-5 years,56343,Safety Standards; Production Planning; CNC Operation,Graduate,2026-06-27,Full-time,Hybrid
JOB_03503,UI/UX Designer,Bajaj Finserv,Media & Entertainment,Satara,8+ years,285406,User Research; Adobe XD; HTML/CSS; Figma; Prototyping,Diploma,2026-09-02,Part-time,No
JOB_03504,Sales Executive,Larsen & Toubro,Retail,Jalgaon,Fresher,17609,Lead Generation; Customer Relationship; Communication; CRM; Negotiation,Post Graduate,2026-06-20,Part-time,Yes
JOB_03505,Digital Marketing Executive,Crompton Greaves,IT Services,Aurangabad,2-5 years,69056,SEO; Google Analytics; Social Media Marketing; SEM; Content Marketing,12th Pass,2026-07-07,Internship,Yes
JOB_03506,Machine Operator,Unacademy,Energy,Parbhani,0-2 years,46543,Production Planning; Machine Maintenance; CNC Operation; Quality Control; Safety Standards,10th Pass,2026-07-11,Contract,Yes
JOB_03507,Software Developer,Tata Motors,Education,Bhiwandi,Fresher,20742,Microservices; SQL; REST API; Python; Agile,Diploma,2026-06-23,Full-time,Hybrid
JOB_03508,Accountant,TCS,Healthcare,Nagpur,2-5 years,113810,Taxation; GST; Tally,Post Graduate,2026-08-04,Internship,No
JOB_03509,Medical Lab Technician,Mahindra & Mahindra,Construction,Amravati,0-2 years,29164,Equipment Operation; Safety; Sample Collection; Quality Control,Graduate,2026-08-19,Part-time,Hybrid
JOB_03510,Machine Learning Engineer,Reliance Jio,Retail,Chandrapur,5-8 years,234483,PyTorch; Deep Learning; Python; SQL; NLP,Post Graduate,2026-06-17,Full-time,No
JOB_03511,Technician,ICICI Bank,Manufacturing,Akola,0-2 years,59927,Electrical Systems; Troubleshooting; Mechanical Systems; Safety; Equipment Maintenance,12th Pass,2026-06-11,Full-time,No
JOB_03512,Retail Associate,Bajaj Finserv,FMCG,Nagpur,8+ years,334907,Inventory Management; Cash Handling; Sales; Customer Service; Communication,12th Pass,2026-08-30,Contract,Hybrid
JOB_03513,Digital Marketing Executive,Siemens,IT Services,Raigad,8+ years,227153,Email Marketing; Content Marketing; SEM; Google Analytics; Social Media Marketing,Diploma,2026-07-22,Contract,No
JOB_03514,Retail Associate,IBM,IT Services,Nagpur,2-5 years,64240,Communication; Customer Service; Inventory Management; Sales,10th Pass,2026-08-23,Contract,Hybrid
JOB_03515,HR Coordinator,Unacademy,E-commerce,Beed,0-2 years,42882,HRMS; Recruitment; Compliance; Payroll; Employee Relations,Diploma,2026-07-18,Part-time,Hybrid
JOB_03516,Nurse,IBM,Telecommunications,Sangli,2-5 years,52210,Medication Administration; Emergency Care; Vital Signs,10th Pass,2026-08-28,Part-time,Hybrid
JOB_03517,Logistics Coordinator,Larsen & Toubro,Media & Entertainment,Nashik,0-2 years,25989,Tracking Systems; Coordination; Transportation Management,Post Graduate,2026-07-23,Full-time,Yes
JOB_03518,Cybersecurity Analyst,ICICI Bank,E-commerce,Beed,2-5 years,97750,Firewall; Penetration Testing; Network Security; Risk Assessment,Diploma,2026-07-19,Internship,Yes
JOB_03519,Teacher,Paytm,Manufacturing,Jalgaon,8+ years,320290,Communication; Assessment; Curriculum Development; Lesson Planning,Post Graduate,2026-06-20,Contract,Yes
JOB_03520,Digital Marketing Executive,Larsen & Toubro,Banking & Finance,Nanded,Fresher,32345,Social Media Marketing; Content Marketing; Email Marketing; Google Analytics; SEO,10th Pass,2026-09-03,Contract,No
JOB_03521,UI/UX Designer,Unacademy,Telecommunications,Kolhapur,8+ years,389459,Figma; Wireframing; HTML/CSS; Prototyping,10th Pass,2026-06-16,Contract,No
JOB_03522,Logistics Coordinator,Godrej Industries,Manufacturing,Chandrapur,Fresher,30327,Documentation; Communication; Tracking Systems; Coordination,Post Graduate,2026-09-04,Part-time,No
JOB_03523,Cloud Engineer,PhonePe,Logistics,Beed,8+ years,269288,Terraform; Networking; GCP; AWS; Kubernetes,12th Pass,2026-08-31,Contract,Hybrid
JOB_03524,Training Coordinator,Mahindra & Mahindra,Retail,Pune,0-2 years,51142,Training Delivery; Assessment; Curriculum Design; LMS; Communication,10th Pass,2026-08-02,Contract,No
JOB_03525,Supply Chain Analyst,Flipkart,IT Services,Satara,0-2 years,56304,Logistics; Forecasting; Data Analysis; Excel,Graduate,2026-08-05,Internship,Yes
JOB_03526,Training Coordinator,TCS,Banking & Finance,Beed,8+ years,408437,Curriculum Design; Training Delivery; Assessment,Post Graduate,2026-07-04,Full-time,Hybrid
JOB_03527,Content Writer,Mahindra & Mahindra,Media & Entertainment,Beed,8+ years,420356,Research; Content Writing; WordPress; SEO,12th Pass,2026-07-31,Full-time,Yes
JOB_03528,Supply Chain Analyst,Larsen & Toubro,E-commerce,Kolhapur,8+ years,255782,Logistics; Inventory Management; Forecasting; Excel; Data Analysis; SAP,Post Graduate,2026-06-09,Full-time,Hybrid
JOB_03529,Software Developer,Fortis Healthcare,Banking & Finance,Raigad,Fresher,33636,JavaScript; Python; Microservices; Java,Graduate,2026-08-30,Internship,No
JOB_03530,Digital Marketing Executive,Tata Motors,Healthcare,Dhule,5-8 years,177795,Content Marketing; Social Media Marketing; SEO,10th Pass,2026-08-17,Part-time,Yes
JOB_03531,Content Writer,ICICI Bank,E-commerce,Aurangabad,5-8 years,109997,Research; Copywriting; Editing; SEO; Content Writing,Graduate,2026-07-18,Internship,Yes
JOB_03532,Accountant,Bajaj Finserv,Logistics,Beed,5-8 years,132046,Taxation; QuickBooks; Financial Reporting; Excel; Tally; Accounting,Graduate,2026-06-27,Full-time,Yes
JOB_03533,HR Coordinator,Infosys,Telecommunications,Satara,0-2 years,31227,Employee Relations; Payroll; Recruitment; Communication; Compliance,Graduate,2026-07-08,Contract,No
JOB_03534,Machine Learning Engineer,Byju's,Pharmaceuticals,Beed,5-8 years,217928,SQL; Deep Learning; PyTorch; Scikit-learn; TensorFlow,Graduate,2026-06-21,Part-time,Hybrid
JOB_03535,Cybersecurity Analyst,Vedantu,Energy,Beed,5-8 years,105434,Compliance; Risk Assessment; SIEM; Penetration Testing; Network Security,10th Pass,2026-06-22,Part-time,Hybrid
JOB_03536,Medical Lab Technician,Godrej Industries,Telecommunications,Jalna,5-8 years,241045,Quality Control; Equipment Operation; Lab Testing; Safety; Sample Collection,Diploma,2026-09-04,Contract,Yes
JOB_03537,Business Analyst,Infosys,Education,Amravati,2-5 years,53074,SQL; Process Mapping; JIRA; Requirements Gathering,12th Pass,2026-08-16,Internship,No
JOB_03538,Sales Executive,Larsen & Toubro,Healthcare,Chandrapur,2-5 years,77632,Customer Relationship; Lead Generation; Negotiation; CRM; Communication,Post Graduate,2026-06-29,Contract,Yes
JOB_03539,Cloud Engineer,HDFC Bank,IT Services,Aurangabad,5-8 years,224439,Linux; Kubernetes; Azure; AWS,12th Pass,2026-08-13,Part-time,Hybrid
JOB_03540,Cybersecurity Analyst,HCL,FMCG,Bhiwandi,Fresher,18516,Risk Assessment; Network Security; Firewall; SIEM; Compliance,Diploma,2026-08-14,Full-time,No
JOB_03541,Full Stack Developer,Narayana Health,Manufacturing,Pune,0-2 years,32013,REST API; React; JavaScript; HTML/CSS; Git; MongoDB,12th Pass,2026-06-07,Full-time,Yes
JOB_03542,Fitter,Vedantu,Retail,Nashik,8+ years,375020,Blueprint Reading; Precision Tools; Mechanical Fitting; Assembly,12th Pass,2026-08-16,Internship,Yes
JOB_03543,Medical Lab Technician,Tech Mahindra,IT Services,Nashik,5-8 years,237882,Lab Testing; Quality Control; Equipment Operation; Sample Collection,12th Pass,2026-06-14,Contract,No
JOB_03544,Warehouse Supervisor,Godrej Industries,Logistics,Nashik,2-5 years,93998,Logistics; WMS; Team Leadership,12th Pass,2026-08-11,Contract,Yes
JOB_03545,Sales Executive,Vedantu,Logistics,Akola,0-2 years,39490,Customer Relationship; Lead Generation; Communication; Negotiation,10th Pass,2026-06-09,Contract,Yes
JOB_03546,Content Writer,Axis Bank,Pharmaceuticals,Pune,5-8 years,107899,WordPress; SEO; Research; Copywriting,Diploma,2026-08-23,Full-time,Hybrid
JOB_03547,Customer Support Specialist,Unacademy,FMCG,Yavatmal,Fresher,22290,Communication; CRM; Zendesk; Customer Service; Problem Solving,Post Graduate,2026-08-17,Full-time,Hybrid
JOB_03548,Full Stack Developer,Amazon,Manufacturing,Parbhani,5-8 years,160276,React; HTML/CSS; JavaScript; Node.js; SQL; MongoDB,10th Pass,2026-08-06,Contract,Yes
JOB_03549,Content Writer,Infosys,Retail,Yavatmal,0-2 years,51779,Editing; WordPress; Content Writing; SEO,Graduate,2026-07-16,Part-time,Yes
JOB_03550,Training Coordinator,HCL,Manufacturing,Bhiwandi,8+ years,304875,LMS; Curriculum Design; Assessment,10th Pass,2026-07-31,Part-time,No
JOB_03551,Cybersecurity Analyst,Razorpay,IT Services,Ahmednagar,2-5 years,88639,Firewall; Risk Assessment; Penetration Testing; Compliance; SIEM; Network Security,Diploma,2026-06-07,Full-time,Hybrid
JOB_03552,Accountant,Amazon,Banking & Finance,Dhule,5-8 years,174986,Financial Reporting; GST; Excel; Tally; QuickBooks; Taxation,Diploma,2026-07-03,Part-time,Hybrid
JOB_03553,Machine Operator,Narayana Health,Telecommunications,Aurangabad,0-2 years,36288,Quality Control; Safety Standards; CNC Operation,Diploma,2026-06-22,Full-time,No
JOB_03554,Technician,Wipro,Telecommunications,Bhiwandi,0-2 years,49748,Electrical Systems; Safety; Mechanical Systems; Equipment Maintenance,12th Pass,2026-08-18,Internship,Yes
JOB_03555,Cybersecurity Analyst,ABB India,Telecommunications,Solapur,Fresher,27889,Penetration Testing; Risk Assessment; Firewall,Post Graduate,2026-07-15,Contract,Yes
JOB_03556,Machine Learning Engineer,Unacademy,Energy,Satara,Fresher,20967,PyTorch; Scikit-learn; Deep Learning; NLP; SQL,Diploma,2026-08-19,Internship,Hybrid
JOB_03557,Content Writer,Capgemini,Retail,Akola,8+ years,441893,Content Writing; Research; Copywriting; WordPress,Post Graduate,2026-08-22,Contract,Hybrid
JOB_03558,Technician,Crompton Greaves,Manufacturing,Beed,0-2 years,25465,Mechanical Systems; Equipment Maintenance; Electrical Systems; Troubleshooting,Graduate,2026-06-16,Contract,No
JOB_03559,Machine Learning Engineer,Razorpay,IT Services,Osmanabad,2-5 years,65077,Scikit-learn; NLP; PyTorch; Deep Learning; SQL; TensorFlow,10th Pass,2026-08-07,Part-time,Yes
JOB_03560,UI/UX Designer,Wipro,Logistics,Ahmednagar,5-8 years,241730,Adobe XD; Sketch; User Research; Wireframing,Post Graduate,2026-08-13,Contract,No
JOB_03561,DevOps Engineer,Capgemini,Retail,Bhiwandi,2-5 years,90529,AWS; Kubernetes; Docker,12th Pass,2026-08-22,Internship,Hybrid
JOB_03562,Medical Lab Technician,Max Healthcare,Banking & Finance,Jalgaon,2-5 years,54273,Lab Testing; Safety; Equipment Operation; Quality Control,Graduate,2026-06-13,Contract,Hybrid
JOB_03563,Logistics Coordinator,Accenture,Construction,Kolhapur,5-8 years,236256,Coordination; Documentation; Tracking Systems,Diploma,2026-08-03,Full-time,Hybrid
JOB_03564,Cloud Engineer,Zerodha,Banking & Finance,Chandrapur,0-2 years,46082,Terraform; Docker; Linux; AWS,10th Pass,2026-07-17,Contract,Yes
JOB_03565,Medical Lab Technician,Cognizant,Construction,Mumbai,8+ years,207344,Equipment Operation; Safety; Sample Collection; Quality Control,Graduate,2026-06-29,Part-time,Yes
JOB_03566,Nurse,Flipkart,E-commerce,Satara,8+ years,370809,Patient Care; Vital Signs; Medical Procedures; Emergency Care; Medication Administration,Diploma,2026-06-25,Full-time,Yes
JOB_03567,Retail Associate,Vedantu,Retail,Kolhapur,8+ years,491030,Inventory Management; Sales; Cash Handling; Communication,Post Graduate,2026-07-09,Full-time,Yes
JOB_03568,Cybersecurity Analyst,Siemens,Retail,Dhule,8+ years,204272,Firewall; Network Security; Risk Assessment; SIEM,10th Pass,2026-07-20,Full-time,Hybrid
JOB_03569,Pharmacy Assistant,PhonePe,IT Services,Jalna,Fresher,25884,Customer Service; Medication Dispensing; Inventory Management,12th Pass,2026-08-11,Part-time,Hybrid
JOB_03570,Content Writer,Zerodha,Construction,Raigad,8+ years,205285,WordPress; SEO; Content Writing; Research,Graduate,2026-07-08,Full-time,Hybrid
JOB_03571,Digital Marketing Executive,Flipkart,E-commerce,Nanded,5-8 years,202652,Email Marketing; Content Marketing; Social Media Marketing; SEM,Graduate,2026-08-14,Contract,No
JOB_03572,Digital Marketing Executive,Tech Mahindra,Automotive,Osmanabad,2-5 years,109551,Social Media Marketing; SEO; SEM,10th Pass,2026-08-18,Part-time,Hybrid
JOB_03573,Welder,Max Healthcare,Healthcare,Aurangabad,2-5 years,101176,Blueprint Reading; MIG Welding; Safety Standards; Arc Welding,10th Pass,2026-08-10,Internship,Hybrid
JOB_03574,Machine Operator,Siemens,Manufacturing,Satara,2-5 years,81425,CNC Operation; Production Planning; Quality Control; Safety Standards; Machine Maintenance,Diploma,2026-07-20,Contract,No
JOB_03575,Pharmacy Assistant,Axis Bank,Education,Jalna,0-2 years,30350,Customer Service; Inventory Management; Medication Dispensing; Pharmacy Software,10th Pass,2026-06-12,Full-time,No
JOB_03576,Sales Executive,Apollo Hospitals,Healthcare,Parbhani,8+ years,342540,Negotiation; Lead Generation; CRM,10th Pass,2026-06-22,Full-time,Hybrid
JOB_03577,Pharmacy Assistant,Tech Mahindra,Retail,Jalgaon,8+ years,298095,Inventory Management; Pharmacy Software; Medication Dispensing; Customer Service,10th Pass,2026-07-07,Full-time,No
JOB_03578,Sales Executive,Accenture,FMCG,Bhiwandi,2-5 years,71199,Customer Relationship; CRM; Negotiation,Diploma,2026-07-01,Contract,Hybrid
JOB_03579,Full Stack Developer,Zerodha,Education,Raigad,8+ years,420666,JavaScript; Git; REST API; SQL; React,10th Pass,2026-08-12,Internship,No
JOB_03580,Warehouse Supervisor,Paytm,Construction,Mumbai,8+ years,211798,Inventory Management; WMS; Logistics,12th Pass,2026-07-21,Full-time,Yes
JOB_03581,Fitter,ICICI Bank,FMCG,Jalgaon,5-8 years,186553,Precision Tools; Assembly; Blueprint Reading; Mechanical Fitting; Maintenance,Diploma,2026-07-22,Internship,Hybrid
JOB_03582,Software Developer,Byju's,Energy,Sangli,8+ years,494715,Python; Microservices; JavaScript,Post Graduate,2026-08-21,Part-time,No
JOB_03583,Pharmacy Assistant,Reliance Jio,Education,Sangli,0-2 years,33874,Pharmacy Software; Inventory Management; Medication Dispensing; Customer Service,Graduate,2026-07-22,Full-time,No
JOB_03584,Teacher,Crompton Greaves,Pharmaceuticals,Aurangabad,5-8 years,224004,Assessment; Lesson Planning; Communication; Classroom Management,12th Pass,2026-06-08,Part-time,No
JOB_03585,Electrician,Godrej Industries,Logistics,Parbhani,5-8 years,187372,Circuit Design; Electrical Wiring; Safety Standards; Troubleshooting,Post Graduate,2026-07-10,Full-time,Hybrid
JOB_03586,Cloud Engineer,Max Healthcare,Healthcare,Pune,Fresher,23655,Terraform; GCP; Linux; AWS; Kubernetes,Graduate,2026-08-18,Part-time,Yes
JOB_03587,Business Analyst,Zerodha,Media & Entertainment,Akola,Fresher,21135,Process Mapping; Excel; Agile; JIRA; Power BI,12th Pass,2026-07-02,Internship,No
JOB_03588,Project Coordinator,Larsen & Toubro,Manufacturing,Latur,5-8 years,184875,Documentation; Coordination; MS Office; Agile,10th Pass,2026-07-17,Contract,Yes
JOB_03589,Warehouse Supervisor,Tata Motors,Telecommunications,Dhule,5-8 years,181233,WMS; Team Leadership; Logistics; Safety Standards,12th Pass,2026-07-01,Full-time,Yes
JOB_03590,Data Analyst,Reliance Jio,Manufacturing,Pune,Fresher,23169,Tableau; Power BI; Statistics; Excel; NumPy,Diploma,2026-08-05,Internship,Hybrid
JOB_03591,Quality Analyst,Mahindra & Mahindra,Construction,Aurangabad,2-5 years,90811,Manual Testing; SQL; Testing; JIRA; Bug Tracking,Graduate,2026-07-19,Contract,Hybrid
JOB_03592,Warehouse Supervisor,HDFC Bank,Logistics,Amravati,5-8 years,127762,Safety Standards; Logistics; WMS,10th Pass,2026-08-27,Full-time,Hybrid
JOB_03593,Content Writer,Unacademy,Energy,Amravati,Fresher,20358,WordPress; Editing; Copywriting; SEO; Research,10th Pass,2026-08-13,Full-time,Hybrid
JOB_03594,Business Analyst,Amazon,Education,Beed,0-2 years,55163,Requirements Gathering; Agile; JIRA,Graduate,2026-07-07,Full-time,Hybrid
JOB_03595,Software Developer,Fortis Healthcare,Logistics,Osmanabad,Fresher,32875,Git; REST API; Java; SQL; Python; Agile,Graduate,2026-06-17,Contract,Hybrid
JOB_03596,DevOps Engineer,Mahindra & Mahindra,Healthcare,Nashik,5-8 years,180154,CI/CD; AWS; Kubernetes; Ansible; Docker; Python,12th Pass,2026-07-05,Part-time,Hybrid
JOB_03597,Quality Analyst,Narayana Health,Construction,Nagpur,5-8 years,220430,Agile; Bug Tracking; SQL,Diploma,2026-07-17,Contract,Hybrid
JOB_03598,Technician,Godrej Industries,Healthcare,Bhiwandi,Fresher,25422,Safety; Mechanical Systems; Electrical Systems,Graduate,2026-08-15,Internship,Hybrid
JOB_03599,Warehouse Supervisor,Infosys,Energy,Beed,Fresher,15650,Team Leadership; Inventory Management; Safety Standards; WMS,Diploma,2026-07-19,Internship,No
JOB_03600,Data Analyst,Crompton Greaves,Media & Entertainment,Beed,0-2 years,49532,Statistics; Tableau; Power BI; NumPy; Excel,Graduate,2026-06-24,Part-time,No
JOB_03601,Quality Analyst,Wipro,Logistics,Kolhapur,Fresher,26421,SQL; Selenium; Testing; Agile,Diploma,2026-06-22,Full-time,Yes
JOB_03602,Warehouse Supervisor,Mahindra & Mahindra,Manufacturing,Raigad,0-2 years,36870,Team Leadership; WMS; Inventory Management; Safety Standards; Logistics,Diploma,2026-07-30,Contract,No
JOB_03603,Digital Marketing Executive,Reliance Jio,FMCG,Dhule,Fresher,31853,Google Analytics; SEM; Email Marketing; SEO; Content Marketing; Social Media Marketing,Post Graduate,2026-07-14,Part-time,No
JOB_03604,Retail Associate,ICICI Bank,Banking & Finance,Aurangabad,Fresher,16457,Inventory Management; Customer Service; Cash Handling; Communication,Graduate,2026-07-18,Internship,No
JOB_03605,Cybersecurity Analyst,ICICI Bank,Healthcare,Sangli,2-5 years,77270,Compliance; Firewall; Network Security; Risk Assessment; Penetration Testing,Diploma,2026-08-04,Internship,No
JOB_03606,Digital Marketing Executive,Reliance Jio,Automotive,Beed,5-8 years,123105,SEO; SEM; Google Analytics; Email Marketing; Social Media Marketing; Content Marketing,Post Graduate,2026-08-01,Contract,Yes
JOB_03607,Supply Chain Analyst,HDFC Bank,Construction,Beed,0-2 years,36106,Data Analysis; Logistics; Excel; SAP; Forecasting; Inventory Management,Graduate,2026-07-17,Part-time,Hybrid
JOB_03608,Cybersecurity Analyst,Zerodha,E-commerce,Jalgaon,2-5 years,97211,SIEM; Network Security; Compliance; Firewall,Graduate,2026-08-05,Internship,Yes
JOB_03609,Project Coordinator,Infosys,IT Services,Kolhapur,Fresher,20410,Documentation; Coordination; Communication; MS Office; Agile,Diploma,2026-08-10,Full-time,Hybrid
JOB_03610,Supply Chain Analyst,Max Healthcare,Telecommunications,Latur,Fresher,28167,SAP; Logistics; Data Analysis; Forecasting,10th Pass,2026-08-05,Contract,Hybrid
JOB_03611,Electrician,Amazon,Telecommunications,Jalna,Fresher,34000,Circuit Design; Troubleshooting; Equipment Maintenance; Safety Standards,Graduate,2026-06-25,Full-time,No
JOB_03612,Retail Associate,ICICI Bank,Energy,Parbhani,2-5 years,66485,Communication; Customer Service; Sales,12th Pass,2026-07-15,Full-time,Hybrid
JOB_03613,Technician,Crompton Greaves,Education,Mumbai,2-5 years,91239,Electrical Systems; Equipment Maintenance; Mechanical Systems; Troubleshooting,Diploma,2026-09-03,Internship,Hybrid
JOB_03614,Medical Lab Technician,Siemens,Telecommunications,Latur,5-8 years,240222,Safety; Lab Testing; Equipment Operation; Sample Collection; Quality Control,10th Pass,2026-07-16,Internship,Hybrid
JOB_03615,Retail Associate,HDFC Bank,E-commerce,Solapur,0-2 years,26189,Sales; Customer Service; Communication; Cash Handling,12th Pass,2026-08-28,Part-time,Hybrid
JOB_03616,Digital Marketing Executive,Wipro,Energy,Nashik,8+ years,326971,Content Marketing; Social Media Marketing; SEO; Google Analytics; Email Marketing; SEM,10th Pass,2026-07-23,Full-time,Hybrid
JOB_03617,Nurse,Amazon,Energy,Jalgaon,Fresher,19377,Medical Procedures; Vital Signs; Patient Care,Post Graduate,2026-08-17,Part-time,Hybrid
JOB_03618,Accountant,TCS,Pharmaceuticals,Sangli,Fresher,19468,Financial Reporting; GST; QuickBooks; Taxation,Diploma,2026-08-17,Part-time,Yes
JOB_03619,Full Stack Developer,Amazon,Healthcare,Mumbai,0-2 years,37496,JavaScript; REST API; Git; HTML/CSS,12th Pass,2026-08-19,Part-time,Hybrid
JOB_03620,Technician,Bajaj Finserv,Manufacturing,Sangli,0-2 years,31283,Safety; Mechanical Systems; Electrical Systems,Diploma,2026-08-06,Part-time,Yes
JOB_03621,Welder,Capgemini,Construction,Dhule,2-5 years,118084,Safety Standards; MIG Welding; TIG Welding; Blueprint Reading,12th Pass,2026-07-31,Internship,No
JOB_03622,Full Stack Developer,Vedantu,Logistics,Bhiwandi,Fresher,33082,MongoDB; REST API; JavaScript; Node.js; HTML/CSS,Graduate,2026-08-11,Internship,Yes
JOB_03623,Welder,Bajaj Finserv,Media & Entertainment,Dhule,Fresher,30897,Safety Standards; Arc Welding; Blueprint Reading,Graduate,2026-08-11,Contract,No
JOB_03624,Supply Chain Analyst,Tech Mahindra,Logistics,Ahmednagar,0-2 years,46053,Inventory Management; SAP; Data Analysis; Forecasting,10th Pass,2026-06-20,Internship,Hybrid
JOB_03625,HR Coordinator,Reliance Jio,Pharmaceuticals,Amravati,5-8 years,213292,HRMS; Payroll; Compliance; Recruitment; Employee Relations,10th Pass,2026-08-14,Part-time,Yes
JOB_03626,UI/UX Designer,Axis Bank,Healthcare,Jalna,0-2 years,36573,Adobe XD; User Research; Sketch,Post Graduate,2026-08-15,Contract,Hybrid
JOB_03627,Software Developer,Paytm,Construction,Aurangabad,5-8 years,125138,Git; REST API; Python,Diploma,2026-07-31,Full-time,Yes
JOB_03628,Full Stack Developer,Reliance Jio,Automotive,Solapur,2-5 years,108035,SQL; Git; Node.js; MongoDB,Graduate,2026-06-10,Part-time,Hybrid
JOB_03629,Retail Associate,Larsen & Toubro,IT Services,Osmanabad,0-2 years,37885,Cash Handling; Sales; Inventory Management; Customer Service,12th Pass,2026-06-14,Contract,Yes
JOB_03630,Customer Support Specialist,Axis Bank,Healthcare,Akola,0-2 years,26417,Customer Service; Zendesk; CRM; Problem Solving; Communication,Post Graduate,2026-07-23,Full-time,Hybrid
JOB_03631,Machine Operator,Zerodha,Manufacturing,Akola,2-5 years,112521,Quality Control; CNC Operation; Production Planning; Safety Standards; Machine Maintenance,Post Graduate,2026-08-19,Part-time,Hybrid
JOB_03632,Retail Associate,TCS,Logistics,Mumbai,0-2 years,53556,Communication; Cash Handling; Customer Service,Diploma,2026-06-19,Contract,No
JOB_03633,Technician,Vedantu,Pharmaceuticals,Jalgaon,5-8 years,243579,Electrical Systems; Troubleshooting; Safety; Equipment Maintenance; Mechanical Systems,Diploma,2026-08-04,Internship,No
JOB_03634,Data Analyst,Fortis Healthcare,Automotive,Beed,8+ years,290551,Excel; Power BI; Statistics; Python,Post Graduate,2026-07-24,Contract,Hybrid
JOB_03635,Technician,Cognizant,FMCG,Beed,2-5 years,103802,Equipment Maintenance; Electrical Systems; Troubleshooting,Diploma,2026-08-13,Full-time,Yes
JOB_03636,Accountant,Max Healthcare,Media & Entertainment,Chandrapur,5-8 years,169548,QuickBooks; Financial Reporting; Taxation,Diploma,2026-08-29,Internship,No
JOB_03637,Supply Chain Analyst,HDFC Bank,Retail,Kolhapur,Fresher,15768,SAP; Logistics; Data Analysis; Excel; Inventory Management,Diploma,2026-07-11,Contract,Hybrid
JOB_03638,Warehouse Supervisor,Max Healthcare,Construction,Aurangabad,0-2 years,28844,Logistics; Team Leadership; Safety Standards,Post Graduate,2026-06-07,Internship,Yes
JOB_03639,Customer Support Specialist,Tata Motors,Healthcare,Osmanabad,0-2 years,51952,Communication; Customer Service; Problem Solving,Post Graduate,2026-06-28,Full-time,Hybrid
JOB_03640,Training Coordinator,Tech Mahindra,Pharmaceuticals,Kolhapur,2-5 years,102671,Curriculum Design; Communication; Training Delivery,10th Pass,2026-07-31,Internship,No
JOB_03641,HR Coordinator,HCL,Retail,Chandrapur,8+ years,322031,Compliance; Employee Relations; Communication; HRMS; Recruitment; Payroll,12th Pass,2026-08-31,Full-time,No
JOB_03642,Quality Analyst,Wipro,Pharmaceuticals,Raigad,Fresher,19430,Agile; Testing; JIRA,Diploma,2026-07-29,Full-time,No
JOB_03643,Content Writer,Crompton Greaves,E-commerce,Beed,8+ years,361161,Content Writing; Editing; Research,Graduate,2026-06-21,Full-time,No
JOB_03644,Machine Learning Engineer,HCL,Construction,Nagpur,8+ years,237427,Scikit-learn; TensorFlow; Deep Learning,10th Pass,2026-07-29,Part-time,Yes
JOB_03645,Full Stack Developer,ICICI Bank,IT Services,Satara,8+ years,230931,SQL; JavaScript; Node.js; Git; React; REST API,Graduate,2026-07-08,Contract,Hybrid
JOB_03646,Project Coordinator,Infosys,FMCG,Nagpur,0-2 years,59222,Documentation; Project Management; Communication; Coordination; MS Office,12th Pass,2026-07-01,Contract,Yes
JOB_03647,Content Writer,Byju's,Logistics,Mumbai,5-8 years,236940,WordPress; Content Writing; Copywriting; Editing; SEO,Diploma,2026-08-06,Full-time,No
JOB_03648,Content Writer,Larsen & Toubro,Banking & Finance,Nanded,Fresher,20114,WordPress; SEO; Research; Editing; Content Writing,Diploma,2026-08-27,Part-time,Hybrid
JOB_03649,Content Writer,ABB India,Banking & Finance,Nashik,Fresher,30429,Content Writing; Research; SEO,Diploma,2026-08-23,Part-time,No
JOB_03650,Welder,Capgemini,IT Services,Sangli,0-2 years,41695,Arc Welding; Safety Standards; MIG Welding; Blueprint Reading,12th Pass,2026-06-07,Part-time,No
JOB_03651,Customer Support Specialist,Wipro,Logistics,Nashik,0-2 years,34543,Zendesk; Communication; Customer Service,12th Pass,2026-09-04,Part-time,No
JOB_03652,Warehouse Supervisor,Crompton Greaves,Manufacturing,Bhiwandi,Fresher,34978,Team Leadership; Logistics; Inventory Management; WMS; Safety Standards,10th Pass,2026-07-12,Part-time,No
JOB_03653,Logistics Coordinator,Max Healthcare,IT Services,Kolhapur,0-2 years,31447,Transportation Management; Documentation; Coordination,Graduate,2026-08-01,Full-time,Hybrid
JOB_03654,Welder,Flipkart,Energy,Nashik,8+ years,296852,Blueprint Reading; Safety Standards; TIG Welding; Arc Welding; MIG Welding,10th Pass,2026-06-30,Internship,No
JOB_03655,Warehouse Supervisor,Mahindra & Mahindra,Automotive,Akola,Fresher,21282,Logistics; WMS; Safety Standards,Diploma,2026-07-28,Full-time,Yes
JOB_03656,Content Writer,Reliance Jio,Logistics,Sangli,5-8 years,172996,Editing; Research; WordPress; SEO,Graduate,2026-06-26,Full-time,Yes
JOB_03657,Sales Executive,IBM,Pharmaceuticals,Solapur,Fresher,28961,Negotiation; Communication; CRM; Lead Generation,12th Pass,2026-07-03,Internship,Hybrid
JOB_03658,Quality Analyst,Fortis Healthcare,Logistics,Yavatmal,0-2 years,41478,Bug Tracking; Testing; Agile; SQL; JIRA; Manual Testing,10th Pass,2026-08-29,Part-time,Hybrid
JOB_03659,Customer Support Specialist,Axis Bank,Healthcare,Osmanabad,Fresher,33413,Communication; CRM; Problem Solving; Customer Service; Zendesk,Post Graduate,2026-08-12,Internship,No
JOB_03660,Digital Marketing Executive,Flipkart,IT Services,Beed,5-8 years,130706,Social Media Marketing; SEM; Google Analytics,Post Graduate,2026-06-10,Internship,Hybrid
JOB_03661,Medical Lab Technician,Max Healthcare,Automotive,Pune,5-8 years,100431,Lab Testing; Safety; Quality Control; Sample Collection,Post Graduate,2026-06-10,Full-time,Hybrid
JOB_03662,Fitter,Zerodha,Retail,Yavatmal,0-2 years,39976,Blueprint Reading; Assembly; Mechanical Fitting; Maintenance,Post Graduate,2026-08-09,Contract,Yes
JOB_03663,Content Writer,Narayana Health,Construction,Osmanabad,5-8 years,109677,Research; Content Writing; Copywriting; SEO; Editing; WordPress,Graduate,2026-07-23,Full-time,Hybrid
JOB_03664,Business Analyst,Reliance Jio,Manufacturing,Ahmednagar,Fresher,31548,Agile; JIRA; Requirements Gathering,Diploma,2026-08-31,Contract,No
JOB_03665,Training Coordinator,Tech Mahindra,Automotive,Jalgaon,2-5 years,104759,Communication; Training Delivery; Assessment; Curriculum Design; LMS,12th Pass,2026-08-27,Full-time,No
JOB_03666,Software Developer,Wipro,Logistics,Satara,0-2 years,45348,Java; Git; Python; REST API; Agile; JavaScript,10th Pass,2026-06-18,Part-time,No
JOB_03667,Supply Chain Analyst,TCS,Healthcare,Sangli,8+ years,495431,Excel; Inventory Management; Data Analysis; SAP,Graduate,2026-06-07,Full-time,No
JOB_03668,Accountant,Apollo Hospitals,IT Services,Akola,5-8 years,188864,GST; Excel; Accounting,Post Graduate,2026-06-14,Full-time,No
JOB_03669,Medical Lab Technician,IBM,Media & Entertainment,Latur,5-8 years,241133,Safety; Equipment Operation; Lab Testing,10th Pass,2026-08-04,Internship,Yes
JOB_03670,Training Coordinator,HCL,Healthcare,Nanded,0-2 years,53973,Assessment; Communication; LMS; Curriculum Design,12th Pass,2026-07-20,Internship,No
JOB_03671,Pharmacy Assistant,Tech Mahindra,Media & Entertainment,Akola,0-2 years,38234,Customer Service; Pharmacy Software; Inventory Management; Medication Dispensing,Post Graduate,2026-06-20,Internship,Yes
JOB_03672,Quality Analyst,HCL,Logistics,Solapur,Fresher,21798,JIRA; Agile; Testing,10th Pass,2026-07-03,Full-time,Yes
JOB_03673,Cloud Engineer,Amazon,FMCG,Kolhapur,Fresher,23424,GCP; Networking; Azure,12th Pass,2026-08-23,Full-time,Hybrid
JOB_03674,Technician,Vedantu,Manufacturing,Mumbai,8+ years,408973,Safety; Electrical Systems; Equipment Maintenance; Troubleshooting,10th Pass,2026-08-25,Full-time,No
JOB_03675,Teacher,Crompton Greaves,Education,Sangli,5-8 years,119632,Lesson Planning; Communication; Curriculum Development; Classroom Management; Assessment,Post Graduate,2026-07-11,Part-time,Hybrid
JOB_03676,UI/UX Designer,Unacademy,E-commerce,Osmanabad,5-8 years,144400,Figma; HTML/CSS; Sketch; User Research; Prototyping; Wireframing,Graduate,2026-07-18,Part-time,Hybrid
JOB_03677,Machine Operator,Larsen & Toubro,Pharmaceuticals,Ahmednagar,2-5 years,100208,Production Planning; Machine Maintenance; CNC Operation; Safety Standards,10th Pass,2026-06-27,Internship,No
JOB_03678,Pharmacy Assistant,ICICI Bank,Energy,Nanded,8+ years,299715,Pharmacy Software; Customer Service; Inventory Management,Graduate,2026-06-19,Full-time,Yes
JOB_03679,Cybersecurity Analyst,Unacademy,Retail,Jalgaon,8+ years,333702,Compliance; SIEM; Risk Assessment,Post Graduate,2026-08-07,Internship,Yes
JOB_03680,Content Writer,HCL,Telecommunications,Satara,Fresher,34754,Research; Copywriting; SEO; Editing; WordPress,12th Pass,2026-07-27,Internship,Yes
JOB_03681,Cloud Engineer,ICICI Bank,Construction,Osmanabad,8+ years,283072,GCP; Linux; Kubernetes; AWS; Networking,10th Pass,2026-07-30,Part-time,Hybrid
JOB_03682,Supply Chain Analyst,Flipkart,Energy,Akola,8+ years,236381,Logistics; Inventory Management; Excel; SAP,Graduate,2026-08-15,Internship,No
JOB_03683,Content Writer,Max Healthcare,IT Services,Jalna,Fresher,25398,Content Writing; Research; Editing,10th Pass,2026-07-02,Internship,Hybrid
JOB_03684,Technician,Crompton Greaves,E-commerce,Osmanabad,0-2 years,46603,Electrical Systems; Mechanical Systems; Troubleshooting; Equipment Maintenance; Safety,Graduate,2026-08-03,Contract,Hybrid
JOB_03685,Full Stack Developer,Axis Bank,Media & Entertainment,Mumbai,2-5 years,52970,MongoDB; SQL; React; Node.js; REST API; HTML/CSS,Graduate,2026-06-30,Contract,No
JOB_03686,Welder,Wipro,E-commerce,Dhule,8+ years,240227,Safety Standards; TIG Welding; Arc Welding; Blueprint Reading; MIG Welding,Post Graduate,2026-07-22,Full-time,No
JOB_03687,Software Developer,Cognizant,Automotive,Satara,5-8 years,230073,Git; Agile; Microservices,12th Pass,2026-06-30,Full-time,Yes
JOB_03688,Customer Support Specialist,Axis Bank,Media & Entertainment,Jalna,Fresher,20876,CRM; Customer Service; Communication,10th Pass,2026-06-19,Part-time,Hybrid
JOB_03689,Machine Operator,Tata Motors,FMCG,Latur,2-5 years,115034,Production Planning; Machine Maintenance; CNC Operation,10th Pass,2026-06-25,Full-time,No
JOB_03690,Machine Operator,Crompton Greaves,E-commerce,Osmanabad,5-8 years,237982,CNC Operation; Safety Standards; Machine Maintenance; Production Planning,Graduate,2026-08-18,Part-time,Hybrid
JOB_03691,Customer Support Specialist,HCL,Logistics,Beed,Fresher,15019,Zendesk; Customer Service; Problem Solving; CRM; Communication,Diploma,2026-08-31,Part-time,Hybrid
JOB_03692,Sales Executive,Fortis Healthcare,Pharmaceuticals,Beed,5-8 years,154782,Negotiation; Lead Generation; Customer Relationship,12th Pass,2026-08-08,Full-time,No
JOB_03693,UI/UX Designer,Tata Motors,Banking & Finance,Parbhani,2-5 years,91417,HTML/CSS; Figma; Prototyping; Adobe XD; Wireframing,12th Pass,2026-07-11,Full-time,Hybrid
JOB_03694,Machine Learning Engineer,Flipkart,Pharmaceuticals,Osmanabad,8+ years,379318,Deep Learning; TensorFlow; Scikit-learn; PyTorch; SQL,12th Pass,2026-08-26,Part-time,Hybrid
JOB_03695,HR Coordinator,Paytm,Logistics,Raigad,2-5 years,101251,Recruitment; Employee Relations; Compliance; HRMS,Graduate,2026-09-01,Internship,Hybrid
JOB_03696,Machine Learning Engineer,Fortis Healthcare,Education,Satara,Fresher,34273,Deep Learning; Python; NLP,Diploma,2026-08-16,Internship,Hybrid
JOB_03697,Quality Analyst,ABB India,Media & Entertainment,Yavatmal,0-2 years,56298,JIRA; Selenium; SQL; Agile; Manual Testing; Bug Tracking,12th Pass,2026-07-05,Contract,No
JOB_03698,Software Developer,Crompton Greaves,Logistics,Kolhapur,0-2 years,37665,Git; JavaScript; Python,Diploma,2026-07-09,Full-time,Yes
JOB_03699,Electrician,Larsen & Toubro,FMCG,Ahmednagar,0-2 years,56370,Troubleshooting; Safety Standards; Electrical Wiring; Equipment Maintenance; Circuit Design,12th Pass,2026-07-20,Part-time,No
JOB_03700,Customer Support Specialist,Mahindra & Mahindra,IT Services,Akola,2-5 years,108843,CRM; Problem Solving; Customer Service,10th Pass,2026-07-20,Contract,No
JOB_03701,Cybersecurity Analyst,Crompton Greaves,Construction,Yavatmal,5-8 years,108814,Penetration Testing; Network Security; SIEM; Compliance,Diploma,2026-07-24,Contract,No
JOB_03702,Pharmacy Assistant,PhonePe,Media & Entertainment,Latur,5-8 years,200949,Medication Dispensing; Pharmacy Software; Customer Service,10th Pass,2026-06-08,Part-time,No
JOB_03703,Data Analyst,PhonePe,Telecommunications,Kolhapur,2-5 years,96292,Excel; Pandas; Tableau; Power BI; Python,10th Pass,2026-06-08,Part-time,No
JOB_03704,Machine Operator,Infosys,E-commerce,Kolhapur,2-5 years,90728,Production Planning; Safety Standards; Quality Control; CNC Operation; Machine Maintenance,Post Graduate,2026-08-01,Contract,Yes
JOB_03705,DevOps Engineer,TCS,Education,Sangli,8+ years,436652,Linux; Python; Ansible; CI/CD; Jenkins; Kubernetes,Post Graduate,2026-07-15,Contract,Hybrid
JOB_03706,UI/UX Designer,Crompton Greaves,Logistics,Solapur,5-8 years,150732,Figma; HTML/CSS; Sketch; Prototyping; User Research; Adobe XD,10th Pass,2026-07-05,Full-time,No
JOB_03707,Teacher,Narayana Health,E-commerce,Nashik,5-8 years,224181,Assessment; Classroom Management; Curriculum Development,Post Graduate,2026-08-25,Internship,Yes
JOB_03708,Digital Marketing Executive,ICICI Bank,Media & Entertainment,Mumbai,2-5 years,105726,Content Marketing; SEO; Social Media Marketing,Graduate,2026-07-13,Internship,Yes
JOB_03709,Full Stack Developer,Razorpay,Pharmaceuticals,Satara,5-8 years,181794,REST API; MongoDB; React; JavaScript; HTML/CSS; SQL,10th Pass,2026-07-07,Part-time,Yes
JOB_03710,Machine Learning Engineer,Byju's,Logistics,Dhule,5-8 years,202871,Deep Learning; Scikit-learn; Python,Graduate,2026-07-10,Contract,Hybrid
JOB_03711,Technician,Vedantu,Automotive,Latur,8+ years,394302,Electrical Systems; Mechanical Systems; Safety,Post Graduate,2026-06-08,Part-time,No
JOB_03712,DevOps Engineer,HCL,IT Services,Jalna,8+ years,431460,CI/CD; Linux; Jenkins; Docker,Diploma,2026-08-05,Contract,No
JOB_03713,DevOps Engineer,Cognizant,Banking & Finance,Parbhani,2-5 years,64847,Python; CI/CD; Docker; Ansible; Jenkins,Diploma,2026-06-24,Full-time,No
JOB_03714,Digital Marketing Executive,Unacademy,Energy,Mumbai,8+ years,424100,Social Media Marketing; Email Marketing; Content Marketing,10th Pass,2026-06-11,Part-time,Yes
JOB_03715,Business Analyst,Crompton Greaves,Manufacturing,Dhule,Fresher,24698,Requirements Gathering; Excel; Agile; Process Mapping,Diploma,2026-08-15,Contract,Yes
JOB_03716,Pharmacy Assistant,Bajaj Finserv,Healthcare,Latur,0-2 years,35518,Medication Dispensing; Pharmacy Software; Inventory Management,Diploma,2026-07-23,Internship,No
JOB_03717,Sales Executive,Godrej Industries,Automotive,Nagpur,8+ years,222165,Customer Relationship; Communication; Lead Generation; Negotiation; CRM,Graduate,2026-08-06,Internship,Yes
JOB_03718,Customer Support Specialist,IBM,Manufacturing,Bhiwandi,5-8 years,156728,Problem Solving; Customer Service; Communication; CRM; Zendesk,Diploma,2026-07-24,Contract,No
JOB_03719,Nurse,Zerodha,Automotive,Dhule,0-2 years,52482,Emergency Care; Medical Procedures; Vital Signs; Medication Administration; Patient Care,Diploma,2026-06-16,Contract,Hybrid
JOB_03720,Full Stack Developer,Capgemini,IT Services,Jalna,8+ years,495980,MongoDB; Git; React; REST API; SQL; JavaScript,Graduate,2026-08-18,Internship,Hybrid
JOB_03721,Nurse,IBM,Energy,Sangli,Fresher,17935,Medication Administration; Medical Procedures; Emergency Care; Patient Care; Vital Signs,Post Graduate,2026-06-18,Contract,No
JOB_03722,Machine Learning Engineer,ABB India,IT Services,Beed,0-2 years,57940,SQL; Deep Learning; Scikit-learn; TensorFlow; Python; PyTorch,Post Graduate,2026-07-05,Full-time,Yes
JOB_03723,DevOps Engineer,PhonePe,E-commerce,Amravati,Fresher,27043,Jenkins; Ansible; Kubernetes; Linux,Diploma,2026-06-17,Contract,No
JOB_03724,Accountant,HCL,Pharmaceuticals,Ahmednagar,Fresher,15200,Taxation; Tally; Excel; Financial Reporting; QuickBooks; Accounting,Diploma,2026-07-25,Internship,Hybrid
JOB_03725,Software Developer,HDFC Bank,Banking & Finance,Osmanabad,Fresher,31174,SQL; Java; Microservices; Python; JavaScript,Post Graduate,2026-08-02,Part-time,Yes
JOB_03726,Warehouse Supervisor,Larsen & Toubro,Education,Nashik,Fresher,34504,Logistics; Team Leadership; WMS; Inventory Management; Safety Standards,10th Pass,2026-08-22,Internship,Hybrid
JOB_03727,Nurse,Tech Mahindra,Healthcare,Satara,Fresher,25387,Medication Administration; Patient Care; Medical Procedures; Emergency Care,10th Pass,2026-06-07,Part-time,Yes
JOB_03728,Training Coordinator,Crompton Greaves,Telecommunications,Nanded,2-5 years,105121,Curriculum Design; Assessment; Training Delivery; Communication; LMS,Graduate,2026-06-30,Full-time,Yes
JOB_03729,Sales Executive,Max Healthcare,IT Services,Raigad,0-2 years,37819,Lead Generation; Communication; CRM; Negotiation; Customer Relationship,Diploma,2026-06-13,Internship,Yes
JOB_03730,DevOps Engineer,Max Healthcare,IT Services,Mumbai,Fresher,21601,Python; Docker; Kubernetes,Graduate,2026-06-16,Contract,Yes
JOB_03731,UI/UX Designer,Reliance Jio,Media & Entertainment,Ahmednagar,2-5 years,114940,Wireframing; User Research; HTML/CSS; Figma; Adobe XD,Diploma,2026-08-30,Internship,No
JOB_03732,Electrician,Larsen & Toubro,Banking & Finance,Akola,2-5 years,93647,Troubleshooting; Circuit Design; Electrical Wiring; Equipment Maintenance; Safety Standards,12th Pass,2026-06-15,Contract,Yes
JOB_03733,Digital Marketing Executive,Apollo Hospitals,Healthcare,Amravati,8+ years,469008,Email Marketing; SEO; SEM,10th Pass,2026-06-14,Full-time,Hybrid
JOB_03734,Content Writer,Unacademy,Construction,Parbhani,5-8 years,119006,Editing; Copywriting; SEO,Diploma,2026-07-02,Internship,Hybrid
JOB_03735,Teacher,HDFC Bank,Automotive,Sangli,Fresher,25700,Classroom Management; Lesson Planning; Assessment; Communication,Diploma,2026-06-27,Internship,Hybrid
JOB_03736,Nurse,Wipro,Healthcare,Satara,0-2 years,38510,Patient Care; Medical Procedures; Vital Signs; Medication Administration,Post Graduate,2026-08-25,Full-time,No
JOB_03737,Project Coordinator,Max Healthcare,Automotive,Bhiwandi,8+ years,439553,Coordination; Documentation; Communication; Agile; Project Management,10th Pass,2026-08-03,Internship,Hybrid
JOB_03738,Digital Marketing Executive,Infosys,Pharmaceuticals,Sangli,0-2 years,28754,Email Marketing; SEO; Google Analytics; Content Marketing; SEM,10th Pass,2026-08-26,Full-time,Yes
JOB_03739,Retail Associate,Paytm,Media & Entertainment,Nagpur,5-8 years,234926,Customer Service; Communication; Sales,Diploma,2026-07-21,Full-time,Hybrid
JOB_03740,Pharmacy Assistant,HDFC Bank,Construction,Yavatmal,0-2 years,35840,Medication Dispensing; Pharmacy Software; Customer Service; Inventory Management,Diploma,2026-07-26,Part-time,Hybrid
JOB_03741,Fitter,Siemens,Energy,Aurangabad,5-8 years,126510,Assembly; Mechanical Fitting; Blueprint Reading; Precision Tools,10th Pass,2026-08-16,Internship,Yes
JOB_03742,Digital Marketing Executive,HDFC Bank,Construction,Satara,Fresher,23380,SEO; Google Analytics; SEM; Content Marketing,12th Pass,2026-08-22,Internship,Yes
JOB_03743,Cloud Engineer,PhonePe,Healthcare,Jalgaon,Fresher,34625,Kubernetes; Networking; Linux; AWS,Diploma,2026-07-15,Part-time,Hybrid
JOB_03744,Accountant,Capgemini,Retail,Aurangabad,Fresher,15060,Financial Reporting; Taxation; GST; Tally; QuickBooks; Accounting,Graduate,2026-08-26,Part-time,Hybrid
JOB_03745,Business Analyst,Infosys,Banking & Finance,Osmanabad,0-2 years,55454,Process Mapping; Requirements Gathering; JIRA; Power BI; Excel; Agile,Post Graduate,2026-08-04,Part-time,Hybrid
JOB_03746,Warehouse Supervisor,PhonePe,Education,Dhule,0-2 years,43451,Logistics; Team Leadership; Safety Standards,Post Graduate,2026-07-16,Part-time,Hybrid
JOB_03747,Software Developer,HCL,Manufacturing,Sangli,5-8 years,196262,Python; JavaScript; Agile; Git,10th Pass,2026-09-04,Contract,Yes
JOB_03748,Quality Analyst,Axis Bank,Retail,Ahmednagar,Fresher,17810,Manual Testing; SQL; Agile; Selenium,10th Pass,2026-09-01,Internship,Yes
JOB_03749,HR Coordinator,HCL,Energy,Nashik,2-5 years,116707,Payroll; Recruitment; Communication; Employee Relations; HRMS,Diploma,2026-08-25,Contract,No
JOB_03750,Digital Marketing Executive,Larsen & Toubro,Pharmaceuticals,Jalgaon,8+ years,366426,SEM; Content Marketing; Social Media Marketing; Email Marketing; SEO,Post Graduate,2026-08-18,Full-time,No
JOB_03751,Business Analyst,Crompton Greaves,E-commerce,Bhiwandi,0-2 years,28913,JIRA; Requirements Gathering; Process Mapping; Excel; Power BI,Post Graduate,2026-06-12,Full-time,Yes
JOB_03752,Welder,Vedantu,E-commerce,Beed,Fresher,23608,TIG Welding; Arc Welding; Blueprint Reading; Safety Standards,Graduate,2026-08-17,Contract,Hybrid
JOB_03753,Sales Executive,Capgemini,Healthcare,Jalna,5-8 years,135962,Communication; Customer Relationship; Negotiation,Post Graduate,2026-07-19,Full-time,Yes
JOB_03754,Data Analyst,Tech Mahindra,Healthcare,Sangli,0-2 years,38823,Python; NumPy; Pandas,Diploma,2026-08-27,Internship,No
JOB_03755,Medical Lab Technician,Accenture,Education,Solapur,2-5 years,53642,Quality Control; Safety; Equipment Operation,Diploma,2026-07-19,Part-time,Hybrid
JOB_03756,DevOps Engineer,Infosys,Construction,Parbhani,5-8 years,247682,Linux; Jenkins; Python; Kubernetes,12th Pass,2026-07-07,Internship,Hybrid
JOB_03757,Fitter,Reliance Jio,Manufacturing,Chandrapur,8+ years,240819,Maintenance; Assembly; Precision Tools; Blueprint Reading,Post Graduate,2026-08-27,Contract,Yes
JOB_03758,Pharmacy Assistant,Byju's,FMCG,Osmanabad,5-8 years,205612,Pharmacy Software; Customer Service; Medication Dispensing; Inventory Management,Post Graduate,2026-08-11,Internship,Hybrid
JOB_03759,Software Developer,Capgemini,Media & Entertainment,Chandrapur,Fresher,16563,Git; SQL; JavaScript,Diploma,2026-06-12,Part-time,Yes
JOB_03760,Data Analyst,Amazon,Media & Entertainment,Nagpur,Fresher,27102,Python; Statistics; Excel; SQL; Tableau; Pandas,Post Graduate,2026-06-24,Part-time,Hybrid
JOB_03761,Retail Associate,Accenture,FMCG,Amravati,0-2 years,29874,Sales; Communication; Customer Service; Cash Handling,12th Pass,2026-07-11,Internship,No
JOB_03762,Technician,Paytm,IT Services,Ahmednagar,2-5 years,58905,Equipment Maintenance; Safety; Electrical Systems; Troubleshooting,Graduate,2026-08-21,Contract,No
JOB_03763,Electrician,Bajaj Finserv,Automotive,Aurangabad,5-8 years,184401,Circuit Design; Troubleshooting; Electrical Wiring,Diploma,2026-06-14,Internship,Yes
JOB_03764,UI/UX Designer,IBM,Healthcare,Jalgaon,5-8 years,198651,HTML/CSS; Adobe XD; Sketch; User Research; Prototyping; Wireframing,Post Graduate,2026-06-22,Internship,Yes
JOB_03765,Nurse,Paytm,Manufacturing,Chandrapur,2-5 years,110230,Emergency Care; Patient Care; Medical Procedures,Graduate,2026-06-16,Full-time,No
JOB_03766,Quality Analyst,Crompton Greaves,Education,Beed,2-5 years,84136,Testing; Selenium; SQL,10th Pass,2026-07-01,Contract,Yes
JOB_03767,Machine Learning Engineer,Unacademy,Automotive,Kolhapur,2-5 years,87564,Scikit-learn; NLP; Deep Learning; Python,10th Pass,2026-07-27,Internship,Hybrid
JOB_03768,HR Coordinator,Razorpay,Banking & Finance,Nashik,Fresher,22217,Recruitment; Payroll; HRMS; Communication; Employee Relations; Compliance,12th Pass,2026-07-29,Internship,No
JOB_03769,Fitter,Razorpay,Pharmaceuticals,Chandrapur,5-8 years,163531,Precision Tools; Blueprint Reading; Assembly; Mechanical Fitting,Graduate,2026-06-14,Full-time,No
JOB_03770,Accountant,Godrej Industries,Banking & Finance,Akola,5-8 years,190051,QuickBooks; GST; Financial Reporting; Taxation,12th Pass,2026-06-12,Internship,Hybrid
JOB_03771,Nurse,Vedantu,Automotive,Raigad,Fresher,27231,Patient Care; Vital Signs; Medical Procedures; Emergency Care; Medication Administration,Post Graduate,2026-07-23,Full-time,Yes
JOB_03772,Digital Marketing Executive,Cognizant,FMCG,Amravati,5-8 years,145982,SEO; SEM; Social Media Marketing; Email Marketing; Content Marketing,Post Graduate,2026-08-22,Contract,No
JOB_03773,HR Coordinator,HCL,Manufacturing,Sangli,0-2 years,55745,Communication; HRMS; Compliance; Recruitment; Payroll,10th Pass,2026-07-30,Contract,No
JOB_03774,Sales Executive,Narayana Health,Education,Beed,0-2 years,45172,Communication; Negotiation; Lead Generation,10th Pass,2026-08-16,Part-time,Yes
JOB_03775,Software Developer,HCL,Education,Aurangabad,0-2 years,51595,Python; SQL; JavaScript,12th Pass,2026-08-30,Part-time,No
JOB_03776,Sales Executive,HCL,Energy,Osmanabad,0-2 years,28086,CRM; Communication; Lead Generation; Negotiation; Customer Relationship,12th Pass,2026-06-17,Internship,Yes
JOB_03777,HR Coordinator,Wipro,IT Services,Latur,0-2 years,37787,HRMS; Recruitment; Communication; Compliance,Graduate,2026-08-13,Contract,Hybrid
JOB_03778,Software Developer,Larsen & Toubro,IT Services,Raigad,5-8 years,192074,REST API; Agile; Python; JavaScript; Git; Java,Post Graduate,2026-08-19,Internship,No
JOB_03779,Fitter,Cognizant,Media & Entertainment,Nagpur,2-5 years,99190,Mechanical Fitting; Maintenance; Precision Tools; Assembly; Blueprint Reading,12th Pass,2026-07-04,Full-time,No
JOB_03780,Data Analyst,Bajaj Finserv,E-commerce,Aurangabad,5-8 years,222224,Statistics; Python; NumPy,Graduate,2026-07-26,Internship,No
JOB_03781,Fitter,Max Healthcare,IT Services,Nanded,0-2 years,30283,Maintenance; Assembly; Blueprint Reading; Mechanical Fitting,Post Graduate,2026-08-01,Contract,Yes
JOB_03782,UI/UX Designer,Wipro,Media & Entertainment,Parbhani,Fresher,20517,Adobe XD; Figma; Wireframing; Prototyping; HTML/CSS,Post Graduate,2026-08-14,Internship,No
JOB_03783,Welder,PhonePe,Automotive,Akola,8+ years,286189,Safety Standards; Blueprint Reading; MIG Welding,12th Pass,2026-06-27,Full-time,Yes
JOB_03784,Supply Chain Analyst,Zerodha,Construction,Osmanabad,5-8 years,154162,SAP; Data Analysis; Excel; Inventory Management; Logistics; Forecasting,Diploma,2026-08-31,Part-time,Hybrid
JOB_03785,Training Coordinator,ICICI Bank,Telecommunications,Aurangabad,8+ years,310296,Communication; Curriculum Design; Training Delivery,12th Pass,2026-07-07,Contract,Yes
JOB_03786,Machine Learning Engineer,Infosys,Retail,Jalna,2-5 years,102313,Deep Learning; TensorFlow; PyTorch; SQL,Diploma,2026-06-26,Internship,Yes
JOB_03787,Machine Learning Engineer,Flipkart,Retail,Osmanabad,Fresher,25645,Scikit-learn; Deep Learning; PyTorch,Diploma,2026-06-16,Part-time,No
JOB_03788,Fitter,Zerodha,IT Services,Amravati,0-2 years,49961,Mechanical Fitting; Precision Tools; Assembly,12th Pass,2026-08-26,Full-time,No
JOB_03789,Supply Chain Analyst,HCL,E-commerce,Nagpur,5-8 years,169516,Forecasting; Logistics; Data Analysis; SAP; Excel; Inventory Management,12th Pass,2026-08-10,Internship,Yes
JOB_03790,UI/UX Designer,Max Healthcare,Logistics,Yavatmal,8+ years,368499,Sketch; Figma; Adobe XD,Post Graduate,2026-07-14,Part-time,No
JOB_03791,Medical Lab Technician,Narayana Health,Construction,Sangli,0-2 years,48414,Equipment Operation; Quality Control; Lab Testing; Sample Collection,Graduate,2026-08-24,Full-time,No
JOB_03792,Sales Executive,Bajaj Finserv,E-commerce,Raigad,5-8 years,118686,Lead Generation; Customer Relationship; Communication,Graduate,2026-08-21,Internship,Hybrid
JOB_03793,Sales Executive,Larsen & Toubro,Automotive,Solapur,Fresher,34557,Negotiation; Lead Generation; CRM; Communication; Customer Relationship,Post Graduate,2026-07-29,Part-time,Yes
JOB_03794,Teacher,Larsen & Toubro,Healthcare,Aurangabad,8+ years,450822,Communication; Lesson Planning; Curriculum Development; Classroom Management; Assessment,Graduate,2026-07-17,Internship,No
JOB_03795,Customer Support Specialist,Flipkart,Construction,Solapur,5-8 years,103685,CRM; Problem Solving; Zendesk; Customer Service,10th Pass,2026-07-03,Part-time,Yes
JOB_03796,Technician,PhonePe,Healthcare,Pune,2-5 years,64730,Troubleshooting; Mechanical Systems; Electrical Systems; Equipment Maintenance; Safety,10th Pass,2026-07-21,Part-time,No
JOB_03797,Accountant,Fortis Healthcare,Construction,Dhule,8+ years,393577,Taxation; Tally; Accounting,Diploma,2026-07-13,Part-time,Yes
JOB_03798,Software Developer,Amazon,Logistics,Solapur,Fresher,24204,Python; Git; Java; SQL; Microservices,Graduate,2026-07-06,Part-time,Hybrid
JOB_03799,Data Analyst,Unacademy,FMCG,Kolhapur,0-2 years,32304,Tableau; SQL; Statistics,12th Pass,2026-08-08,Contract,No
JOB_03800,Medical Lab Technician,Axis Bank,Automotive,Parbhani,0-2 years,57984,Sample Collection; Quality Control; Equipment Operation,Diploma,2026-06-17,Contract,No
JOB_03801,UI/UX Designer,IBM,Automotive,Ahmednagar,5-8 years,233892,Wireframing; HTML/CSS; Adobe XD; Prototyping,Post Graduate,2026-08-08,Contract,Yes
JOB_03802,Technician,PhonePe,Banking & Finance,Solapur,5-8 years,231381,Electrical Systems; Equipment Maintenance; Safety; Troubleshooting; Mechanical Systems,10th Pass,2026-09-01,Full-time,Hybrid
JOB_03803,Electrician,HCL,Education,Raigad,8+ years,406588,Equipment Maintenance; Circuit Design; Electrical Wiring,12th Pass,2026-08-13,Part-time,No
JOB_03804,Logistics Coordinator,IBM,E-commerce,Akola,2-5 years,114032,Communication; Coordination; Transportation Management; Documentation,Post Graduate,2026-08-06,Internship,Yes
JOB_03805,UI/UX Designer,Siemens,Manufacturing,Nashik,0-2 years,50713,Adobe XD; Sketch; Figma; User Research,10th Pass,2026-06-17,Part-time,Yes
JOB_03806,Fitter,Apollo Hospitals,Banking & Finance,Sangli,5-8 years,117955,Assembly; Precision Tools; Maintenance,Graduate,2026-07-12,Internship,Yes
JOB_03807,Logistics Coordinator,Siemens,Media & Entertainment,Nanded,2-5 years,105736,Documentation; Coordination; Communication,Graduate,2026-07-12,Contract,No
JOB_03808,Sales Executive,Narayana Health,Retail,Beed,0-2 years,38906,Communication; Lead Generation; CRM; Customer Relationship; Negotiation,Graduate,2026-08-18,Internship,Yes
JOB_03809,Business Analyst,Accenture,Telecommunications,Nashik,8+ years,313934,Process Mapping; Power BI; Agile; SQL; Excel,10th Pass,2026-07-11,Contract,Yes
JOB_03810,Content Writer,Max Healthcare,Construction,Raigad,5-8 years,208123,Copywriting; Editing; Content Writing; WordPress; SEO,12th Pass,2026-06-22,Internship,Yes
JOB_03811,Warehouse Supervisor,HDFC Bank,Retail,Aurangabad,0-2 years,43960,Logistics; WMS; Safety Standards; Inventory Management,12th Pass,2026-08-05,Full-time,Hybrid
JOB_03812,Machine Learning Engineer,Mahindra & Mahindra,E-commerce,Yavatmal,0-2 years,37945,SQL; Python; Scikit-learn; TensorFlow; NLP,12th Pass,2026-08-20,Internship,No
JOB_03813,Logistics Coordinator,Tata Motors,E-commerce,Osmanabad,2-5 years,89520,Documentation; Transportation Management; Tracking Systems,Graduate,2026-08-19,Internship,Yes
JOB_03814,Quality Analyst,Infosys,Media & Entertainment,Yavatmal,Fresher,29866,Manual Testing; SQL; Selenium; Testing,Graduate,2026-07-25,Full-time,Hybrid
JOB_03815,UI/UX Designer,Bajaj Finserv,Pharmaceuticals,Latur,8+ years,448489,Figma; User Research; Adobe XD; Wireframing; HTML/CSS,Graduate,2026-08-23,Contract,No
JOB_03816,Business Analyst,ICICI Bank,Manufacturing,Nagpur,2-5 years,60203,Agile; Excel; Power BI; JIRA; SQL; Process Mapping,Graduate,2026-06-19,Internship,Yes
JOB_03817,Training Coordinator,Mahindra & Mahindra,Logistics,Latur,0-2 years,58155,Training Delivery; Communication; Curriculum Design; LMS; Assessment,Diploma,2026-08-14,Contract,Yes
JOB_03818,Supply Chain Analyst,Amazon,Pharmaceuticals,Bhiwandi,5-8 years,166769,Excel; Inventory Management; SAP; Logistics,10th Pass,2026-07-23,Full-time,Yes
JOB_03819,Training Coordinator,Larsen & Toubro,Logistics,Jalgaon,8+ years,252417,LMS; Assessment; Communication,10th Pass,2026-06-24,Full-time,No
JOB_03820,Warehouse Supervisor,Godrej Industries,Automotive,Latur,0-2 years,52409,Team Leadership; Inventory Management; WMS; Logistics; Safety Standards,Graduate,2026-07-23,Part-time,Yes
JOB_03821,Training Coordinator,Capgemini,FMCG,Ahmednagar,8+ years,352456,Assessment; LMS; Communication,Graduate,2026-07-17,Internship,Yes
JOB_03822,Accountant,Tata Motors,Healthcare,Akola,Fresher,22763,Accounting; Financial Reporting; Tally; QuickBooks,12th Pass,2026-07-18,Full-time,Yes
JOB_03823,Supply Chain Analyst,TCS,Retail,Parbhani,2-5 years,119290,SAP; Excel; Forecasting; Data Analysis; Inventory Management,Diploma,2026-06-20,Full-time,Hybrid
JOB_03824,Technician,Unacademy,E-commerce,Satara,5-8 years,123349,Mechanical Systems; Safety; Equipment Maintenance; Electrical Systems; Troubleshooting,12th Pass,2026-06-26,Part-time,Hybrid
JOB_03825,Business Analyst,Cognizant,Construction,Satara,Fresher,23449,Process Mapping; Requirements Gathering; JIRA; Power BI; Agile; Excel,Diploma,2026-07-04,Full-time,Yes
JOB_03826,Welder,Apollo Hospitals,Manufacturing,Beed,0-2 years,46378,Arc Welding; Safety Standards; MIG Welding,Diploma,2026-09-04,Internship,Yes
JOB_03827,Accountant,Axis Bank,Telecommunications,Jalgaon,Fresher,27407,Tally; Excel; Taxation; Accounting; QuickBooks,Diploma,2026-07-05,Contract,No
JOB_03828,HR Coordinator,HCL,Automotive,Nanded,5-8 years,192440,Recruitment; Communication; HRMS; Employee Relations; Compliance,Post Graduate,2026-07-16,Internship,Hybrid
JOB_03829,Warehouse Supervisor,PhonePe,Manufacturing,Amravati,Fresher,18797,Logistics; Team Leadership; WMS; Inventory Management; Safety Standards,Post Graduate,2026-08-09,Internship,No
JOB_03830,Quality Analyst,HDFC Bank,Media & Entertainment,Jalgaon,0-2 years,55359,Bug Tracking; Agile; Manual Testing; Testing; JIRA,12th Pass,2026-07-07,Part-time,Hybrid
JOB_03831,Customer Support Specialist,Amazon,E-commerce,Dhule,8+ years,302838,CRM; Problem Solving; Zendesk; Customer Service,12th Pass,2026-07-13,Part-time,Hybrid
JOB_03832,Supply Chain Analyst,Vedantu,FMCG,Nagpur,Fresher,26222,Inventory Management; Logistics; SAP,Diploma,2026-06-20,Contract,Yes
JOB_03833,Welder,HCL,Retail,Latur,2-5 years,104133,Blueprint Reading; TIG Welding; Safety Standards; Arc Welding; MIG Welding,Graduate,2026-08-05,Internship,Hybrid
JOB_03834,DevOps Engineer,Siemens,Pharmaceuticals,Akola,8+ years,314996,Docker; AWS; CI/CD; Ansible; Kubernetes,Diploma,2026-08-25,Full-time,No
JOB_03835,UI/UX Designer,Mahindra & Mahindra,Education,Latur,Fresher,27759,User Research; Prototyping; Wireframing,Diploma,2026-08-17,Part-time,Hybrid
JOB_03836,Project Coordinator,Mahindra & Mahindra,IT Services,Parbhani,2-5 years,110980,Project Management; Documentation; Communication; Coordination; MS Office,Post Graduate,2026-09-02,Contract,No
JOB_03837,Training Coordinator,Fortis Healthcare,Media & Entertainment,Ahmednagar,5-8 years,215752,Training Delivery; Assessment; Communication,10th Pass,2026-06-23,Internship,No
JOB_03838,Digital Marketing Executive,Infosys,Retail,Nanded,Fresher,20556,SEO; Content Marketing; Google Analytics; Email Marketing; SEM,Diploma,2026-08-06,Internship,Yes
JOB_03839,Customer Support Specialist,Capgemini,Pharmaceuticals,Sangli,Fresher,19559,Communication; Zendesk; Customer Service; CRM; Problem Solving,10th Pass,2026-08-29,Part-time,No
JOB_03840,Digital Marketing Executive,Infosys,IT Services,Satara,0-2 years,31138,Content Marketing; Google Analytics; SEO; Social Media Marketing,12th Pass,2026-07-28,Contract,Hybrid
JOB_03841,Medical Lab Technician,HCL,Pharmaceuticals,Solapur,5-8 years,226244,Equipment Operation; Safety; Lab Testing; Quality Control,Post Graduate,2026-07-02,Full-time,No
JOB_03842,Welder,Zerodha,Pharmaceuticals,Latur,5-8 years,174331,TIG Welding; Safety Standards; Blueprint Reading; MIG Welding,12th Pass,2026-08-18,Part-time,Yes
JOB_03843,Business Analyst,Crompton Greaves,Media & Entertainment,Beed,0-2 years,38096,Power BI; SQL; Requirements Gathering; Agile; Process Mapping; Excel,10th Pass,2026-08-29,Part-time,No
JOB_03844,Digital Marketing Executive,Capgemini,Retail,Pune,0-2 years,27688,Social Media Marketing; Google Analytics; Content Marketing,Diploma,2026-08-10,Part-time,No
JOB_03845,Training Coordinator,Zerodha,Pharmaceuticals,Parbhani,Fresher,29872,Curriculum Design; LMS; Assessment; Training Delivery; Communication,10th Pass,2026-08-21,Part-time,Yes
JOB_03846,Machine Operator,Accenture,FMCG,Solapur,8+ years,498307,CNC Operation; Safety Standards; Quality Control; Production Planning,Post Graduate,2026-08-14,Full-time,Hybrid
JOB_03847,Training Coordinator,Razorpay,Banking & Finance,Chandrapur,5-8 years,161744,Training Delivery; LMS; Communication; Assessment; Curriculum Design,10th Pass,2026-06-27,Part-time,No
JOB_03848,Fitter,IBM,FMCG,Mumbai,5-8 years,193770,Precision Tools; Assembly; Maintenance; Blueprint Reading; Mechanical Fitting,Diploma,2026-07-12,Contract,Hybrid
JOB_03849,Digital Marketing Executive,HDFC Bank,Manufacturing,Satara,Fresher,20326,Social Media Marketing; SEM; Email Marketing; SEO; Content Marketing,Graduate,2026-07-27,Part-time,Yes
JOB_03850,Quality Analyst,Amazon,IT Services,Satara,2-5 years,84255,Testing; SQL; Manual Testing; JIRA,Graduate,2026-07-25,Full-time,Hybrid
JOB_03851,Machine Operator,HDFC Bank,Automotive,Beed,Fresher,26140,Quality Control; Safety Standards; CNC Operation; Machine Maintenance; Production Planning,10th Pass,2026-08-05,Full-time,Yes
JOB_03852,Content Writer,Axis Bank,Healthcare,Kolhapur,5-8 years,177460,Research; WordPress; Copywriting; Content Writing,Graduate,2026-06-27,Part-time,Hybrid
JOB_03853,Full Stack Developer,Narayana Health,Telecommunications,Dhule,8+ years,380926,MongoDB; SQL; Node.js; Git,Post Graduate,2026-07-24,Full-time,Yes
JOB_03854,Software Developer,Apollo Hospitals,Construction,Beed,Fresher,31098,Git; REST API; JavaScript; Microservices; Agile,Post Graduate,2026-06-20,Full-time,No
JOB_03855,Machine Learning Engineer,Cognizant,FMCG,Latur,Fresher,29950,Python; TensorFlow; Deep Learning; SQL; NLP; Scikit-learn,10th Pass,2026-07-24,Full-time,Yes
JOB_03856,Customer Support Specialist,Razorpay,Healthcare,Raigad,2-5 years,85953,Communication; Customer Service; Zendesk; CRM; Problem Solving,Graduate,2026-08-22,Part-time,Hybrid
JOB_03857,Supply Chain Analyst,Tech Mahindra,IT Services,Jalna,0-2 years,47384,Data Analysis; Inventory Management; SAP; Logistics,Diploma,2026-07-09,Contract,Yes
JOB_03858,DevOps Engineer,Vedantu,IT Services,Amravati,5-8 years,211764,Ansible; Linux; CI/CD,Post Graduate,2026-06-13,Part-time,Hybrid
JOB_03859,Software Developer,Larsen & Toubro,Banking & Finance,Solapur,0-2 years,35763,REST API; SQL; Microservices; Git; Java; Python,Diploma,2026-07-04,Internship,Yes
JOB_03860,Cloud Engineer,Crompton Greaves,Manufacturing,Amravati,0-2 years,47967,GCP; Linux; Kubernetes; Terraform; Docker,Post Graduate,2026-07-16,Full-time,Hybrid
JOB_03861,Project Coordinator,Siemens,Energy,Satara,0-2 years,44463,Coordination; Agile; Documentation,Diploma,2026-08-26,Internship,No
JOB_03862,Training Coordinator,Byju's,Energy,Chandrapur,0-2 years,52356,Assessment; Curriculum Design; LMS,10th Pass,2026-07-29,Contract,Hybrid
JOB_03863,Accountant,Byju's,Retail,Parbhani,2-5 years,50586,Financial Reporting; GST; Accounting; Taxation; QuickBooks,Graduate,2026-07-25,Internship,No
JOB_03864,Project Coordinator,Vedantu,Automotive,Dhule,Fresher,25256,Documentation; Agile; Project Management; MS Office; Communication; Coordination,Post Graduate,2026-06-18,Contract,No
JOB_03865,Quality Analyst,Crompton Greaves,Energy,Mumbai,5-8 years,193614,SQL; Manual Testing; JIRA; Bug Tracking,10th Pass,2026-08-30,Full-time,No
JOB_03866,Retail Associate,TCS,Pharmaceuticals,Ahmednagar,5-8 years,108300,Cash Handling; Sales; Inventory Management; Customer Service; Communication,Graduate,2026-07-29,Internship,Yes
JOB_03867,Logistics Coordinator,TCS,Energy,Akola,5-8 years,187721,Documentation; Transportation Management; Communication; Tracking Systems; Coordination,Graduate,2026-08-13,Part-time,Yes
JOB_03868,Electrician,Godrej Industries,Education,Solapur,Fresher,25622,Troubleshooting; Circuit Design; Equipment Maintenance; Safety Standards; Electrical Wiring,Diploma,2026-08-23,Internship,No
JOB_03869,Fitter,Accenture,Manufacturing,Beed,5-8 years,196915,Mechanical Fitting; Blueprint Reading; Precision Tools; Assembly; Maintenance,10th Pass,2026-06-25,Part-time,Hybrid
JOB_03870,Electrician,Axis Bank,Manufacturing,Kolhapur,2-5 years,95636,Safety Standards; Electrical Wiring; Circuit Design; Equipment Maintenance; Troubleshooting,10th Pass,2026-06-14,Contract,Yes
JOB_03871,DevOps Engineer,Zerodha,Construction,Osmanabad,8+ years,234468,Docker; Ansible; Jenkins; CI/CD; Python,Graduate,2026-06-26,Internship,Hybrid
JOB_03872,Full Stack Developer,Bajaj Finserv,FMCG,Chandrapur,8+ years,421916,React; JavaScript; Node.js,Post Graduate,2026-08-05,Internship,Yes
JOB_03873,Fitter,Cognizant,Media & Entertainment,Satara,8+ years,368939,Precision Tools; Mechanical Fitting; Blueprint Reading,12th Pass,2026-06-19,Full-time,Hybrid
JOB_03874,Machine Operator,Tata Motors,IT Services,Beed,5-8 years,236268,Quality Control; Safety Standards; Machine Maintenance,Diploma,2026-08-09,Contract,No
JOB_03875,Welder,Accenture,IT Services,Solapur,2-5 years,117328,TIG Welding; MIG Welding; Arc Welding; Safety Standards; Blueprint Reading,10th Pass,2026-08-12,Internship,No
JOB_03876,Machine Learning Engineer,Vedantu,Telecommunications,Pune,8+ years,362965,TensorFlow; PyTorch; Deep Learning; Python; SQL; NLP,Diploma,2026-08-20,Full-time,Hybrid
JOB_03877,Data Analyst,Vedantu,Manufacturing,Amravati,8+ years,215534,NumPy; Python; Power BI; Tableau; Statistics; Excel,12th Pass,2026-06-09,Full-time,Hybrid
JOB_03878,Accountant,Capgemini,Healthcare,Sangli,8+ years,307468,QuickBooks; Tally; Excel; GST; Accounting,10th Pass,2026-07-18,Contract,No
JOB_03879,Fitter,Flipkart,Logistics,Bhiwandi,2-5 years,67886,Mechanical Fitting; Assembly; Precision Tools; Maintenance,10th Pass,2026-07-13,Full-time,No
JOB_03880,Content Writer,Mahindra & Mahindra,Automotive,Yavatmal,8+ years,460744,Research; Content Writing; SEO,Graduate,2026-07-12,Full-time,Yes
JOB_03881,UI/UX Designer,Tech Mahindra,Construction,Latur,0-2 years,50148,Figma; User Research; Sketch; Wireframing,Graduate,2026-06-22,Contract,No
JOB_03882,Business Analyst,Mahindra & Mahindra,Media & Entertainment,Satara,2-5 years,76806,Requirements Gathering; Power BI; Process Mapping; Excel,Diploma,2026-07-05,Contract,Hybrid
JOB_03883,Retail Associate,Zerodha,Media & Entertainment,Kolhapur,Fresher,17864,Communication; Cash Handling; Customer Service; Inventory Management; Sales,Post Graduate,2026-08-20,Part-time,No
JOB_03884,Welder,Flipkart,Healthcare,Yavatmal,2-5 years,71813,Arc Welding; TIG Welding; Blueprint Reading,Graduate,2026-07-31,Internship,Yes
JOB_03885,Technician,Amazon,Logistics,Nashik,5-8 years,110730,Mechanical Systems; Safety; Equipment Maintenance; Electrical Systems; Troubleshooting,Graduate,2026-07-01,Part-time,Hybrid
JOB_03886,Project Coordinator,HCL,Energy,Solapur,0-2 years,59017,Communication; Project Management; Documentation; Agile,Post Graduate,2026-07-29,Contract,Yes
JOB_03887,Welder,Cognizant,Retail,Jalna,5-8 years,109014,Blueprint Reading; TIG Welding; MIG Welding; Arc Welding,Post Graduate,2026-07-29,Contract,Hybrid
JOB_03888,Fitter,Reliance Jio,Telecommunications,Mumbai,Fresher,31336,Blueprint Reading; Maintenance; Assembly; Mechanical Fitting,Graduate,2026-08-30,Part-time,Hybrid
JOB_03889,Nurse,Paytm,Logistics,Kolhapur,Fresher,16942,Medication Administration; Medical Procedures; Vital Signs; Patient Care; Emergency Care,12th Pass,2026-07-23,Part-time,No
JOB_03890,Retail Associate,Axis Bank,Healthcare,Parbhani,Fresher,28385,Inventory Management; Customer Service; Cash Handling,Post Graduate,2026-07-02,Part-time,Yes
JOB_03891,Digital Marketing Executive,Paytm,Automotive,Aurangabad,2-5 years,62112,Content Marketing; Google Analytics; Email Marketing; SEM; SEO; Social Media Marketing,12th Pass,2026-07-17,Full-time,Hybrid
JOB_03892,Data Analyst,Wipro,Telecommunications,Solapur,5-8 years,102584,SQL; Pandas; NumPy; Excel,12th Pass,2026-07-08,Internship,No
JOB_03893,Warehouse Supervisor,ICICI Bank,Retail,Yavatmal,2-5 years,82143,WMS; Team Leadership; Inventory Management,Graduate,2026-07-24,Full-time,Yes
JOB_03894,Cybersecurity Analyst,Fortis Healthcare,Telecommunications,Sangli,2-5 years,119027,Network Security; Risk Assessment; Penetration Testing; SIEM; Compliance,10th Pass,2026-07-30,Contract,No
JOB_03895,Machine Learning Engineer,Unacademy,E-commerce,Sangli,8+ years,456636,PyTorch; Scikit-learn; TensorFlow; Python; SQL,Diploma,2026-08-03,Part-time,Hybrid
JOB_03896,Cloud Engineer,Max Healthcare,Healthcare,Latur,5-8 years,174318,AWS; GCP; Docker; Networking; Terraform,Diploma,2026-07-28,Contract,No
JOB_03897,Retail Associate,Crompton Greaves,Telecommunications,Parbhani,2-5 years,91559,Inventory Management; Communication; Customer Service,10th Pass,2026-08-18,Internship,No
JOB_03898,Content Writer,Axis Bank,Media & Entertainment,Mumbai,2-5 years,112345,Copywriting; SEO; Content Writing,Diploma,2026-06-25,Part-time,Yes
JOB_03899,Cybersecurity Analyst,Axis Bank,FMCG,Nashik,8+ years,312541,Compliance; Risk Assessment; Firewall; Penetration Testing; SIEM; Network Security,12th Pass,2026-07-04,Internship,Yes
JOB_03900,Warehouse Supervisor,Capgemini,Manufacturing,Raigad,5-8 years,143035,Team Leadership; WMS; Safety Standards; Inventory Management,Graduate,2026-07-26,Part-time,Hybrid
JOB_03901,Technician,Cognizant,E-commerce,Sangli,0-2 years,54839,Mechanical Systems; Troubleshooting; Equipment Maintenance; Electrical Systems,Graduate,2026-08-17,Internship,No
JOB_03902,Training Coordinator,Zerodha,Manufacturing,Satara,Fresher,16702,Assessment; Training Delivery; Communication,Post Graduate,2026-07-12,Part-time,Yes
JOB_03903,Welder,Paytm,Logistics,Bhiwandi,8+ years,250840,MIG Welding; TIG Welding; Arc Welding,10th Pass,2026-09-04,Contract,Hybrid
JOB_03904,Business Analyst,Larsen & Toubro,Construction,Latur,5-8 years,238267,Process Mapping; Excel; Agile; SQL,Diploma,2026-06-19,Contract,Yes
JOB_03905,Warehouse Supervisor,Razorpay,Manufacturing,Bhiwandi,Fresher,34714,WMS; Inventory Management; Logistics; Safety Standards; Team Leadership,Diploma,2026-06-17,Part-time,Hybrid
JOB_03906,Cloud Engineer,Bajaj Finserv,Education,Osmanabad,5-8 years,152553,AWS; Docker; GCP; Azure,10th Pass,2026-06-12,Contract,No
JOB_03907,Business Analyst,HDFC Bank,Education,Amravati,2-5 years,85440,Agile; SQL; Requirements Gathering; Process Mapping; JIRA; Power BI,10th Pass,2026-08-29,Part-time,Yes
JOB_03908,Full Stack Developer,HDFC Bank,Energy,Sangli,0-2 years,30311,JavaScript; SQL; HTML/CSS,12th Pass,2026-06-09,Part-time,Yes
JOB_03909,Content Writer,IBM,Education,Kolhapur,0-2 years,45039,Content Writing; Editing; Research; WordPress,12th Pass,2026-08-03,Part-time,Hybrid
JOB_03910,Warehouse Supervisor,Capgemini,Media & Entertainment,Parbhani,Fresher,31245,Inventory Management; Team Leadership; Safety Standards,10th Pass,2026-06-17,Internship,Hybrid
JOB_03911,Digital Marketing Executive,Crompton Greaves,Energy,Aurangabad,Fresher,30425,Content Marketing; Email Marketing; SEM,Diploma,2026-08-15,Contract,Hybrid
JOB_03912,Welder,Wipro,Logistics,Solapur,2-5 years,77591,Blueprint Reading; Arc Welding; MIG Welding; Safety Standards,Graduate,2026-08-25,Internship,No
JOB_03913,Quality Analyst,Cognizant,Retail,Latur,8+ years,344727,Manual Testing; Testing; Agile; Bug Tracking; SQL; Selenium,Graduate,2026-07-29,Part-time,No
JOB_03914,HR Coordinator,Capgemini,Construction,Pune,5-8 years,188999,HRMS; Recruitment; Employee Relations; Payroll,Diploma,2026-07-06,Full-time,Yes
JOB_03915,Data Analyst,Fortis Healthcare,Energy,Amravati,Fresher,22758,Statistics; Power BI; Excel; SQL; Pandas; NumPy,Diploma,2026-06-26,Internship,Hybrid
JOB_03916,Medical Lab Technician,Tata Motors,FMCG,Raigad,Fresher,16555,Safety; Lab Testing; Sample Collection; Quality Control,Graduate,2026-08-13,Part-time,Hybrid
JOB_03917,Nurse,Flipkart,Healthcare,Bhiwandi,Fresher,18709,Medical Procedures; Vital Signs; Patient Care; Emergency Care,Post Graduate,2026-08-24,Full-time,Hybrid
JOB_03918,Pharmacy Assistant,Accenture,IT Services,Raigad,0-2 years,53879,Pharmacy Software; Medication Dispensing; Inventory Management,Diploma,2026-09-01,Full-time,No
JOB_03919,Nurse,Godrej Industries,Telecommunications,Yavatmal,5-8 years,185461,Medical Procedures; Medication Administration; Patient Care; Vital Signs; Emergency Care,12th Pass,2026-07-30,Contract,Hybrid
JOB_03920,Technician,Fortis Healthcare,Healthcare,Parbhani,2-5 years,98573,Mechanical Systems; Equipment Maintenance; Troubleshooting,10th Pass,2026-07-21,Full-time,Yes
JOB_03921,Content Writer,Larsen & Toubro,Pharmaceuticals,Kolhapur,2-5 years,107276,SEO; WordPress; Research; Content Writing; Editing,12th Pass,2026-07-12,Internship,Hybrid
JOB_03922,Pharmacy Assistant,Max Healthcare,Media & Entertainment,Solapur,0-2 years,53849,Pharmacy Software; Medication Dispensing; Customer Service; Inventory Management,Graduate,2026-06-21,Contract,No
JOB_03923,Logistics Coordinator,Amazon,Education,Solapur,2-5 years,69309,Documentation; Transportation Management; Coordination; Communication; Tracking Systems,Diploma,2026-07-20,Internship,Hybrid
JOB_03924,Data Analyst,Axis Bank,Logistics,Sangli,5-8 years,149556,Pandas; Python; Statistics,10th Pass,2026-07-29,Internship,Yes
JOB_03925,Digital Marketing Executive,Wipro,Banking & Finance,Ahmednagar,Fresher,21066,Social Media Marketing; Google Analytics; SEM; Content Marketing; Email Marketing,Graduate,2026-08-24,Contract,No
JOB_03926,Nurse,TCS,Banking & Finance,Sangli,0-2 years,28984,Patient Care; Medication Administration; Emergency Care; Medical Procedures,12th Pass,2026-06-29,Full-time,Hybrid
JOB_03927,Nurse,ABB India,Telecommunications,Kolhapur,8+ years,336766,Medication Administration; Emergency Care; Vital Signs; Patient Care; Medical Procedures,Diploma,2026-07-25,Internship,No
JOB_03928,Logistics Coordinator,Zerodha,Education,Chandrapur,8+ years,230317,Communication; Coordination; Transportation Management,Post Graduate,2026-07-28,Internship,Hybrid
JOB_03929,UI/UX Designer,Narayana Health,Telecommunications,Akola,5-8 years,218783,User Research; Prototyping; HTML/CSS; Sketch; Figma,12th Pass,2026-06-30,Internship,Yes
JOB_03930,Logistics Coordinator,HCL,FMCG,Kolhapur,2-5 years,107551,Transportation Management; Communication; Tracking Systems; Coordination; Documentation,10th Pass,2026-06-30,Contract,No
JOB_03931,Cloud Engineer,Axis Bank,Construction,Satara,Fresher,33438,Kubernetes; Docker; Networking; AWS,10th Pass,2026-06-18,Part-time,No
JOB_03932,Sales Executive,Unacademy,Media & Entertainment,Amravati,0-2 years,34626,CRM; Customer Relationship; Communication,Diploma,2026-06-17,Internship,Yes
JOB_03933,Sales Executive,Paytm,Manufacturing,Bhiwandi,Fresher,16361,CRM; Communication; Customer Relationship; Lead Generation,Post Graduate,2026-06-24,Internship,Yes
JOB_03934,Cybersecurity Analyst,Godrej Industries,Education,Nagpur,Fresher,16879,SIEM; Network Security; Firewall; Risk Assessment; Penetration Testing; Compliance,12th Pass,2026-08-08,Internship,No
JOB_03935,Quality Analyst,Axis Bank,E-commerce,Dhule,Fresher,21212,Testing; JIRA; Agile; SQL; Bug Tracking,Post Graduate,2026-08-31,Internship,Yes
JOB_03936,Welder,Razorpay,Education,Nashik,5-8 years,224804,Safety Standards; Arc Welding; TIG Welding; MIG Welding,Post Graduate,2026-06-07,Internship,Yes
JOB_03937,Machine Operator,Amazon,Logistics,Ahmednagar,Fresher,28558,Production Planning; Machine Maintenance; Safety Standards; Quality Control,Graduate,2026-08-29,Full-time,Yes
JOB_03938,Content Writer,Unacademy,Logistics,Beed,8+ years,469292,Content Writing; WordPress; Research; Editing; Copywriting,Post Graduate,2026-08-08,Contract,Hybrid
JOB_03939,Technician,Tech Mahindra,Telecommunications,Dhule,5-8 years,238057,Mechanical Systems; Equipment Maintenance; Safety,Post Graduate,2026-07-23,Internship,Yes
JOB_03940,Software Developer,Infosys,Banking & Finance,Pune,5-8 years,134710,JavaScript; REST API; Java,Post Graduate,2026-08-21,Internship,Hybrid
JOB_03941,Medical Lab Technician,Wipro,Manufacturing,Satara,0-2 years,29467,Lab Testing; Safety; Quality Control,10th Pass,2026-07-18,Part-time,No
JOB_03942,Warehouse Supervisor,TCS,FMCG,Nashik,8+ years,233961,Safety Standards; WMS; Logistics; Team Leadership,Graduate,2026-08-30,Contract,Hybrid
JOB_03943,Full Stack Developer,Byju's,Healthcare,Nagpur,Fresher,18672,Node.js; HTML/CSS; React; REST API,12th Pass,2026-06-24,Contract,Yes
JOB_03944,Training Coordinator,PhonePe,Construction,Akola,8+ years,256910,Training Delivery; Assessment; Curriculum Design; LMS,12th Pass,2026-08-27,Full-time,Yes
JOB_03945,Medical Lab Technician,Crompton Greaves,FMCG,Sangli,2-5 years,86099,Quality Control; Equipment Operation; Sample Collection; Lab Testing; Safety,Graduate,2026-08-15,Part-time,No
JOB_03946,Medical Lab Technician,Razorpay,IT Services,Beed,2-5 years,50258,Quality Control; Equipment Operation; Safety; Sample Collection,Diploma,2026-08-14,Part-time,No
JOB_03947,Machine Operator,ICICI Bank,Healthcare,Ahmednagar,0-2 years,45994,Machine Maintenance; Production Planning; CNC Operation; Safety Standards,10th Pass,2026-07-30,Internship,No
JOB_03948,Project Coordinator,HDFC Bank,E-commerce,Yavatmal,Fresher,17952,Communication; Project Management; MS Office,Post Graduate,2026-06-08,Part-time,Yes
JOB_03949,Cybersecurity Analyst,Max Healthcare,Logistics,Jalna,Fresher,31720,Compliance; Firewall; SIEM; Penetration Testing; Network Security; Risk Assessment,10th Pass,2026-07-04,Full-time,No
JOB_03950,Training Coordinator,HCL,IT Services,Satara,0-2 years,50342,LMS; Assessment; Training Delivery; Communication,12th Pass,2026-07-13,Internship,No
JOB_03951,UI/UX Designer,Wipro,Construction,Dhule,8+ years,363518,HTML/CSS; Wireframing; User Research; Prototyping,10th Pass,2026-06-18,Full-time,Hybrid
JOB_03952,Data Analyst,Paytm,Banking & Finance,Osmanabad,2-5 years,115815,Tableau; Pandas; NumPy; Excel; Statistics; SQL,Diploma,2026-08-02,Internship,No
JOB_03953,HR Coordinator,Capgemini,Healthcare,Osmanabad,5-8 years,231592,Recruitment; Communication; HRMS; Employee Relations; Compliance; Payroll,Post Graduate,2026-06-22,Part-time,Hybrid
JOB_03954,Training Coordinator,Amazon,Media & Entertainment,Amravati,5-8 years,183994,Assessment; LMS; Curriculum Design,10th Pass,2026-08-03,Contract,Yes
JOB_03955,Supply Chain Analyst,Godrej Industries,Retail,Satara,2-5 years,53658,Logistics; Forecasting; Excel; Inventory Management; Data Analysis,Graduate,2026-08-16,Contract,Yes
JOB_03956,Content Writer,Godrej Industries,Manufacturing,Akola,5-8 years,135769,Editing; WordPress; SEO; Content Writing,Diploma,2026-08-04,Contract,Hybrid
JOB_03957,Cybersecurity Analyst,Fortis Healthcare,Retail,Latur,0-2 years,56737,Penetration Testing; Risk Assessment; Firewall; Compliance,Diploma,2026-06-11,Contract,Hybrid
JOB_03958,Teacher,TCS,FMCG,Yavatmal,0-2 years,38227,Curriculum Development; Lesson Planning; Assessment,12th Pass,2026-08-06,Internship,Yes
JOB_03959,Nurse,Apollo Hospitals,Construction,Nagpur,8+ years,246738,Vital Signs; Patient Care; Emergency Care; Medical Procedures,Graduate,2026-08-21,Contract,Hybrid
JOB_03960,Logistics Coordinator,Fortis Healthcare,Energy,Nashik,8+ years,327585,Documentation; Transportation Management; Coordination,Diploma,2026-06-18,Part-time,Hybrid
JOB_03961,Digital Marketing Executive,Vedantu,Media & Entertainment,Latur,Fresher,26937,Google Analytics; SEO; Content Marketing; SEM; Social Media Marketing; Email Marketing,Diploma,2026-09-02,Internship,Hybrid
JOB_03962,Welder,Apollo Hospitals,Banking & Finance,Nashik,0-2 years,26994,Blueprint Reading; Arc Welding; Safety Standards,10th Pass,2026-06-14,Contract,No
JOB_03963,Cybersecurity Analyst,IBM,Logistics,Pune,Fresher,28008,Penetration Testing; Compliance; Network Security; SIEM; Risk Assessment; Firewall,Diploma,2026-06-24,Part-time,No
JOB_03964,Machine Operator,HDFC Bank,Telecommunications,Beed,5-8 years,151818,Production Planning; Machine Maintenance; Safety Standards,12th Pass,2026-08-14,Internship,No
JOB_03965,Warehouse Supervisor,Cognizant,Banking & Finance,Osmanabad,0-2 years,55067,Team Leadership; Inventory Management; Logistics; Safety Standards,Post Graduate,2026-07-23,Internship,Yes
JOB_03966,Machine Learning Engineer,Reliance Jio,Retail,Sangli,Fresher,23430,TensorFlow; SQL; NLP; Python; Deep Learning,Graduate,2026-07-18,Contract,Yes
JOB_03967,Quality Analyst,PhonePe,Energy,Raigad,0-2 years,33805,SQL; JIRA; Manual Testing,10th Pass,2026-06-08,Contract,No
JOB_03968,Pharmacy Assistant,Godrej Industries,Construction,Latur,Fresher,26011,Inventory Management; Medication Dispensing; Customer Service; Pharmacy Software,10th Pass,2026-08-18,Internship,Yes
JOB_03969,Machine Operator,Vedantu,Media & Entertainment,Akola,2-5 years,95196,Production Planning; Machine Maintenance; CNC Operation; Safety Standards; Quality Control,Diploma,2026-06-08,Full-time,Hybrid
JOB_03970,Machine Operator,Capgemini,IT Services,Aurangabad,2-5 years,102357,CNC Operation; Quality Control; Safety Standards,Graduate,2026-08-20,Internship,No
JOB_03971,Quality Analyst,Apollo Hospitals,Healthcare,Sangli,2-5 years,99843,Agile; Manual Testing; SQL,Post Graduate,2026-07-17,Internship,Hybrid
JOB_03972,UI/UX Designer,ABB India,FMCG,Kolhapur,0-2 years,47702,Wireframing; Figma; HTML/CSS; Adobe XD,Post Graduate,2026-07-22,Contract,Hybrid
JOB_03973,UI/UX Designer,ICICI Bank,Logistics,Dhule,2-5 years,70724,Wireframing; HTML/CSS; Adobe XD; Figma; Prototyping; User Research,Diploma,2026-07-27,Internship,Yes
JOB_03974,Cloud Engineer,Capgemini,Banking & Finance,Nashik,0-2 years,37852,Linux; AWS; Docker; Azure; Kubernetes; Terraform,Post Graduate,2026-07-14,Contract,Hybrid
JOB_03975,Machine Operator,ABB India,Banking & Finance,Nashik,0-2 years,57471,Safety Standards; Quality Control; Machine Maintenance; CNC Operation,12th Pass,2026-06-26,Full-time,No
JOB_03976,Training Coordinator,Siemens,Construction,Kolhapur,Fresher,26462,Curriculum Design; Communication; Assessment; Training Delivery; LMS,10th Pass,2026-07-31,Part-time,No
JOB_03977,Accountant,Zerodha,Healthcare,Raigad,0-2 years,30403,QuickBooks; GST; Excel; Taxation; Tally; Accounting,Graduate,2026-08-16,Part-time,Hybrid
JOB_03978,Accountant,Zerodha,Telecommunications,Yavatmal,8+ years,253948,Excel; Financial Reporting; Accounting; Taxation; QuickBooks,Post Graduate,2026-07-26,Internship,Hybrid
JOB_03979,HR Coordinator,Unacademy,Energy,Pune,0-2 years,33416,Recruitment; Employee Relations; Payroll; Communication; Compliance,Diploma,2026-06-27,Internship,Hybrid
JOB_03980,Sales Executive,Godrej Industries,Banking & Finance,Sangli,8+ years,243932,Communication; Negotiation; CRM; Customer Relationship,Diploma,2026-08-24,Internship,Hybrid
JOB_03981,Retail Associate,Crompton Greaves,IT Services,Akola,8+ years,471527,Cash Handling; Sales; Customer Service,12th Pass,2026-08-30,Full-time,Hybrid
JOB_03982,Cybersecurity Analyst,Flipkart,Healthcare,Kolhapur,5-8 years,123322,Compliance; Network Security; SIEM; Risk Assessment; Firewall,Diploma,2026-07-12,Internship,Yes
JOB_03983,Business Analyst,Bajaj Finserv,FMCG,Chandrapur,Fresher,23878,SQL; Agile; Power BI; Requirements Gathering; Process Mapping; Excel,Post Graduate,2026-07-27,Full-time,Yes
JOB_03984,HR Coordinator,Unacademy,Pharmaceuticals,Akola,2-5 years,95394,Employee Relations; Communication; Recruitment; Payroll; HRMS; Compliance,10th Pass,2026-08-23,Part-time,Yes
JOB_03985,Content Writer,Reliance Jio,Media & Entertainment,Amravati,0-2 years,46791,SEO; WordPress; Research; Content Writing; Copywriting,Diploma,2026-07-08,Internship,Hybrid
JOB_03986,Quality Analyst,HCL,Logistics,Dhule,5-8 years,219664,Selenium; Manual Testing; Testing,12th Pass,2026-07-18,Internship,Yes
JOB_03987,Training Coordinator,Larsen & Toubro,IT Services,Nanded,5-8 years,210326,Communication; Curriculum Design; Assessment; Training Delivery; LMS,10th Pass,2026-07-01,Internship,No
JOB_03988,Customer Support Specialist,Fortis Healthcare,FMCG,Aurangabad,0-2 years,29201,Zendesk; CRM; Communication; Problem Solving,Diploma,2026-08-12,Full-time,Hybrid
JOB_03989,Logistics Coordinator,Byju's,Telecommunications,Amravati,2-5 years,56564,Coordination; Documentation; Tracking Systems; Communication,Graduate,2026-09-04,Full-time,Hybrid
JOB_03990,Technician,PhonePe,Logistics,Mumbai,0-2 years,32979,Mechanical Systems; Troubleshooting; Electrical Systems,Post Graduate,2026-06-21,Part-time,No
JOB_03991,Digital Marketing Executive,PhonePe,Automotive,Nashik,8+ years,267410,Content Marketing; SEO; Social Media Marketing; Google Analytics,12th Pass,2026-08-23,Contract,Yes
JOB_03992,Cloud Engineer,Vedantu,Pharmaceuticals,Nagpur,8+ years,468129,Terraform; Docker; Linux; AWS; Kubernetes,10th Pass,2026-08-31,Internship,Hybrid
JOB_03993,HR Coordinator,IBM,E-commerce,Raigad,2-5 years,72027,HRMS; Communication; Recruitment; Compliance; Employee Relations; Payroll,Graduate,2026-07-01,Internship,No
JOB_03994,Sales Executive,Paytm,Healthcare,Parbhani,Fresher,30102,Negotiation; CRM; Communication,10th Pass,2026-07-29,Part-time,Yes
JOB_03995,Cybersecurity Analyst,Paytm,Construction,Aurangabad,2-5 years,105453,Penetration Testing; SIEM; Risk Assessment; Firewall; Network Security; Compliance,Diploma,2026-06-12,Full-time,Yes
JOB_03996,Pharmacy Assistant,Siemens,Retail,Aurangabad,8+ years,257520,Inventory Management; Medication Dispensing; Customer Service; Pharmacy Software,Post Graduate,2026-07-08,Internship,Yes
JOB_03997,Logistics Coordinator,HDFC Bank,Retail,Sangli,2-5 years,75588,Coordination; Transportation Management; Communication,Graduate,2026-07-30,Part-time,No
JOB_03998,Software Developer,Godrej Industries,Retail,Amravati,0-2 years,52251,Microservices; JavaScript; Git,10th Pass,2026-06-15,Internship,No
JOB_03999,HR Coordinator,Godrej Industries,Retail,Beed,2-5 years,78530,Communication; Compliance; HRMS; Recruitment; Employee Relations,10th Pass,2026-06-18,Part-time,Yes
JOB_04000,Logistics Coordinator,Siemens,Telecommunications,Akola,0-2 years,28806,Tracking Systems; Coordination; Documentation; Transportation Management; Communication,Graduate,2026-08-08,Contract,Yes
JOB_04001,Business Analyst,Fortis Healthcare,Manufacturing,Yavatmal,2-5 years,92364,Requirements Gathering; Agile; Process Mapping,12th Pass,2026-06-08,Internship,Hybrid
JOB_04002,Warehouse Supervisor,Paytm,FMCG,Bhiwandi,0-2 years,39973,Logistics; Safety Standards; Team Leadership; Inventory Management,Graduate,2026-07-27,Part-time,No
JOB_04003,Warehouse Supervisor,Razorpay,Energy,Beed,0-2 years,49159,Team Leadership; Logistics; Inventory Management; Safety Standards; WMS,Post Graduate,2026-07-08,Internship,No
JOB_04004,Medical Lab Technician,Max Healthcare,FMCG,Latur,5-8 years,112912,Lab Testing; Quality Control; Sample Collection,10th Pass,2026-08-05,Part-time,Yes
JOB_04005,Content Writer,Paytm,Logistics,Yavatmal,5-8 years,153208,Copywriting; Content Writing; Editing; WordPress; SEO,12th Pass,2026-06-22,Full-time,Hybrid
JOB_04006,Logistics Coordinator,Reliance Jio,Pharmaceuticals,Jalna,Fresher,24023,Transportation Management; Documentation; Communication,10th Pass,2026-08-31,Part-time,No
JOB_04007,Warehouse Supervisor,Zerodha,Pharmaceuticals,Solapur,8+ years,310711,Inventory Management; Safety Standards; WMS; Logistics; Team Leadership,Graduate,2026-08-25,Internship,No
JOB_04008,Content Writer,Apollo Hospitals,Banking & Finance,Ahmednagar,2-5 years,118937,Research; Editing; WordPress; Copywriting; SEO,10th Pass,2026-06-26,Contract,No
JOB_04009,Pharmacy Assistant,Paytm,Automotive,Beed,8+ years,251880,Pharmacy Software; Inventory Management; Customer Service; Medication Dispensing,10th Pass,2026-07-29,Full-time,No
JOB_04010,Training Coordinator,Max Healthcare,Banking & Finance,Jalgaon,8+ years,499404,LMS; Training Delivery; Curriculum Design; Assessment; Communication,Graduate,2026-07-21,Full-time,Hybrid
JOB_04011,Pharmacy Assistant,Paytm,Construction,Aurangabad,0-2 years,34574,Pharmacy Software; Inventory Management; Customer Service; Medication Dispensing,Graduate,2026-09-02,Part-time,Yes
JOB_04012,Project Coordinator,HCL,Construction,Akola,5-8 years,124584,Project Management; Documentation; Communication; MS Office,Diploma,2026-08-23,Part-time,Yes
JOB_04013,Warehouse Supervisor,Apollo Hospitals,Energy,Ahmednagar,5-8 years,146604,Team Leadership; WMS; Safety Standards,Diploma,2026-06-24,Contract,No
JOB_04014,Accountant,Max Healthcare,Energy,Kolhapur,Fresher,33587,Tally; Taxation; GST,10th Pass,2026-08-14,Internship,Yes
JOB_04015,Full Stack Developer,Razorpay,Retail,Amravati,2-5 years,114345,Git; JavaScript; React; SQL; MongoDB; HTML/CSS,Post Graduate,2026-07-18,Full-time,Hybrid
JOB_04016,Project Coordinator,Crompton Greaves,Construction,Akola,0-2 years,32896,MS Office; Project Management; Documentation; Agile; Coordination,Post Graduate,2026-07-22,Part-time,Hybrid
JOB_04017,Teacher,Apollo Hospitals,Healthcare,Bhiwandi,2-5 years,118131,Classroom Management; Lesson Planning; Assessment,10th Pass,2026-07-24,Full-time,No
JOB_04018,Data Analyst,Tata Motors,Banking & Finance,Solapur,Fresher,31086,Python; SQL; Power BI; Excel; Pandas; NumPy,Post Graduate,2026-08-04,Full-time,Yes
JOB_04019,Full Stack Developer,Tech Mahindra,Education,Jalgaon,0-2 years,35646,React; Git; SQL; HTML/CSS; MongoDB; REST API,12th Pass,2026-08-26,Internship,Hybrid
JOB_04020,Pharmacy Assistant,Amazon,Construction,Raigad,2-5 years,114882,Medication Dispensing; Pharmacy Software; Inventory Management,12th Pass,2026-08-18,Contract,Hybrid
JOB_04021,Logistics Coordinator,ABB India,Media & Entertainment,Nagpur,0-2 years,57134,Tracking Systems; Communication; Transportation Management,10th Pass,2026-06-09,Internship,Yes
JOB_04022,Digital Marketing Executive,Tata Motors,Construction,Aurangabad,0-2 years,30262,Email Marketing; Google Analytics; Social Media Marketing,12th Pass,2026-06-17,Contract,Yes
JOB_04023,Welder,Flipkart,Logistics,Dhule,5-8 years,113504,TIG Welding; Blueprint Reading; MIG Welding,Diploma,2026-07-12,Internship,Hybrid
JOB_04024,Accountant,Unacademy,Telecommunications,Amravati,0-2 years,55350,Financial Reporting; Accounting; QuickBooks; Tally; GST,Post Graduate,2026-08-20,Full-time,Hybrid
JOB_04025,Fitter,Accenture,Logistics,Amravati,8+ years,205928,Assembly; Mechanical Fitting; Precision Tools; Blueprint Reading,Post Graduate,2026-09-04,Part-time,Hybrid
JOB_04026,HR Coordinator,Flipkart,Pharmaceuticals,Ahmednagar,8+ years,302736,Communication; Compliance; HRMS; Employee Relations; Payroll,Graduate,2026-09-04,Part-time,Hybrid
JOB_04027,Electrician,Wipro,Retail,Jalna,5-8 years,122984,Troubleshooting; Safety Standards; Equipment Maintenance; Circuit Design,10th Pass,2026-06-12,Internship,Hybrid
JOB_04028,Machine Operator,PhonePe,Logistics,Satara,2-5 years,77462,Quality Control; Machine Maintenance; Production Planning; CNC Operation; Safety Standards,Post Graduate,2026-06-22,Part-time,No
JOB_04029,Electrician,Zerodha,IT Services,Jalna,5-8 years,239276,Circuit Design; Troubleshooting; Equipment Maintenance; Safety Standards; Electrical Wiring,Diploma,2026-07-19,Contract,No
JOB_04030,Retail Associate,ICICI Bank,IT Services,Akola,5-8 years,153771,Sales; Inventory Management; Cash Handling; Communication; Customer Service,10th Pass,2026-09-02,Full-time,Yes
JOB_04031,DevOps Engineer,Larsen & Toubro,Logistics,Solapur,0-2 years,52627,Jenkins; Kubernetes; Ansible; Docker; CI/CD,Diploma,2026-07-16,Part-time,Hybrid
JOB_04032,Nurse,TCS,Automotive,Raigad,2-5 years,80463,Medication Administration; Emergency Care; Vital Signs; Medical Procedures,Diploma,2026-08-23,Part-time,Hybrid
JOB_04033,Project Coordinator,Reliance Jio,E-commerce,Ahmednagar,5-8 years,245603,MS Office; Agile; Coordination; Project Management; Documentation,10th Pass,2026-08-16,Full-time,No
JOB_04034,Project Coordinator,HCL,E-commerce,Pune,Fresher,30067,Documentation; Coordination; MS Office; Communication; Project Management,10th Pass,2026-06-13,Part-time,Hybrid
JOB_04035,Welder,Zerodha,Automotive,Satara,5-8 years,232506,MIG Welding; Blueprint Reading; Arc Welding,Post Graduate,2026-08-10,Internship,No
JOB_04036,Electrician,Narayana Health,Telecommunications,Amravati,8+ years,310306,Equipment Maintenance; Circuit Design; Troubleshooting; Electrical Wiring; Safety Standards,12th Pass,2026-06-25,Full-time,No
JOB_04037,Customer Support Specialist,Amazon,Healthcare,Raigad,0-2 years,56452,Communication; Zendesk; CRM; Customer Service,12th Pass,2026-06-27,Part-time,Hybrid
JOB_04038,Machine Operator,Capgemini,Automotive,Aurangabad,2-5 years,53995,Production Planning; CNC Operation; Machine Maintenance; Quality Control; Safety Standards,Post Graduate,2026-06-11,Part-time,No
JOB_04039,UI/UX Designer,Larsen & Toubro,IT Services,Satara,8+ years,297045,Prototyping; Adobe XD; Wireframing; HTML/CSS; Sketch; User Research,Graduate,2026-06-28,Full-time,No
JOB_04040,Content Writer,Unacademy,FMCG,Chandrapur,5-8 years,194078,Research; SEO; WordPress; Content Writing; Copywriting; Editing,10th Pass,2026-06-13,Internship,No
JOB_04041,Training Coordinator,Axis Bank,Healthcare,Jalna,5-8 years,227377,Communication; Curriculum Design; LMS,Graduate,2026-07-31,Internship,Yes
JOB_04042,Machine Learning Engineer,Capgemini,IT Services,Dhule,0-2 years,57643,TensorFlow; NLP; PyTorch; Scikit-learn,12th Pass,2026-08-11,Contract,Yes
JOB_04043,Quality Analyst,Capgemini,Automotive,Sangli,8+ years,211239,JIRA; SQL; Testing; Selenium; Bug Tracking; Agile,Post Graduate,2026-07-15,Contract,No
JOB_04044,UI/UX Designer,Narayana Health,Energy,Chandrapur,2-5 years,69323,User Research; HTML/CSS; Sketch; Prototyping,10th Pass,2026-07-16,Contract,Yes
JOB_04045,Software Developer,Crompton Greaves,Energy,Aurangabad,5-8 years,233945,Agile; Git; Python; Microservices,12th Pass,2026-07-12,Part-time,Hybrid
JOB_04046,Machine Learning Engineer,Infosys,Media & Entertainment,Osmanabad,2-5 years,115958,Python; PyTorch; SQL; NLP; TensorFlow,Post Graduate,2026-07-07,Contract,Hybrid
JOB_04047,Welder,Tata Motors,Healthcare,Latur,5-8 years,248199,TIG Welding; MIG Welding; Safety Standards; Blueprint Reading,Graduate,2026-07-16,Full-time,No
JOB_04048,Supply Chain Analyst,Unacademy,Logistics,Satara,8+ years,425066,SAP; Forecasting; Data Analysis; Logistics,12th Pass,2026-07-27,Full-time,No
JOB_04049,Training Coordinator,Wipro,IT Services,Kolhapur,0-2 years,55160,Assessment; Training Delivery; LMS,Graduate,2026-07-20,Internship,No
JOB_04050,Nurse,Byju's,Pharmaceuticals,Parbhani,8+ years,387876,Medical Procedures; Patient Care; Emergency Care; Vital Signs; Medication Administration,10th Pass,2026-08-05,Internship,Hybrid
JOB_04051,Welder,Byju's,Telecommunications,Nashik,Fresher,26207,MIG Welding; Arc Welding; Blueprint Reading,Graduate,2026-09-04,Full-time,No
JOB_04052,Welder,Accenture,Manufacturing,Yavatmal,8+ years,282195,Blueprint Reading; TIG Welding; Safety Standards; Arc Welding,Diploma,2026-08-17,Contract,No
JOB_04053,Customer Support Specialist,Reliance Jio,Healthcare,Akola,5-8 years,240530,Problem Solving; Communication; Customer Service,Diploma,2026-06-18,Contract,Yes
JOB_04054,Business Analyst,Apollo Hospitals,Construction,Nanded,8+ years,304372,Process Mapping; JIRA; Requirements Gathering,Graduate,2026-08-09,Part-time,Hybrid
JOB_04055,Digital Marketing Executive,Siemens,Automotive,Ahmednagar,2-5 years,107062,Social Media Marketing; SEO; Google Analytics,Diploma,2026-06-20,Full-time,Yes
JOB_04056,Medical Lab Technician,Max Healthcare,Media & Entertainment,Amravati,5-8 years,227056,Lab Testing; Sample Collection; Equipment Operation,Graduate,2026-07-29,Full-time,Yes
JOB_04057,HR Coordinator,Fortis Healthcare,Automotive,Mumbai,0-2 years,45576,Payroll; HRMS; Recruitment; Compliance,10th Pass,2026-08-19,Internship,Hybrid
JOB_04058,Fitter,Narayana Health,E-commerce,Nanded,8+ years,229573,Maintenance; Blueprint Reading; Mechanical Fitting; Precision Tools; Assembly,Post Graduate,2026-07-20,Full-time,Hybrid
JOB_04059,Customer Support Specialist,Fortis Healthcare,Energy,Akola,Fresher,18500,Customer Service; Problem Solving; CRM,Graduate,2026-06-23,Part-time,Hybrid
JOB_04060,Accountant,Larsen & Toubro,Pharmaceuticals,Sangli,Fresher,23924,GST; QuickBooks; Taxation; Tally; Financial Reporting; Excel,10th Pass,2026-09-03,Part-time,Hybrid
JOB_04061,Project Coordinator,Crompton Greaves,Logistics,Latur,5-8 years,113485,Coordination; Communication; MS Office,Diploma,2026-06-09,Contract,Hybrid
JOB_04062,HR Coordinator,Zerodha,IT Services,Jalna,2-5 years,56199,Employee Relations; Compliance; HRMS; Recruitment; Communication,12th Pass,2026-07-19,Full-time,Hybrid
JOB_04063,Machine Operator,Narayana Health,Energy,Sangli,2-5 years,68157,Quality Control; CNC Operation; Safety Standards,Post Graduate,2026-06-10,Contract,Yes
JOB_04064,Accountant,Apollo Hospitals,Energy,Beed,5-8 years,234040,Accounting; Tally; GST; Financial Reporting; Excel; QuickBooks,Diploma,2026-07-20,Internship,No
JOB_04065,Sales Executive,ICICI Bank,Energy,Bhiwandi,5-8 years,180840,Customer Relationship; Negotiation; Communication; CRM,Diploma,2026-07-04,Part-time,No
JOB_04066,DevOps Engineer,Wipro,Pharmaceuticals,Nanded,8+ years,497020,Python; Linux; Docker; Jenkins,Graduate,2026-07-17,Full-time,Yes
JOB_04067,DevOps Engineer,Tata Motors,Logistics,Ahmednagar,5-8 years,159736,CI/CD; Docker; Kubernetes,Graduate,2026-08-14,Full-time,Yes
JOB_04068,Medical Lab Technician,IBM,Retail,Pune,8+ years,300740,Quality Control; Sample Collection; Lab Testing; Safety; Equipment Operation,10th Pass,2026-06-16,Full-time,Yes
JOB_04069,Project Coordinator,Bajaj Finserv,Banking & Finance,Mumbai,0-2 years,38584,Documentation; Communication; Coordination; MS Office; Project Management,12th Pass,2026-07-27,Part-time,Yes
JOB_04070,Warehouse Supervisor,Unacademy,Education,Jalna,0-2 years,50735,Team Leadership; Logistics; WMS; Safety Standards; Inventory Management,10th Pass,2026-07-14,Full-time,Hybrid
JOB_04071,Technician,Wipro,IT Services,Bhiwandi,2-5 years,78209,Electrical Systems; Safety; Mechanical Systems,Graduate,2026-06-27,Contract,No
JOB_04072,Medical Lab Technician,Accenture,Energy,Pune,2-5 years,109514,Equipment Operation; Sample Collection; Safety; Quality Control,Graduate,2026-06-27,Full-time,No
JOB_04073,HR Coordinator,Tata Motors,Automotive,Osmanabad,8+ years,382217,Communication; Payroll; Recruitment,Graduate,2026-06-11,Contract,No
JOB_04074,Accountant,ABB India,Education,Nagpur,5-8 years,100977,Accounting; Tally; Financial Reporting,Diploma,2026-07-14,Internship,Yes
JOB_04075,Training Coordinator,Byju's,Telecommunications,Dhule,5-8 years,204607,Communication; LMS; Curriculum Design; Assessment; Training Delivery,12th Pass,2026-08-07,Internship,No
JOB_04076,Accountant,Larsen & Toubro,Automotive,Satara,2-5 years,86114,Excel; Financial Reporting; QuickBooks,Post Graduate,2026-07-30,Part-time,Hybrid
JOB_04077,Cloud Engineer,Reliance Jio,Retail,Solapur,5-8 years,202781,Kubernetes; Terraform; GCP; Networking; AWS; Linux,Diploma,2026-08-23,Internship,Yes
JOB_04078,Electrician,Narayana Health,Healthcare,Kolhapur,8+ years,305258,Safety Standards; Electrical Wiring; Equipment Maintenance; Circuit Design; Troubleshooting,Diploma,2026-08-24,Full-time,Hybrid
JOB_04079,Business Analyst,HDFC Bank,Manufacturing,Yavatmal,Fresher,31605,SQL; JIRA; Process Mapping; Agile; Requirements Gathering; Excel,12th Pass,2026-07-29,Part-time,No
JOB_04080,Full Stack Developer,HDFC Bank,Logistics,Nanded,5-8 years,226507,Node.js; React; SQL; JavaScript,Graduate,2026-07-18,Internship,Hybrid
JOB_04081,UI/UX Designer,Razorpay,Telecommunications,Latur,0-2 years,39120,Wireframing; User Research; Sketch; Adobe XD; Figma,Diploma,2026-06-15,Internship,No
JOB_04082,Software Developer,Crompton Greaves,Logistics,Chandrapur,8+ years,279420,Python; REST API; SQL; Java; Agile,12th Pass,2026-06-23,Full-time,Hybrid
JOB_04083,Supply Chain Analyst,ABB India,Logistics,Ahmednagar,2-5 years,87901,Data Analysis; Forecasting; Excel; SAP; Inventory Management; Logistics,Post Graduate,2026-08-02,Contract,Yes
JOB_04084,Digital Marketing Executive,Siemens,Education,Pune,8+ years,393530,Google Analytics; SEO; SEM; Social Media Marketing; Content Marketing,10th Pass,2026-08-19,Internship,Yes
JOB_04085,Full Stack Developer,TCS,Banking & Finance,Sangli,8+ years,261500,React; HTML/CSS; MongoDB; JavaScript; Git; REST API,Diploma,2026-07-28,Contract,Yes
JOB_04086,Cybersecurity Analyst,Larsen & Toubro,Energy,Osmanabad,5-8 years,125068,Network Security; Compliance; SIEM; Penetration Testing,12th Pass,2026-07-31,Full-time,No
JOB_04087,Technician,Larsen & Toubro,Media & Entertainment,Nagpur,2-5 years,117856,Troubleshooting; Safety; Mechanical Systems; Electrical Systems,Graduate,2026-08-01,Full-time,Yes
JOB_04088,Machine Learning Engineer,Paytm,Telecommunications,Beed,Fresher,30956,Python; SQL; NLP,10th Pass,2026-08-21,Contract,No
JOB_04089,Machine Operator,Crompton Greaves,Media & Entertainment,Yavatmal,Fresher,18232,CNC Operation; Quality Control; Safety Standards; Machine Maintenance,10th Pass,2026-07-31,Contract,No
JOB_04090,Electrician,Paytm,Energy,Bhiwandi,0-2 years,36458,Troubleshooting; Electrical Wiring; Circuit Design,12th Pass,2026-06-20,Internship,Hybrid
JOB_04091,Digital Marketing Executive,Mahindra & Mahindra,Healthcare,Pune,8+ years,477591,Social Media Marketing; Content Marketing; Google Analytics,12th Pass,2026-08-18,Part-time,Yes
JOB_04092,Machine Operator,Wipro,Logistics,Satara,Fresher,23216,Quality Control; Safety Standards; Machine Maintenance,Graduate,2026-07-23,Part-time,Yes
JOB_04093,Technician,TCS,Education,Dhule,Fresher,31818,Equipment Maintenance; Safety; Electrical Systems; Mechanical Systems,Post Graduate,2026-07-05,Part-time,Yes
JOB_04094,Software Developer,Fortis Healthcare,Healthcare,Parbhani,0-2 years,57521,Microservices; Java; REST API; Agile,12th Pass,2026-08-07,Contract,Yes
JOB_04095,Machine Learning Engineer,Fortis Healthcare,Media & Entertainment,Aurangabad,0-2 years,42063,PyTorch; SQL; Python,Post Graduate,2026-07-07,Contract,Yes
JOB_04096,Sales Executive,Max Healthcare,FMCG,Solapur,0-2 years,47542,Communication; Customer Relationship; Lead Generation; CRM; Negotiation,10th Pass,2026-08-09,Internship,Yes
JOB_04097,Logistics Coordinator,Cognizant,Healthcare,Latur,2-5 years,57764,Communication; Tracking Systems; Documentation; Transportation Management; Coordination,12th Pass,2026-06-15,Full-time,Hybrid
JOB_04098,Software Developer,Vedantu,E-commerce,Bhiwandi,8+ years,327064,Git; Python; Agile; JavaScript; REST API; Java,12th Pass,2026-08-21,Contract,Yes
JOB_04099,Nurse,Accenture,Pharmaceuticals,Satara,Fresher,25173,Vital Signs; Medication Administration; Medical Procedures,Post Graduate,2026-08-29,Contract,No
JOB_04100,Teacher,Wipro,IT Services,Ahmednagar,0-2 years,59121,Classroom Management; Curriculum Development; Lesson Planning; Communication,Post Graduate,2026-08-02,Contract,No
JOB_04101,Welder,Siemens,Media & Entertainment,Amravati,8+ years,370938,TIG Welding; Blueprint Reading; Safety Standards; Arc Welding; MIG Welding,12th Pass,2026-08-27,Contract,No
JOB_04102,Sales Executive,Tata Motors,Automotive,Satara,0-2 years,45623,Lead Generation; Communication; Negotiation; Customer Relationship,Post Graduate,2026-08-22,Contract,No
JOB_04103,Business Analyst,Byju's,Logistics,Amravati,8+ years,201705,Process Mapping; Power BI; JIRA; SQL; Requirements Gathering; Agile,Post Graduate,2026-08-25,Part-time,Hybrid
JOB_04104,Digital Marketing Executive,Razorpay,Logistics,Kolhapur,0-2 years,43824,SEM; Google Analytics; Email Marketing; SEO; Social Media Marketing,Post Graduate,2026-07-01,Contract,No
JOB_04105,Technician,Godrej Industries,Automotive,Chandrapur,2-5 years,66671,Safety; Troubleshooting; Electrical Systems; Mechanical Systems; Equipment Maintenance,Post Graduate,2026-07-20,Contract,No
JOB_04106,Business Analyst,HDFC Bank,Manufacturing,Satara,Fresher,26533,JIRA; Power BI; Excel; SQL,12th Pass,2026-08-27,Part-time,Hybrid
JOB_04107,Full Stack Developer,Infosys,FMCG,Ahmednagar,5-8 years,224734,Node.js; HTML/CSS; REST API; MongoDB; JavaScript; React,12th Pass,2026-07-25,Full-time,Yes
JOB_04108,Electrician,Tech Mahindra,IT Services,Yavatmal,Fresher,18361,Electrical Wiring; Circuit Design; Equipment Maintenance,Post Graduate,2026-08-18,Contract,No
JOB_04109,Cloud Engineer,Max Healthcare,Automotive,Nashik,0-2 years,48271,GCP; Azure; Networking; Kubernetes,Graduate,2026-08-02,Contract,Yes
JOB_04110,Training Coordinator,Axis Bank,Construction,Ahmednagar,0-2 years,44331,Assessment; Curriculum Design; Training Delivery,Diploma,2026-08-02,Part-time,No
JOB_04111,Cloud Engineer,Wipro,Education,Beed,2-5 years,107749,Azure; Networking; Kubernetes; Docker; Linux,10th Pass,2026-07-03,Full-time,Yes
JOB_04112,Technician,Larsen & Toubro,FMCG,Beed,Fresher,21101,Equipment Maintenance; Troubleshooting; Safety; Mechanical Systems; Electrical Systems,Post Graduate,2026-08-10,Internship,Yes
JOB_04113,Sales Executive,Max Healthcare,Automotive,Sangli,2-5 years,61344,CRM; Negotiation; Customer Relationship; Lead Generation; Communication,Diploma,2026-08-31,Internship,Yes
JOB_04114,Fitter,Reliance Jio,Healthcare,Kolhapur,5-8 years,188747,Maintenance; Mechanical Fitting; Blueprint Reading; Precision Tools; Assembly,12th Pass,2026-08-18,Internship,No
JOB_04115,Machine Operator,Fortis Healthcare,IT Services,Beed,0-2 years,43624,Machine Maintenance; Quality Control; Production Planning,10th Pass,2026-09-02,Part-time,Yes
JOB_04116,Welder,Byju's,Telecommunications,Satara,8+ years,459755,Arc Welding; TIG Welding; Blueprint Reading; MIG Welding; Safety Standards,12th Pass,2026-06-24,Part-time,Hybrid
JOB_04117,Quality Analyst,Capgemini,Media & Entertainment,Nanded,Fresher,18857,Bug Tracking; Agile; SQL; Manual Testing; Selenium,Post Graduate,2026-08-13,Full-time,Hybrid
JOB_04118,Retail Associate,Amazon,Education,Pune,Fresher,31201,Inventory Management; Communication; Customer Service,10th Pass,2026-07-25,Internship,Yes
JOB_04119,Teacher,ABB India,Healthcare,Amravati,5-8 years,134226,Classroom Management; Assessment; Lesson Planning,10th Pass,2026-07-02,Internship,No
JOB_04120,Project Coordinator,Byju's,FMCG,Jalna,5-8 years,200980,Coordination; Documentation; Communication; Project Management; Agile,Graduate,2026-08-15,Full-time,Hybrid
JOB_04121,Technician,Accenture,Education,Latur,5-8 years,195331,Safety; Electrical Systems; Troubleshooting; Equipment Maintenance; Mechanical Systems,Diploma,2026-06-09,Part-time,Yes
JOB_04122,Software Developer,Unacademy,Logistics,Latur,2-5 years,57213,Python; Java; Agile,Post Graduate,2026-06-12,Internship,No
JOB_04123,Fitter,ABB India,Telecommunications,Pune,5-8 years,186963,Maintenance; Assembly; Precision Tools; Mechanical Fitting,Diploma,2026-06-30,Part-time,No
JOB_04124,Teacher,Cognizant,Education,Amravati,0-2 years,47650,Communication; Curriculum Development; Lesson Planning; Assessment; Classroom Management,12th Pass,2026-06-26,Full-time,No
JOB_04125,DevOps Engineer,PhonePe,Banking & Finance,Satara,Fresher,33816,CI/CD; Jenkins; Python,10th Pass,2026-06-17,Full-time,No
JOB_04126,Cloud Engineer,Cognizant,Education,Raigad,2-5 years,95699,Linux; Networking; AWS,Graduate,2026-09-03,Part-time,Hybrid
JOB_04127,Machine Learning Engineer,Tata Motors,Pharmaceuticals,Beed,5-8 years,208695,SQL; Deep Learning; Scikit-learn; TensorFlow,Graduate,2026-08-03,Part-time,Yes
JOB_04128,Nurse,Unacademy,E-commerce,Jalgaon,5-8 years,174810,Medication Administration; Medical Procedures; Emergency Care; Patient Care,Post Graduate,2026-07-23,Internship,Yes
JOB_04129,Pharmacy Assistant,Mahindra & Mahindra,IT Services,Aurangabad,2-5 years,68118,Pharmacy Software; Customer Service; Inventory Management,Post Graduate,2026-07-19,Internship,Hybrid
JOB_04130,Machine Operator,Reliance Jio,Logistics,Beed,2-5 years,63383,Production Planning; Machine Maintenance; CNC Operation; Quality Control,Post Graduate,2026-08-14,Contract,No
JOB_04131,Content Writer,Flipkart,FMCG,Sangli,Fresher,20288,Editing; Research; Content Writing,10th Pass,2026-09-03,Internship,Hybrid
JOB_04132,Retail Associate,Byju's,Construction,Satara,Fresher,25425,Inventory Management; Customer Service; Communication,Graduate,2026-06-17,Full-time,No
JOB_04133,Sales Executive,Capgemini,Logistics,Kolhapur,0-2 years,40679,Negotiation; Communication; CRM,10th Pass,2026-07-03,Internship,Yes
JOB_04134,Electrician,Crompton Greaves,Media & Entertainment,Pune,5-8 years,147204,Circuit Design; Troubleshooting; Equipment Maintenance; Safety Standards; Electrical Wiring,Post Graduate,2026-07-19,Internship,Yes
JOB_04135,Supply Chain Analyst,Capgemini,Manufacturing,Pune,0-2 years,38087,SAP; Forecasting; Excel; Inventory Management,Diploma,2026-08-12,Internship,Hybrid
JOB_04136,Training Coordinator,Unacademy,FMCG,Sangli,5-8 years,126318,Training Delivery; Curriculum Design; LMS; Communication,Graduate,2026-07-21,Internship,Hybrid
JOB_04137,Cybersecurity Analyst,Crompton Greaves,E-commerce,Jalgaon,8+ years,392914,Firewall; Compliance; Penetration Testing; Network Security,Post Graduate,2026-07-28,Full-time,Hybrid
JOB_04138,Teacher,ICICI Bank,Construction,Mumbai,8+ years,399743,Communication; Lesson Planning; Assessment; Curriculum Development; Classroom Management,Diploma,2026-06-15,Part-time,Hybrid
JOB_04139,Content Writer,Accenture,Healthcare,Parbhani,5-8 years,185149,Copywriting; Research; SEO; Editing; Content Writing; WordPress,Post Graduate,2026-08-14,Part-time,Yes
JOB_04140,DevOps Engineer,ICICI Bank,Energy,Yavatmal,2-5 years,77751,Python; Ansible; Docker; CI/CD; AWS,10th Pass,2026-08-03,Internship,No
JOB_04141,HR Coordinator,Bajaj Finserv,Construction,Akola,5-8 years,230075,Communication; HRMS; Recruitment; Compliance,12th Pass,2026-09-04,Contract,Yes
JOB_04142,Project Coordinator,Accenture,E-commerce,Jalgaon,5-8 years,110724,Agile; Project Management; Documentation; Communication,Diploma,2026-08-16,Contract,No
JOB_04143,Quality Analyst,Unacademy,Media & Entertainment,Mumbai,0-2 years,57600,Testing; JIRA; SQL; Selenium; Agile,Graduate,2026-06-15,Part-time,Hybrid
JOB_04144,Machine Learning Engineer,Mahindra & Mahindra,Banking & Finance,Nashik,8+ years,399449,Deep Learning; PyTorch; TensorFlow,12th Pass,2026-06-19,Part-time,No
JOB_04145,Training Coordinator,Vedantu,Media & Entertainment,Solapur,2-5 years,84275,Training Delivery; Curriculum Design; Assessment,Diploma,2026-06-09,Contract,Yes
JOB_04146,Content Writer,PhonePe,Construction,Ahmednagar,5-8 years,225656,Editing; Research; WordPress; Copywriting; SEO; Content Writing,Post Graduate,2026-06-16,Internship,Hybrid
JOB_04147,Quality Analyst,HDFC Bank,IT Services,Osmanabad,5-8 years,157828,Agile; Selenium; JIRA,12th Pass,2026-08-19,Part-time,Yes
JOB_04148,Medical Lab Technician,Flipkart,Construction,Mumbai,5-8 years,118484,Quality Control; Lab Testing; Equipment Operation; Sample Collection,10th Pass,2026-07-29,Contract,Hybrid
JOB_04149,Cloud Engineer,Capgemini,Education,Latur,8+ years,485591,Linux; Docker; AWS; Networking; Terraform; Kubernetes,10th Pass,2026-07-30,Contract,Hybrid
JOB_04150,DevOps Engineer,Max Healthcare,Telecommunications,Mumbai,5-8 years,182152,Kubernetes; CI/CD; AWS; Linux,Graduate,2026-07-15,Contract,Yes
JOB_04151,Logistics Coordinator,Fortis Healthcare,Retail,Nanded,Fresher,21225,Communication; Documentation; Coordination,Diploma,2026-08-15,Internship,Hybrid
JOB_04152,Welder,PhonePe,Manufacturing,Bhiwandi,Fresher,16797,Safety Standards; Arc Welding; Blueprint Reading,Diploma,2026-08-07,Internship,Hybrid
JOB_04153,Medical Lab Technician,Reliance Jio,IT Services,Nagpur,Fresher,19553,Quality Control; Sample Collection; Lab Testing,10th Pass,2026-08-06,Contract,Hybrid
JOB_04154,Fitter,Cognizant,Pharmaceuticals,Osmanabad,2-5 years,69289,Blueprint Reading; Maintenance; Mechanical Fitting; Assembly; Precision Tools,Graduate,2026-08-10,Part-time,Yes
JOB_04155,Customer Support Specialist,Axis Bank,Healthcare,Aurangabad,8+ years,326403,Customer Service; CRM; Communication; Zendesk; Problem Solving,10th Pass,2026-06-16,Internship,Hybrid
JOB_04156,Supply Chain Analyst,Vedantu,Automotive,Bhiwandi,0-2 years,53679,Inventory Management; Data Analysis; Forecasting; SAP,Post Graduate,2026-06-28,Part-time,No
JOB_04157,Software Developer,Godrej Industries,E-commerce,Osmanabad,8+ years,254553,REST API; Microservices; SQL; JavaScript,Diploma,2026-07-28,Contract,Hybrid
JOB_04158,Content Writer,Tata Motors,Healthcare,Chandrapur,2-5 years,100085,Research; SEO; Content Writing,Graduate,2026-06-29,Contract,Hybrid
JOB_04159,Technician,Crompton Greaves,FMCG,Beed,8+ years,226402,Safety; Equipment Maintenance; Electrical Systems; Troubleshooting; Mechanical Systems,10th Pass,2026-08-13,Full-time,Yes
JOB_04160,Business Analyst,Razorpay,Education,Mumbai,Fresher,24488,Agile; Excel; Requirements Gathering; SQL,10th Pass,2026-08-25,Full-time,Yes
JOB_04161,Retail Associate,Max Healthcare,Healthcare,Nanded,5-8 years,219163,Customer Service; Inventory Management; Communication,10th Pass,2026-07-31,Contract,Yes
JOB_04162,Pharmacy Assistant,Bajaj Finserv,Energy,Jalgaon,2-5 years,50782,Pharmacy Software; Medication Dispensing; Inventory Management,10th Pass,2026-08-17,Contract,Hybrid
JOB_04163,Machine Learning Engineer,Accenture,Construction,Ahmednagar,Fresher,32027,SQL; TensorFlow; Scikit-learn; Deep Learning; NLP; Python,Diploma,2026-06-29,Full-time,Hybrid
JOB_04164,Machine Operator,IBM,Healthcare,Kolhapur,5-8 years,226557,CNC Operation; Machine Maintenance; Safety Standards; Production Planning; Quality Control,Diploma,2026-06-11,Full-time,Yes
JOB_04165,Cybersecurity Analyst,Flipkart,E-commerce,Ahmednagar,5-8 years,194404,Compliance; SIEM; Risk Assessment; Network Security; Penetration Testing; Firewall,Post Graduate,2026-06-28,Contract,Yes
JOB_04166,Nurse,Siemens,Logistics,Kolhapur,5-8 years,213699,Patient Care; Emergency Care; Medical Procedures; Medication Administration; Vital Signs,10th Pass,2026-07-14,Contract,No
JOB_04167,Cloud Engineer,HCL,FMCG,Solapur,0-2 years,31619,AWS; Azure; Kubernetes,10th Pass,2026-07-23,Contract,Hybrid
JOB_04168,Cloud Engineer,Apollo Hospitals,Telecommunications,Bhiwandi,Fresher,18072,Azure; Networking; AWS,12th Pass,2026-07-30,Full-time,Yes
JOB_04169,Business Analyst,ABB India,Construction,Kolhapur,2-5 years,56304,Requirements Gathering; Excel; JIRA; SQL; Process Mapping; Agile,Graduate,2026-06-28,Part-time,Hybrid
JOB_04170,Cybersecurity Analyst,Axis Bank,FMCG,Ahmednagar,2-5 years,101801,Firewall; Compliance; Risk Assessment,Post Graduate,2026-08-29,Internship,Yes
JOB_04171,Content Writer,Reliance Jio,Logistics,Nanded,8+ years,304206,Research; Editing; WordPress; Content Writing; Copywriting,Post Graduate,2026-06-28,Contract,No
JOB_04172,Technician,Wipro,Manufacturing,Raigad,5-8 years,160973,Equipment Maintenance; Electrical Systems; Troubleshooting,10th Pass,2026-09-04,Full-time,Yes
JOB_04173,Quality Analyst,ICICI Bank,Banking & Finance,Nashik,0-2 years,36318,Agile; Manual Testing; Bug Tracking,Graduate,2026-07-27,Contract,Hybrid
JOB_04174,Cybersecurity Analyst,Godrej Industries,Education,Sangli,Fresher,22243,Risk Assessment; Firewall; SIEM; Network Security; Penetration Testing; Compliance,10th Pass,2026-07-28,Full-time,Yes
JOB_04175,Training Coordinator,Unacademy,Retail,Nanded,Fresher,15236,LMS; Curriculum Design; Training Delivery; Assessment; Communication,Diploma,2026-08-28,Full-time,Hybrid
JOB_04176,Customer Support Specialist,Accenture,Healthcare,Yavatmal,Fresher,27785,Communication; Problem Solving; Customer Service; Zendesk; CRM,12th Pass,2026-08-26,Full-time,No
JOB_04177,Retail Associate,Narayana Health,Telecommunications,Dhule,Fresher,34638,Inventory Management; Cash Handling; Sales; Customer Service; Communication,12th Pass,2026-06-30,Part-time,Hybrid
JOB_04178,Full Stack Developer,PhonePe,Banking & Finance,Nagpur,8+ years,334266,Git; SQL; React; HTML/CSS; Node.js; REST API,Diploma,2026-08-28,Contract,No
JOB_04179,DevOps Engineer,Vedantu,E-commerce,Parbhani,2-5 years,103729,AWS; Linux; CI/CD,12th Pass,2026-08-10,Part-time,Yes
JOB_04180,Retail Associate,Max Healthcare,IT Services,Nagpur,8+ years,301564,Inventory Management; Communication; Customer Service; Sales; Cash Handling,10th Pass,2026-08-27,Full-time,Yes
JOB_04181,HR Coordinator,Fortis Healthcare,Retail,Osmanabad,Fresher,26331,HRMS; Employee Relations; Compliance; Recruitment; Payroll; Communication,Diploma,2026-07-01,Full-time,No
JOB_04182,Supply Chain Analyst,Vedantu,Banking & Finance,Latur,Fresher,27586,Inventory Management; Logistics; Forecasting; SAP,Diploma,2026-06-08,Full-time,Hybrid
JOB_04183,Accountant,Fortis Healthcare,Retail,Dhule,2-5 years,68395,Tally; GST; Accounting; QuickBooks; Taxation; Financial Reporting,12th Pass,2026-08-31,Full-time,Yes
JOB_04184,Quality Analyst,ABB India,Construction,Osmanabad,Fresher,31073,JIRA; Manual Testing; Bug Tracking; SQL,10th Pass,2026-06-16,Part-time,No
JOB_04185,UI/UX Designer,ABB India,E-commerce,Raigad,2-5 years,81148,Prototyping; HTML/CSS; Figma; Sketch; User Research,Diploma,2026-08-11,Contract,Hybrid
JOB_04186,Data Analyst,Tech Mahindra,Telecommunications,Ahmednagar,8+ years,276054,Power BI; Pandas; Python; Excel; SQL; NumPy,10th Pass,2026-08-15,Internship,Hybrid
JOB_04187,Customer Support Specialist,Capgemini,Pharmaceuticals,Aurangabad,0-2 years,39235,Communication; Customer Service; CRM; Zendesk; Problem Solving,10th Pass,2026-09-03,Full-time,No
JOB_04188,Software Developer,Paytm,Media & Entertainment,Kolhapur,Fresher,24962,Agile; Git; JavaScript; REST API; Python; SQL,Diploma,2026-08-30,Internship,No
JOB_04189,Warehouse Supervisor,Larsen & Toubro,Logistics,Aurangabad,Fresher,16845,Safety Standards; Inventory Management; Logistics; WMS; Team Leadership,12th Pass,2026-08-17,Full-time,No
JOB_04190,Content Writer,Tech Mahindra,FMCG,Dhule,0-2 years,42479,Editing; SEO; Research,10th Pass,2026-06-29,Part-time,No
JOB_04191,DevOps Engineer,Max Healthcare,Banking & Finance,Nanded,5-8 years,219981,AWS; Ansible; Linux; Python; Jenkins; Docker,Post Graduate,2026-07-26,Internship,Hybrid
JOB_04192,Training Coordinator,Crompton Greaves,Media & Entertainment,Osmanabad,8+ years,342639,Curriculum Design; Assessment; Communication; Training Delivery; LMS,10th Pass,2026-06-27,Internship,Hybrid
JOB_04193,Electrician,Mahindra & Mahindra,Banking & Finance,Yavatmal,Fresher,30476,Circuit Design; Safety Standards; Equipment Maintenance; Electrical Wiring; Troubleshooting,Diploma,2026-08-31,Full-time,Hybrid
JOB_04194,Nurse,ABB India,IT Services,Akola,5-8 years,240056,Vital Signs; Medical Procedures; Emergency Care; Medication Administration,10th Pass,2026-08-25,Internship,No
JOB_04195,Quality Analyst,Apollo Hospitals,Energy,Osmanabad,8+ years,259190,Testing; Selenium; Bug Tracking,Post Graduate,2026-06-23,Internship,Yes
JOB_04196,HR Coordinator,Accenture,Education,Osmanabad,2-5 years,90587,Recruitment; Compliance; HRMS; Employee Relations,10th Pass,2026-08-08,Part-time,Hybrid
JOB_04197,Technician,Infosys,Education,Jalgaon,Fresher,21423,Troubleshooting; Electrical Systems; Safety; Mechanical Systems,12th Pass,2026-07-21,Part-time,Yes
JOB_04198,Accountant,Axis Bank,Healthcare,Parbhani,0-2 years,25754,Taxation; Financial Reporting; QuickBooks,Diploma,2026-08-05,Contract,No
JOB_04199,Full Stack Developer,PhonePe,Education,Beed,5-8 years,184378,Node.js; Git; JavaScript; HTML/CSS,10th Pass,2026-07-29,Internship,Hybrid
JOB_04200,Accountant,Vedantu,FMCG,Parbhani,Fresher,33772,Tally; Accounting; Taxation; QuickBooks,Graduate,2026-06-17,Contract,No
JOB_04201,HR Coordinator,Vedantu,IT Services,Nagpur,5-8 years,205897,Recruitment; Compliance; Payroll; Employee Relations; HRMS,Diploma,2026-08-15,Internship,Hybrid
JOB_04202,Content Writer,HCL,Pharmaceuticals,Nagpur,0-2 years,47704,SEO; Editing; Content Writing,10th Pass,2026-07-08,Contract,No
JOB_04203,Software Developer,Mahindra & Mahindra,Education,Pune,Fresher,16352,Java; JavaScript; SQL; Agile; Microservices,12th Pass,2026-07-19,Part-time,No
JOB_04204,Customer Support Specialist,Reliance Jio,IT Services,Aurangabad,5-8 years,241735,Communication; Zendesk; Problem Solving,Post Graduate,2026-06-24,Part-time,Hybrid
JOB_04205,Retail Associate,HDFC Bank,Logistics,Akola,Fresher,30666,Customer Service; Sales; Inventory Management,Graduate,2026-07-16,Internship,Yes
JOB_04206,Software Developer,Tata Motors,Telecommunications,Aurangabad,0-2 years,56563,JavaScript; Java; Agile; SQL,12th Pass,2026-07-20,Internship,No
JOB_04207,Welder,Fortis Healthcare,Energy,Dhule,2-5 years,88474,TIG Welding; MIG Welding; Arc Welding; Safety Standards; Blueprint Reading,Diploma,2026-07-02,Part-time,No
JOB_04208,Machine Operator,PhonePe,Telecommunications,Satara,8+ years,349828,CNC Operation; Safety Standards; Machine Maintenance; Quality Control; Production Planning,Diploma,2026-07-11,Contract,Hybrid
JOB_04209,Warehouse Supervisor,Apollo Hospitals,Retail,Bhiwandi,5-8 years,172623,Logistics; Inventory Management; WMS; Safety Standards,12th Pass,2026-08-18,Part-time,No
JOB_04210,Content Writer,IBM,Energy,Yavatmal,8+ years,473348,Content Writing; Research; Copywriting; WordPress; Editing,Post Graduate,2026-07-04,Contract,Yes
JOB_04211,Digital Marketing Executive,Zerodha,Telecommunications,Chandrapur,8+ years,454395,SEM; Google Analytics; SEO; Email Marketing; Content Marketing; Social Media Marketing,Diploma,2026-07-10,Internship,No
JOB_04212,Logistics Coordinator,Unacademy,Construction,Nanded,0-2 years,36734,Transportation Management; Coordination; Tracking Systems; Communication; Documentation,12th Pass,2026-07-03,Internship,Yes
JOB_04213,Pharmacy Assistant,PhonePe,FMCG,Yavatmal,5-8 years,102401,Pharmacy Software; Inventory Management; Customer Service; Medication Dispensing,Graduate,2026-07-24,Contract,No
JOB_04214,Electrician,Reliance Jio,E-commerce,Dhule,2-5 years,103341,Troubleshooting; Circuit Design; Equipment Maintenance,Graduate,2026-07-24,Internship,No
JOB_04215,Logistics Coordinator,Axis Bank,Banking & Finance,Latur,Fresher,22649,Transportation Management; Communication; Coordination,Post Graduate,2026-06-30,Internship,Hybrid
JOB_04216,Data Analyst,Byju's,Construction,Raigad,8+ years,227821,Statistics; Pandas; Python; Excel; Power BI; SQL,12th Pass,2026-08-22,Full-time,Hybrid
JOB_04217,Customer Support Specialist,Max Healthcare,Logistics,Kolhapur,8+ years,286486,Communication; CRM; Problem Solving,12th Pass,2026-08-12,Contract,Yes
JOB_04218,Warehouse Supervisor,Fortis Healthcare,Media & Entertainment,Sangli,0-2 years,56871,Logistics; Team Leadership; WMS; Safety Standards,12th Pass,2026-06-25,Part-time,No
JOB_04219,Cloud Engineer,Bajaj Finserv,E-commerce,Bhiwandi,5-8 years,132594,GCP; Azure; Docker,Post Graduate,2026-08-25,Full-time,Hybrid
JOB_04220,Data Analyst,Accenture,Pharmaceuticals,Aurangabad,Fresher,29511,Python; NumPy; Statistics; Tableau; Excel,Diploma,2026-06-09,Contract,No
JOB_04221,HR Coordinator,Godrej Industries,Construction,Kolhapur,5-8 years,117902,HRMS; Payroll; Compliance; Recruitment,Post Graduate,2026-08-11,Full-time,Hybrid
JOB_04222,Nurse,Fortis Healthcare,Automotive,Ahmednagar,0-2 years,50561,Medication Administration; Medical Procedures; Vital Signs; Patient Care; Emergency Care,10th Pass,2026-06-20,Internship,Yes
JOB_04223,DevOps Engineer,Siemens,Telecommunications,Chandrapur,8+ years,299383,Python; AWS; Docker; Linux; Jenkins,Graduate,2026-07-07,Part-time,No
JOB_04224,Training Coordinator,Razorpay,Education,Dhule,2-5 years,99755,LMS; Training Delivery; Communication; Assessment,Graduate,2026-07-15,Contract,No
JOB_04225,Quality Analyst,Max Healthcare,E-commerce,Pune,0-2 years,42557,Manual Testing; SQL; JIRA; Agile; Testing; Selenium,12th Pass,2026-07-28,Part-time,Yes
JOB_04226,DevOps Engineer,Tata Motors,FMCG,Yavatmal,8+ years,360282,Jenkins; CI/CD; Docker; AWS,Post Graduate,2026-06-22,Full-time,Hybrid
JOB_04227,Quality Analyst,Accenture,E-commerce,Yavatmal,Fresher,18157,Testing; Selenium; JIRA; Manual Testing,10th Pass,2026-08-18,Contract,Yes
JOB_04228,Business Analyst,Tata Motors,IT Services,Jalna,5-8 years,160274,Power BI; SQL; Process Mapping; JIRA; Agile,Graduate,2026-07-04,Full-time,Hybrid
JOB_04229,Pharmacy Assistant,Zerodha,Manufacturing,Parbhani,5-8 years,146112,Medication Dispensing; Pharmacy Software; Inventory Management,12th Pass,2026-08-15,Full-time,No
JOB_04230,Cybersecurity Analyst,PhonePe,Pharmaceuticals,Chandrapur,2-5 years,119722,Penetration Testing; Compliance; Firewall; Risk Assessment; SIEM,12th Pass,2026-07-27,Contract,Hybrid
JOB_04231,Cybersecurity Analyst,ICICI Bank,E-commerce,Pune,Fresher,22952,Penetration Testing; Risk Assessment; SIEM; Compliance,12th Pass,2026-07-09,Internship,Yes
JOB_04232,Data Analyst,ABB India,Telecommunications,Bhiwandi,2-5 years,94731,SQL; Tableau; Power BI; Excel,10th Pass,2026-06-19,Internship,Hybrid
JOB_04233,DevOps Engineer,ICICI Bank,Banking & Finance,Sangli,0-2 years,57860,Docker; Ansible; Kubernetes; Python,10th Pass,2026-07-02,Part-time,Hybrid
JOB_04234,Welder,ICICI Bank,IT Services,Osmanabad,0-2 years,33362,Blueprint Reading; Arc Welding; MIG Welding; Safety Standards,12th Pass,2026-07-24,Full-time,Hybrid
JOB_04235,Accountant,Vedantu,Logistics,Pune,5-8 years,178759,QuickBooks; GST; Financial Reporting; Taxation,Diploma,2026-07-06,Internship,Yes
JOB_04236,Cloud Engineer,Apollo Hospitals,FMCG,Nashik,0-2 years,35309,Terraform; Azure; AWS; Linux; Networking; Docker,Diploma,2026-07-17,Contract,Hybrid
JOB_04237,Warehouse Supervisor,Tata Motors,Retail,Kolhapur,5-8 years,103292,Logistics; WMS; Safety Standards; Inventory Management; Team Leadership,Graduate,2026-06-23,Part-time,No
JOB_04238,Electrician,Zerodha,E-commerce,Jalna,2-5 years,95871,Circuit Design; Equipment Maintenance; Safety Standards; Troubleshooting,Post Graduate,2026-08-31,Internship,Hybrid
JOB_04239,Digital Marketing Executive,Fortis Healthcare,Education,Aurangabad,8+ years,488250,SEO; Email Marketing; SEM; Content Marketing,Post Graduate,2026-07-10,Full-time,No
JOB_04240,Cybersecurity Analyst,Crompton Greaves,Automotive,Ahmednagar,5-8 years,247639,Network Security; Firewall; SIEM; Risk Assessment; Compliance; Penetration Testing,Diploma,2026-07-15,Part-time,Hybrid
JOB_04241,Technician,Max Healthcare,E-commerce,Latur,0-2 years,36282,Safety; Electrical Systems; Equipment Maintenance,Graduate,2026-08-26,Full-time,Hybrid
JOB_04242,Supply Chain Analyst,Wipro,IT Services,Yavatmal,Fresher,19188,Data Analysis; SAP; Forecasting,Diploma,2026-08-28,Part-time,Yes
JOB_04243,Warehouse Supervisor,Bajaj Finserv,Automotive,Pune,0-2 years,52831,Logistics; Safety Standards; Inventory Management; WMS; Team Leadership,Graduate,2026-07-17,Internship,Yes
JOB_04244,Medical Lab Technician,Godrej Industries,Logistics,Nagpur,Fresher,18990,Sample Collection; Equipment Operation; Safety; Quality Control; Lab Testing,Post Graduate,2026-07-04,Full-time,No
JOB_04245,Accountant,Narayana Health,Telecommunications,Pune,2-5 years,110928,Accounting; Financial Reporting; QuickBooks; Tally; Taxation,Graduate,2026-08-10,Internship,Yes
JOB_04246,Cybersecurity Analyst,Amazon,Pharmaceuticals,Pune,2-5 years,110688,SIEM; Network Security; Firewall; Risk Assessment; Compliance,Diploma,2026-08-28,Part-time,No
JOB_04247,Training Coordinator,Byju's,Automotive,Yavatmal,Fresher,32591,Communication; Assessment; Curriculum Design; LMS,12th Pass,2026-07-13,Internship,No
JOB_04248,Logistics Coordinator,Capgemini,Education,Ahmednagar,2-5 years,52273,Coordination; Communication; Transportation Management,Graduate,2026-09-04,Full-time,Yes
JOB_04249,Logistics Coordinator,HDFC Bank,Logistics,Sangli,5-8 years,224440,Communication; Tracking Systems; Coordination; Transportation Management; Documentation,10th Pass,2026-08-05,Part-time,Yes
JOB_04250,Project Coordinator,Siemens,Energy,Aurangabad,0-2 years,34259,Communication; MS Office; Coordination; Project Management,Post Graduate,2026-08-09,Contract,No
JOB_04251,Data Analyst,Tata Motors,Banking & Finance,Akola,Fresher,17572,NumPy; Power BI; Excel; Pandas; Tableau; SQL,Graduate,2026-08-30,Full-time,Yes
JOB_04252,Teacher,Accenture,Energy,Satara,2-5 years,85144,Curriculum Development; Assessment; Lesson Planning,10th Pass,2026-07-03,Part-time,Hybrid
JOB_04253,Business Analyst,PhonePe,Construction,Jalgaon,0-2 years,50871,Power BI; SQL; Excel,12th Pass,2026-06-21,Part-time,Yes
JOB_04254,Project Coordinator,Larsen & Toubro,Construction,Osmanabad,2-5 years,115978,Agile; Coordination; Project Management; Documentation; MS Office,Diploma,2026-07-05,Internship,No
JOB_04255,HR Coordinator,ICICI Bank,Banking & Finance,Nashik,2-5 years,114383,Compliance; Payroll; HRMS; Recruitment,10th Pass,2026-08-29,Contract,No
JOB_04256,Machine Learning Engineer,Siemens,IT Services,Bhiwandi,5-8 years,122974,Deep Learning; TensorFlow; SQL,10th Pass,2026-08-04,Contract,Hybrid
JOB_04257,Teacher,Crompton Greaves,E-commerce,Nashik,2-5 years,109450,Classroom Management; Curriculum Development; Assessment; Communication; Lesson Planning,Graduate,2026-08-30,Internship,No
JOB_04258,Cybersecurity Analyst,Wipro,Banking & Finance,Parbhani,0-2 years,51321,Firewall; SIEM; Penetration Testing,Diploma,2026-08-30,Contract,Hybrid
JOB_04259,Medical Lab Technician,Accenture,E-commerce,Parbhani,8+ years,479971,Safety; Sample Collection; Lab Testing; Equipment Operation,12th Pass,2026-08-16,Part-time,Hybrid
JOB_04260,Machine Operator,Siemens,Retail,Chandrapur,5-8 years,130363,Production Planning; CNC Operation; Machine Maintenance; Safety Standards; Quality Control,12th Pass,2026-07-02,Internship,Yes
JOB_04261,Welder,Narayana Health,Energy,Dhule,2-5 years,66995,Arc Welding; MIG Welding; TIG Welding,Graduate,2026-08-24,Internship,No
JOB_04262,Quality Analyst,Axis Bank,Manufacturing,Jalgaon,5-8 years,158513,Testing; Bug Tracking; SQL; Manual Testing,12th Pass,2026-08-10,Part-time,Yes
JOB_04263,Project Coordinator,IBM,Telecommunications,Nanded,2-5 years,101733,Coordination; Project Management; MS Office; Agile; Communication; Documentation,12th Pass,2026-06-27,Part-time,No
JOB_04264,Teacher,Tata Motors,FMCG,Yavatmal,2-5 years,53755,Assessment; Communication; Curriculum Development; Lesson Planning; Classroom Management,10th Pass,2026-07-13,Part-time,No
JOB_04265,Logistics Coordinator,Bajaj Finserv,IT Services,Jalna,2-5 years,57741,Documentation; Communication; Tracking Systems,10th Pass,2026-06-12,Internship,No
JOB_04266,Content Writer,Godrej Industries,Automotive,Sangli,0-2 years,40237,WordPress; Content Writing; Copywriting,10th Pass,2026-07-29,Part-time,Yes
JOB_04267,Teacher,Unacademy,Pharmaceuticals,Solapur,8+ years,309947,Assessment; Curriculum Development; Communication,Graduate,2026-07-30,Internship,Hybrid
JOB_04268,Medical Lab Technician,PhonePe,Banking & Finance,Aurangabad,0-2 years,57183,Lab Testing; Quality Control; Equipment Operation; Sample Collection; Safety,Graduate,2026-07-09,Full-time,Yes
JOB_04269,Cybersecurity Analyst,Reliance Jio,IT Services,Pune,2-5 years,109638,Penetration Testing; Firewall; Network Security; Compliance; SIEM; Risk Assessment,Graduate,2026-08-02,Internship,Hybrid
JOB_04270,Welder,Tata Motors,Construction,Jalna,Fresher,17956,Arc Welding; Blueprint Reading; Safety Standards; TIG Welding; MIG Welding,Post Graduate,2026-08-06,Full-time,Hybrid
JOB_04271,Machine Operator,Capgemini,Education,Raigad,0-2 years,31137,Production Planning; CNC Operation; Machine Maintenance; Safety Standards; Quality Control,10th Pass,2026-08-04,Part-time,Yes
JOB_04272,Customer Support Specialist,Tech Mahindra,Automotive,Raigad,8+ years,339757,Zendesk; Customer Service; Communication,Post Graduate,2026-07-30,Internship,Hybrid
JOB_04273,Accountant,Fortis Healthcare,Banking & Finance,Akola,2-5 years,75698,Accounting; Taxation; Financial Reporting; Tally; Excel,12th Pass,2026-08-09,Contract,Hybrid
JOB_04274,Logistics Coordinator,Paytm,Media & Entertainment,Jalgaon,5-8 years,235094,Coordination; Transportation Management; Documentation,Graduate,2026-07-07,Part-time,Hybrid
JOB_04275,Technician,PhonePe,FMCG,Mumbai,8+ years,397066,Troubleshooting; Safety; Electrical Systems,12th Pass,2026-07-22,Full-time,Hybrid
JOB_04276,Supply Chain Analyst,Fortis Healthcare,Telecommunications,Beed,8+ years,415707,SAP; Inventory Management; Data Analysis,10th Pass,2026-06-09,Full-time,No
JOB_04277,Warehouse Supervisor,Flipkart,Pharmaceuticals,Nanded,8+ years,397567,Safety Standards; WMS; Logistics; Inventory Management; Team Leadership,12th Pass,2026-07-21,Contract,Hybrid
JOB_04278,Warehouse Supervisor,Unacademy,Logistics,Latur,5-8 years,156083,Logistics; Safety Standards; Team Leadership; WMS; Inventory Management,10th Pass,2026-06-08,Full-time,Yes
JOB_04279,Teacher,Wipro,Pharmaceuticals,Akola,5-8 years,224507,Curriculum Development; Classroom Management; Lesson Planning; Communication,Post Graduate,2026-08-05,Part-time,No
JOB_04280,HR Coordinator,Accenture,Media & Entertainment,Osmanabad,2-5 years,108824,Employee Relations; Compliance; Payroll; HRMS,12th Pass,2026-08-29,Part-time,Hybrid
JOB_04281,Medical Lab Technician,Mahindra & Mahindra,Energy,Latur,8+ years,441125,Lab Testing; Equipment Operation; Safety; Quality Control,Post Graduate,2026-08-09,Full-time,Yes
JOB_04282,Business Analyst,ABB India,Telecommunications,Beed,Fresher,20386,Agile; Requirements Gathering; JIRA; Excel; Power BI; SQL,Post Graduate,2026-06-10,Contract,No
JOB_04283,Logistics Coordinator,ICICI Bank,IT Services,Dhule,5-8 years,117939,Coordination; Documentation; Tracking Systems; Transportation Management; Communication,10th Pass,2026-06-08,Full-time,No
JOB_04284,DevOps Engineer,Accenture,Manufacturing,Yavatmal,0-2 years,57247,AWS; Linux; Kubernetes; Python; Jenkins,12th Pass,2026-07-27,Full-time,Hybrid
JOB_04285,Electrician,Narayana Health,Logistics,Bhiwandi,2-5 years,88423,Electrical Wiring; Troubleshooting; Equipment Maintenance,10th Pass,2026-06-18,Contract,Hybrid
JOB_04286,Content Writer,HDFC Bank,Retail,Sangli,0-2 years,34258,WordPress; Content Writing; Copywriting; Editing; SEO,12th Pass,2026-06-16,Internship,Yes
JOB_04287,Machine Learning Engineer,Fortis Healthcare,E-commerce,Jalna,Fresher,28046,Python; NLP; TensorFlow; SQL; Deep Learning; Scikit-learn,12th Pass,2026-07-12,Full-time,Yes
JOB_04288,Technician,PhonePe,Logistics,Nagpur,8+ years,340385,Mechanical Systems; Equipment Maintenance; Safety,10th Pass,2026-07-24,Part-time,Hybrid
JOB_04289,Teacher,Accenture,Media & Entertainment,Parbhani,Fresher,22939,Curriculum Development; Lesson Planning; Assessment; Communication; Classroom Management,10th Pass,2026-08-22,Internship,Yes
JOB_04290,Sales Executive,Crompton Greaves,Retail,Amravati,Fresher,24678,CRM; Lead Generation; Customer Relationship,12th Pass,2026-08-24,Contract,Yes
JOB_04291,Machine Learning Engineer,Apollo Hospitals,Education,Latur,5-8 years,195466,Python; TensorFlow; Deep Learning; SQL; Scikit-learn,Graduate,2026-06-21,Internship,No
JOB_04292,Warehouse Supervisor,Larsen & Toubro,Construction,Nagpur,8+ years,400197,Safety Standards; Team Leadership; Inventory Management; Logistics,Post Graduate,2026-08-10,Internship,Hybrid
JOB_04293,Full Stack Developer,ABB India,IT Services,Dhule,8+ years,309467,REST API; Node.js; Git,Post Graduate,2026-07-25,Contract,Hybrid
JOB_04294,Software Developer,Accenture,Retail,Nanded,Fresher,27872,SQL; Microservices; JavaScript; REST API; Python,12th Pass,2026-06-13,Internship,Hybrid
JOB_04295,Logistics Coordinator,PhonePe,Construction,Parbhani,5-8 years,180986,Documentation; Communication; Transportation Management,Post Graduate,2026-07-23,Contract,No
JOB_04296,Electrician,Tech Mahindra,Construction,Sangli,5-8 years,169595,Circuit Design; Safety Standards; Electrical Wiring; Troubleshooting,Diploma,2026-08-10,Full-time,Hybrid
JOB_04297,Machine Learning Engineer,ICICI Bank,Automotive,Dhule,Fresher,26927,SQL; Deep Learning; PyTorch; Scikit-learn,Post Graduate,2026-08-23,Part-time,No
JOB_04298,Digital Marketing Executive,Crompton Greaves,Automotive,Pune,Fresher,22717,SEM; Social Media Marketing; Google Analytics,Diploma,2026-06-30,Internship,Hybrid
JOB_04299,Software Developer,Cognizant,Automotive,Bhiwandi,8+ years,249841,Python; JavaScript; Microservices; Git,Post Graduate,2026-07-17,Part-time,Hybrid
JOB_04300,Technician,Bajaj Finserv,Energy,Yavatmal,0-2 years,33788,Troubleshooting; Electrical Systems; Mechanical Systems; Equipment Maintenance,12th Pass,2026-06-26,Contract,No
JOB_04301,Warehouse Supervisor,Flipkart,Pharmaceuticals,Nashik,Fresher,15085,WMS; Inventory Management; Safety Standards; Logistics,12th Pass,2026-09-01,Part-time,Yes
JOB_04302,Logistics Coordinator,PhonePe,Healthcare,Nashik,8+ years,417284,Coordination; Documentation; Tracking Systems; Communication; Transportation Management,10th Pass,2026-07-03,Full-time,No
JOB_04303,HR Coordinator,Byju's,IT Services,Nashik,5-8 years,162166,Payroll; Recruitment; Compliance; HRMS; Employee Relations; Communication,Diploma,2026-08-06,Full-time,Yes
JOB_04304,Warehouse Supervisor,ICICI Bank,Banking & Finance,Latur,0-2 years,55173,Team Leadership; Logistics; WMS; Inventory Management,Diploma,2026-08-18,Contract,Hybrid
JOB_04305,Medical Lab Technician,Infosys,Automotive,Sangli,Fresher,17951,Lab Testing; Equipment Operation; Sample Collection; Quality Control,10th Pass,2026-07-12,Part-time,Hybrid
JOB_04306,Technician,Reliance Jio,Banking & Finance,Bhiwandi,8+ years,250728,Troubleshooting; Electrical Systems; Safety; Mechanical Systems; Equipment Maintenance,Post Graduate,2026-07-15,Internship,Yes
JOB_04307,Welder,ICICI Bank,Telecommunications,Mumbai,5-8 years,142566,TIG Welding; Safety Standards; Arc Welding; Blueprint Reading,Post Graduate,2026-08-08,Part-time,No
JOB_04308,UI/UX Designer,Unacademy,Energy,Amravati,5-8 years,189235,Prototyping; User Research; Figma; Adobe XD,Graduate,2026-08-03,Contract,No
JOB_04309,DevOps Engineer,Tata Motors,Logistics,Parbhani,8+ years,247331,Jenkins; Kubernetes; Linux; AWS; Python,12th Pass,2026-07-10,Contract,Yes
JOB_04310,Machine Learning Engineer,TCS,Manufacturing,Nagpur,2-5 years,73921,SQL; PyTorch; Python; Scikit-learn; Deep Learning; TensorFlow,Post Graduate,2026-07-22,Part-time,Hybrid
JOB_04311,Cybersecurity Analyst,Crompton Greaves,Energy,Sangli,0-2 years,32779,Compliance; Risk Assessment; Penetration Testing; Firewall; SIEM,10th Pass,2026-06-23,Contract,No
JOB_04312,Training Coordinator,Unacademy,Logistics,Bhiwandi,Fresher,25559,Communication; Assessment; Training Delivery; LMS,12th Pass,2026-06-11,Full-time,No
JOB_04313,Accountant,TCS,Banking & Finance,Latur,0-2 years,54068,Excel; QuickBooks; Tally; GST; Taxation; Financial Reporting,Diploma,2026-08-20,Contract,Hybrid
JOB_04314,Training Coordinator,Godrej Industries,Telecommunications,Solapur,5-8 years,191355,LMS; Curriculum Design; Assessment; Training Delivery,10th Pass,2026-08-13,Part-time,Yes
JOB_04315,Sales Executive,IBM,Pharmaceuticals,Bhiwandi,5-8 years,146031,Customer Relationship; CRM; Communication,12th Pass,2026-09-02,Full-time,Hybrid
JOB_04316,Quality Analyst,Flipkart,IT Services,Solapur,8+ years,343520,Manual Testing; Selenium; Testing; Bug Tracking,Post Graduate,2026-08-17,Contract,Hybrid
JOB_04317,Machine Learning Engineer,Accenture,Healthcare,Nanded,5-8 years,134263,Deep Learning; TensorFlow; Scikit-learn,10th Pass,2026-06-21,Full-time,Yes
JOB_04318,Sales Executive,TCS,FMCG,Mumbai,Fresher,30191,Negotiation; Customer Relationship; Lead Generation; CRM; Communication,10th Pass,2026-06-23,Part-time,No
JOB_04319,Nurse,Mahindra & Mahindra,Media & Entertainment,Osmanabad,8+ years,321651,Medical Procedures; Vital Signs; Patient Care,Post Graduate,2026-08-13,Contract,Yes
JOB_04320,Electrician,Vedantu,Logistics,Beed,Fresher,31079,Electrical Wiring; Equipment Maintenance; Troubleshooting; Circuit Design; Safety Standards,Diploma,2026-08-22,Full-time,No
JOB_04321,Electrician,Godrej Industries,Retail,Aurangabad,2-5 years,71187,Equipment Maintenance; Safety Standards; Troubleshooting,Graduate,2026-06-10,Contract,Yes
JOB_04322,Project Coordinator,Reliance Jio,E-commerce,Nagpur,2-5 years,86786,MS Office; Project Management; Coordination; Documentation; Communication; Agile,Graduate,2026-08-21,Internship,Yes
JOB_04323,Customer Support Specialist,Bajaj Finserv,Retail,Pune,8+ years,265972,Customer Service; Zendesk; Communication; Problem Solving,Diploma,2026-06-07,Full-time,Yes
JOB_04324,DevOps Engineer,Byju's,Telecommunications,Satara,2-5 years,105887,AWS; Kubernetes; Docker; Python; Ansible,12th Pass,2026-06-16,Full-time,No
JOB_04325,Full Stack Developer,ABB India,Construction,Raigad,0-2 years,57550,REST API; JavaScript; SQL; Node.js; MongoDB,Graduate,2026-08-29,Internship,Yes
JOB_04326,Welder,HCL,Healthcare,Raigad,Fresher,26446,MIG Welding; Blueprint Reading; Safety Standards; Arc Welding,Post Graduate,2026-06-17,Full-time,Hybrid
JOB_04327,Training Coordinator,HDFC Bank,Education,Solapur,5-8 years,184026,Communication; Training Delivery; Curriculum Design,10th Pass,2026-06-28,Internship,No
JOB_04328,Cybersecurity Analyst,Tata Motors,Construction,Yavatmal,Fresher,18601,Risk Assessment; Firewall; Network Security; Penetration Testing,Diploma,2026-08-27,Contract,Yes
JOB_04329,Pharmacy Assistant,Razorpay,FMCG,Nashik,Fresher,27661,Inventory Management; Pharmacy Software; Medication Dispensing; Customer Service,10th Pass,2026-07-25,Contract,Yes
JOB_04330,Supply Chain Analyst,Narayana Health,Construction,Kolhapur,0-2 years,39287,Inventory Management; Logistics; Excel; SAP; Forecasting; Data Analysis,Diploma,2026-07-09,Full-time,Hybrid
JOB_04331,Software Developer,HCL,Media & Entertainment,Nanded,Fresher,23127,Java; Python; SQL,Post Graduate,2026-06-25,Part-time,No
JOB_04332,Medical Lab Technician,Flipkart,Retail,Kolhapur,2-5 years,113847,Equipment Operation; Safety; Lab Testing; Quality Control,Diploma,2026-07-02,Contract,Yes
JOB_04333,HR Coordinator,Larsen & Toubro,Education,Nashik,8+ years,311943,Employee Relations; Payroll; Recruitment; Communication,Diploma,2026-08-01,Contract,Hybrid
JOB_04334,Project Coordinator,Infosys,Education,Amravati,8+ years,217542,Project Management; Coordination; Agile; Documentation; MS Office,12th Pass,2026-09-04,Contract,No
JOB_04335,Welder,ICICI Bank,Healthcare,Nagpur,8+ years,288313,Arc Welding; Safety Standards; MIG Welding,12th Pass,2026-07-17,Contract,Yes
JOB_04336,Logistics Coordinator,HCL,Logistics,Osmanabad,0-2 years,53222,Transportation Management; Communication; Tracking Systems; Coordination,Graduate,2026-07-31,Full-time,Yes
JOB_04337,Content Writer,HCL,Automotive,Nashik,5-8 years,196868,Research; Editing; WordPress,Graduate,2026-08-23,Contract,Hybrid
JOB_04338,UI/UX Designer,Fortis Healthcare,Manufacturing,Bhiwandi,Fresher,26595,Wireframing; Prototyping; Sketch; User Research,Diploma,2026-06-08,Part-time,Hybrid
JOB_04339,Business Analyst,Apollo Hospitals,Energy,Jalna,Fresher,23380,Process Mapping; Agile; Power BI; Requirements Gathering; JIRA; SQL,10th Pass,2026-07-07,Full-time,Yes
JOB_04340,Logistics Coordinator,PhonePe,Pharmaceuticals,Jalna,5-8 years,246255,Transportation Management; Tracking Systems; Communication,Post Graduate,2026-07-18,Part-time,Yes
JOB_04341,Digital Marketing Executive,Wipro,Construction,Chandrapur,8+ years,422204,SEO; Social Media Marketing; Email Marketing; SEM,Post Graduate,2026-08-19,Part-time,No
JOB_04342,Sales Executive,Capgemini,Banking & Finance,Bhiwandi,8+ years,419479,Customer Relationship; CRM; Lead Generation; Negotiation; Communication,Diploma,2026-08-23,Full-time,Hybrid
JOB_04343,Software Developer,Tata Motors,Education,Jalna,5-8 years,105094,Git; SQL; REST API; Agile,Diploma,2026-08-28,Part-time,No
JOB_04344,Welder,Siemens,Logistics,Ahmednagar,5-8 years,178186,MIG Welding; TIG Welding; Blueprint Reading,10th Pass,2026-07-22,Contract,No
JOB_04345,Fitter,Narayana Health,Banking & Finance,Nagpur,2-5 years,53676,Maintenance; Mechanical Fitting; Assembly; Blueprint Reading,10th Pass,2026-06-08,Full-time,No
JOB_04346,Full Stack Developer,Byju's,E-commerce,Jalgaon,2-5 years,82265,Node.js; Git; JavaScript; MongoDB; REST API,10th Pass,2026-06-26,Internship,Hybrid
JOB_04347,Business Analyst,HCL,Logistics,Yavatmal,8+ years,334616,Process Mapping; Agile; JIRA; Requirements Gathering; Excel; SQL,Diploma,2026-06-14,Part-time,Yes
JOB_04348,Project Coordinator,Siemens,Logistics,Nashik,0-2 years,33582,Project Management; MS Office; Documentation; Coordination; Agile; Communication,Diploma,2026-07-31,Full-time,No
JOB_04349,HR Coordinator,Byju's,Healthcare,Kolhapur,8+ years,253965,Recruitment; Payroll; Employee Relations; Communication; Compliance,Post Graduate,2026-06-24,Part-time,No
JOB_04350,Cloud Engineer,Flipkart,Healthcare,Ahmednagar,5-8 years,122247,Linux; Azure; Docker; AWS,12th Pass,2026-07-07,Part-time,No
JOB_04351,Sales Executive,Tech Mahindra,Energy,Jalna,2-5 years,74892,Negotiation; Lead Generation; CRM,Diploma,2026-07-24,Part-time,No
JOB_04352,Training Coordinator,IBM,Healthcare,Nagpur,Fresher,20441,Curriculum Design; Training Delivery; Assessment,Post Graduate,2026-07-25,Full-time,No
JOB_04353,Medical Lab Technician,Crompton Greaves,IT Services,Parbhani,5-8 years,129672,Lab Testing; Equipment Operation; Safety; Quality Control,Diploma,2026-08-26,Internship,No
JOB_04354,Retail Associate,Siemens,Energy,Kolhapur,8+ years,255835,Sales; Cash Handling; Communication; Customer Service,Diploma,2026-07-01,Part-time,Yes
JOB_04355,Content Writer,Amazon,Banking & Finance,Nanded,2-5 years,118277,SEO; Editing; Research; WordPress; Copywriting,Graduate,2026-07-07,Internship,No
JOB_04356,Business Analyst,HCL,Healthcare,Amravati,8+ years,444502,Excel; SQL; Process Mapping; Agile,Graduate,2026-09-04,Part-time,Yes
JOB_04357,Medical Lab Technician,Paytm,Education,Akola,2-5 years,63610,Lab Testing; Sample Collection; Quality Control; Safety; Equipment Operation,10th Pass,2026-06-27,Part-time,Hybrid
JOB_04358,Business Analyst,Tech Mahindra,Logistics,Mumbai,2-5 years,94808,Requirements Gathering; Power BI; Agile,Diploma,2026-06-16,Internship,No
JOB_04359,Warehouse Supervisor,Fortis Healthcare,E-commerce,Nanded,5-8 years,126848,Team Leadership; Safety Standards; WMS; Inventory Management,Graduate,2026-07-04,Part-time,Yes
JOB_04360,Cybersecurity Analyst,Zerodha,Pharmaceuticals,Latur,2-5 years,72638,Network Security; Firewall; SIEM; Penetration Testing; Risk Assessment,Graduate,2026-08-09,Full-time,Yes
JOB_04361,UI/UX Designer,IBM,Healthcare,Solapur,2-5 years,75246,Figma; Prototyping; Wireframing; Sketch; HTML/CSS; User Research,Diploma,2026-06-08,Full-time,Hybrid
JOB_04362,Welder,Flipkart,Media & Entertainment,Chandrapur,8+ years,269984,Arc Welding; Blueprint Reading; MIG Welding,Post Graduate,2026-06-18,Internship,Yes
JOB_04363,Medical Lab Technician,ICICI Bank,Pharmaceuticals,Yavatmal,8+ years,334565,Quality Control; Safety; Sample Collection,Graduate,2026-08-19,Full-time,Hybrid
JOB_04364,Logistics Coordinator,Bajaj Finserv,Banking & Finance,Parbhani,Fresher,18759,Transportation Management; Coordination; Communication,Diploma,2026-09-01,Internship,Yes
JOB_04365,Data Analyst,Wipro,Education,Solapur,2-5 years,61658,Pandas; Power BI; Tableau; NumPy; Excel,Post Graduate,2026-09-02,Contract,Yes
JOB_04366,Supply Chain Analyst,Vedantu,FMCG,Aurangabad,0-2 years,47317,Data Analysis; SAP; Excel; Inventory Management,Post Graduate,2026-08-08,Contract,No
JOB_04367,Quality Analyst,Infosys,Logistics,Bhiwandi,8+ years,409143,Bug Tracking; Agile; SQL; Manual Testing; Selenium; JIRA,Diploma,2026-07-26,Part-time,Hybrid
JOB_04368,Customer Support Specialist,Cognizant,Education,Solapur,8+ years,379568,Problem Solving; Communication; Zendesk; Customer Service,Post Graduate,2026-06-09,Contract,No
JOB_04369,Machine Learning Engineer,Tech Mahindra,Banking & Finance,Osmanabad,8+ years,485281,Python; Deep Learning; SQL; PyTorch; Scikit-learn; TensorFlow,Graduate,2026-06-09,Part-time,Yes
JOB_04370,UI/UX Designer,Tata Motors,Construction,Beed,0-2 years,44796,Wireframing; User Research; Sketch; HTML/CSS; Adobe XD,Diploma,2026-06-28,Contract,Hybrid
JOB_04371,Content Writer,Crompton Greaves,Education,Raigad,8+ years,442991,Content Writing; Copywriting; SEO; WordPress; Research,10th Pass,2026-08-18,Full-time,No
JOB_04372,DevOps Engineer,HCL,Logistics,Osmanabad,5-8 years,122365,AWS; Docker; CI/CD,Post Graduate,2026-08-01,Part-time,No
JOB_04373,Content Writer,Narayana Health,Banking & Finance,Yavatmal,2-5 years,84594,SEO; Editing; Copywriting; WordPress,Post Graduate,2026-07-20,Contract,Hybrid
JOB_04374,Fitter,Unacademy,E-commerce,Amravati,Fresher,22134,Assembly; Maintenance; Blueprint Reading,10th Pass,2026-08-28,Internship,Hybrid
JOB_04375,Software Developer,ICICI Bank,Education,Satara,0-2 years,32585,REST API; Java; Python; SQL; JavaScript; Agile,Graduate,2026-06-20,Part-time,Hybrid
JOB_04376,Training Coordinator,Accenture,Telecommunications,Jalna,0-2 years,57791,Curriculum Design; Communication; Training Delivery; LMS; Assessment,10th Pass,2026-07-28,Contract,No
JOB_04377,Software Developer,Narayana Health,Telecommunications,Pune,2-5 years,61356,Agile; Python; Microservices,12th Pass,2026-08-02,Part-time,No
JOB_04378,Quality Analyst,Max Healthcare,E-commerce,Dhule,2-5 years,71241,SQL; Agile; JIRA,12th Pass,2026-06-10,Part-time,No
JOB_04379,Cybersecurity Analyst,Crompton Greaves,Education,Nashik,8+ years,437183,Firewall; SIEM; Network Security; Risk Assessment; Penetration Testing,Post Graduate,2026-07-23,Full-time,Yes
JOB_04380,Full Stack Developer,ICICI Bank,Healthcare,Dhule,2-5 years,61699,HTML/CSS; Node.js; Git; REST API; JavaScript,Post Graduate,2026-08-19,Part-time,Yes
JOB_04381,Training Coordinator,Razorpay,Construction,Yavatmal,8+ years,228137,Communication; Training Delivery; Assessment; LMS; Curriculum Design,10th Pass,2026-07-21,Part-time,Yes
JOB_04382,Electrician,Axis Bank,IT Services,Jalna,8+ years,361878,Circuit Design; Equipment Maintenance; Electrical Wiring; Safety Standards; Troubleshooting,12th Pass,2026-08-27,Internship,No
JOB_04383,Training Coordinator,Wipro,Energy,Chandrapur,8+ years,398259,Assessment; Curriculum Design; Communication; Training Delivery; LMS,12th Pass,2026-07-14,Contract,Yes
JOB_04384,Technician,TCS,Automotive,Yavatmal,Fresher,34016,Mechanical Systems; Safety; Equipment Maintenance; Troubleshooting; Electrical Systems,12th Pass,2026-06-12,Part-time,No
JOB_04385,Technician,Infosys,Pharmaceuticals,Latur,8+ years,390968,Troubleshooting; Equipment Maintenance; Mechanical Systems,Post Graduate,2026-07-24,Full-time,Yes
JOB_04386,UI/UX Designer,Mahindra & Mahindra,Construction,Kolhapur,2-5 years,106299,Prototyping; Wireframing; Sketch; HTML/CSS,Post Graduate,2026-06-22,Internship,Yes
JOB_04387,Accountant,ABB India,Media & Entertainment,Beed,5-8 years,170221,GST; QuickBooks; Tally; Excel; Financial Reporting; Taxation,Post Graduate,2026-07-01,Part-time,Yes
JOB_04388,Digital Marketing Executive,Mahindra & Mahindra,Media & Entertainment,Raigad,8+ years,396596,Email Marketing; Social Media Marketing; SEM; SEO; Content Marketing,Post Graduate,2026-07-26,Part-time,Yes
JOB_04389,Content Writer,Larsen & Toubro,Manufacturing,Akola,8+ years,392617,SEO; Research; Copywriting,Diploma,2026-09-03,Part-time,Hybrid
JOB_04390,Content Writer,Flipkart,E-commerce,Chandrapur,Fresher,32435,Editing; WordPress; SEO; Copywriting; Content Writing,10th Pass,2026-06-15,Internship,No
JOB_04391,Quality Analyst,TCS,Banking & Finance,Jalna,8+ years,294384,SQL; Agile; Manual Testing,Diploma,2026-06-29,Contract,No
JOB_04392,Warehouse Supervisor,Siemens,E-commerce,Pune,0-2 years,53322,Team Leadership; Safety Standards; Inventory Management; WMS; Logistics,12th Pass,2026-08-06,Full-time,No
JOB_04393,Machine Operator,Mahindra & Mahindra,Pharmaceuticals,Parbhani,0-2 years,47907,CNC Operation; Production Planning; Quality Control,Post Graduate,2026-08-29,Contract,Yes
JOB_04394,Teacher,Axis Bank,Automotive,Nanded,5-8 years,233121,Assessment; Lesson Planning; Curriculum Development; Classroom Management,10th Pass,2026-07-19,Full-time,No
JOB_04395,Logistics Coordinator,Larsen & Toubro,Energy,Mumbai,8+ years,474052,Documentation; Communication; Tracking Systems; Coordination,Graduate,2026-07-30,Contract,Yes
JOB_04396,Logistics Coordinator,Cognizant,Education,Parbhani,2-5 years,95779,Coordination; Tracking Systems; Documentation,Diploma,2026-08-26,Internship,Hybrid
JOB_04397,Fitter,Capgemini,Media & Entertainment,Aurangabad,0-2 years,51081,Blueprint Reading; Assembly; Precision Tools; Mechanical Fitting; Maintenance,10th Pass,2026-06-26,Contract,Hybrid
JOB_04398,Software Developer,Zerodha,Energy,Osmanabad,2-5 years,63114,SQL; Java; Python; Git; JavaScript; REST API,Graduate,2026-07-27,Contract,Hybrid
JOB_04399,Nurse,PhonePe,Education,Solapur,8+ years,439454,Vital Signs; Emergency Care; Medical Procedures,Graduate,2026-07-31,Internship,No
JOB_04400,Cybersecurity Analyst,Max Healthcare,Pharmaceuticals,Sangli,5-8 years,126562,Firewall; Risk Assessment; SIEM; Penetration Testing; Network Security; Compliance,Diploma,2026-07-18,Part-time,No
JOB_04401,Digital Marketing Executive,Narayana Health,FMCG,Nashik,Fresher,31194,Content Marketing; Google Analytics; SEM; Social Media Marketing; SEO,12th Pass,2026-08-20,Internship,No
JOB_04402,Supply Chain Analyst,Siemens,Retail,Solapur,8+ years,246034,Logistics; SAP; Data Analysis; Inventory Management,Graduate,2026-09-03,Full-time,Yes
JOB_04403,UI/UX Designer,HDFC Bank,Pharmaceuticals,Jalna,8+ years,235452,HTML/CSS; Sketch; User Research,Graduate,2026-08-01,Full-time,Yes
JOB_04404,Digital Marketing Executive,Accenture,Construction,Pune,0-2 years,56134,Google Analytics; Social Media Marketing; Email Marketing; Content Marketing; SEO; SEM,12th Pass,2026-06-24,Full-time,Hybrid
JOB_04405,Pharmacy Assistant,HDFC Bank,FMCG,Aurangabad,2-5 years,72650,Customer Service; Inventory Management; Medication Dispensing,Diploma,2026-08-03,Part-time,No
JOB_04406,Pharmacy Assistant,TCS,Telecommunications,Raigad,5-8 years,220938,Pharmacy Software; Medication Dispensing; Inventory Management,Diploma,2026-06-30,Internship,No
JOB_04407,Warehouse Supervisor,Godrej Industries,E-commerce,Ahmednagar,0-2 years,55265,Logistics; Team Leadership; WMS; Safety Standards,Post Graduate,2026-08-28,Internship,Hybrid
JOB_04408,Teacher,Siemens,Energy,Beed,Fresher,15049,Communication; Assessment; Classroom Management; Curriculum Development; Lesson Planning,Post Graduate,2026-07-05,Internship,Yes
JOB_04409,DevOps Engineer,Capgemini,Pharmaceuticals,Osmanabad,0-2 years,43129,Jenkins; CI/CD; AWS; Docker; Linux; Python,Post Graduate,2026-07-22,Internship,No
JOB_04410,Pharmacy Assistant,Reliance Jio,Automotive,Bhiwandi,Fresher,27759,Customer Service; Inventory Management; Pharmacy Software,10th Pass,2026-06-07,Full-time,Yes
JOB_04411,Electrician,TCS,Media & Entertainment,Sangli,2-5 years,67285,Troubleshooting; Circuit Design; Equipment Maintenance,12th Pass,2026-06-12,Contract,Hybrid
JOB_04412,Teacher,Godrej Industries,FMCG,Nashik,2-5 years,109728,Curriculum Development; Lesson Planning; Classroom Management; Communication,Graduate,2026-07-25,Contract,Yes
JOB_04413,Teacher,Flipkart,Retail,Beed,5-8 years,235679,Lesson Planning; Assessment; Curriculum Development; Communication; Classroom Management,Graduate,2026-08-17,Full-time,Yes
JOB_04414,Technician,Zerodha,Telecommunications,Satara,0-2 years,34104,Mechanical Systems; Safety; Electrical Systems,Diploma,2026-06-16,Internship,No
JOB_04415,Machine Operator,TCS,Automotive,Amravati,2-5 years,65852,Machine Maintenance; Production Planning; CNC Operation,10th Pass,2026-08-19,Full-time,No
JOB_04416,Welder,Siemens,Energy,Amravati,Fresher,20453,MIG Welding; Blueprint Reading; TIG Welding; Arc Welding; Safety Standards,Post Graduate,2026-07-03,Part-time,No
JOB_04417,Machine Learning Engineer,Tech Mahindra,Media & Entertainment,Sangli,0-2 years,41665,NLP; Python; SQL; TensorFlow; PyTorch; Deep Learning,10th Pass,2026-06-27,Contract,Hybrid
JOB_04418,Project Coordinator,Flipkart,Healthcare,Yavatmal,0-2 years,50899,Communication; Agile; Documentation; Coordination,10th Pass,2026-08-20,Internship,Yes
JOB_04419,Data Analyst,Cognizant,FMCG,Osmanabad,8+ years,366727,Power BI; SQL; Python; Pandas; Tableau; NumPy,Post Graduate,2026-06-09,Full-time,No
JOB_04420,Customer Support Specialist,Mahindra & Mahindra,Logistics,Jalgaon,2-5 years,56720,Problem Solving; Zendesk; Communication,10th Pass,2026-08-02,Internship,No
JOB_04421,Logistics Coordinator,Reliance Jio,Construction,Solapur,2-5 years,78623,Coordination; Tracking Systems; Transportation Management; Communication,Diploma,2026-07-04,Contract,Hybrid
JOB_04422,Data Analyst,Unacademy,Energy,Amravati,8+ years,409797,Power BI; SQL; Statistics; Python; Tableau,Graduate,2026-06-12,Part-time,Yes
JOB_04423,Machine Operator,Bajaj Finserv,Retail,Parbhani,5-8 years,227539,Safety Standards; Production Planning; Machine Maintenance; Quality Control; CNC Operation,Diploma,2026-08-24,Internship,Yes
JOB_04424,Cybersecurity Analyst,Axis Bank,Telecommunications,Akola,0-2 years,41164,Firewall; Risk Assessment; Network Security; Compliance,10th Pass,2026-06-28,Contract,Hybrid
JOB_04425,Data Analyst,Godrej Industries,Construction,Ahmednagar,2-5 years,118746,Pandas; NumPy; Python; Tableau; SQL; Power BI,Post Graduate,2026-08-20,Full-time,No
JOB_04426,Welder,Tata Motors,Telecommunications,Aurangabad,5-8 years,141915,Blueprint Reading; TIG Welding; Arc Welding,Post Graduate,2026-08-02,Internship,No
JOB_04427,Accountant,Bajaj Finserv,Media & Entertainment,Chandrapur,Fresher,17085,Excel; Tally; Financial Reporting; Accounting; GST; Taxation,12th Pass,2026-08-21,Contract,Hybrid
JOB_04428,Sales Executive,Narayana Health,Logistics,Osmanabad,2-5 years,64664,Communication; Lead Generation; CRM; Negotiation,12th Pass,2026-08-30,Internship,Hybrid
JOB_04429,Full Stack Developer,PhonePe,Automotive,Sangli,2-5 years,102240,REST API; JavaScript; HTML/CSS,12th Pass,2026-07-04,Full-time,Yes
JOB_04430,Software Developer,IBM,Healthcare,Jalgaon,0-2 years,39703,Python; Git; Java,Graduate,2026-07-28,Internship,Yes
JOB_04431,Logistics Coordinator,Siemens,FMCG,Osmanabad,2-5 years,80121,Transportation Management; Documentation; Communication; Coordination; Tracking Systems,Graduate,2026-07-01,Part-time,No
JOB_04432,Machine Learning Engineer,Bajaj Finserv,Logistics,Nashik,0-2 years,26889,Python; TensorFlow; SQL; PyTorch,10th Pass,2026-08-01,Full-time,Hybrid
JOB_04433,Electrician,Apollo Hospitals,Automotive,Osmanabad,5-8 years,226085,Troubleshooting; Circuit Design; Electrical Wiring; Safety Standards; Equipment Maintenance,Graduate,2026-06-29,Part-time,Hybrid
JOB_04434,Cybersecurity Analyst,Narayana Health,Healthcare,Bhiwandi,8+ years,293595,Compliance; Network Security; Firewall,Diploma,2026-09-01,Internship,No
JOB_04435,Electrician,Wipro,FMCG,Amravati,5-8 years,117668,Equipment Maintenance; Electrical Wiring; Circuit Design,Diploma,2026-06-23,Internship,No
JOB_04436,Data Analyst,Fortis Healthcare,Pharmaceuticals,Beed,5-8 years,243054,Tableau; Excel; Pandas; NumPy; Python; Power BI,Graduate,2026-07-22,Full-time,Yes
JOB_04437,Sales Executive,Flipkart,Logistics,Yavatmal,2-5 years,79957,Communication; Customer Relationship; Negotiation,Graduate,2026-09-03,Full-time,Hybrid
JOB_04438,Supply Chain Analyst,PhonePe,Education,Akola,0-2 years,56155,SAP; Excel; Forecasting; Data Analysis,12th Pass,2026-08-12,Contract,Yes
JOB_04439,Cloud Engineer,Paytm,FMCG,Solapur,2-5 years,79046,Docker; AWS; Networking; GCP,Graduate,2026-07-30,Internship,No
JOB_04440,Project Coordinator,Flipkart,Retail,Bhiwandi,0-2 years,55550,MS Office; Documentation; Agile; Project Management; Communication; Coordination,10th Pass,2026-08-21,Contract,No
JOB_04441,Software Developer,Crompton Greaves,Retail,Amravati,2-5 years,80443,Microservices; JavaScript; Python; Git; SQL,10th Pass,2026-08-02,Internship,Hybrid
JOB_04442,Welder,Cognizant,Retail,Parbhani,8+ years,460835,TIG Welding; Safety Standards; Arc Welding; Blueprint Reading; MIG Welding,Post Graduate,2026-07-05,Internship,Yes
JOB_04443,Sales Executive,TCS,Media & Entertainment,Satara,0-2 years,56597,CRM; Customer Relationship; Lead Generation; Communication; Negotiation,12th Pass,2026-06-07,Part-time,Yes
JOB_04444,Medical Lab Technician,Max Healthcare,Healthcare,Solapur,8+ years,224990,Equipment Operation; Lab Testing; Safety; Sample Collection,Post Graduate,2026-08-09,Part-time,No
JOB_04445,Data Analyst,HDFC Bank,Healthcare,Nagpur,8+ years,393542,Excel; Power BI; NumPy; Statistics,Diploma,2026-08-02,Contract,No
JOB_04446,Training Coordinator,Unacademy,Telecommunications,Solapur,5-8 years,214812,LMS; Curriculum Design; Assessment; Communication,12th Pass,2026-06-10,Full-time,No
JOB_04447,Full Stack Developer,Narayana Health,Telecommunications,Ahmednagar,Fresher,27318,REST API; SQL; Git; Node.js; React; JavaScript,Post Graduate,2026-08-20,Internship,No
JOB_04448,Welder,HDFC Bank,Logistics,Solapur,8+ years,215583,Arc Welding; MIG Welding; Safety Standards; Blueprint Reading,12th Pass,2026-06-27,Internship,Hybrid
JOB_04449,Software Developer,Reliance Jio,Telecommunications,Nagpur,8+ years,412779,JavaScript; Python; Java,Diploma,2026-08-08,Full-time,No
JOB_04450,Accountant,Wipro,E-commerce,Nagpur,5-8 years,150330,Excel; QuickBooks; GST; Tally; Taxation; Accounting,12th Pass,2026-07-26,Part-time,Hybrid
JOB_04451,Pharmacy Assistant,Axis Bank,Logistics,Jalgaon,2-5 years,53678,Customer Service; Inventory Management; Pharmacy Software,Post Graduate,2026-08-23,Contract,Hybrid
JOB_04452,DevOps Engineer,Mahindra & Mahindra,Healthcare,Pune,Fresher,20132,Jenkins; CI/CD; Ansible; Linux,Graduate,2026-07-02,Part-time,No
JOB_04453,Supply Chain Analyst,Max Healthcare,Retail,Dhule,8+ years,288861,Data Analysis; SAP; Excel; Inventory Management; Logistics; Forecasting,Diploma,2026-06-20,Full-time,Hybrid
JOB_04454,Welder,Larsen & Toubro,Banking & Finance,Parbhani,0-2 years,41899,Safety Standards; Blueprint Reading; TIG Welding,Graduate,2026-06-29,Contract,Hybrid
JOB_04455,Machine Operator,Fortis Healthcare,Logistics,Osmanabad,Fresher,17237,Production Planning; CNC Operation; Quality Control; Machine Maintenance; Safety Standards,Post Graduate,2026-06-17,Full-time,Hybrid
JOB_04456,Warehouse Supervisor,Byju's,Manufacturing,Satara,2-5 years,84389,WMS; Logistics; Inventory Management,Diploma,2026-08-30,Internship,Hybrid
JOB_04457,Full Stack Developer,ICICI Bank,Pharmaceuticals,Beed,2-5 years,72884,JavaScript; REST API; Git; MongoDB; Node.js,12th Pass,2026-06-26,Internship,Yes
JOB_04458,DevOps Engineer,Siemens,IT Services,Parbhani,2-5 years,65420,Kubernetes; Ansible; CI/CD; Docker,Post Graduate,2026-06-12,Part-time,No
JOB_04459,UI/UX Designer,Godrej Industries,Construction,Sangli,2-5 years,51751,Sketch; Wireframing; Figma; Adobe XD; HTML/CSS,10th Pass,2026-07-09,Contract,Hybrid
JOB_04460,DevOps Engineer,Byju's,Logistics,Sangli,2-5 years,113562,Kubernetes; Docker; CI/CD; AWS; Python; Ansible,Post Graduate,2026-06-30,Full-time,No
JOB_04461,Sales Executive,HDFC Bank,Telecommunications,Ahmednagar,Fresher,28249,Lead Generation; Customer Relationship; CRM,10th Pass,2026-07-05,Contract,Yes
JOB_04462,Welder,Vedantu,Healthcare,Pune,8+ years,461899,MIG Welding; Blueprint Reading; TIG Welding; Arc Welding,Diploma,2026-07-17,Full-time,Yes
JOB_04463,Content Writer,Larsen & Toubro,Education,Jalgaon,Fresher,27528,Content Writing; SEO; WordPress; Copywriting; Editing,Graduate,2026-07-24,Contract,Hybrid
JOB_04464,Quality Analyst,Crompton Greaves,Banking & Finance,Bhiwandi,2-5 years,102631,Bug Tracking; Selenium; Agile; JIRA; SQL,Post Graduate,2026-08-31,Part-time,Hybrid
JOB_04465,Cybersecurity Analyst,Accenture,Construction,Nagpur,2-5 years,56053,SIEM; Risk Assessment; Firewall; Network Security; Penetration Testing; Compliance,10th Pass,2026-07-22,Contract,No
JOB_04466,Project Coordinator,TCS,Construction,Parbhani,Fresher,34865,Communication; Documentation; Project Management; Agile; Coordination,Graduate,2026-08-11,Internship,Yes
JOB_04467,Accountant,Mahindra & Mahindra,Manufacturing,Pune,Fresher,18407,Excel; Financial Reporting; Tally; GST; QuickBooks; Accounting,12th Pass,2026-08-13,Contract,Yes
JOB_04468,Quality Analyst,Paytm,Manufacturing,Osmanabad,8+ years,450016,Bug Tracking; Manual Testing; Selenium; SQL; Agile,10th Pass,2026-06-28,Full-time,No
JOB_04469,Retail Associate,Wipro,Automotive,Jalna,5-8 years,174929,Inventory Management; Customer Service; Cash Handling; Sales,Diploma,2026-06-14,Internship,Yes
JOB_04470,Nurse,Zerodha,Construction,Nagpur,0-2 years,55236,Emergency Care; Medication Administration; Medical Procedures; Vital Signs,12th Pass,2026-07-30,Internship,Yes
JOB_04471,Content Writer,ABB India,Pharmaceuticals,Jalna,Fresher,28572,Editing; WordPress; SEO; Research; Copywriting,Post Graduate,2026-07-30,Part-time,No
JOB_04472,Retail Associate,Accenture,Banking & Finance,Jalgaon,2-5 years,109499,Inventory Management; Cash Handling; Sales; Customer Service; Communication,Graduate,2026-08-29,Contract,No
JOB_04473,UI/UX Designer,Accenture,Telecommunications,Dhule,5-8 years,218120,HTML/CSS; Sketch; Adobe XD,Post Graduate,2026-06-21,Full-time,Yes
JOB_04474,Electrician,Narayana Health,Healthcare,Sangli,2-5 years,103616,Troubleshooting; Safety Standards; Equipment Maintenance,12th Pass,2026-08-30,Internship,Hybrid
JOB_04475,Full Stack Developer,Flipkart,Healthcare,Amravati,8+ years,473004,HTML/CSS; Node.js; REST API; SQL; React; Git,Post Graduate,2026-08-10,Part-time,Hybrid
JOB_04476,Digital Marketing Executive,Bajaj Finserv,Construction,Nanded,2-5 years,71572,Google Analytics; Email Marketing; Content Marketing; Social Media Marketing,Post Graduate,2026-07-02,Full-time,No
JOB_04477,Accountant,ICICI Bank,Education,Akola,5-8 years,105620,Taxation; Accounting; Tally; QuickBooks; GST; Financial Reporting,10th Pass,2026-08-16,Full-time,Yes
JOB_04478,Data Analyst,Flipkart,Pharmaceuticals,Amravati,Fresher,31758,Pandas; Power BI; Python; NumPy; Statistics; Excel,Diploma,2026-07-15,Contract,Hybrid
JOB_04479,Welder,Narayana Health,E-commerce,Nagpur,8+ years,277446,Safety Standards; Blueprint Reading; MIG Welding; Arc Welding,Diploma,2026-06-19,Part-time,No
JOB_04480,Data Analyst,IBM,Energy,Aurangabad,Fresher,21644,Statistics; SQL; Excel,Diploma,2026-07-08,Part-time,No
JOB_04481,Digital Marketing Executive,Narayana Health,Pharmaceuticals,Chandrapur,8+ years,311464,SEO; Social Media Marketing; SEM; Content Marketing; Email Marketing; Google Analytics,Graduate,2026-06-29,Full-time,Hybrid
JOB_04482,Data Analyst,Wipro,Banking & Finance,Yavatmal,5-8 years,241355,NumPy; Pandas; Excel; Statistics; Power BI; Python,Diploma,2026-08-07,Internship,No
JOB_04483,Fitter,Siemens,IT Services,Parbhani,Fresher,21715,Maintenance; Blueprint Reading; Mechanical Fitting; Precision Tools,Graduate,2026-08-07,Contract,Hybrid
JOB_04484,Cybersecurity Analyst,Paytm,Retail,Satara,2-5 years,53908,Network Security; Firewall; SIEM; Compliance,Post Graduate,2026-06-15,Internship,No
JOB_04485,Cloud Engineer,Fortis Healthcare,Education,Nashik,2-5 years,109491,Networking; Kubernetes; Linux; Terraform; Azure; AWS,Post Graduate,2026-06-10,Part-time,No
JOB_04486,Quality Analyst,Flipkart,FMCG,Pune,5-8 years,196042,Agile; Bug Tracking; SQL; Selenium; JIRA,Graduate,2026-07-21,Full-time,Yes
JOB_04487,Digital Marketing Executive,Accenture,Education,Yavatmal,8+ years,324060,SEM; Google Analytics; Email Marketing; Social Media Marketing; Content Marketing,Graduate,2026-09-04,Internship,No
JOB_04488,Machine Learning Engineer,Paytm,IT Services,Raigad,8+ years,497584,NLP; SQL; PyTorch; Deep Learning; TensorFlow,Diploma,2026-08-23,Contract,Yes
JOB_04489,Logistics Coordinator,IBM,IT Services,Mumbai,Fresher,23090,Documentation; Tracking Systems; Transportation Management; Coordination; Communication,12th Pass,2026-06-15,Full-time,No
JOB_04490,Project Coordinator,Amazon,Media & Entertainment,Nagpur,0-2 years,51689,Project Management; Agile; Documentation,12th Pass,2026-06-27,Internship,No
JOB_04491,DevOps Engineer,HCL,Telecommunications,Pune,Fresher,25851,Linux; Kubernetes; Ansible; Docker; Python,10th Pass,2026-07-11,Internship,Yes
JOB_04492,UI/UX Designer,HCL,Pharmaceuticals,Satara,0-2 years,30800,HTML/CSS; Sketch; Wireframing; Figma; Adobe XD,Diploma,2026-09-02,Internship,No
JOB_04493,Business Analyst,Amazon,Automotive,Raigad,8+ years,444122,Agile; JIRA; Process Mapping; SQL,12th Pass,2026-09-03,Contract,Hybrid
JOB_04494,Quality Analyst,Bajaj Finserv,Manufacturing,Aurangabad,5-8 years,121658,Bug Tracking; Agile; JIRA; Manual Testing,Diploma,2026-07-07,Part-time,Yes
JOB_04495,Full Stack Developer,Infosys,IT Services,Parbhani,5-8 years,134015,MongoDB; HTML/CSS; JavaScript; REST API; SQL,Post Graduate,2026-07-07,Part-time,No
JOB_04496,Sales Executive,Flipkart,Logistics,Bhiwandi,0-2 years,50864,Communication; Negotiation; Customer Relationship; CRM; Lead Generation,Post Graduate,2026-08-15,Contract,Yes
JOB_04497,Accountant,Razorpay,Healthcare,Jalgaon,0-2 years,42043,Excel; Financial Reporting; QuickBooks; Taxation; Tally; GST,Diploma,2026-07-14,Internship,No
JOB_04498,Customer Support Specialist,Razorpay,IT Services,Kolhapur,Fresher,17021,CRM; Customer Service; Communication; Problem Solving; Zendesk,10th Pass,2026-08-08,Internship,Yes
JOB_04499,Pharmacy Assistant,Infosys,Education,Nashik,Fresher,16416,Customer Service; Medication Dispensing; Inventory Management; Pharmacy Software,10th Pass,2026-06-22,Full-time,Hybrid
JOB_04500,Fitter,Wipro,Construction,Sangli,0-2 years,58018,Assembly; Mechanical Fitting; Maintenance; Blueprint Reading; Precision Tools,10th Pass,2026-07-29,Internship,No
JOB_04501,Sales Executive,Crompton Greaves,E-commerce,Yavatmal,8+ years,430605,Communication; Negotiation; Lead Generation,10th Pass,2026-07-17,Contract,No
JOB_04502,Sales Executive,Byju's,Energy,Osmanabad,2-5 years,114783,Communication; Negotiation; Customer Relationship; CRM,Diploma,2026-07-03,Full-time,Yes
JOB_04503,Welder,Apollo Hospitals,E-commerce,Aurangabad,0-2 years,37256,Safety Standards; Blueprint Reading; MIG Welding; TIG Welding; Arc Welding,Graduate,2026-08-13,Internship,No
JOB_04504,Data Analyst,Reliance Jio,Healthcare,Latur,8+ years,435970,Tableau; NumPy; Pandas,Diploma,2026-08-26,Part-time,Hybrid
JOB_04505,Software Developer,Siemens,Logistics,Yavatmal,0-2 years,28324,Microservices; Git; Java; Python; Agile; SQL,10th Pass,2026-07-29,Part-time,Hybrid
JOB_04506,Content Writer,Amazon,FMCG,Dhule,0-2 years,48017,Content Writing; Research; Copywriting; Editing,Post Graduate,2026-08-09,Internship,Yes
JOB_04507,Machine Operator,Vedantu,Construction,Parbhani,2-5 years,91979,Machine Maintenance; CNC Operation; Quality Control; Production Planning,Diploma,2026-06-28,Part-time,No
JOB_04508,Teacher,Crompton Greaves,Media & Entertainment,Latur,5-8 years,107479,Assessment; Lesson Planning; Classroom Management; Communication; Curriculum Development,Post Graduate,2026-06-15,Internship,Hybrid
JOB_04509,Training Coordinator,Cognizant,Media & Entertainment,Jalna,2-5 years,103508,Communication; Curriculum Design; LMS; Training Delivery,12th Pass,2026-06-28,Internship,Yes
JOB_04510,Welder,Siemens,IT Services,Chandrapur,Fresher,26568,Safety Standards; Arc Welding; Blueprint Reading; MIG Welding,Graduate,2026-07-20,Full-time,No
JOB_04511,Training Coordinator,Capgemini,Telecommunications,Satara,2-5 years,119174,Assessment; LMS; Training Delivery; Communication; Curriculum Design,Graduate,2026-06-19,Full-time,No
JOB_04512,Digital Marketing Executive,IBM,Automotive,Chandrapur,8+ years,386711,SEO; Email Marketing; SEM; Social Media Marketing; Content Marketing; Google Analytics,Post Graduate,2026-07-15,Contract,Yes
JOB_04513,Data Analyst,Apollo Hospitals,Construction,Pune,5-8 years,226211,SQL; Power BI; Tableau,10th Pass,2026-07-13,Full-time,No
JOB_04514,Machine Learning Engineer,Amazon,Energy,Akola,0-2 years,30476,SQL; TensorFlow; Python; PyTorch; Scikit-learn; Deep Learning,Graduate,2026-06-22,Part-time,Hybrid
JOB_04515,Cybersecurity Analyst,Cognizant,IT Services,Parbhani,0-2 years,32892,Penetration Testing; Compliance; SIEM; Risk Assessment; Firewall; Network Security,Post Graduate,2026-08-12,Full-time,Yes
JOB_04516,Pharmacy Assistant,HCL,Manufacturing,Jalna,2-5 years,68045,Inventory Management; Medication Dispensing; Pharmacy Software; Customer Service,Graduate,2026-08-25,Contract,No
JOB_04517,Business Analyst,Razorpay,Pharmaceuticals,Nagpur,Fresher,33558,JIRA; Agile; Process Mapping; SQL; Power BI; Requirements Gathering,12th Pass,2026-06-28,Part-time,No
JOB_04518,Software Developer,Godrej Industries,Manufacturing,Jalgaon,2-5 years,62467,Java; Git; Python; Microservices,Diploma,2026-08-16,Contract,No
JOB_04519,Software Developer,Paytm,Healthcare,Nanded,8+ years,345909,Java; Microservices; JavaScript; Python; Agile,Graduate,2026-06-08,Internship,No
JOB_04520,Machine Learning Engineer,Fortis Healthcare,Pharmaceuticals,Nashik,5-8 years,207226,Deep Learning; SQL; PyTorch; TensorFlow,Graduate,2026-06-26,Part-time,Yes
JOB_04521,Full Stack Developer,Godrej Industries,Telecommunications,Kolhapur,2-5 years,52954,REST API; Git; React,10th Pass,2026-07-10,Contract,Hybrid
JOB_04522,Teacher,Razorpay,Education,Yavatmal,2-5 years,67322,Curriculum Development; Communication; Lesson Planning; Assessment,12th Pass,2026-08-15,Internship,No
JOB_04523,Technician,Cognizant,Telecommunications,Aurangabad,Fresher,19145,Mechanical Systems; Safety; Troubleshooting,Post Graduate,2026-07-24,Internship,Hybrid
JOB_04524,Business Analyst,Tata Motors,Manufacturing,Sangli,2-5 years,103160,Agile; Requirements Gathering; SQL,12th Pass,2026-07-10,Contract,Hybrid
JOB_04525,DevOps Engineer,TCS,Energy,Raigad,Fresher,24674,Jenkins; AWS; Docker; Kubernetes,12th Pass,2026-08-10,Full-time,Yes
JOB_04526,Technician,Flipkart,Manufacturing,Sangli,8+ years,441276,Electrical Systems; Safety; Equipment Maintenance; Mechanical Systems,Diploma,2026-08-05,Part-time,Hybrid
JOB_04527,Machine Learning Engineer,IBM,Education,Chandrapur,8+ years,374316,SQL; NLP; Deep Learning; TensorFlow; Python; PyTorch,Diploma,2026-08-07,Full-time,Yes
JOB_04528,Project Coordinator,Unacademy,Education,Chandrapur,0-2 years,57253,Agile; Coordination; Project Management; MS Office; Documentation; Communication,Post Graduate,2026-08-21,Internship,Yes
JOB_04529,Sales Executive,Paytm,Pharmaceuticals,Parbhani,8+ years,283968,Negotiation; Customer Relationship; CRM; Communication,Graduate,2026-08-30,Contract,Yes
JOB_04530,Machine Operator,Tata Motors,E-commerce,Amravati,0-2 years,56363,Machine Maintenance; Production Planning; Quality Control,Post Graduate,2026-06-15,Contract,No
JOB_04531,Training Coordinator,Wipro,FMCG,Latur,0-2 years,51959,Curriculum Design; Training Delivery; LMS,10th Pass,2026-08-05,Part-time,No
JOB_04532,Content Writer,Tata Motors,Construction,Nanded,5-8 years,179743,Research; Copywriting; WordPress; Editing,Graduate,2026-06-18,Internship,Hybrid
JOB_04533,Retail Associate,Capgemini,Energy,Osmanabad,2-5 years,92040,Inventory Management; Communication; Sales,Post Graduate,2026-08-04,Internship,No
JOB_04534,Supply Chain Analyst,Siemens,Automotive,Parbhani,0-2 years,32129,SAP; Data Analysis; Forecasting; Excel; Inventory Management,12th Pass,2026-07-16,Internship,Yes
JOB_04535,Cybersecurity Analyst,PhonePe,FMCG,Solapur,2-5 years,94455,Risk Assessment; Network Security; Compliance,Graduate,2026-08-02,Internship,Hybrid
JOB_04536,UI/UX Designer,Vedantu,Logistics,Satara,2-5 years,64918,HTML/CSS; Sketch; Wireframing,Diploma,2026-08-26,Full-time,No
JOB_04537,Customer Support Specialist,Narayana Health,Manufacturing,Parbhani,2-5 years,85849,Problem Solving; Zendesk; Customer Service,Graduate,2026-06-20,Internship,No
JOB_04538,Nurse,Cognizant,Healthcare,Latur,0-2 years,39166,Medical Procedures; Medication Administration; Emergency Care; Vital Signs; Patient Care,Diploma,2026-08-07,Contract,No
JOB_04539,Pharmacy Assistant,ABB India,Pharmaceuticals,Nashik,2-5 years,56909,Customer Service; Inventory Management; Medication Dispensing,Diploma,2026-06-20,Internship,No
JOB_04540,Data Analyst,Byju's,Logistics,Nanded,2-5 years,78637,Statistics; NumPy; Power BI; Python; SQL; Pandas,Diploma,2026-08-06,Contract,Yes
JOB_04541,Full Stack Developer,Fortis Healthcare,Automotive,Parbhani,5-8 years,126456,Node.js; REST API; HTML/CSS; React,10th Pass,2026-07-30,Part-time,No
JOB_04542,Project Coordinator,Flipkart,Automotive,Akola,0-2 years,30260,Coordination; Communication; Project Management,12th Pass,2026-06-07,Internship,No
JOB_04543,Retail Associate,Unacademy,Telecommunications,Sangli,2-5 years,50425,Communication; Cash Handling; Customer Service; Inventory Management,Graduate,2026-07-08,Full-time,Yes
JOB_04544,Content Writer,Mahindra & Mahindra,Energy,Sangli,8+ years,406511,WordPress; Editing; SEO,12th Pass,2026-06-19,Full-time,Hybrid
JOB_04545,Retail Associate,HCL,Pharmaceuticals,Yavatmal,5-8 years,249812,Inventory Management; Sales; Communication,12th Pass,2026-06-25,Contract,Yes
JOB_04546,Customer Support Specialist,Tech Mahindra,Automotive,Nagpur,2-5 years,66011,Customer Service; CRM; Zendesk; Problem Solving; Communication,Diploma,2026-07-05,Part-time,No
JOB_04547,Digital Marketing Executive,Amazon,Media & Entertainment,Aurangabad,2-5 years,71815,Google Analytics; SEO; Email Marketing; SEM; Content Marketing; Social Media Marketing,Diploma,2026-06-29,Part-time,Hybrid
JOB_04548,HR Coordinator,Capgemini,IT Services,Bhiwandi,Fresher,17861,Communication; Employee Relations; Compliance; Recruitment,10th Pass,2026-06-25,Full-time,Yes
JOB_04549,Software Developer,Reliance Jio,Education,Beed,2-5 years,109974,Python; REST API; Microservices; Java; JavaScript; Git,12th Pass,2026-08-13,Part-time,Yes
JOB_04550,Machine Operator,PhonePe,Banking & Finance,Pune,2-5 years,107980,Production Planning; Safety Standards; Machine Maintenance,Diploma,2026-08-29,Part-time,Hybrid
JOB_04551,Fitter,Unacademy,Automotive,Yavatmal,2-5 years,56038,Blueprint Reading; Precision Tools; Maintenance,Diploma,2026-07-17,Part-time,Hybrid
JOB_04552,Machine Operator,Axis Bank,Energy,Solapur,8+ years,408878,Production Planning; Quality Control; Safety Standards; Machine Maintenance,Graduate,2026-06-17,Internship,No
JOB_04553,Project Coordinator,Godrej Industries,Banking & Finance,Osmanabad,8+ years,498574,Project Management; Communication; Coordination; MS Office,Graduate,2026-07-18,Contract,Hybrid
JOB_04554,Teacher,Wipro,Pharmaceuticals,Parbhani,0-2 years,46894,Classroom Management; Assessment; Lesson Planning; Communication,12th Pass,2026-08-18,Contract,Hybrid
JOB_04555,Project Coordinator,Accenture,Banking & Finance,Dhule,0-2 years,45992,Coordination; Agile; MS Office; Project Management,Graduate,2026-07-06,Internship,Yes
JOB_04556,Medical Lab Technician,Tata Motors,Logistics,Jalna,8+ years,227640,Equipment Operation; Safety; Quality Control; Sample Collection; Lab Testing,12th Pass,2026-06-24,Contract,No
JOB_04557,Cloud Engineer,Tata Motors,Telecommunications,Dhule,2-5 years,66040,Linux; Docker; Terraform; AWS,12th Pass,2026-07-11,Contract,Hybrid
JOB_04558,Training Coordinator,Unacademy,Telecommunications,Chandrapur,5-8 years,218100,Communication; Curriculum Design; LMS; Training Delivery; Assessment,Post Graduate,2026-07-23,Part-time,Yes
JOB_04559,Cybersecurity Analyst,ICICI Bank,E-commerce,Nagpur,5-8 years,197293,Compliance; Network Security; Penetration Testing; SIEM; Firewall; Risk Assessment,Diploma,2026-07-10,Part-time,Hybrid
JOB_04560,Business Analyst,HDFC Bank,Logistics,Bhiwandi,5-8 years,120855,Agile; Excel; Process Mapping,Graduate,2026-07-07,Internship,No
JOB_04561,Electrician,Vedantu,Education,Mumbai,8+ years,416941,Electrical Wiring; Circuit Design; Equipment Maintenance; Troubleshooting,Diploma,2026-07-23,Contract,No
JOB_04562,Sales Executive,Axis Bank,Pharmaceuticals,Dhule,5-8 years,154749,Negotiation; Lead Generation; CRM; Communication,Post Graduate,2026-06-17,Part-time,Yes
JOB_04563,Business Analyst,Reliance Jio,Banking & Finance,Jalgaon,Fresher,33701,Excel; Process Mapping; Requirements Gathering,Post Graduate,2026-06-26,Full-time,No
JOB_04564,Machine Operator,ICICI Bank,Logistics,Chandrapur,8+ years,375716,CNC Operation; Production Planning; Safety Standards; Quality Control; Machine Maintenance,10th Pass,2026-07-09,Part-time,Hybrid
JOB_04565,Supply Chain Analyst,Larsen & Toubro,Automotive,Osmanabad,5-8 years,134022,Excel; SAP; Data Analysis,Post Graduate,2026-06-17,Full-time,Yes
JOB_04566,Cybersecurity Analyst,TCS,Pharmaceuticals,Chandrapur,0-2 years,46092,SIEM; Firewall; Compliance; Risk Assessment; Network Security,12th Pass,2026-08-29,Contract,Hybrid
JOB_04567,Machine Operator,Axis Bank,Automotive,Nagpur,Fresher,28483,Production Planning; Machine Maintenance; CNC Operation,12th Pass,2026-06-22,Contract,Hybrid
JOB_04568,Cybersecurity Analyst,Byju's,Telecommunications,Aurangabad,8+ years,210104,Network Security; Penetration Testing; Compliance; SIEM,Post Graduate,2026-06-09,Part-time,Hybrid
JOB_04569,Business Analyst,Vedantu,Pharmaceuticals,Ahmednagar,0-2 years,29093,Agile; Process Mapping; SQL; Power BI,12th Pass,2026-07-30,Internship,Yes
JOB_04570,Welder,Max Healthcare,Banking & Finance,Latur,2-5 years,51531,TIG Welding; Arc Welding; Blueprint Reading; Safety Standards; MIG Welding,10th Pass,2026-07-16,Contract,Hybrid
JOB_04571,Teacher,Reliance Jio,E-commerce,Nanded,0-2 years,58068,Lesson Planning; Assessment; Communication,Diploma,2026-06-22,Part-time,Hybrid
JOB_04572,Machine Operator,Tech Mahindra,Media & Entertainment,Pune,0-2 years,56508,Production Planning; CNC Operation; Safety Standards,Post Graduate,2026-08-15,Part-time,Hybrid
JOB_04573,Nurse,Paytm,Education,Beed,0-2 years,42528,Vital Signs; Medical Procedures; Patient Care; Medication Administration; Emergency Care,Graduate,2026-08-20,Part-time,No
JOB_04574,Logistics Coordinator,Amazon,Manufacturing,Sangli,2-5 years,84959,Tracking Systems; Communication; Transportation Management,Diploma,2026-06-20,Full-time,No
JOB_04575,Quality Analyst,Mahindra & Mahindra,Logistics,Bhiwandi,2-5 years,60694,Testing; Selenium; Agile; Bug Tracking; Manual Testing; JIRA,10th Pass,2026-08-28,Full-time,No
JOB_04576,HR Coordinator,Accenture,IT Services,Satara,Fresher,22858,Compliance; HRMS; Employee Relations; Communication; Recruitment,Graduate,2026-07-27,Full-time,Hybrid
JOB_04577,Warehouse Supervisor,Amazon,Manufacturing,Jalgaon,0-2 years,31972,Logistics; Safety Standards; Inventory Management,12th Pass,2026-08-28,Part-time,No
JOB_04578,Medical Lab Technician,Godrej Industries,Media & Entertainment,Jalgaon,8+ years,426448,Safety; Quality Control; Sample Collection,10th Pass,2026-06-10,Internship,Yes
JOB_04579,Retail Associate,Unacademy,Pharmaceuticals,Ahmednagar,5-8 years,105201,Communication; Cash Handling; Customer Service,Post Graduate,2026-07-28,Internship,No
JOB_04580,Nurse,Accenture,IT Services,Beed,8+ years,215235,Medication Administration; Patient Care; Vital Signs,Post Graduate,2026-06-29,Contract,Hybrid
JOB_04581,Machine Operator,HCL,Retail,Amravati,0-2 years,35554,CNC Operation; Production Planning; Machine Maintenance; Quality Control,Graduate,2026-07-25,Contract,Yes
JOB_04582,Teacher,Infosys,IT Services,Jalna,8+ years,343813,Curriculum Development; Assessment; Lesson Planning; Classroom Management,10th Pass,2026-07-13,Full-time,No
JOB_04583,Medical Lab Technician,Crompton Greaves,Construction,Jalna,Fresher,15470,Safety; Equipment Operation; Quality Control; Lab Testing; Sample Collection,Post Graduate,2026-08-02,Full-time,No
JOB_04584,Supply Chain Analyst,Razorpay,Energy,Mumbai,0-2 years,39703,Data Analysis; Forecasting; Inventory Management; SAP; Excel; Logistics,Post Graduate,2026-08-15,Contract,No
JOB_04585,Cloud Engineer,HDFC Bank,Manufacturing,Kolhapur,0-2 years,28906,GCP; Linux; AWS,12th Pass,2026-08-08,Internship,Yes
JOB_04586,Software Developer,ICICI Bank,Manufacturing,Kolhapur,0-2 years,36398,SQL; JavaScript; Python; Microservices,Diploma,2026-07-07,Full-time,Hybrid
JOB_04587,Nurse,HCL,Media & Entertainment,Parbhani,2-5 years,84585,Emergency Care; Medical Procedures; Patient Care; Vital Signs; Medication Administration,12th Pass,2026-08-23,Full-time,No
JOB_04588,Cybersecurity Analyst,Axis Bank,FMCG,Sangli,2-5 years,91336,Risk Assessment; Network Security; Penetration Testing; Firewall; SIEM,Diploma,2026-07-09,Internship,Hybrid
JOB_04589,Full Stack Developer,Axis Bank,IT Services,Amravati,0-2 years,57825,JavaScript; React; REST API; Node.js; HTML/CSS,Diploma,2026-08-20,Contract,Yes
JOB_04590,Sales Executive,IBM,Automotive,Ahmednagar,Fresher,34547,Communication; CRM; Customer Relationship,Diploma,2026-06-20,Full-time,Hybrid
JOB_04591,Machine Operator,Unacademy,Media & Entertainment,Kolhapur,2-5 years,73090,Machine Maintenance; Production Planning; CNC Operation,Post Graduate,2026-06-18,Internship,Hybrid
JOB_04592,Pharmacy Assistant,Narayana Health,FMCG,Akola,2-5 years,119649,Medication Dispensing; Pharmacy Software; Inventory Management; Customer Service,Diploma,2026-09-02,Part-time,Hybrid
JOB_04593,Retail Associate,Amazon,Logistics,Parbhani,2-5 years,101931,Inventory Management; Customer Service; Cash Handling; Communication; Sales,Graduate,2026-07-25,Part-time,Hybrid
JOB_04594,Customer Support Specialist,Mahindra & Mahindra,Retail,Nashik,8+ years,339125,Problem Solving; Communication; Zendesk,12th Pass,2026-08-30,Part-time,No
JOB_04595,Software Developer,Unacademy,FMCG,Chandrapur,Fresher,18276,REST API; Agile; Python,10th Pass,2026-09-01,Part-time,Yes
JOB_04596,Pharmacy Assistant,Crompton Greaves,Energy,Kolhapur,5-8 years,194214,Customer Service; Medication Dispensing; Inventory Management; Pharmacy Software,Post Graduate,2026-08-07,Internship,No
JOB_04597,Business Analyst,Siemens,E-commerce,Parbhani,Fresher,16078,SQL; Excel; Agile; Power BI; JIRA; Process Mapping,Diploma,2026-08-18,Part-time,No
JOB_04598,Medical Lab Technician,Accenture,Telecommunications,Bhiwandi,2-5 years,55913,Equipment Operation; Lab Testing; Safety,Post Graduate,2026-08-12,Internship,Hybrid
JOB_04599,Machine Learning Engineer,Razorpay,Automotive,Yavatmal,Fresher,26351,PyTorch; Deep Learning; Scikit-learn; NLP; Python; SQL,10th Pass,2026-08-25,Full-time,Hybrid
JOB_04600,Medical Lab Technician,Crompton Greaves,E-commerce,Ahmednagar,0-2 years,58458,Equipment Operation; Sample Collection; Safety,Graduate,2026-07-28,Internship,Hybrid
JOB_04601,Cybersecurity Analyst,Paytm,Logistics,Jalgaon,2-5 years,76048,Firewall; Risk Assessment; Compliance; SIEM,Post Graduate,2026-06-17,Full-time,No
JOB_04602,Customer Support Specialist,Vedantu,IT Services,Latur,Fresher,15363,CRM; Problem Solving; Customer Service; Communication,Post Graduate,2026-07-29,Contract,Hybrid
JOB_04603,Machine Learning Engineer,Apollo Hospitals,Media & Entertainment,Nashik,8+ years,353470,Deep Learning; Scikit-learn; SQL; NLP,Post Graduate,2026-07-29,Part-time,Hybrid
JOB_04604,Supply Chain Analyst,Mahindra & Mahindra,Construction,Nashik,0-2 years,39896,SAP; Data Analysis; Excel,Graduate,2026-09-02,Full-time,Hybrid
JOB_04605,Nurse,Accenture,Banking & Finance,Kolhapur,Fresher,26283,Medication Administration; Patient Care; Medical Procedures,10th Pass,2026-07-19,Internship,Hybrid
JOB_04606,Nurse,Tech Mahindra,Energy,Solapur,5-8 years,175480,Medical Procedures; Medication Administration; Vital Signs; Emergency Care,Graduate,2026-08-06,Contract,Yes
JOB_04607,Full Stack Developer,Zerodha,Manufacturing,Beed,2-5 years,69069,JavaScript; Git; SQL; React; HTML/CSS,10th Pass,2026-06-29,Full-time,No
JOB_04608,Digital Marketing Executive,Accenture,Automotive,Chandrapur,0-2 years,34406,Email Marketing; Content Marketing; SEO; SEM; Social Media Marketing,Graduate,2026-07-04,Contract,No
JOB_04609,Cybersecurity Analyst,Godrej Industries,E-commerce,Akola,2-5 years,73227,Firewall; Risk Assessment; Compliance; Network Security; Penetration Testing,Post Graduate,2026-08-29,Part-time,Yes
JOB_04610,Quality Analyst,IBM,Logistics,Aurangabad,0-2 years,40667,Manual Testing; Bug Tracking; JIRA,12th Pass,2026-08-18,Contract,Yes
JOB_04611,UI/UX Designer,ABB India,Telecommunications,Latur,5-8 years,113189,User Research; Adobe XD; Sketch; HTML/CSS; Prototyping,Post Graduate,2026-08-14,Part-time,Yes
JOB_04612,Software Developer,PhonePe,Manufacturing,Nashik,8+ years,323546,Python; REST API; JavaScript; Microservices; Agile,10th Pass,2026-06-12,Part-time,No
JOB_04613,Cybersecurity Analyst,Tata Motors,Media & Entertainment,Beed,5-8 years,173420,Risk Assessment; Compliance; SIEM,Graduate,2026-07-03,Full-time,Hybrid
JOB_04614,Business Analyst,Wipro,Retail,Jalgaon,0-2 years,31221,SQL; Agile; Power BI; Process Mapping,Post Graduate,2026-08-06,Contract,No
JOB_04615,HR Coordinator,Bajaj Finserv,Logistics,Raigad,0-2 years,47749,HRMS; Communication; Payroll,12th Pass,2026-06-08,Part-time,No
JOB_04616,Machine Operator,Mahindra & Mahindra,Banking & Finance,Nashik,8+ years,435978,Quality Control; Safety Standards; Machine Maintenance; CNC Operation; Production Planning,10th Pass,2026-08-03,Part-time,Yes
JOB_04617,Logistics Coordinator,Byju's,Retail,Satara,0-2 years,41974,Documentation; Communication; Tracking Systems; Transportation Management,10th Pass,2026-08-22,Full-time,Hybrid
JOB_04618,Logistics Coordinator,Tata Motors,Manufacturing,Chandrapur,0-2 years,34840,Tracking Systems; Communication; Documentation; Coordination; Transportation Management,Graduate,2026-07-19,Internship,No
JOB_04619,Pharmacy Assistant,Zerodha,Energy,Kolhapur,0-2 years,49495,Pharmacy Software; Customer Service; Medication Dispensing,12th Pass,2026-08-06,Full-time,Yes
JOB_04620,Cloud Engineer,Bajaj Finserv,IT Services,Dhule,2-5 years,77017,AWS; Linux; Terraform; Kubernetes; GCP; Docker,Diploma,2026-09-02,Part-time,Hybrid
JOB_04621,Training Coordinator,Amazon,Healthcare,Amravati,5-8 years,194103,Training Delivery; Curriculum Design; Assessment,Diploma,2026-06-08,Internship,No
JOB_04622,Supply Chain Analyst,Godrej Industries,Automotive,Yavatmal,2-5 years,92695,Inventory Management; Forecasting; Data Analysis; Excel,Graduate,2026-08-17,Internship,Yes
JOB_04623,Quality Analyst,Wipro,E-commerce,Jalgaon,0-2 years,42466,JIRA; Manual Testing; Testing; Selenium; Agile; Bug Tracking,12th Pass,2026-06-18,Contract,No
JOB_04624,Nurse,Apollo Hospitals,Healthcare,Amravati,8+ years,352597,Medication Administration; Vital Signs; Patient Care; Emergency Care; Medical Procedures,12th Pass,2026-08-16,Part-time,No
JOB_04625,HR Coordinator,Flipkart,Media & Entertainment,Jalna,Fresher,17140,Compliance; Employee Relations; Recruitment; Payroll; Communication; HRMS,Graduate,2026-06-22,Internship,No
JOB_04626,HR Coordinator,Amazon,Banking & Finance,Solapur,0-2 years,44560,Compliance; Employee Relations; Communication; Payroll; HRMS; Recruitment,12th Pass,2026-08-02,Internship,Hybrid
JOB_04627,UI/UX Designer,ABB India,Healthcare,Sangli,Fresher,34601,Prototyping; Wireframing; HTML/CSS; User Research,12th Pass,2026-08-23,Part-time,No
JOB_04628,Content Writer,Bajaj Finserv,Automotive,Sangli,0-2 years,55520,WordPress; Content Writing; Research; Editing; Copywriting; SEO,10th Pass,2026-06-21,Part-time,Yes
JOB_04629,Retail Associate,Tech Mahindra,Logistics,Beed,0-2 years,39483,Cash Handling; Sales; Inventory Management; Communication; Customer Service,Post Graduate,2026-06-17,Full-time,Yes
JOB_04630,Quality Analyst,Cognizant,Pharmaceuticals,Bhiwandi,5-8 years,186077,Selenium; SQL; Bug Tracking; Agile; JIRA; Testing,Graduate,2026-06-10,Full-time,No
JOB_04631,Pharmacy Assistant,ICICI Bank,Education,Chandrapur,8+ years,219313,Pharmacy Software; Inventory Management; Customer Service; Medication Dispensing,Diploma,2026-06-17,Internship,Hybrid
JOB_04632,Technician,Flipkart,Automotive,Chandrapur,2-5 years,103946,Mechanical Systems; Equipment Maintenance; Troubleshooting,10th Pass,2026-08-16,Full-time,Hybrid
JOB_04633,HR Coordinator,Narayana Health,Telecommunications,Aurangabad,8+ years,396694,HRMS; Employee Relations; Payroll; Compliance; Communication; Recruitment,Post Graduate,2026-07-17,Contract,Yes
JOB_04634,Supply Chain Analyst,TCS,IT Services,Dhule,0-2 years,32486,Logistics; Forecasting; Excel; SAP; Inventory Management; Data Analysis,10th Pass,2026-08-10,Part-time,Hybrid
JOB_04635,Fitter,Tech Mahindra,Logistics,Nashik,Fresher,34570,Blueprint Reading; Maintenance; Mechanical Fitting; Assembly,12th Pass,2026-09-03,Internship,Hybrid
JOB_04636,Training Coordinator,PhonePe,Pharmaceuticals,Yavatmal,8+ years,417185,LMS; Assessment; Training Delivery; Communication; Curriculum Design,12th Pass,2026-08-27,Internship,No
JOB_04637,Data Analyst,TCS,E-commerce,Bhiwandi,0-2 years,44719,Excel; SQL; Pandas,12th Pass,2026-07-29,Internship,Yes
JOB_04638,Retail Associate,Accenture,Logistics,Akola,5-8 years,205755,Inventory Management; Cash Handling; Sales; Communication; Customer Service,12th Pass,2026-07-21,Full-time,No
JOB_04639,Training Coordinator,Razorpay,Healthcare,Bhiwandi,0-2 years,59212,LMS; Curriculum Design; Training Delivery,Graduate,2026-08-02,Full-time,Yes
JOB_04640,Logistics Coordinator,Tech Mahindra,Logistics,Satara,5-8 years,177723,Communication; Coordination; Documentation; Tracking Systems,12th Pass,2026-08-14,Part-time,No
JOB_04641,Fitter,HCL,Construction,Sangli,8+ years,445614,Assembly; Mechanical Fitting; Precision Tools; Blueprint Reading; Maintenance,Graduate,2026-08-16,Part-time,No
JOB_04642,Machine Learning Engineer,Siemens,FMCG,Osmanabad,5-8 years,223555,SQL; Scikit-learn; Deep Learning; PyTorch,10th Pass,2026-08-21,Full-time,Hybrid
JOB_04643,Accountant,Wipro,Logistics,Bhiwandi,5-8 years,120758,Financial Reporting; Tally; QuickBooks; Taxation,10th Pass,2026-07-09,Internship,No
JOB_04644,Content Writer,Wipro,IT Services,Yavatmal,5-8 years,165527,SEO; Content Writing; Editing; Copywriting,12th Pass,2026-06-08,Contract,Yes
JOB_04645,Business Analyst,IBM,Healthcare,Solapur,8+ years,362946,Power BI; Excel; Agile; SQL; JIRA,Post Graduate,2026-08-23,Contract,No
JOB_04646,Machine Operator,Cognizant,E-commerce,Solapur,5-8 years,166208,CNC Operation; Machine Maintenance; Safety Standards; Quality Control; Production Planning,Graduate,2026-08-22,Part-time,Hybrid
JOB_04647,Nurse,Mahindra & Mahindra,Manufacturing,Akola,5-8 years,216561,Medication Administration; Emergency Care; Patient Care,Diploma,2026-07-17,Internship,Hybrid
JOB_04648,Welder,Max Healthcare,Education,Kolhapur,8+ years,277340,TIG Welding; Arc Welding; Blueprint Reading; Safety Standards; MIG Welding,10th Pass,2026-07-01,Internship,No
JOB_04649,Technician,HCL,Pharmaceuticals,Aurangabad,5-8 years,206256,Troubleshooting; Equipment Maintenance; Safety; Mechanical Systems; Electrical Systems,Diploma,2026-08-23,Part-time,Yes
JOB_04650,Quality Analyst,Razorpay,Automotive,Latur,8+ years,486873,SQL; Testing; Bug Tracking; Agile; Selenium,10th Pass,2026-08-21,Part-time,Yes
JOB_04651,Nurse,HCL,Education,Nagpur,5-8 years,127404,Emergency Care; Patient Care; Medical Procedures; Vital Signs,12th Pass,2026-08-07,Contract,No
JOB_04652,Electrician,Fortis Healthcare,Pharmaceuticals,Pune,8+ years,299291,Equipment Maintenance; Troubleshooting; Safety Standards; Circuit Design; Electrical Wiring,Graduate,2026-06-20,Part-time,Hybrid
JOB_04653,Nurse,Wipro,Manufacturing,Parbhani,5-8 years,119884,Emergency Care; Vital Signs; Medical Procedures,10th Pass,2026-06-08,Contract,Yes
JOB_04654,Warehouse Supervisor,Unacademy,Construction,Solapur,2-5 years,114699,Team Leadership; Safety Standards; Logistics,Post Graduate,2026-08-10,Full-time,Yes
JOB_04655,Machine Learning Engineer,HDFC Bank,E-commerce,Sangli,Fresher,19036,Deep Learning; NLP; SQL; PyTorch; Scikit-learn; TensorFlow,Diploma,2026-09-03,Part-time,Yes
JOB_04656,Medical Lab Technician,Wipro,Media & Entertainment,Mumbai,0-2 years,37450,Safety; Quality Control; Sample Collection; Equipment Operation; Lab Testing,Diploma,2026-08-07,Internship,Hybrid
JOB_04657,Digital Marketing Executive,Crompton Greaves,Energy,Kolhapur,8+ years,348196,SEO; Email Marketing; Google Analytics; SEM,12th Pass,2026-07-16,Contract,No
JOB_04658,Cybersecurity Analyst,Siemens,Banking & Finance,Osmanabad,0-2 years,37444,Network Security; SIEM; Firewall; Compliance; Penetration Testing,Post Graduate,2026-08-24,Contract,Yes
JOB_04659,DevOps Engineer,Vedantu,Automotive,Raigad,Fresher,18740,CI/CD; AWS; Python; Linux,Diploma,2026-07-07,Full-time,Yes
JOB_04660,Sales Executive,Wipro,IT Services,Osmanabad,0-2 years,35226,Lead Generation; Communication; CRM; Negotiation,Post Graduate,2026-07-04,Contract,Yes
JOB_04661,Content Writer,ABB India,Education,Parbhani,8+ years,301675,SEO; WordPress; Research,Graduate,2026-09-04,Contract,Yes
JOB_04662,Training Coordinator,IBM,E-commerce,Beed,8+ years,239600,LMS; Curriculum Design; Training Delivery; Communication; Assessment,Post Graduate,2026-08-07,Internship,Yes
JOB_04663,Machine Learning Engineer,Wipro,Healthcare,Osmanabad,2-5 years,103760,Python; Scikit-learn; TensorFlow; PyTorch; NLP; Deep Learning,10th Pass,2026-08-18,Internship,Yes
JOB_04664,Logistics Coordinator,Capgemini,E-commerce,Akola,2-5 years,94027,Communication; Transportation Management; Coordination; Documentation; Tracking Systems,10th Pass,2026-07-24,Internship,No
JOB_04665,Welder,Fortis Healthcare,Media & Entertainment,Nashik,0-2 years,52862,MIG Welding; Safety Standards; TIG Welding,Diploma,2026-08-10,Internship,No
JOB_04666,Logistics Coordinator,Narayana Health,Media & Entertainment,Raigad,2-5 years,95692,Transportation Management; Documentation; Communication; Coordination; Tracking Systems,Post Graduate,2026-07-26,Full-time,Yes
JOB_04667,Data Analyst,ICICI Bank,Banking & Finance,Akola,8+ years,490228,SQL; Excel; Power BI; Statistics; Tableau; Pandas,Diploma,2026-06-09,Internship,Yes
JOB_04668,Business Analyst,Capgemini,Energy,Nagpur,2-5 years,51124,Requirements Gathering; Excel; JIRA; SQL,Post Graduate,2026-08-01,Part-time,Hybrid
JOB_04669,Machine Operator,Reliance Jio,Education,Beed,2-5 years,88011,Production Planning; Safety Standards; Machine Maintenance; Quality Control,Graduate,2026-07-21,Contract,No
JOB_04670,Machine Learning Engineer,ABB India,Automotive,Jalna,8+ years,360393,Scikit-learn; SQL; Python,10th Pass,2026-08-05,Internship,Hybrid
JOB_04671,Quality Analyst,Godrej Industries,Automotive,Satara,8+ years,276578,JIRA; Manual Testing; Testing; SQL; Bug Tracking,10th Pass,2026-07-17,Full-time,Hybrid
JOB_04672,Machine Operator,Crompton Greaves,IT Services,Satara,2-5 years,74553,Machine Maintenance; CNC Operation; Quality Control; Safety Standards,12th Pass,2026-09-04,Internship,No
JOB_04673,Business Analyst,PhonePe,Media & Entertainment,Bhiwandi,Fresher,20334,Power BI; Excel; SQL,Post Graduate,2026-06-22,Part-time,Yes
JOB_04674,Project Coordinator,Unacademy,IT Services,Chandrapur,5-8 years,192646,Communication; Coordination; MS Office; Documentation; Project Management,10th Pass,2026-08-06,Contract,Yes
JOB_04675,Retail Associate,Unacademy,Automotive,Osmanabad,0-2 years,41291,Customer Service; Sales; Communication; Cash Handling; Inventory Management,Diploma,2026-08-18,Contract,Hybrid
JOB_04676,Logistics Coordinator,Accenture,Retail,Jalgaon,Fresher,19493,Tracking Systems; Communication; Transportation Management,Post Graduate,2026-08-23,Full-time,Yes
JOB_04677,Warehouse Supervisor,Tata Motors,Education,Jalgaon,2-5 years,103429,WMS; Logistics; Inventory Management; Safety Standards; Team Leadership,Graduate,2026-06-07,Full-time,Hybrid
JOB_04678,Retail Associate,Accenture,Media & Entertainment,Dhule,Fresher,30795,Cash Handling; Customer Service; Communication,10th Pass,2026-07-04,Internship,Yes
JOB_04679,Software Developer,ABB India,Banking & Finance,Beed,8+ years,290144,REST API; Python; SQL; Java; Agile,Diploma,2026-08-28,Full-time,Yes
JOB_04680,Machine Operator,Crompton Greaves,IT Services,Yavatmal,0-2 years,29936,Quality Control; CNC Operation; Safety Standards; Production Planning,10th Pass,2026-07-10,Contract,No
JOB_04681,Project Coordinator,Crompton Greaves,Healthcare,Beed,0-2 years,35248,Project Management; Documentation; Coordination; Communication; Agile; MS Office,Graduate,2026-06-20,Contract,Yes
JOB_04682,Digital Marketing Executive,Byju's,Telecommunications,Jalna,0-2 years,51173,Social Media Marketing; Email Marketing; Content Marketing; SEM; Google Analytics; SEO,10th Pass,2026-06-18,Part-time,No
JOB_04683,Cybersecurity Analyst,Wipro,Automotive,Aurangabad,0-2 years,37490,Risk Assessment; Network Security; Firewall; SIEM; Penetration Testing,10th Pass,2026-08-25,Full-time,Hybrid
JOB_04684,Quality Analyst,Tech Mahindra,FMCG,Pune,5-8 years,142886,SQL; Testing; Bug Tracking; JIRA; Agile,Post Graduate,2026-07-06,Part-time,No
JOB_04685,Nurse,Axis Bank,Banking & Finance,Chandrapur,5-8 years,107553,Vital Signs; Medication Administration; Patient Care; Medical Procedures,10th Pass,2026-07-01,Part-time,Yes
JOB_04686,DevOps Engineer,HDFC Bank,Automotive,Beed,2-5 years,114307,Linux; Ansible; Python; Kubernetes; AWS; CI/CD,Post Graduate,2026-08-08,Part-time,No
JOB_04687,UI/UX Designer,Flipkart,Automotive,Nanded,2-5 years,68119,Wireframing; Figma; Adobe XD; User Research,Graduate,2026-07-27,Internship,Yes
JOB_04688,Quality Analyst,Godrej Industries,Retail,Yavatmal,5-8 years,139197,Manual Testing; SQL; Bug Tracking,Diploma,2026-07-09,Contract,Yes
JOB_04689,Training Coordinator,Max Healthcare,Automotive,Raigad,2-5 years,106293,LMS; Curriculum Design; Assessment; Training Delivery,Graduate,2026-06-22,Part-time,No
JOB_04690,Project Coordinator,Razorpay,Construction,Beed,0-2 years,37150,Communication; Documentation; Project Management,12th Pass,2026-07-26,Part-time,Yes
JOB_04691,Welder,Zerodha,Retail,Sangli,5-8 years,177940,TIG Welding; Blueprint Reading; Arc Welding,Diploma,2026-08-17,Full-time,No
JOB_04692,DevOps Engineer,Fortis Healthcare,E-commerce,Akola,5-8 years,177829,Docker; Linux; AWS; Jenkins; Kubernetes; Ansible,Graduate,2026-08-04,Full-time,No
JOB_04693,UI/UX Designer,Narayana Health,Media & Entertainment,Chandrapur,2-5 years,113001,Wireframing; Figma; Sketch; Adobe XD; HTML/CSS; User Research,Post Graduate,2026-06-29,Internship,No
JOB_04694,Supply Chain Analyst,Axis Bank,Logistics,Dhule,5-8 years,144269,Forecasting; Inventory Management; SAP; Data Analysis; Excel; Logistics,10th Pass,2026-07-05,Contract,Hybrid
JOB_04695,Digital Marketing Executive,Paytm,Construction,Bhiwandi,0-2 years,43323,SEO; SEM; Content Marketing; Social Media Marketing; Email Marketing; Google Analytics,10th Pass,2026-06-22,Internship,No
JOB_04696,Welder,Godrej Industries,Construction,Satara,8+ years,489106,Arc Welding; TIG Welding; Safety Standards; Blueprint Reading; MIG Welding,Post Graduate,2026-08-20,Internship,No
JOB_04697,Content Writer,TCS,Education,Raigad,Fresher,21148,Editing; Research; WordPress,Diploma,2026-08-17,Internship,Hybrid
JOB_04698,Project Coordinator,Tech Mahindra,IT Services,Jalna,2-5 years,101332,Communication; Documentation; MS Office; Project Management; Agile; Coordination,Post Graduate,2026-06-18,Internship,No
JOB_04699,Digital Marketing Executive,ABB India,Education,Mumbai,0-2 years,56686,Google Analytics; SEM; SEO,12th Pass,2026-07-02,Contract,No
JOB_04700,Logistics Coordinator,Capgemini,Retail,Mumbai,5-8 years,150621,Tracking Systems; Documentation; Transportation Management; Communication; Coordination,Post Graduate,2026-07-18,Internship,Yes
JOB_04701,Content Writer,Tech Mahindra,Healthcare,Kolhapur,2-5 years,92960,Editing; WordPress; Copywriting; SEO; Content Writing; Research,Post Graduate,2026-07-29,Contract,Hybrid
JOB_04702,Training Coordinator,Infosys,Education,Solapur,Fresher,34760,LMS; Assessment; Training Delivery; Curriculum Design,Post Graduate,2026-07-20,Contract,Yes
JOB_04703,Sales Executive,Tata Motors,Energy,Pune,Fresher,27492,CRM; Customer Relationship; Communication; Negotiation,Graduate,2026-07-14,Contract,Hybrid
JOB_04704,Quality Analyst,Siemens,Automotive,Nanded,Fresher,26038,Agile; Manual Testing; Selenium; Testing,10th Pass,2026-06-29,Part-time,Yes
JOB_04705,DevOps Engineer,HCL,E-commerce,Parbhani,2-5 years,101181,Docker; AWS; CI/CD,Graduate,2026-07-15,Part-time,Hybrid
JOB_04706,Welder,Accenture,Education,Jalna,0-2 years,56603,Blueprint Reading; Safety Standards; MIG Welding; TIG Welding; Arc Welding,Graduate,2026-06-26,Contract,No
JOB_04707,Technician,HDFC Bank,Retail,Osmanabad,8+ years,492406,Equipment Maintenance; Electrical Systems; Safety,Post Graduate,2026-08-07,Internship,No
JOB_04708,Logistics Coordinator,HDFC Bank,Education,Jalgaon,2-5 years,88594,Communication; Documentation; Transportation Management; Coordination,Post Graduate,2026-06-14,Internship,No
JOB_04709,Electrician,Narayana Health,Retail,Akola,2-5 years,60108,Electrical Wiring; Equipment Maintenance; Circuit Design; Safety Standards; Troubleshooting,Graduate,2026-07-14,Internship,No
JOB_04710,Technician,Unacademy,Telecommunications,Latur,Fresher,30433,Mechanical Systems; Safety; Equipment Maintenance; Electrical Systems,Post Graduate,2026-06-27,Internship,Yes
JOB_04711,Pharmacy Assistant,Zerodha,Healthcare,Raigad,2-5 years,69586,Pharmacy Software; Customer Service; Medication Dispensing,10th Pass,2026-07-08,Internship,Hybrid
JOB_04712,Retail Associate,HDFC Bank,IT Services,Parbhani,0-2 years,44974,Communication; Cash Handling; Inventory Management,Diploma,2026-07-16,Part-time,Yes
JOB_04713,Supply Chain Analyst,Narayana Health,Manufacturing,Latur,2-5 years,89757,SAP; Data Analysis; Inventory Management; Logistics; Forecasting,10th Pass,2026-08-07,Full-time,Hybrid
JOB_04714,Content Writer,Cognizant,Energy,Sangli,8+ years,303287,Copywriting; Research; WordPress; SEO; Editing,Graduate,2026-06-26,Contract,Hybrid
JOB_04715,Accountant,Zerodha,Construction,Nanded,5-8 years,121984,Taxation; Tally; GST; Accounting,Graduate,2026-08-11,Part-time,Hybrid
JOB_04716,Cybersecurity Analyst,Narayana Health,Healthcare,Parbhani,0-2 years,57725,Firewall; Risk Assessment; SIEM,10th Pass,2026-08-09,Internship,No
JOB_04717,Quality Analyst,Fortis Healthcare,Manufacturing,Yavatmal,5-8 years,193427,Manual Testing; SQL; Testing; Bug Tracking; JIRA; Selenium,Diploma,2026-08-06,Full-time,Hybrid
JOB_04718,Accountant,Unacademy,FMCG,Beed,Fresher,22148,Tally; QuickBooks; Accounting; GST; Excel,Diploma,2026-07-30,Full-time,No
JOB_04719,Data Analyst,Wipro,Automotive,Nashik,0-2 years,53396,Pandas; NumPy; SQL,12th Pass,2026-06-18,Internship,No
JOB_04720,UI/UX Designer,Bajaj Finserv,Healthcare,Jalna,5-8 years,229008,HTML/CSS; Adobe XD; Prototyping; Wireframing,Graduate,2026-08-10,Internship,Hybrid
JOB_04721,UI/UX Designer,Max Healthcare,Automotive,Amravati,2-5 years,55856,HTML/CSS; Adobe XD; Figma,12th Pass,2026-07-11,Internship,Yes
JOB_04722,Accountant,Apollo Hospitals,Retail,Nashik,5-8 years,103897,Financial Reporting; GST; Accounting,Post Graduate,2026-08-26,Part-time,Hybrid
JOB_04723,Logistics Coordinator,Mahindra & Mahindra,Construction,Raigad,8+ years,402701,Communication; Transportation Management; Documentation; Coordination,12th Pass,2026-09-01,Full-time,No
JOB_04724,Data Analyst,Narayana Health,Manufacturing,Ahmednagar,Fresher,23531,Statistics; SQL; Python; NumPy,Diploma,2026-07-25,Internship,Hybrid
JOB_04725,Machine Operator,ABB India,Automotive,Dhule,8+ years,227394,Machine Maintenance; Production Planning; CNC Operation,12th Pass,2026-09-02,Contract,Hybrid
JOB_04726,Technician,Unacademy,Education,Parbhani,8+ years,243501,Equipment Maintenance; Electrical Systems; Troubleshooting; Safety; Mechanical Systems,Graduate,2026-07-02,Part-time,No
JOB_04727,Project Coordinator,Fortis Healthcare,Pharmaceuticals,Mumbai,0-2 years,52378,Communication; Project Management; MS Office; Coordination; Agile; Documentation,12th Pass,2026-06-29,Full-time,Hybrid
JOB_04728,Nurse,Paytm,Automotive,Nashik,8+ years,453446,Medical Procedures; Patient Care; Vital Signs; Emergency Care,Post Graduate,2026-08-22,Part-time,Yes
JOB_04729,Machine Learning Engineer,ABB India,Telecommunications,Osmanabad,5-8 years,125179,Scikit-learn; PyTorch; SQL; Python,12th Pass,2026-07-14,Contract,Hybrid
JOB_04730,Medical Lab Technician,Byju's,FMCG,Kolhapur,Fresher,32798,Sample Collection; Safety; Lab Testing; Equipment Operation,Graduate,2026-07-18,Full-time,Yes
JOB_04731,Cloud Engineer,Apollo Hospitals,IT Services,Mumbai,0-2 years,37725,Docker; Kubernetes; Networking; GCP; Terraform; Linux,10th Pass,2026-07-29,Full-time,Hybrid
JOB_04732,Machine Learning Engineer,Amazon,Education,Mumbai,5-8 years,181699,PyTorch; Python; Scikit-learn; NLP; Deep Learning; TensorFlow,Graduate,2026-07-30,Internship,No
JOB_04733,Content Writer,Accenture,Energy,Dhule,5-8 years,197911,SEO; Content Writing; WordPress; Editing; Copywriting; Research,Graduate,2026-09-03,Internship,No
JOB_04734,Digital Marketing Executive,IBM,FMCG,Amravati,Fresher,33226,Social Media Marketing; Google Analytics; SEO,Post Graduate,2026-07-08,Internship,Hybrid
JOB_04735,Supply Chain Analyst,ABB India,Construction,Osmanabad,Fresher,32175,Forecasting; Excel; SAP,Post Graduate,2026-06-28,Full-time,Hybrid
JOB_04736,Software Developer,PhonePe,Banking & Finance,Akola,2-5 years,81860,Microservices; REST API; Java; Git; Python; JavaScript,Diploma,2026-09-03,Part-time,Yes
JOB_04737,Digital Marketing Executive,HCL,FMCG,Latur,8+ years,488285,SEM; Social Media Marketing; Email Marketing; SEO; Google Analytics,12th Pass,2026-07-10,Contract,No
JOB_04738,Supply Chain Analyst,Tata Motors,Banking & Finance,Solapur,0-2 years,26550,Data Analysis; Inventory Management; Logistics; Forecasting,Post Graduate,2026-06-07,Contract,Yes
JOB_04739,Data Analyst,Larsen & Toubro,FMCG,Yavatmal,Fresher,20837,Excel; SQL; NumPy; Tableau,Diploma,2026-06-08,Contract,No
JOB_04740,Software Developer,Accenture,Energy,Ahmednagar,5-8 years,228631,JavaScript; Agile; Java; REST API; Python,Diploma,2026-07-17,Internship,Yes
JOB_04741,Electrician,Flipkart,Manufacturing,Raigad,0-2 years,36568,Equipment Maintenance; Electrical Wiring; Circuit Design; Troubleshooting,Graduate,2026-08-26,Internship,Yes
JOB_04742,Machine Learning Engineer,HCL,FMCG,Dhule,2-5 years,55014,Python; SQL; TensorFlow; NLP; PyTorch,12th Pass,2026-06-26,Full-time,No
JOB_04743,Project Coordinator,Razorpay,Logistics,Mumbai,8+ years,471722,Communication; Documentation; Agile,12th Pass,2026-07-27,Part-time,Yes
JOB_04744,Machine Learning Engineer,Larsen & Toubro,Logistics,Pune,0-2 years,48843,Deep Learning; TensorFlow; Scikit-learn,Diploma,2026-06-24,Part-time,No
JOB_04745,Supply Chain Analyst,Reliance Jio,FMCG,Parbhani,Fresher,29105,Forecasting; Data Analysis; SAP; Logistics; Excel; Inventory Management,10th Pass,2026-06-23,Full-time,Yes
JOB_04746,Warehouse Supervisor,Accenture,Construction,Aurangabad,5-8 years,213016,Safety Standards; Inventory Management; WMS,12th Pass,2026-08-26,Internship,Yes
JOB_04747,Content Writer,Paytm,IT Services,Solapur,5-8 years,143418,SEO; Copywriting; Content Writing; Research,Post Graduate,2026-07-13,Full-time,Yes
JOB_04748,Electrician,ICICI Bank,Energy,Mumbai,0-2 years,39835,Electrical Wiring; Equipment Maintenance; Circuit Design,Graduate,2026-06-15,Part-time,Hybrid
JOB_04749,Nurse,ABB India,FMCG,Nagpur,2-5 years,117651,Patient Care; Emergency Care; Medication Administration,Post Graduate,2026-06-20,Part-time,Yes
JOB_04750,Supply Chain Analyst,Axis Bank,Automotive,Nagpur,0-2 years,29774,SAP; Data Analysis; Inventory Management; Excel; Forecasting; Logistics,Graduate,2026-08-09,Contract,Yes
JOB_04751,Pharmacy Assistant,Zerodha,Construction,Jalna,0-2 years,56728,Medication Dispensing; Inventory Management; Pharmacy Software; Customer Service,12th Pass,2026-06-10,Internship,No
JOB_04752,UI/UX Designer,Wipro,Automotive,Chandrapur,5-8 years,149342,User Research; Sketch; Adobe XD; Wireframing; Figma; Prototyping,Diploma,2026-06-29,Contract,Yes
JOB_04753,Cybersecurity Analyst,Vedantu,Construction,Osmanabad,Fresher,34084,SIEM; Risk Assessment; Compliance; Firewall; Network Security,Diploma,2026-07-21,Contract,Yes
JOB_04754,Technician,Mahindra & Mahindra,Education,Amravati,0-2 years,58178,Troubleshooting; Electrical Systems; Mechanical Systems,Diploma,2026-07-20,Full-time,Yes
JOB_04755,Quality Analyst,Amazon,Construction,Satara,8+ years,474347,SQL; Testing; Agile,12th Pass,2026-06-11,Contract,Hybrid
JOB_04756,Sales Executive,ABB India,Automotive,Nagpur,0-2 years,54397,Customer Relationship; Lead Generation; Negotiation; Communication; CRM,Post Graduate,2026-06-09,Contract,No
JOB_04757,Supply Chain Analyst,ABB India,Healthcare,Parbhani,5-8 years,240747,Forecasting; Inventory Management; Data Analysis,Diploma,2026-08-07,Part-time,Yes
JOB_04758,Machine Learning Engineer,Accenture,FMCG,Jalna,5-8 years,211967,Python; Deep Learning; NLP,Graduate,2026-08-16,Internship,No
JOB_04759,Logistics Coordinator,HDFC Bank,Banking & Finance,Ahmednagar,2-5 years,59604,Coordination; Transportation Management; Communication; Documentation,Diploma,2026-07-17,Full-time,Hybrid
JOB_04760,Welder,HCL,Construction,Parbhani,Fresher,24456,TIG Welding; Blueprint Reading; Arc Welding; MIG Welding,Post Graduate,2026-06-23,Part-time,Hybrid
JOB_04761,Software Developer,Byju's,Banking & Finance,Osmanabad,5-8 years,171217,Java; SQL; Agile,Diploma,2026-06-30,Part-time,No
JOB_04762,UI/UX Designer,Vedantu,Banking & Finance,Ahmednagar,2-5 years,76053,Figma; Prototyping; Sketch; Wireframing,10th Pass,2026-06-08,Full-time,Hybrid
JOB_04763,Supply Chain Analyst,ABB India,Telecommunications,Amravati,2-5 years,97358,SAP; Logistics; Forecasting; Inventory Management,Post Graduate,2026-08-21,Part-time,Yes
JOB_04764,Digital Marketing Executive,Apollo Hospitals,Media & Entertainment,Raigad,5-8 years,208867,SEM; Email Marketing; Content Marketing; SEO; Social Media Marketing,Post Graduate,2026-06-24,Contract,No
JOB_04765,Cloud Engineer,Paytm,Telecommunications,Satara,5-8 years,141385,Terraform; Networking; Docker; Linux,Diploma,2026-08-29,Part-time,Hybrid
JOB_04766,Supply Chain Analyst,PhonePe,Telecommunications,Jalna,Fresher,28941,SAP; Inventory Management; Excel; Logistics; Forecasting,12th Pass,2026-07-26,Contract,No
JOB_04767,Customer Support Specialist,Flipkart,Telecommunications,Satara,0-2 years,53350,Communication; Problem Solving; Zendesk; CRM,12th Pass,2026-06-20,Contract,Hybrid
JOB_04768,Customer Support Specialist,TCS,Retail,Jalgaon,2-5 years,78412,Customer Service; CRM; Communication; Problem Solving,10th Pass,2026-08-15,Part-time,No
JOB_04769,Fitter,Infosys,Banking & Finance,Mumbai,0-2 years,32431,Maintenance; Assembly; Mechanical Fitting,Post Graduate,2026-06-13,Part-time,Hybrid
JOB_04770,Software Developer,Infosys,FMCG,Pune,0-2 years,35772,REST API; Agile; Microservices; JavaScript; SQL,Post Graduate,2026-06-11,Internship,Hybrid
JOB_04771,Cloud Engineer,HCL,Banking & Finance,Raigad,5-8 years,170962,Azure; Kubernetes; AWS; Terraform; Docker; GCP,12th Pass,2026-08-28,Contract,Hybrid
JOB_04772,Data Analyst,Tech Mahindra,Telecommunications,Raigad,2-5 years,81629,Python; Excel; Statistics; Power BI; Tableau,Graduate,2026-07-21,Part-time,Yes
JOB_04773,Quality Analyst,Vedantu,Energy,Jalgaon,8+ years,475974,Testing; SQL; Selenium; Bug Tracking; JIRA,Diploma,2026-07-26,Internship,Yes
JOB_04774,Medical Lab Technician,Max Healthcare,Energy,Ahmednagar,0-2 years,31078,Lab Testing; Sample Collection; Safety; Quality Control; Equipment Operation,10th Pass,2026-07-03,Part-time,Yes
JOB_04775,Cloud Engineer,Tech Mahindra,Healthcare,Solapur,8+ years,281280,Linux; AWS; Networking,Graduate,2026-07-08,Full-time,No
JOB_04776,Teacher,Mahindra & Mahindra,Logistics,Nagpur,8+ years,397649,Curriculum Development; Assessment; Communication; Lesson Planning; Classroom Management,Post Graduate,2026-08-18,Part-time,Yes
JOB_04777,Fitter,Unacademy,Retail,Chandrapur,2-5 years,84223,Maintenance; Precision Tools; Assembly; Blueprint Reading; Mechanical Fitting,12th Pass,2026-06-14,Contract,No
JOB_04778,Quality Analyst,Siemens,Education,Satara,0-2 years,25646,JIRA; Selenium; SQL; Agile; Testing; Manual Testing,Post Graduate,2026-08-30,Full-time,No
JOB_04779,HR Coordinator,Narayana Health,FMCG,Dhule,Fresher,23108,HRMS; Communication; Compliance; Employee Relations,Graduate,2026-06-14,Full-time,Yes
JOB_04780,Machine Operator,Accenture,Automotive,Beed,8+ years,271333,CNC Operation; Production Planning; Safety Standards; Quality Control,Diploma,2026-06-21,Part-time,Yes
JOB_04781,Supply Chain Analyst,Paytm,Pharmaceuticals,Nashik,8+ years,418944,Excel; Logistics; Inventory Management; SAP; Data Analysis,Post Graduate,2026-06-13,Internship,Yes
JOB_04782,Supply Chain Analyst,Mahindra & Mahindra,FMCG,Beed,Fresher,27038,Forecasting; Inventory Management; SAP; Data Analysis,Diploma,2026-08-25,Part-time,No
JOB_04783,Project Coordinator,Larsen & Toubro,Pharmaceuticals,Akola,0-2 years,55028,MS Office; Communication; Coordination; Project Management; Agile,12th Pass,2026-07-15,Full-time,Yes
JOB_04784,Welder,TCS,Automotive,Jalgaon,5-8 years,159358,MIG Welding; Safety Standards; Arc Welding,10th Pass,2026-07-19,Full-time,No
JOB_04785,Cloud Engineer,Apollo Hospitals,Automotive,Nashik,2-5 years,93929,AWS; Terraform; GCP; Kubernetes; Docker,Graduate,2026-07-11,Contract,No
JOB_04786,Fitter,Tata Motors,Automotive,Sangli,2-5 years,98308,Assembly; Maintenance; Blueprint Reading; Precision Tools,Graduate,2026-07-12,Part-time,Yes
JOB_04787,Full Stack Developer,Accenture,FMCG,Pune,Fresher,15830,Node.js; React; SQL; JavaScript; REST API,Graduate,2026-06-16,Contract,Yes
JOB_04788,Supply Chain Analyst,Tata Motors,E-commerce,Solapur,5-8 years,220327,Excel; SAP; Forecasting,Post Graduate,2026-08-18,Full-time,Hybrid
JOB_04789,Full Stack Developer,Reliance Jio,E-commerce,Sangli,0-2 years,48557,Node.js; REST API; JavaScript,12th Pass,2026-07-07,Internship,Yes
JOB_04790,Full Stack Developer,Bajaj Finserv,Logistics,Yavatmal,Fresher,22402,MongoDB; JavaScript; HTML/CSS; REST API,12th Pass,2026-07-26,Full-time,Hybrid
JOB_04791,Business Analyst,Tech Mahindra,Telecommunications,Raigad,5-8 years,154752,Process Mapping; Power BI; Requirements Gathering; JIRA; Agile; Excel,Diploma,2026-06-09,Part-time,No
JOB_04792,Electrician,Siemens,Manufacturing,Kolhapur,2-5 years,63811,Equipment Maintenance; Safety Standards; Electrical Wiring; Circuit Design; Troubleshooting,Post Graduate,2026-07-29,Internship,Yes
JOB_04793,Full Stack Developer,Paytm,E-commerce,Bhiwandi,0-2 years,51501,MongoDB; JavaScript; SQL; HTML/CSS; Node.js,12th Pass,2026-08-31,Contract,Hybrid
JOB_04794,Cloud Engineer,Amazon,Manufacturing,Jalgaon,2-5 years,82535,Networking; Kubernetes; Azure,Diploma,2026-07-03,Internship,Hybrid
JOB_04795,Technician,Siemens,Manufacturing,Nashik,Fresher,21621,Safety; Equipment Maintenance; Troubleshooting,Diploma,2026-06-23,Contract,No
JOB_04796,Machine Learning Engineer,Siemens,Media & Entertainment,Mumbai,2-5 years,113261,SQL; Scikit-learn; PyTorch; TensorFlow,Diploma,2026-08-30,Internship,No
JOB_04797,Warehouse Supervisor,Larsen & Toubro,Energy,Pune,8+ years,386352,WMS; Team Leadership; Safety Standards; Inventory Management,10th Pass,2026-08-23,Part-time,No
JOB_04798,Full Stack Developer,Vedantu,Manufacturing,Solapur,Fresher,24041,SQL; HTML/CSS; MongoDB; JavaScript; REST API,10th Pass,2026-08-13,Contract,Yes
JOB_04799,Cybersecurity Analyst,Bajaj Finserv,Retail,Ahmednagar,0-2 years,33075,SIEM; Network Security; Penetration Testing; Risk Assessment,Diploma,2026-09-01,Contract,No
JOB_04800,Logistics Coordinator,Wipro,Construction,Jalna,8+ years,298339,Communication; Tracking Systems; Transportation Management; Documentation; Coordination,10th Pass,2026-07-27,Part-time,Yes
JOB_04801,Welder,Byju's,Media & Entertainment,Ahmednagar,5-8 years,198553,TIG Welding; Arc Welding; MIG Welding,Diploma,2026-08-29,Contract,No
JOB_04802,HR Coordinator,Wipro,Education,Raigad,0-2 years,39551,Communication; Compliance; HRMS; Employee Relations; Recruitment,Graduate,2026-08-11,Part-time,Yes
JOB_04803,Retail Associate,Tech Mahindra,Pharmaceuticals,Yavatmal,0-2 years,27666,Communication; Customer Service; Cash Handling,10th Pass,2026-08-08,Internship,No
JOB_04804,Business Analyst,Wipro,Logistics,Mumbai,8+ years,489397,JIRA; Requirements Gathering; Agile; SQL; Power BI; Excel,Graduate,2026-07-09,Internship,No
JOB_04805,Project Coordinator,PhonePe,Education,Jalna,5-8 years,108514,Communication; Project Management; MS Office; Agile,10th Pass,2026-06-20,Part-time,Yes
JOB_04806,Teacher,Reliance Jio,Logistics,Nagpur,8+ years,341265,Communication; Lesson Planning; Assessment,Diploma,2026-08-29,Contract,Yes
JOB_04807,Welder,Fortis Healthcare,Automotive,Sangli,0-2 years,41262,Blueprint Reading; TIG Welding; MIG Welding; Arc Welding; Safety Standards,Diploma,2026-06-21,Part-time,No
JOB_04808,UI/UX Designer,Razorpay,IT Services,Raigad,2-5 years,98328,HTML/CSS; Sketch; Adobe XD,Diploma,2026-06-30,Internship,Yes
JOB_04809,Pharmacy Assistant,ICICI Bank,E-commerce,Pune,Fresher,18658,Medication Dispensing; Pharmacy Software; Inventory Management,Post Graduate,2026-06-19,Internship,Hybrid
JOB_04810,Electrician,Capgemini,Logistics,Pune,5-8 years,195472,Equipment Maintenance; Safety Standards; Circuit Design,Diploma,2026-07-20,Full-time,No
JOB_04811,Cloud Engineer,Vedantu,Energy,Nagpur,8+ years,355110,Azure; GCP; Terraform; Docker; Kubernetes; AWS,Post Graduate,2026-07-27,Internship,No
JOB_04812,Supply Chain Analyst,Accenture,Banking & Finance,Sangli,Fresher,20854,Data Analysis; Excel; Forecasting,12th Pass,2026-06-14,Contract,Hybrid
JOB_04813,Cloud Engineer,Zerodha,Education,Akola,0-2 years,57221,Networking; GCP; Azure; Terraform; Linux,Post Graduate,2026-07-23,Full-time,No
JOB_04814,Supply Chain Analyst,TCS,Manufacturing,Nagpur,8+ years,380388,Inventory Management; SAP; Logistics; Data Analysis,Post Graduate,2026-07-17,Part-time,No
JOB_04815,Business Analyst,Crompton Greaves,Telecommunications,Amravati,2-5 years,54060,Requirements Gathering; SQL; Agile,Post Graduate,2026-09-01,Contract,Yes
JOB_04816,Software Developer,Unacademy,Logistics,Aurangabad,Fresher,34077,Python; SQL; REST API; Java; JavaScript; Agile,12th Pass,2026-07-19,Internship,No
JOB_04817,Full Stack Developer,IBM,Pharmaceuticals,Nashik,Fresher,30935,SQL; React; JavaScript; MongoDB; Git,Post Graduate,2026-08-03,Full-time,Hybrid
JOB_04818,Welder,Godrej Industries,Energy,Pune,2-5 years,112898,Blueprint Reading; Arc Welding; Safety Standards; MIG Welding,12th Pass,2026-08-21,Full-time,Hybrid
JOB_04819,Accountant,PhonePe,Construction,Jalgaon,8+ years,323480,Financial Reporting; Excel; Accounting,10th Pass,2026-06-08,Part-time,No
JOB_04820,Teacher,Accenture,Education,Jalgaon,8+ years,325436,Communication; Lesson Planning; Curriculum Development; Classroom Management,Post Graduate,2026-08-08,Full-time,Hybrid
JOB_04821,Training Coordinator,Wipro,Healthcare,Parbhani,8+ years,460160,Curriculum Design; Communication; Training Delivery; LMS; Assessment,Diploma,2026-08-28,Internship,Hybrid
JOB_04822,Technician,Crompton Greaves,Media & Entertainment,Sangli,0-2 years,50096,Mechanical Systems; Troubleshooting; Electrical Systems; Safety,12th Pass,2026-08-02,Contract,Hybrid
JOB_04823,Accountant,Capgemini,Healthcare,Nanded,2-5 years,98802,Tally; QuickBooks; Financial Reporting,Post Graduate,2026-08-19,Full-time,Hybrid
JOB_04824,Quality Analyst,Larsen & Toubro,Telecommunications,Latur,Fresher,33379,Selenium; JIRA; SQL,12th Pass,2026-06-29,Internship,Yes
JOB_04825,Quality Analyst,Axis Bank,E-commerce,Solapur,8+ years,372321,Manual Testing; Testing; Agile; Selenium,Post Graduate,2026-08-14,Contract,Hybrid
JOB_04826,Machine Learning Engineer,Godrej Industries,Manufacturing,Yavatmal,8+ years,229320,Python; TensorFlow; NLP; Scikit-learn; Deep Learning; SQL,Post Graduate,2026-08-24,Part-time,No
JOB_04827,Supply Chain Analyst,HDFC Bank,IT Services,Parbhani,Fresher,20914,Logistics; Excel; Forecasting,12th Pass,2026-08-07,Contract,No
JOB_04828,Project Coordinator,ABB India,Construction,Osmanabad,2-5 years,50663,Documentation; Project Management; MS Office; Coordination; Agile,12th Pass,2026-08-27,Contract,Hybrid
JOB_04829,Machine Learning Engineer,Narayana Health,Manufacturing,Chandrapur,8+ years,385155,SQL; Python; PyTorch; Deep Learning; TensorFlow; NLP,Graduate,2026-07-24,Internship,Yes
JOB_04830,Nurse,Mahindra & Mahindra,E-commerce,Dhule,8+ years,259626,Medical Procedures; Vital Signs; Patient Care,Graduate,2026-07-05,Contract,No
JOB_04831,Training Coordinator,IBM,Automotive,Solapur,0-2 years,45799,Communication; LMS; Training Delivery; Assessment; Curriculum Design,12th Pass,2026-08-25,Contract,No
JOB_04832,Teacher,TCS,FMCG,Bhiwandi,Fresher,22364,Communication; Lesson Planning; Assessment; Classroom Management,Graduate,2026-06-30,Contract,Yes
JOB_04833,Software Developer,Narayana Health,Pharmaceuticals,Satara,5-8 years,221383,Python; REST API; Agile,10th Pass,2026-06-21,Internship,No
JOB_04834,Warehouse Supervisor,Accenture,Healthcare,Osmanabad,8+ years,474409,Inventory Management; Safety Standards; WMS,10th Pass,2026-07-08,Full-time,No
JOB_04835,HR Coordinator,Capgemini,Retail,Osmanabad,2-5 years,118938,Recruitment; Employee Relations; Communication; HRMS; Payroll; Compliance,12th Pass,2026-07-11,Internship,Hybrid
JOB_04836,Electrician,Byju's,Telecommunications,Nashik,2-5 years,98191,Electrical Wiring; Circuit Design; Safety Standards,10th Pass,2026-08-17,Contract,No
JOB_04837,Welder,Tech Mahindra,Energy,Pune,2-5 years,52375,TIG Welding; Arc Welding; Blueprint Reading; MIG Welding,10th Pass,2026-07-15,Contract,Yes
JOB_04838,Cloud Engineer,Accenture,Banking & Finance,Bhiwandi,8+ years,468080,Terraform; Networking; Kubernetes; Docker; Azure; Linux,10th Pass,2026-08-28,Contract,Yes
JOB_04839,Retail Associate,Narayana Health,Energy,Satara,2-5 years,99891,Cash Handling; Inventory Management; Sales; Customer Service,Diploma,2026-06-23,Contract,Yes
JOB_04840,DevOps Engineer,HDFC Bank,FMCG,Nashik,0-2 years,50075,Kubernetes; Python; AWS; CI/CD; Docker,10th Pass,2026-06-21,Contract,No
JOB_04841,Cloud Engineer,Larsen & Toubro,Logistics,Beed,0-2 years,44154,AWS; Terraform; Docker,Graduate,2026-07-22,Part-time,Yes
JOB_04842,Warehouse Supervisor,HCL,E-commerce,Beed,2-5 years,74785,WMS; Safety Standards; Logistics,Post Graduate,2026-08-30,Full-time,No
JOB_04843,Warehouse Supervisor,HCL,Education,Dhule,5-8 years,148226,WMS; Safety Standards; Logistics,Post Graduate,2026-07-12,Part-time,Yes
JOB_04844,Customer Support Specialist,Larsen & Toubro,Healthcare,Osmanabad,8+ years,496435,Zendesk; Problem Solving; Communication; CRM,Diploma,2026-06-26,Part-time,Yes
JOB_04845,Retail Associate,Unacademy,FMCG,Aurangabad,5-8 years,221373,Customer Service; Cash Handling; Sales,Diploma,2026-07-19,Full-time,No
JOB_04846,Project Coordinator,ICICI Bank,IT Services,Parbhani,8+ years,333915,MS Office; Documentation; Communication; Agile,Graduate,2026-07-19,Part-time,Yes
JOB_04847,Retail Associate,IBM,Automotive,Bhiwandi,5-8 years,172945,Communication; Customer Service; Sales; Cash Handling,12th Pass,2026-06-22,Internship,Yes
JOB_04848,Fitter,Unacademy,Pharmaceuticals,Aurangabad,2-5 years,118554,Mechanical Fitting; Maintenance; Blueprint Reading; Assembly; Precision Tools,Graduate,2026-09-01,Contract,No
JOB_04849,DevOps Engineer,Razorpay,Media & Entertainment,Solapur,Fresher,30997,AWS; CI/CD; Ansible; Linux,10th Pass,2026-09-04,Internship,No
JOB_04850,Data Analyst,Flipkart,Media & Entertainment,Akola,Fresher,16455,Excel; NumPy; Pandas; SQL; Python,10th Pass,2026-08-19,Part-time,Yes
JOB_04851,Cloud Engineer,Narayana Health,Logistics,Amravati,Fresher,23634,AWS; Terraform; Kubernetes; Azure; GCP,12th Pass,2026-08-17,Full-time,Hybrid
JOB_04852,Quality Analyst,PhonePe,Energy,Nashik,0-2 years,43255,Bug Tracking; Testing; Selenium,Graduate,2026-08-11,Internship,Yes
JOB_04853,Full Stack Developer,ICICI Bank,Media & Entertainment,Bhiwandi,8+ years,381019,HTML/CSS; REST API; Node.js,10th Pass,2026-09-01,Part-time,No
JOB_04854,Machine Operator,Narayana Health,Telecommunications,Yavatmal,2-5 years,86718,Production Planning; CNC Operation; Quality Control; Machine Maintenance,10th Pass,2026-07-02,Contract,No
JOB_04855,Machine Operator,Amazon,E-commerce,Sangli,5-8 years,143275,Machine Maintenance; Safety Standards; Production Planning,Graduate,2026-07-24,Contract,No
JOB_04856,Machine Learning Engineer,Paytm,Education,Nagpur,5-8 years,114009,Scikit-learn; PyTorch; SQL; Deep Learning,12th Pass,2026-07-14,Full-time,Yes
JOB_04857,Machine Learning Engineer,Accenture,Banking & Finance,Mumbai,2-5 years,65033,Deep Learning; Python; NLP; TensorFlow; PyTorch; Scikit-learn,Graduate,2026-06-26,Full-time,Hybrid
JOB_04858,Accountant,Narayana Health,E-commerce,Chandrapur,Fresher,20340,Tally; Taxation; Accounting,Post Graduate,2026-07-14,Full-time,No
JOB_04859,Electrician,Reliance Jio,Pharmaceuticals,Parbhani,2-5 years,75548,Circuit Design; Electrical Wiring; Equipment Maintenance,Diploma,2026-08-27,Full-time,Yes
JOB_04860,Training Coordinator,Tata Motors,Education,Aurangabad,8+ years,355765,Curriculum Design; Communication; Assessment,Diploma,2026-09-04,Internship,Hybrid
JOB_04861,Retail Associate,Amazon,Automotive,Jalgaon,5-8 years,220047,Customer Service; Cash Handling; Communication; Sales,12th Pass,2026-08-18,Part-time,Yes
JOB_04862,Quality Analyst,Paytm,IT Services,Nanded,8+ years,310506,Testing; Manual Testing; Agile; SQL; JIRA; Bug Tracking,Diploma,2026-07-10,Contract,Hybrid
JOB_04863,Customer Support Specialist,Tech Mahindra,Construction,Nagpur,5-8 years,119406,Zendesk; Problem Solving; Customer Service; Communication,Post Graduate,2026-08-03,Full-time,Yes
JOB_04864,Machine Learning Engineer,Tech Mahindra,Energy,Chandrapur,Fresher,34579,Scikit-learn; Deep Learning; NLP; PyTorch,10th Pass,2026-08-19,Full-time,No
JOB_04865,Data Analyst,Axis Bank,Energy,Jalna,0-2 years,34370,Excel; Power BI; Python; SQL; NumPy,12th Pass,2026-07-28,Full-time,No
JOB_04866,Technician,IBM,E-commerce,Yavatmal,2-5 years,105202,Electrical Systems; Mechanical Systems; Equipment Maintenance,Graduate,2026-07-29,Full-time,No
JOB_04867,Pharmacy Assistant,Apollo Hospitals,Energy,Osmanabad,8+ years,316440,Inventory Management; Medication Dispensing; Customer Service,Diploma,2026-06-15,Contract,No
JOB_04868,Full Stack Developer,ICICI Bank,Automotive,Dhule,5-8 years,111707,React; Git; SQL; JavaScript; HTML/CSS; MongoDB,Post Graduate,2026-07-17,Part-time,No
JOB_04869,Training Coordinator,Zerodha,Automotive,Latur,5-8 years,220738,LMS; Assessment; Curriculum Design; Communication,12th Pass,2026-07-21,Contract,No
JOB_04870,Technician,Fortis Healthcare,Retail,Parbhani,5-8 years,233800,Electrical Systems; Equipment Maintenance; Mechanical Systems; Troubleshooting,12th Pass,2026-08-22,Contract,Yes
JOB_04871,Business Analyst,Amazon,E-commerce,Jalgaon,0-2 years,48143,Process Mapping; Agile; Power BI,Post Graduate,2026-08-10,Contract,Hybrid
JOB_04872,Full Stack Developer,Crompton Greaves,Retail,Nashik,0-2 years,58665,JavaScript; REST API; Node.js,Diploma,2026-08-11,Full-time,Yes
JOB_04873,Sales Executive,HDFC Bank,Retail,Nashik,8+ years,369178,CRM; Communication; Negotiation; Customer Relationship,Graduate,2026-06-20,Part-time,No
JOB_04874,Accountant,Vedantu,Automotive,Amravati,2-5 years,78394,Tally; GST; Accounting,Graduate,2026-08-03,Full-time,Hybrid
JOB_04875,Data Analyst,Wipro,Media & Entertainment,Latur,5-8 years,197624,Python; Statistics; SQL; Excel; Tableau,Post Graduate,2026-08-21,Internship,No
JOB_04876,Data Analyst,Crompton Greaves,E-commerce,Raigad,0-2 years,46797,Python; Statistics; Pandas; Tableau,Diploma,2026-06-22,Full-time,Yes
JOB_04877,Nurse,Cognizant,Manufacturing,Aurangabad,Fresher,33694,Emergency Care; Medication Administration; Vital Signs; Medical Procedures,Diploma,2026-08-13,Full-time,Hybrid
JOB_04878,Retail Associate,Byju's,Retail,Nashik,5-8 years,130954,Inventory Management; Sales; Cash Handling; Customer Service,Graduate,2026-06-27,Full-time,Hybrid
JOB_04879,Supply Chain Analyst,IBM,Telecommunications,Amravati,Fresher,26637,Forecasting; SAP; Data Analysis,10th Pass,2026-08-10,Part-time,No
JOB_04880,Digital Marketing Executive,Capgemini,Logistics,Sangli,2-5 years,90835,SEO; Social Media Marketing; Google Analytics; Email Marketing,Graduate,2026-06-27,Full-time,Yes
JOB_04881,Pharmacy Assistant,Paytm,E-commerce,Ahmednagar,2-5 years,112680,Medication Dispensing; Pharmacy Software; Customer Service; Inventory Management,Post Graduate,2026-09-03,Full-time,No
JOB_04882,Business Analyst,Larsen & Toubro,IT Services,Sangli,8+ years,441889,Power BI; JIRA; Requirements Gathering; Process Mapping,Graduate,2026-08-07,Part-time,Hybrid
JOB_04883,Cloud Engineer,HDFC Bank,FMCG,Nashik,0-2 years,41721,GCP; Terraform; Azure,12th Pass,2026-06-11,Internship,Hybrid
JOB_04884,Content Writer,Capgemini,Healthcare,Satara,0-2 years,25948,SEO; Content Writing; Copywriting; Editing; WordPress; Research,Graduate,2026-07-17,Full-time,No
JOB_04885,Accountant,IBM,IT Services,Osmanabad,Fresher,29802,Financial Reporting; Taxation; GST; QuickBooks; Excel,Post Graduate,2026-07-19,Part-time,No
JOB_04886,Training Coordinator,Zerodha,Education,Mumbai,Fresher,22719,Training Delivery; Curriculum Design; Communication; LMS; Assessment,Post Graduate,2026-08-08,Internship,Hybrid
JOB_04887,Machine Learning Engineer,Larsen & Toubro,Banking & Finance,Chandrapur,Fresher,26463,Deep Learning; Python; Scikit-learn,Diploma,2026-07-17,Part-time,No
JOB_04888,Project Coordinator,PhonePe,Pharmaceuticals,Sangli,2-5 years,68467,Coordination; MS Office; Agile; Project Management,Diploma,2026-08-10,Internship,Hybrid
JOB_04889,Software Developer,Zerodha,FMCG,Mumbai,2-5 years,58105,Python; Agile; REST API; Git,Post Graduate,2026-07-05,Contract,Hybrid
JOB_04890,Technician,Fortis Healthcare,FMCG,Akola,8+ years,431724,Mechanical Systems; Safety; Troubleshooting,Graduate,2026-08-11,Part-time,Hybrid
JOB_04891,Warehouse Supervisor,Reliance Jio,Pharmaceuticals,Raigad,5-8 years,180672,Safety Standards; Team Leadership; Inventory Management; WMS; Logistics,Graduate,2026-07-04,Full-time,Hybrid
JOB_04892,Digital Marketing Executive,Godrej Industries,Healthcare,Nagpur,0-2 years,35563,Content Marketing; SEM; Email Marketing; Google Analytics; Social Media Marketing,Post Graduate,2026-07-10,Part-time,Hybrid
JOB_04893,Teacher,Larsen & Toubro,Media & Entertainment,Nashik,8+ years,228185,Communication; Assessment; Lesson Planning; Classroom Management,10th Pass,2026-08-13,Internship,No
JOB_04894,Full Stack Developer,Infosys,Retail,Chandrapur,5-8 years,236975,React; REST API; Git; Node.js; MongoDB,10th Pass,2026-08-15,Part-time,No
JOB_04895,Pharmacy Assistant,Axis Bank,Media & Entertainment,Aurangabad,2-5 years,82477,Medication Dispensing; Customer Service; Inventory Management; Pharmacy Software,Post Graduate,2026-06-21,Internship,Yes
JOB_04896,Content Writer,HDFC Bank,Telecommunications,Ahmednagar,0-2 years,33999,SEO; Editing; Content Writing; Copywriting,Diploma,2026-06-22,Internship,Hybrid
JOB_04897,Warehouse Supervisor,Zerodha,Education,Yavatmal,8+ years,300717,Logistics; WMS; Team Leadership; Inventory Management,Graduate,2026-06-12,Internship,Hybrid
JOB_04898,Teacher,Reliance Jio,Logistics,Latur,5-8 years,208067,Curriculum Development; Communication; Assessment; Lesson Planning; Classroom Management,Diploma,2026-07-29,Contract,Hybrid
JOB_04899,Medical Lab Technician,Paytm,Banking & Finance,Chandrapur,0-2 years,32251,Equipment Operation; Lab Testing; Safety; Quality Control; Sample Collection,12th Pass,2026-08-06,Contract,No
JOB_04900,Technician,Flipkart,Automotive,Parbhani,5-8 years,111369,Equipment Maintenance; Electrical Systems; Troubleshooting,Diploma,2026-08-21,Internship,Hybrid
JOB_04901,Software Developer,HDFC Bank,Banking & Finance,Solapur,8+ years,486277,Java; SQL; Agile; Microservices; JavaScript; REST API,10th Pass,2026-08-18,Contract,Hybrid
JOB_04902,Machine Learning Engineer,Capgemini,Construction,Chandrapur,0-2 years,30997,PyTorch; NLP; Deep Learning,10th Pass,2026-08-13,Contract,Yes
JOB_04903,UI/UX Designer,Zerodha,Media & Entertainment,Beed,Fresher,28884,HTML/CSS; Wireframing; Sketch; Prototyping; Adobe XD,12th Pass,2026-08-06,Contract,Yes
JOB_04904,Pharmacy Assistant,Zerodha,IT Services,Amravati,8+ years,437581,Pharmacy Software; Medication Dispensing; Inventory Management; Customer Service,Post Graduate,2026-08-20,Contract,Yes
JOB_04905,Content Writer,Capgemini,Pharmaceuticals,Solapur,8+ years,262821,Content Writing; SEO; Copywriting; Research,10th Pass,2026-08-05,Internship,Hybrid
JOB_04906,Technician,Byju's,Construction,Nagpur,2-5 years,84686,Electrical Systems; Safety; Equipment Maintenance,Diploma,2026-08-31,Contract,Hybrid
JOB_04907,Fitter,Axis Bank,Energy,Solapur,5-8 years,193868,Maintenance; Mechanical Fitting; Precision Tools; Blueprint Reading,Post Graduate,2026-08-15,Part-time,Hybrid
JOB_04908,HR Coordinator,Reliance Jio,Manufacturing,Pune,5-8 years,135665,Communication; Payroll; Compliance; HRMS; Employee Relations,Graduate,2026-08-15,Contract,No
JOB_04909,Warehouse Supervisor,Unacademy,Media & Entertainment,Raigad,8+ years,464224,WMS; Inventory Management; Safety Standards,10th Pass,2026-06-12,Internship,No
JOB_04910,Cybersecurity Analyst,Apollo Hospitals,Construction,Beed,0-2 years,39123,Firewall; Network Security; Compliance; SIEM,Post Graduate,2026-08-17,Full-time,Yes
JOB_04911,Machine Operator,Accenture,Automotive,Chandrapur,Fresher,19344,Quality Control; Production Planning; Machine Maintenance; Safety Standards; CNC Operation,Diploma,2026-06-20,Full-time,No
JOB_04912,Pharmacy Assistant,Tech Mahindra,Media & Entertainment,Aurangabad,5-8 years,246146,Pharmacy Software; Inventory Management; Customer Service; Medication Dispensing,Post Graduate,2026-07-18,Internship,No
JOB_04913,Medical Lab Technician,Bajaj Finserv,Construction,Pune,5-8 years,163790,Sample Collection; Quality Control; Safety,12th Pass,2026-06-30,Full-time,Yes
JOB_04914,Content Writer,Capgemini,Construction,Chandrapur,8+ years,234996,Copywriting; Editing; WordPress; Content Writing; SEO; Research,10th Pass,2026-06-28,Internship,No
JOB_04915,Electrician,Reliance Jio,Telecommunications,Solapur,2-5 years,70563,Troubleshooting; Equipment Maintenance; Safety Standards; Electrical Wiring; Circuit Design,Diploma,2026-07-07,Internship,Yes
JOB_04916,Software Developer,Accenture,IT Services,Jalgaon,0-2 years,40440,JavaScript; REST API; Git; SQL; Python,Graduate,2026-07-19,Internship,Yes
JOB_04917,Fitter,Unacademy,Education,Sangli,8+ years,226072,Mechanical Fitting; Maintenance; Precision Tools; Blueprint Reading,Diploma,2026-07-12,Contract,Yes
JOB_04918,Nurse,Tech Mahindra,Construction,Yavatmal,5-8 years,209580,Medication Administration; Medical Procedures; Vital Signs,Graduate,2026-08-22,Contract,No
JOB_04919,Machine Operator,Mahindra & Mahindra,Construction,Solapur,2-5 years,74183,Machine Maintenance; Safety Standards; Quality Control,Graduate,2026-08-29,Contract,Hybrid
JOB_04920,Digital Marketing Executive,Infosys,Media & Entertainment,Kolhapur,Fresher,17443,Content Marketing; Google Analytics; SEM; SEO,10th Pass,2026-07-11,Contract,Hybrid
JOB_04921,Technician,IBM,E-commerce,Latur,Fresher,33039,Electrical Systems; Safety; Equipment Maintenance,12th Pass,2026-06-24,Full-time,Hybrid
JOB_04922,Nurse,ICICI Bank,Logistics,Nagpur,5-8 years,200674,Vital Signs; Emergency Care; Patient Care; Medication Administration,12th Pass,2026-09-03,Full-time,No
JOB_04923,Retail Associate,Max Healthcare,Education,Osmanabad,Fresher,32707,Inventory Management; Customer Service; Cash Handling,Post Graduate,2026-08-06,Contract,Yes
JOB_04924,Medical Lab Technician,Godrej Industries,Pharmaceuticals,Yavatmal,Fresher,23959,Lab Testing; Quality Control; Equipment Operation; Safety,10th Pass,2026-08-10,Part-time,No
JOB_04925,Cybersecurity Analyst,HDFC Bank,Pharmaceuticals,Chandrapur,Fresher,26740,SIEM; Firewall; Network Security; Penetration Testing,Post Graduate,2026-08-15,Contract,Hybrid
JOB_04926,Retail Associate,Bajaj Finserv,Media & Entertainment,Nagpur,Fresher,19532,Customer Service; Inventory Management; Cash Handling; Communication,10th Pass,2026-07-13,Part-time,No
JOB_04927,Customer Support Specialist,Axis Bank,Manufacturing,Osmanabad,8+ years,462459,Problem Solving; Zendesk; Communication; CRM; Customer Service,Diploma,2026-06-27,Internship,Yes
JOB_04928,Retail Associate,Tata Motors,Manufacturing,Satara,5-8 years,156419,Communication; Inventory Management; Sales; Customer Service,10th Pass,2026-08-25,Contract,No
JOB_04929,Fitter,ABB India,Automotive,Ahmednagar,8+ years,332589,Blueprint Reading; Maintenance; Precision Tools,10th Pass,2026-08-03,Contract,Hybrid
JOB_04930,Business Analyst,Crompton Greaves,Manufacturing,Chandrapur,Fresher,20525,JIRA; Requirements Gathering; Power BI; Agile; Process Mapping; SQL,Graduate,2026-08-06,Internship,No
JOB_04931,Cloud Engineer,Fortis Healthcare,Energy,Beed,2-5 years,51716,AWS; Linux; Networking; Azure; Docker,Graduate,2026-08-26,Part-time,No
JOB_04932,Accountant,Wipro,Telecommunications,Nagpur,8+ years,482948,QuickBooks; Taxation; Financial Reporting,Post Graduate,2026-08-23,Internship,Hybrid
JOB_04933,Data Analyst,Wipro,Education,Nashik,Fresher,23290,Python; Tableau; Statistics; Excel; Pandas; Power BI,Diploma,2026-08-03,Part-time,Hybrid
JOB_04934,DevOps Engineer,Zerodha,E-commerce,Dhule,2-5 years,93491,Docker; CI/CD; Python,Graduate,2026-08-26,Full-time,Hybrid
JOB_04935,Machine Learning Engineer,IBM,Retail,Raigad,2-5 years,94752,NLP; SQL; TensorFlow; Python; Deep Learning,Graduate,2026-07-21,Contract,No
JOB_04936,UI/UX Designer,TCS,Telecommunications,Mumbai,Fresher,30002,Wireframing; Prototyping; Sketch; Figma; Adobe XD; HTML/CSS,Post Graduate,2026-07-10,Part-time,Yes
JOB_04937,Quality Analyst,Byju's,FMCG,Akola,2-5 years,96532,Testing; Manual Testing; Bug Tracking; Selenium,10th Pass,2026-07-30,Full-time,Hybrid
JOB_04938,Data Analyst,Amazon,Logistics,Amravati,5-8 years,217320,SQL; Tableau; Statistics; Pandas; Python; Power BI,12th Pass,2026-07-06,Part-time,Yes
JOB_04939,Cloud Engineer,Siemens,Pharmaceuticals,Solapur,Fresher,22185,Terraform; Linux; GCP; Kubernetes,Diploma,2026-08-09,Contract,Yes
JOB_04940,Retail Associate,Tech Mahindra,Construction,Yavatmal,2-5 years,114864,Communication; Inventory Management; Customer Service; Cash Handling,12th Pass,2026-08-02,Internship,Yes
JOB_04941,Cybersecurity Analyst,Razorpay,Telecommunications,Chandrapur,8+ years,250466,Network Security; Risk Assessment; Penetration Testing,12th Pass,2026-08-29,Internship,Hybrid
JOB_04942,Data Analyst,Apollo Hospitals,Media & Entertainment,Yavatmal,2-5 years,98306,NumPy; Pandas; Python; Excel; SQL,12th Pass,2026-08-07,Internship,No
JOB_04943,Fitter,Bajaj Finserv,E-commerce,Parbhani,5-8 years,227363,Precision Tools; Assembly; Blueprint Reading; Mechanical Fitting,Post Graduate,2026-09-04,Internship,Yes
JOB_04944,Project Coordinator,ICICI Bank,Telecommunications,Aurangabad,5-8 years,140855,Documentation; MS Office; Project Management,12th Pass,2026-08-21,Internship,Yes
JOB_04945,Welder,Fortis Healthcare,Telecommunications,Yavatmal,5-8 years,237244,MIG Welding; Safety Standards; Arc Welding; Blueprint Reading; TIG Welding,Graduate,2026-06-24,Contract,Yes
JOB_04946,Content Writer,Godrej Industries,Education,Akola,8+ years,236865,Content Writing; Research; Copywriting; Editing; WordPress; SEO,Graduate,2026-06-17,Part-time,Yes
JOB_04947,Warehouse Supervisor,Crompton Greaves,E-commerce,Sangli,Fresher,24818,Safety Standards; Logistics; Inventory Management,10th Pass,2026-06-08,Contract,No
JOB_04948,Machine Learning Engineer,TCS,Education,Raigad,2-5 years,88166,Scikit-learn; TensorFlow; PyTorch; Python; Deep Learning,12th Pass,2026-08-23,Part-time,Yes
JOB_04949,Accountant,Cognizant,Logistics,Jalgaon,5-8 years,157394,Tally; QuickBooks; Excel,10th Pass,2026-07-10,Full-time,No
JOB_04950,Medical Lab Technician,IBM,Banking & Finance,Sangli,5-8 years,203456,Lab Testing; Quality Control; Equipment Operation,Diploma,2026-09-02,Full-time,Hybrid
JOB_04951,Medical Lab Technician,Max Healthcare,Automotive,Akola,8+ years,461041,Sample Collection; Lab Testing; Equipment Operation,10th Pass,2026-08-29,Full-time,No
JOB_04952,Nurse,Amazon,IT Services,Sangli,0-2 years,55273,Medication Administration; Medical Procedures; Patient Care; Vital Signs,Post Graduate,2026-08-17,Internship,Hybrid
JOB_04953,Accountant,Axis Bank,Education,Chandrapur,5-8 years,185129,QuickBooks; Taxation; Accounting; Tally; Financial Reporting,Graduate,2026-08-31,Contract,Hybrid
JOB_04954,Sales Executive,Tech Mahindra,Pharmaceuticals,Nanded,2-5 years,115056,Lead Generation; Communication; CRM; Negotiation,Post Graduate,2026-06-22,Full-time,Yes
JOB_04955,HR Coordinator,Siemens,E-commerce,Raigad,Fresher,16970,Recruitment; Employee Relations; Compliance; Communication; HRMS; Payroll,10th Pass,2026-06-11,Internship,Hybrid
JOB_04956,Cybersecurity Analyst,Infosys,Banking & Finance,Aurangabad,5-8 years,164605,SIEM; Risk Assessment; Compliance; Penetration Testing; Firewall; Network Security,Post Graduate,2026-08-07,Contract,Hybrid
JOB_04957,Digital Marketing Executive,Max Healthcare,Healthcare,Osmanabad,8+ years,359227,Content Marketing; SEO; SEM; Email Marketing; Google Analytics,Post Graduate,2026-06-09,Internship,Yes
JOB_04958,Customer Support Specialist,Capgemini,Construction,Nanded,5-8 years,245911,Problem Solving; Customer Service; Communication; Zendesk,10th Pass,2026-08-25,Internship,Hybrid
JOB_04959,Content Writer,TCS,Education,Jalgaon,0-2 years,29265,Research; Content Writing; Editing; WordPress; Copywriting; SEO,Diploma,2026-06-23,Full-time,No
JOB_04960,Digital Marketing Executive,HDFC Bank,Pharmaceuticals,Satara,8+ years,301175,Content Marketing; Email Marketing; Social Media Marketing; SEM,12th Pass,2026-07-12,Full-time,No
JOB_04961,Customer Support Specialist,Tech Mahindra,Telecommunications,Yavatmal,Fresher,26897,Customer Service; Zendesk; CRM,Post Graduate,2026-08-28,Internship,No
JOB_04962,Logistics Coordinator,Tech Mahindra,E-commerce,Dhule,0-2 years,31390,Transportation Management; Communication; Coordination; Documentation,10th Pass,2026-06-29,Full-time,Yes
JOB_04963,Full Stack Developer,Flipkart,Banking & Finance,Akola,Fresher,22868,React; Git; HTML/CSS; SQL,10th Pass,2026-08-08,Internship,Yes
JOB_04964,Software Developer,Fortis Healthcare,IT Services,Yavatmal,Fresher,29545,JavaScript; REST API; Git; Agile,Diploma,2026-06-19,Internship,Yes
JOB_04965,HR Coordinator,Byju's,Pharmaceuticals,Latur,5-8 years,196977,Compliance; Recruitment; Payroll; Communication; HRMS,Graduate,2026-08-18,Internship,Yes
JOB_04966,Project Coordinator,Tata Motors,Pharmaceuticals,Satara,2-5 years,84365,Communication; MS Office; Coordination,Diploma,2026-06-22,Full-time,Yes
JOB_04967,Cybersecurity Analyst,PhonePe,Energy,Nanded,Fresher,27270,Compliance; SIEM; Risk Assessment; Network Security; Firewall,Diploma,2026-07-25,Contract,Yes
JOB_04968,UI/UX Designer,Tech Mahindra,Education,Akola,8+ years,277543,Adobe XD; Prototyping; HTML/CSS,Diploma,2026-07-22,Internship,Yes
JOB_04969,Cybersecurity Analyst,HDFC Bank,Media & Entertainment,Raigad,0-2 years,39894,Network Security; SIEM; Firewall; Compliance,Graduate,2026-08-22,Full-time,Hybrid
JOB_04970,Machine Operator,IBM,Healthcare,Parbhani,0-2 years,33172,Safety Standards; Production Planning; Quality Control; CNC Operation; Machine Maintenance,Diploma,2026-08-08,Part-time,Hybrid
JOB_04971,Training Coordinator,Capgemini,Banking & Finance,Nagpur,0-2 years,39158,LMS; Training Delivery; Communication,Graduate,2026-06-12,Internship,Hybrid
JOB_04972,Fitter,ICICI Bank,IT Services,Kolhapur,0-2 years,26376,Mechanical Fitting; Blueprint Reading; Precision Tools; Maintenance; Assembly,Graduate,2026-08-15,Part-time,Hybrid
JOB_04973,Fitter,PhonePe,Construction,Yavatmal,5-8 years,161923,Maintenance; Mechanical Fitting; Blueprint Reading,Diploma,2026-08-09,Internship,Yes
JOB_04974,Electrician,PhonePe,Pharmaceuticals,Latur,0-2 years,53549,Electrical Wiring; Safety Standards; Troubleshooting; Circuit Design; Equipment Maintenance,Graduate,2026-07-02,Internship,No
JOB_04975,Electrician,HCL,E-commerce,Nanded,5-8 years,141551,Safety Standards; Troubleshooting; Circuit Design; Equipment Maintenance,Diploma,2026-08-10,Internship,No
JOB_04976,Quality Analyst,Reliance Jio,Construction,Mumbai,2-5 years,83508,Testing; Selenium; Bug Tracking; JIRA; Agile; Manual Testing,Post Graduate,2026-08-17,Contract,Hybrid
JOB_04977,Fitter,Accenture,Education,Pune,8+ years,256499,Assembly; Blueprint Reading; Maintenance; Mechanical Fitting,10th Pass,2026-07-24,Internship,No
JOB_04978,Logistics Coordinator,Max Healthcare,Construction,Dhule,8+ years,482473,Transportation Management; Communication; Coordination; Tracking Systems; Documentation,Diploma,2026-08-03,Contract,No
JOB_04979,Cybersecurity Analyst,HDFC Bank,Construction,Chandrapur,5-8 years,190330,Firewall; Penetration Testing; Risk Assessment; Compliance,12th Pass,2026-06-09,Full-time,Hybrid
JOB_04980,Technician,Zerodha,Manufacturing,Nagpur,Fresher,28890,Mechanical Systems; Safety; Equipment Maintenance; Troubleshooting; Electrical Systems,Diploma,2026-07-17,Contract,Hybrid
JOB_04981,Data Analyst,Larsen & Toubro,Logistics,Osmanabad,8+ years,401403,Python; Power BI; NumPy,Graduate,2026-08-21,Contract,Yes
JOB_04982,Project Coordinator,ICICI Bank,Energy,Solapur,0-2 years,59145,Coordination; MS Office; Project Management; Communication; Documentation,Diploma,2026-07-24,Part-time,Yes
JOB_04983,Teacher,Infosys,Automotive,Latur,8+ years,342255,Communication; Curriculum Development; Lesson Planning; Classroom Management; Assessment,10th Pass,2026-06-28,Contract,Hybrid
JOB_04984,Technician,Tech Mahindra,Telecommunications,Raigad,5-8 years,215246,Mechanical Systems; Electrical Systems; Troubleshooting,12th Pass,2026-07-26,Internship,Hybrid
JOB_04985,Project Coordinator,ICICI Bank,FMCG,Ahmednagar,0-2 years,28098,Coordination; Project Management; Agile; Documentation; Communication; MS Office,12th Pass,2026-08-07,Contract,Hybrid
JOB_04986,Retail Associate,Vedantu,Education,Chandrapur,Fresher,24746,Cash Handling; Inventory Management; Customer Service; Communication,10th Pass,2026-09-04,Internship,Yes
JOB_04987,Sales Executive,Infosys,Banking & Finance,Akola,2-5 years,61695,Negotiation; Customer Relationship; CRM; Lead Generation; Communication,Post Graduate,2026-07-06,Internship,Hybrid
JOB_04988,Full Stack Developer,Axis Bank,Banking & Finance,Ahmednagar,8+ years,405112,MongoDB; HTML/CSS; Node.js; JavaScript; React,Graduate,2026-08-20,Full-time,No
JOB_04989,Warehouse Supervisor,Amazon,Retail,Akola,8+ years,224109,Team Leadership; WMS; Inventory Management,10th Pass,2026-07-10,Contract,No
JOB_04990,Supply Chain Analyst,Godrej Industries,Retail,Osmanabad,8+ years,209704,Excel; Logistics; Data Analysis; Forecasting,Graduate,2026-06-07,Full-time,Hybrid
JOB_04991,Accountant,Reliance Jio,Logistics,Jalna,5-8 years,120861,Accounting; Excel; GST; Tally,10th Pass,2026-07-01,Full-time,No
JOB_04992,Fitter,Unacademy,Pharmaceuticals,Osmanabad,5-8 years,221417,Mechanical Fitting; Maintenance; Precision Tools; Assembly,Diploma,2026-08-25,Full-time,Yes
JOB_04993,Logistics Coordinator,Tata Motors,Telecommunications,Nanded,Fresher,28597,Coordination; Documentation; Tracking Systems,Post Graduate,2026-06-07,Contract,Yes
JOB_04994,Nurse,Byju's,Healthcare,Sangli,8+ years,481737,Vital Signs; Patient Care; Medication Administration; Medical Procedures,Diploma,2026-08-10,Contract,No
JOB_04995,Project Coordinator,Godrej Industries,Manufacturing,Chandrapur,0-2 years,54839,Project Management; Documentation; MS Office; Agile; Communication; Coordination,Post Graduate,2026-06-20,Full-time,Hybrid
JOB_04996,Machine Operator,Infosys,Logistics,Bhiwandi,8+ years,422275,Machine Maintenance; Production Planning; CNC Operation,10th Pass,2026-07-10,Full-time,Hybrid
JOB_04997,DevOps Engineer,Larsen & Toubro,Education,Akola,Fresher,34385,AWS; Ansible; Docker; CI/CD,12th Pass,2026-07-09,Full-time,No
JOB_04998,Technician,ABB India,Media & Entertainment,Sangli,Fresher,23847,Safety; Mechanical Systems; Equipment Maintenance; Electrical Systems; Troubleshooting,Post Graduate,2026-08-11,Part-time,No
JOB_04999,Fitter,Bajaj Finserv,E-commerce,Dhule,Fresher,31416,Assembly; Maintenance; Blueprint Reading; Precision Tools; Mechanical Fitting,Graduate,2026-07-30,Full-time,No
JOB_05000,DevOps Engineer,Paytm,Automotive,Mumbai,Fresher,33721,Ansible; AWS; Python; Jenkins; CI/CD,12th Pass,2026-07-15,Internship,Hybrid
