participant_id,name,age,gender,education,district,taluka,family_income,below_poverty_line,course_enrolled,training_center_id,enrollment_date,current_status,assessment_score,certified,certification_date,placement_status,company_name,job_role,salary_offered,placement_date,job_location,training_satisfaction,would_recommend
PART_00001,Preeti Chopra 10,29,Male,Post Graduate,Akola,Taluka_1,5-10 Lakhs,Yes,Automotive Mechanic,TC_0153,2025-04-23,Dropped Out,,No,,Not Applicable,,,,,,,
PART_00002,Prakash More 91,31,Female,Post Graduate,Jalgaon,Taluka_4,Below 1 Lakh,No,Electrician Training,TC_0161,2026-02-01,Ongoing,,No,,Not Applicable,,,,,,3.0,Maybe
PART_00003,Ramesh Jadhav 66,39,Male,Post Graduate,Latur,Taluka_4,1-3 Lakhs,No,Medical Lab Technology,TC_0102,2025-11-23,Completed,74.0,No,,Self Employed,,,,,,3.0,Yes
PART_00004,Shweta Bhatt 15,22,Female,Diploma,Parbhani,Taluka_2,5-10 Lakhs,Yes,Mobile Repair,TC_0382,2026-06-27,Ongoing,,No,,Not Applicable,,,,,,1.0,No
PART_00005,Kavita Rao 86,31,Male,Diploma,Bhiwandi,Taluka_10,Above 10 Lakhs,Yes,CNC Operation,TC_0450,2025-03-07,Dropped Out,,No,,Not Applicable,,,,,,,
PART_00006,Mohan Rao 35,30,Female,Graduate,Solapur,Taluka_9,1-3 Lakhs,No,Mobile Repair,TC_0307,2025-02-17,Completed,73.0,No,,Placed,Narayana Health,Digital Marketing Executive,67896.0,,Osmanabad,5.0,No
PART_00007,Dinesh Shinde 53,43,Other,10th Pass,Amravati,Taluka_9,Above 10 Lakhs,Yes,Full Stack Development,TC_0067,2025-02-10,Ongoing,,No,,Not Applicable,,,,,,3.0,Yes
PART_00008,Anjali Reddy 69,36,Other,12th Pass,Dhule,Taluka_6,Below 1 Lakh,Yes,Retail Management,TC_0033,2025-01-22,Ongoing,,No,,Not Applicable,,,,,,4.0,Maybe
PART_00009,Anil Kamble 72,23,Female,Post Graduate,Kolhapur,Taluka_3,1-3 Lakhs,Yes,Food Processing,TC_0183,2025-05-10,Assessed,69.0,No,,Not Applicable,,,,,,,
PART_00010,Rekha Pillai 38,44,Other,Graduate,Pune,Taluka_3,3-5 Lakhs,No,Retail Management,TC_0244,2026-06-05,Certified,45.0,Yes,2026-11-30,Not Placed,,,,,,,
PART_00011,Manoj Tiwari 76,19,Other,Post Graduate,Ahmednagar,Taluka_3,5-10 Lakhs,Yes,Welding Technology,TC_0336,2026-05-28,Ongoing,,No,,Not Applicable,,,,,,4.0,No
PART_00012,Ramesh Jadhav 61,26,Other,Diploma,Mumbai,Taluka_9,3-5 Lakhs,Yes,Welding Technology,TC_0269,2026-03-03,Completed,78.0,No,,Not Placed,,,,,,4.0,Yes
PART_00013,Kavita Rao 1,30,Female,Graduate,Dhule,Taluka_9,1-3 Lakhs,No,Customer Service,TC_0076,2026-06-20,Completed,95.0,No,,Placed,Vedantu,Quality Analyst,62764.0,,Dhule,5.0,Yes
PART_00014,Suresh Yadav 22,34,Other,Graduate,Parbhani,Taluka_10,1-3 Lakhs,No,Food Processing,TC_0455,2026-03-27,Dropped Out,,No,,Not Applicable,,,,,,,
PART_00015,Dinesh Shinde 38,21,Other,Diploma,Sangli,Taluka_2,3-5 Lakhs,No,Cloud Computing,TC_0244,2026-03-23,Completed,76.0,No,,Placed,Reliance Jio,Nurse,50019.0,,Nanded,2.0,No
PART_00016,Rekha Pillai 55,43,Female,Diploma,Jalgaon,Taluka_2,3-5 Lakhs,No,Beauty & Wellness,TC_0311,2026-06-02,Completed,57.0,No,,Placed,HCL,Welder,75602.0,,Satara,3.0,Yes
PART_00017,Anjali Reddy 14,35,Other,12th Pass,Thane,Taluka_6,1-3 Lakhs,Yes,Automotive Mechanic,TC_0341,2026-06-08,Assessed,64.0,No,,Not Applicable,,,,,,,
PART_00018,Mohan Rao 48,26,Other,12th Pass,Amravati,Taluka_9,Above 10 Lakhs,Yes,Mobile Repair,TC_0256,2025-04-22,Dropped Out,,No,,Not Applicable,,,,,,,
PART_00019,Rekha Pillai 37,23,Female,10th Pass,Parbhani,Taluka_7,Above 10 Lakhs,No,Automotive Mechanic,TC_0342,2026-02-26,Ongoing,,No,,Not Applicable,,,,,,4.0,Yes
PART_00020,Prakash More 100,32,Other,Diploma,Nashik,Taluka_5,Below 1 Lakh,No,Beauty & Wellness,TC_0265,2026-01-21,Completed,90.0,No,,Placed,Axis Bank,Machine Learning Engineer,75724.0,,Parbhani,3.0,Maybe
PART_00021,Laxmi Hegde 75,29,Male,10th Pass,Sangli,Taluka_5,Below 1 Lakh,No,Data Analytics,TC_0005,2026-03-16,Completed,40.0,No,,Further Studies,,,,,,5.0,Maybe
PART_00022,Meera Nair 31,42,Female,12th Pass,Kolhapur,Taluka_9,5-10 Lakhs,Yes,Automotive Mechanic,TC_0369,2026-03-15,Ongoing,,No,,Not Applicable,,,,,,5.0,No
PART_00023,Sunita Kaur 25,27,Male,Diploma,Jalna,Taluka_7,Above 10 Lakhs,Yes,Warehouse Management,TC_0037,2025-07-24,Certified,70.0,Yes,2025-10-24,Placed,Zerodha,Software Developer,30003.0,2026-01-17,Amravati,,
PART_00024,Prakash More 7,42,Male,Diploma,Nagpur,Taluka_2,Above 10 Lakhs,Yes,Food Processing,TC_0324,2025-02-27,Ongoing,,No,,Not Applicable,,,,,,1.0,No
PART_00025,Nitin Bhosale 22,40,Other,10th Pass,Chandrapur,Taluka_10,5-10 Lakhs,No,Warehouse Management,TC_0427,2026-02-13,Ongoing,,No,,Not Applicable,,,,,,3.0,No
PART_00026,Geeta Sawant 39,23,Male,Diploma,Pune,Taluka_1,Above 10 Lakhs,Yes,Full Stack Development,TC_0491,2025-02-07,Completed,81.0,No,,Placed,TCS,Retail Associate,41175.0,,Solapur,1.0,Yes
PART_00027,Sneha Deshmukh 79,37,Male,Graduate,Jalna,Taluka_9,5-10 Lakhs,Yes,Data Analytics,TC_0299,2025-02-25,Assessed,50.0,No,,Not Applicable,,,,,,,
PART_00028,Pooja Joshi 20,31,Other,Graduate,Amravati,Taluka_5,3-5 Lakhs,No,Electrician Training,TC_0174,2025-02-06,Dropped Out,,No,,Not Applicable,,,,,,,
PART_00029,Suresh Yadav 100,19,Other,Graduate,Bhiwandi,Taluka_5,1-3 Lakhs,No,CNC Operation,TC_0065,2025-01-16,Completed,54.0,No,,Not Placed,,,,,,3.0,Yes
PART_00030,Rajesh Kumar 61,44,Female,Diploma,Amravati,Taluka_6,Above 10 Lakhs,Yes,CNC Operation,TC_0188,2026-03-07,Certified,99.0,Yes,2026-08-26,Not Placed,,,,,,,
PART_00031,Shweta Bhatt 26,40,Female,10th Pass,Thane,Taluka_6,5-10 Lakhs,No,Electrician Training,TC_0160,2025-03-29,Dropped Out,,No,,Not Applicable,,,,,,,
PART_00032,Neha Dubey 55,22,Male,Diploma,Jalgaon,Taluka_10,Above 10 Lakhs,No,Warehouse Management,TC_0246,2025-03-23,Ongoing,,No,,Not Applicable,,,,,,5.0,Maybe
PART_00033,Pooja Joshi 54,41,Male,Graduate,Jalgaon,Taluka_7,Above 10 Lakhs,Yes,Food Processing,TC_0274,2025-03-07,Certified,56.0,Yes,2025-08-29,Placed,Apollo Hospitals,Sales Executive,58165.0,2025-09-02,Nagpur,,
PART_00034,Ashok Pawar 38,28,Female,10th Pass,Mumbai,Taluka_5,Below 1 Lakh,Yes,Customer Service,TC_0098,2025-08-21,Ongoing,,No,,Not Applicable,,,,,,5.0,Yes
PART_00035,Sneha Deshmukh 82,23,Other,Graduate,Nagpur,Taluka_4,Below 1 Lakh,Yes,Automotive Mechanic,TC_0169,2026-04-04,Completed,66.0,No,,Placed,Byju's,Digital Marketing Executive,58296.0,,Satara,5.0,Maybe
PART_00036,Dinesh Shinde 93,29,Other,Diploma,Aurangabad,Taluka_6,1-3 Lakhs,No,CNC Operation,TC_0447,2026-01-05,Completed,40.0,No,,Not Placed,,,,,,2.0,Yes
PART_00037,Prakash More 91,30,Female,Post Graduate,Bhiwandi,Taluka_10,3-5 Lakhs,No,Warehouse Management,TC_0002,2026-07-17,Certified,86.0,Yes,2026-12-28,Not Placed,,,,,,,
PART_00038,Usha Menon 78,22,Other,Post Graduate,Nashik,Taluka_2,3-5 Lakhs,No,Mobile Repair,TC_0097,2025-01-12,Ongoing,,No,,Not Applicable,,,,,,5.0,Maybe
PART_00039,Dinesh Shinde 62,33,Male,Diploma,Thane,Taluka_9,Above 10 Lakhs,Yes,Medical Lab Technology,TC_0288,2025-12-10,Completed,92.0,No,,Not Placed,,,,,,1.0,Yes
PART_00040,Anjali Reddy 50,25,Other,Post Graduate,Dhule,Taluka_5,Above 10 Lakhs,Yes,Beauty & Wellness,TC_0151,2025-09-22,Dropped Out,,No,,Not Applicable,,,,,,,
PART_00041,Ashok Pawar 63,18,Female,Diploma,Jalgaon,Taluka_5,3-5 Lakhs,Yes,Welding Technology,TC_0080,2025-09-04,Dropped Out,,No,,Not Applicable,,,,,,,
PART_00042,Suresh Yadav 4,36,Male,Graduate,Pune,Taluka_9,Above 10 Lakhs,No,Customer Service,TC_0439,2025-11-09,Certified,73.0,Yes,2026-02-25,Placed,Razorpay,DevOps Engineer,51667.0,2026-03-18,Chandrapur,,
PART_00043,Deepa Iyer 75,34,Female,Graduate,Parbhani,Taluka_1,5-10 Lakhs,Yes,Data Analytics,TC_0429,2025-12-31,Completed,54.0,No,,Placed,Byju's,Fitter,68287.0,,Solapur,5.0,Maybe
PART_00044,Pooja Joshi 27,38,Other,Graduate,Solapur,Taluka_5,3-5 Lakhs,No,Welding Technology,TC_0115,2026-01-29,Assessed,81.0,No,,Not Applicable,,,,,,,
PART_00045,Manoj Tiwari 20,34,Female,Post Graduate,Sangli,Taluka_10,Above 10 Lakhs,Yes,Digital Marketing,TC_0421,2025-09-22,Assessed,71.0,No,,Not Applicable,,,,,,,
PART_00046,Deepa Iyer 68,41,Female,12th Pass,Jalna,Taluka_7,Above 10 Lakhs,Yes,Beauty & Wellness,TC_0025,2026-04-15,Ongoing,,No,,Not Applicable,,,,,,1.0,Yes
PART_00047,Arun Kulkarni 23,27,Female,10th Pass,Parbhani,Taluka_8,Below 1 Lakh,Yes,Data Analytics,TC_0013,2025-07-23,Completed,43.0,No,,Placed,IBM,Pharmacy Assistant,58189.0,,Parbhani,3.0,Yes
PART_00048,Sanjay Gupta 82,23,Other,Graduate,Amravati,Taluka_3,3-5 Lakhs,No,Customer Service,TC_0450,2026-06-01,Certified,97.0,Yes,2026-09-29,Placed,Wipro,Retail Associate,59112.0,2026-10-05,Aurangabad,,
PART_00049,Sunita Kaur 65,27,Other,Diploma,Akola,Taluka_9,1-3 Lakhs,Yes,Electrician Training,TC_0386,2026-02-18,Dropped Out,,No,,Not Applicable,,,,,,,
PART_00050,Sanjay Gupta 95,23,Female,10th Pass,Nagpur,Taluka_9,Above 10 Lakhs,Yes,Medical Lab Technology,TC_0264,2026-07-26,Ongoing,,No,,Not Applicable,,,,,,2.0,Yes
PART_00051,Rekha Pillai 87,22,Other,Post Graduate,Amravati,Taluka_7,Below 1 Lakh,No,Food Processing,TC_0217,2026-07-06,Certified,88.0,Yes,2026-11-07,Not Placed,,,,,,,
PART_00052,Usha Menon 64,36,Female,Post Graduate,Amravati,Taluka_2,5-10 Lakhs,Yes,Medical Lab Technology,TC_0476,2025-05-18,Completed,66.0,No,,Self Employed,,,,,,3.0,Maybe
PART_00053,Usha Menon 4,32,Male,Graduate,Sangli,Taluka_4,3-5 Lakhs,No,Food Processing,TC_0293,2025-08-05,Certified,89.0,Yes,2025-11-19,Not Placed,,,,,,,
PART_00054,Rekha Pillai 96,26,Other,12th Pass,Sangli,Taluka_3,Below 1 Lakh,No,Full Stack Development,TC_0084,2025-10-21,Completed,77.0,No,,Self Employed,,,,,,3.0,Yes
PART_00055,Usha Menon 81,24,Other,Diploma,Akola,Taluka_1,1-3 Lakhs,No,Retail Management,TC_0191,2025-01-13,Dropped Out,,No,,Not Applicable,,,,,,,
PART_00056,Anil Kamble 84,30,Other,12th Pass,Jalgaon,Taluka_3,5-10 Lakhs,Yes,Customer Service,TC_0191,2025-03-27,Ongoing,,No,,Not Applicable,,,,,,3.0,Yes
PART_00057,Nitin Bhosale 70,38,Male,12th Pass,Parbhani,Taluka_8,Below 1 Lakh,Yes,CNC Operation,TC_0035,2025-08-11,Ongoing,,No,,Not Applicable,,,,,,1.0,Yes
PART_00058,Sunita Kaur 75,36,Male,12th Pass,Nashik,Taluka_4,Above 10 Lakhs,No,Warehouse Management,TC_0497,2025-10-24,Ongoing,,No,,Not Applicable,,,,,,2.0,Yes
PART_00059,Sanjay Gupta 54,38,Other,10th Pass,Ahmednagar,Taluka_9,5-10 Lakhs,No,Full Stack Development,TC_0485,2026-04-03,Certified,65.0,Yes,2026-08-08,Placed,IBM,Logistics Coordinator,15228.0,2026-10-06,Pune,,
PART_00060,Rekha Pillai 63,21,Male,Diploma,Bhiwandi,Taluka_10,1-3 Lakhs,Yes,Retail Management,TC_0046,2025-06-29,Ongoing,,No,,Not Applicable,,,,,,5.0,Maybe
PART_00061,Arun Kulkarni 15,20,Other,Graduate,Mumbai,Taluka_6,3-5 Lakhs,Yes,Medical Lab Technology,TC_0039,2025-04-14,Dropped Out,,No,,Not Applicable,,,,,,,
PART_00062,Manoj Tiwari 18,29,Female,Diploma,Parbhani,Taluka_10,3-5 Lakhs,No,Food Processing,TC_0362,2026-05-22,Ongoing,,No,,Not Applicable,,,,,,3.0,No
PART_00063,Rajesh Kumar 47,32,Female,10th Pass,Bhiwandi,Taluka_5,1-3 Lakhs,No,CNC Operation,TC_0173,2025-10-11,Ongoing,,No,,Not Applicable,,,,,,3.0,Maybe
PART_00064,Rajesh Kumar 69,29,Other,10th Pass,Nagpur,Taluka_6,3-5 Lakhs,No,Accounting & GST,TC_0354,2026-01-18,Certified,97.0,Yes,2026-04-19,Not Placed,,,,,,,
PART_00065,Kavita Rao 48,24,Female,12th Pass,Jalgaon,Taluka_5,1-3 Lakhs,Yes,Full Stack Development,TC_0335,2025-08-22,Assessed,66.0,No,,Not Applicable,,,,,,,
PART_00066,Rajesh Kumar 22,36,Female,Diploma,Jalna,Taluka_1,3-5 Lakhs,No,Mobile Repair,TC_0355,2026-07-22,Ongoing,,No,,Not Applicable,,,,,,2.0,Yes
PART_00067,Mohan Rao 45,23,Male,10th Pass,Parbhani,Taluka_9,Above 10 Lakhs,No,Food Processing,TC_0443,2025-04-03,Completed,83.0,No,,Self Employed,,,,,,4.0,No
PART_00068,Rahul Verma 5,23,Other,Graduate,Dhule,Taluka_6,1-3 Lakhs,No,Cloud Computing,TC_0282,2026-08-16,Assessed,62.0,No,,Not Applicable,,,,,,,
PART_00069,Prakash More 60,37,Male,Graduate,Aurangabad,Taluka_2,3-5 Lakhs,No,Welding Technology,TC_0326,2025-08-30,Dropped Out,,No,,Not Applicable,,,,,,,
PART_00070,Geeta Sawant 46,29,Male,Diploma,Thane,Taluka_1,Above 10 Lakhs,Yes,Warehouse Management,TC_0207,2026-03-10,Ongoing,,No,,Not Applicable,,,,,,1.0,Maybe
PART_00071,Prakash More 70,18,Female,Post Graduate,Mumbai,Taluka_9,Below 1 Lakh,Yes,Customer Service,TC_0395,2025-05-12,Assessed,84.0,No,,Not Applicable,,,,,,,
PART_00072,Suresh Yadav 56,18,Male,10th Pass,Thane,Taluka_2,3-5 Lakhs,No,Mobile Repair,TC_0121,2025-05-04,Certified,91.0,Yes,2025-08-10,Placed,PhonePe,Machine Learning Engineer,50695.0,2025-09-27,Akola,,
PART_00073,Sanjay Gupta 90,37,Other,12th Pass,Nanded,Taluka_4,Above 10 Lakhs,Yes,CNC Operation,TC_0129,2025-01-20,Completed,58.0,No,,Not Placed,,,,,,4.0,Maybe
PART_00074,Manoj Tiwari 36,35,Female,Graduate,Nagpur,Taluka_6,Above 10 Lakhs,Yes,Full Stack Development,TC_0059,2025-11-03,Ongoing,,No,,Not Applicable,,,,,,5.0,No
PART_00075,Ashok Pawar 14,32,Other,12th Pass,Mumbai,Taluka_5,1-3 Lakhs,Yes,Cloud Computing,TC_0098,2026-06-01,Certified,96.0,Yes,2026-10-10,Placed,HDFC Bank,Digital Marketing Executive,56723.0,2026-10-11,Raigad,,
PART_00076,Kavita Rao 92,21,Female,12th Pass,Jalgaon,Taluka_6,Above 10 Lakhs,No,Digital Marketing,TC_0452,2026-05-05,Ongoing,,No,,Not Applicable,,,,,,2.0,Yes
PART_00077,Kavita Rao 49,27,Male,10th Pass,Latur,Taluka_3,3-5 Lakhs,No,Medical Lab Technology,TC_0492,2025-09-19,Ongoing,,No,,Not Applicable,,,,,,4.0,Maybe
PART_00078,Mohan Rao 61,22,Other,10th Pass,Parbhani,Taluka_10,1-3 Lakhs,No,CNC Operation,TC_0165,2026-08-13,Ongoing,,No,,Not Applicable,,,,,,4.0,Yes
PART_00079,Manoj Tiwari 93,35,Other,Post Graduate,Solapur,Taluka_8,3-5 Lakhs,Yes,Digital Marketing,TC_0157,2026-07-21,Certified,88.0,Yes,2027-01-13,Placed,Flipkart,Supply Chain Analyst,16806.0,2027-04-11,Kolhapur,,
PART_00080,Manoj Tiwari 36,40,Female,Diploma,Chandrapur,Taluka_7,Below 1 Lakh,Yes,Beauty & Wellness,TC_0072,2026-05-26,Completed,83.0,No,,Self Employed,,,,,,3.0,No
PART_00081,Neha Dubey 26,28,Female,Graduate,Chandrapur,Taluka_9,Below 1 Lakh,Yes,Automotive Mechanic,TC_0089,2026-03-18,Assessed,40.0,No,,Not Applicable,,,,,,,
PART_00082,Rekha Pillai 38,35,Female,Post Graduate,Nanded,Taluka_4,3-5 Lakhs,Yes,Customer Service,TC_0369,2026-07-20,Assessed,68.0,No,,Not Applicable,,,,,,,
PART_00083,Sunita Kaur 15,40,Other,Graduate,Latur,Taluka_6,Above 10 Lakhs,Yes,Electrician Training,TC_0155,2025-09-23,Ongoing,,No,,Not Applicable,,,,,,2.0,Yes
PART_00084,Dinesh Shinde 26,21,Male,Diploma,Parbhani,Taluka_10,Below 1 Lakh,No,Welding Technology,TC_0251,2025-09-28,Completed,83.0,No,,Placed,Cognizant,Customer Support Specialist,66468.0,,Satara,4.0,No
PART_00085,Meera Nair 43,39,Other,12th Pass,Chandrapur,Taluka_4,5-10 Lakhs,Yes,Full Stack Development,TC_0133,2025-04-28,Ongoing,,No,,Not Applicable,,,,,,5.0,Yes
PART_00086,Sunita Kaur 89,26,Male,Diploma,Thane,Taluka_9,3-5 Lakhs,Yes,Electrician Training,TC_0269,2025-03-02,Completed,41.0,No,,Placed,TCS,Pharmacy Assistant,49433.0,,Osmanabad,4.0,No
PART_00087,Vikram Singh 35,18,Other,12th Pass,Jalna,Taluka_4,1-3 Lakhs,Yes,Full Stack Development,TC_0345,2026-08-15,Completed,53.0,No,,Placed,Siemens,DevOps Engineer,51581.0,,Satara,2.0,No
PART_00088,Rekha Pillai 4,44,Male,Graduate,Chandrapur,Taluka_3,Below 1 Lakh,Yes,Beauty & Wellness,TC_0251,2025-03-19,Assessed,68.0,No,,Not Applicable,,,,,,,
PART_00089,Rekha Pillai 30,41,Male,Graduate,Jalgaon,Taluka_4,5-10 Lakhs,Yes,Accounting & GST,TC_0276,2026-01-27,Dropped Out,,No,,Not Applicable,,,,,,,
PART_00090,Priya Sharma 29,30,Male,Post Graduate,Kolhapur,Taluka_4,Above 10 Lakhs,No,Welding Technology,TC_0082,2026-08-22,Ongoing,,No,,Not Applicable,,,,,,2.0,Yes
PART_00091,Kavita Rao 75,20,Other,Diploma,Ahmednagar,Taluka_2,5-10 Lakhs,Yes,Full Stack Development,TC_0027,2025-07-18,Completed,63.0,No,,Placed,Mahindra & Mahindra,Digital Marketing Executive,36077.0,,Bhiwandi,5.0,No
PART_00092,Usha Menon 75,39,Female,Diploma,Parbhani,Taluka_3,Above 10 Lakhs,No,Automotive Mechanic,TC_0464,2026-07-04,Assessed,98.0,No,,Not Applicable,,,,,,,
PART_00093,Laxmi Hegde 88,24,Male,Post Graduate,Amravati,Taluka_10,Below 1 Lakh,Yes,Cloud Computing,TC_0168,2026-05-19,Completed,80.0,No,,Self Employed,,,,,,1.0,Maybe
PART_00094,Rahul Verma 90,31,Male,Graduate,Aurangabad,Taluka_3,Above 10 Lakhs,No,Electrician Training,TC_0242,2025-08-27,Certified,44.0,Yes,2025-11-26,Not Placed,,,,,,,
PART_00095,Prakash More 17,19,Female,Post Graduate,Thane,Taluka_7,Below 1 Lakh,Yes,Medical Lab Technology,TC_0128,2026-03-16,Certified,75.0,Yes,2026-08-23,Not Placed,,,,,,,
PART_00096,Preeti Chopra 48,33,Other,10th Pass,Thane,Taluka_6,Above 10 Lakhs,No,Customer Service,TC_0056,2026-08-06,Ongoing,,No,,Not Applicable,,,,,,2.0,Maybe
PART_00097,Kavita Rao 84,25,Other,10th Pass,Aurangabad,Taluka_7,5-10 Lakhs,Yes,Medical Lab Technology,TC_0071,2026-03-30,Assessed,97.0,No,,Not Applicable,,,,,,,
PART_00098,Rahul Verma 73,41,Other,Post Graduate,Dhule,Taluka_7,5-10 Lakhs,Yes,Full Stack Development,TC_0296,2025-03-11,Completed,99.0,No,,Placed,Flipkart,Electrician,67014.0,,Amravati,5.0,Maybe
PART_00099,Amit Patel 85,32,Female,Graduate,Chandrapur,Taluka_4,3-5 Lakhs,Yes,Welding Technology,TC_0067,2025-01-11,Assessed,57.0,No,,Not Applicable,,,,,,,
PART_00100,Rekha Pillai 85,39,Other,12th Pass,Mumbai,Taluka_2,Above 10 Lakhs,Yes,Warehouse Management,TC_0295,2025-01-29,Assessed,57.0,No,,Not Applicable,,,,,,,
PART_00101,Nitin Bhosale 68,23,Female,10th Pass,Jalna,Taluka_4,1-3 Lakhs,No,Mobile Repair,TC_0240,2025-05-31,Completed,83.0,No,,Self Employed,,,,,,1.0,Maybe
PART_00102,Ramesh Jadhav 3,21,Female,Graduate,Amravati,Taluka_5,1-3 Lakhs,No,Welding Technology,TC_0479,2025-06-27,Completed,76.0,No,,Self Employed,,,,,,5.0,Maybe
PART_00103,Rajesh Kumar 79,18,Other,10th Pass,Akola,Taluka_2,5-10 Lakhs,No,Mobile Repair,TC_0068,2025-05-11,Completed,66.0,No,,Not Placed,,,,,,4.0,No
PART_00104,Pooja Joshi 53,26,Male,Post Graduate,Nanded,Taluka_5,Below 1 Lakh,No,Welding Technology,TC_0128,2026-01-02,Dropped Out,,No,,Not Applicable,,,,,,,
PART_00105,Mohan Rao 24,38,Male,12th Pass,Bhiwandi,Taluka_1,Below 1 Lakh,No,Food Processing,TC_0189,2025-04-19,Ongoing,,No,,Not Applicable,,,,,,4.0,No
PART_00106,Rekha Pillai 57,42,Male,12th Pass,Sangli,Taluka_4,5-10 Lakhs,No,Mobile Repair,TC_0145,2026-03-25,Dropped Out,,No,,Not Applicable,,,,,,,
PART_00107,Laxmi Hegde 85,27,Other,Graduate,Jalgaon,Taluka_1,1-3 Lakhs,Yes,Beauty & Wellness,TC_0010,2025-09-30,Ongoing,,No,,Not Applicable,,,,,,1.0,Maybe
PART_00108,Prakash More 14,28,Other,12th Pass,Ahmednagar,Taluka_7,3-5 Lakhs,Yes,Food Processing,TC_0018,2025-09-10,Completed,92.0,No,,Self Employed,,,,,,5.0,No
PART_00109,Kavita Rao 78,39,Male,Post Graduate,Dhule,Taluka_4,1-3 Lakhs,Yes,Digital Marketing,TC_0312,2025-09-23,Certified,80.0,Yes,2026-02-03,Not Placed,,,,,,,
PART_00110,Anil Kamble 49,25,Other,Diploma,Solapur,Taluka_4,Above 10 Lakhs,No,Cloud Computing,TC_0090,2025-09-08,Ongoing,,No,,Not Applicable,,,,,,1.0,No
PART_00111,Sneha Deshmukh 78,25,Female,Graduate,Pune,Taluka_7,Below 1 Lakh,No,Data Analytics,TC_0480,2025-03-24,Ongoing,,No,,Not Applicable,,,,,,1.0,No
PART_00112,Anil Kamble 50,38,Other,Post Graduate,Solapur,Taluka_5,Below 1 Lakh,Yes,Automotive Mechanic,TC_0437,2025-12-15,Ongoing,,No,,Not Applicable,,,,,,2.0,No
PART_00113,Vikram Singh 58,43,Female,12th Pass,Pune,Taluka_8,Above 10 Lakhs,No,Welding Technology,TC_0325,2026-04-19,Completed,69.0,No,,Self Employed,,,,,,1.0,Yes
PART_00114,Sanjay Gupta 44,30,Female,Post Graduate,Dhule,Taluka_8,Below 1 Lakh,No,Retail Management,TC_0212,2025-10-11,Certified,76.0,Yes,2026-02-07,Self Employed,,,,,,,
PART_00115,Amit Patel 60,28,Other,10th Pass,Parbhani,Taluka_9,5-10 Lakhs,Yes,Data Analytics,TC_0444,2025-06-09,Ongoing,,No,,Not Applicable,,,,,,5.0,Maybe
PART_00116,Neha Dubey 22,35,Male,Graduate,Pune,Taluka_3,3-5 Lakhs,Yes,Retail Management,TC_0135,2025-10-26,Completed,95.0,No,,Further Studies,,,,,,1.0,Yes
PART_00117,Anjali Reddy 23,19,Male,12th Pass,Bhiwandi,Taluka_3,Below 1 Lakh,No,Full Stack Development,TC_0324,2026-08-11,Certified,49.0,Yes,2027-01-15,Self Employed,,,,,,,
PART_00118,Sunita Kaur 25,32,Male,Post Graduate,Nanded,Taluka_8,1-3 Lakhs,No,Retail Management,TC_0124,2025-06-02,Dropped Out,,No,,Not Applicable,,,,,,,
PART_00119,Neha Dubey 29,39,Male,10th Pass,Nashik,Taluka_4,1-3 Lakhs,No,Welding Technology,TC_0062,2025-05-25,Completed,42.0,No,,Placed,IBM,DevOps Engineer,32731.0,,Nashik,4.0,No
PART_00120,Preeti Chopra 68,30,Male,10th Pass,Latur,Taluka_5,Above 10 Lakhs,Yes,Warehouse Management,TC_0233,2026-03-21,Dropped Out,,No,,Not Applicable,,,,,,,
PART_00121,Ashok Pawar 22,36,Male,12th Pass,Ahmednagar,Taluka_7,Above 10 Lakhs,Yes,Warehouse Management,TC_0460,2025-11-19,Completed,75.0,No,,Placed,Flipkart,Logistics Coordinator,78184.0,,Ahmednagar,5.0,Yes
PART_00122,Sanjay Gupta 71,23,Other,Post Graduate,Chandrapur,Taluka_3,3-5 Lakhs,Yes,Medical Lab Technology,TC_0358,2026-05-17,Completed,54.0,No,,Placed,HCL,Digital Marketing Executive,63950.0,,Solapur,4.0,Maybe
PART_00123,Suresh Yadav 97,37,Male,Post Graduate,Akola,Taluka_7,3-5 Lakhs,Yes,CNC Operation,TC_0332,2025-01-10,Ongoing,,No,,Not Applicable,,,,,,3.0,Maybe
PART_00124,Pooja Joshi 16,22,Female,Post Graduate,Amravati,Taluka_9,1-3 Lakhs,No,Data Analytics,TC_0200,2025-11-20,Certified,93.0,Yes,2026-03-28,Placed,Bajaj Finserv,Machine Learning Engineer,59004.0,2026-06-08,Raigad,,
PART_00125,Arun Kulkarni 35,21,Male,12th Pass,Amravati,Taluka_7,5-10 Lakhs,Yes,Mobile Repair,TC_0094,2026-01-12,Completed,42.0,No,,Self Employed,,,,,,5.0,Yes
PART_00126,Sunita Kaur 86,32,Male,12th Pass,Kolhapur,Taluka_10,3-5 Lakhs,No,CNC Operation,TC_0396,2025-01-16,Completed,89.0,No,,Placed,Amazon,Machine Operator,79999.0,,Pune,3.0,Yes
PART_00127,Kavita Rao 88,33,Male,Post Graduate,Parbhani,Taluka_10,Below 1 Lakh,No,Food Processing,TC_0371,2025-04-27,Completed,80.0,No,,Not Placed,,,,,,4.0,Maybe
PART_00128,Manoj Tiwari 30,39,Other,Post Graduate,Jalgaon,Taluka_5,Below 1 Lakh,Yes,Welding Technology,TC_0419,2025-05-21,Completed,50.0,No,,Self Employed,,,,,,4.0,No
PART_00129,Usha Menon 72,43,Female,Post Graduate,Akola,Taluka_2,1-3 Lakhs,No,Full Stack Development,TC_0433,2025-11-18,Ongoing,,No,,Not Applicable,,,,,,2.0,No
PART_00130,Rahul Verma 82,18,Other,12th Pass,Parbhani,Taluka_3,Below 1 Lakh,Yes,Full Stack Development,TC_0344,2025-02-08,Completed,40.0,No,,Self Employed,,,,,,1.0,Yes
PART_00131,Usha Menon 7,19,Other,12th Pass,Jalna,Taluka_3,Below 1 Lakh,Yes,Medical Lab Technology,TC_0437,2026-07-11,Assessed,73.0,No,,Not Applicable,,,,,,,
PART_00132,Rekha Pillai 66,21,Female,10th Pass,Sangli,Taluka_2,5-10 Lakhs,Yes,Mobile Repair,TC_0188,2025-10-20,Certified,91.0,Yes,2026-01-28,Self Employed,,,,,,,
PART_00133,Anil Kamble 51,23,Other,Diploma,Nashik,Taluka_10,3-5 Lakhs,No,Beauty & Wellness,TC_0470,2025-08-16,Ongoing,,No,,Not Applicable,,,,,,1.0,Maybe
PART_00134,Rekha Pillai 75,20,Female,Diploma,Aurangabad,Taluka_3,Below 1 Lakh,No,Medical Lab Technology,TC_0485,2025-05-22,Assessed,54.0,No,,Not Applicable,,,,,,,
PART_00135,Rekha Pillai 9,40,Female,Post Graduate,Chandrapur,Taluka_6,3-5 Lakhs,No,Food Processing,TC_0110,2025-07-05,Completed,49.0,No,,Further Studies,,,,,,4.0,No
PART_00136,Priya Sharma 40,33,Male,Post Graduate,Kolhapur,Taluka_9,3-5 Lakhs,Yes,Welding Technology,TC_0460,2025-01-25,Assessed,41.0,No,,Not Applicable,,,,,,,
PART_00137,Rajesh Kumar 14,41,Female,12th Pass,Thane,Taluka_1,Below 1 Lakh,No,Data Analytics,TC_0309,2026-03-29,Assessed,87.0,No,,Not Applicable,,,,,,,
PART_00138,Kavita Rao 59,38,Male,Diploma,Amravati,Taluka_1,1-3 Lakhs,No,Digital Marketing,TC_0486,2025-08-09,Certified,42.0,Yes,2026-01-10,Not Placed,,,,,,,
PART_00139,Rajesh Kumar 48,26,Male,12th Pass,Amravati,Taluka_6,5-10 Lakhs,No,Cloud Computing,TC_0183,2025-05-04,Certified,88.0,Yes,2025-08-17,Not Placed,,,,,,,
PART_00140,Neha Dubey 33,23,Other,Post Graduate,Parbhani,Taluka_2,3-5 Lakhs,Yes,Warehouse Management,TC_0227,2025-09-04,Dropped Out,,No,,Not Applicable,,,,,,,
PART_00141,Anil Kamble 74,18,Female,12th Pass,Ahmednagar,Taluka_10,Above 10 Lakhs,Yes,Beauty & Wellness,TC_0338,2025-12-09,Assessed,49.0,No,,Not Applicable,,,,,,,
PART_00142,Usha Menon 92,33,Female,Post Graduate,Sangli,Taluka_2,Above 10 Lakhs,Yes,Mobile Repair,TC_0066,2026-07-23,Completed,47.0,No,,Self Employed,,,,,,2.0,No
PART_00143,Vikram Singh 34,25,Other,Diploma,Thane,Taluka_10,Below 1 Lakh,No,Medical Lab Technology,TC_0360,2026-08-11,Ongoing,,No,,Not Applicable,,,,,,2.0,Yes
PART_00144,Ramesh Jadhav 47,27,Female,10th Pass,Jalgaon,Taluka_6,3-5 Lakhs,No,Retail Management,TC_0352,2025-05-24,Completed,51.0,No,,Placed,TCS,Pharmacy Assistant,65006.0,,Dhule,2.0,No
PART_00145,Usha Menon 54,21,Male,Post Graduate,Sangli,Taluka_5,5-10 Lakhs,No,Data Analytics,TC_0328,2026-05-16,Certified,78.0,Yes,2026-10-18,Self Employed,,,,,,,
PART_00146,Nitin Bhosale 73,30,Other,12th Pass,Parbhani,Taluka_7,5-10 Lakhs,No,Medical Lab Technology,TC_0119,2025-07-22,Assessed,79.0,No,,Not Applicable,,,,,,,
PART_00147,Ashok Pawar 71,41,Other,Post Graduate,Jalgaon,Taluka_3,3-5 Lakhs,Yes,Electrician Training,TC_0293,2026-02-12,Dropped Out,,No,,Not Applicable,,,,,,,
PART_00148,Deepa Iyer 22,29,Other,Diploma,Jalna,Taluka_1,1-3 Lakhs,Yes,Automotive Mechanic,TC_0114,2025-12-10,Assessed,44.0,No,,Not Applicable,,,,,,,
PART_00149,Preeti Chopra 25,20,Male,Diploma,Nashik,Taluka_2,3-5 Lakhs,No,Customer Service,TC_0174,2025-03-19,Ongoing,,No,,Not Applicable,,,,,,2.0,Yes
PART_00150,Sunita Kaur 24,38,Female,12th Pass,Nagpur,Taluka_10,5-10 Lakhs,Yes,Digital Marketing,TC_0153,2026-01-08,Ongoing,,No,,Not Applicable,,,,,,4.0,Maybe
PART_00151,Deepa Iyer 39,23,Female,Post Graduate,Dhule,Taluka_7,Below 1 Lakh,Yes,Warehouse Management,TC_0498,2026-02-15,Certified,46.0,Yes,2026-05-31,Placed,Capgemini,Medical Lab Technician,16205.0,2026-08-02,Jalgaon,,
PART_00152,Laxmi Hegde 44,23,Female,Diploma,Jalna,Taluka_7,Below 1 Lakh,No,Data Analytics,TC_0475,2026-06-28,Ongoing,,No,,Not Applicable,,,,,,1.0,Yes
PART_00153,Priya Sharma 82,42,Other,10th Pass,Solapur,Taluka_1,5-10 Lakhs,Yes,Beauty & Wellness,TC_0152,2026-05-05,Completed,60.0,No,,Not Placed,,,,,,4.0,Yes
PART_00154,Pooja Joshi 81,32,Male,12th Pass,Thane,Taluka_2,Above 10 Lakhs,No,CNC Operation,TC_0466,2026-04-12,Completed,43.0,No,,Placed,Fortis Healthcare,Accountant,75126.0,,Mumbai,4.0,Yes
PART_00155,Vikram Singh 72,40,Other,Graduate,Nanded,Taluka_9,Above 10 Lakhs,Yes,Beauty & Wellness,TC_0300,2025-10-07,Assessed,82.0,No,,Not Applicable,,,,,,,
PART_00156,Arun Kulkarni 55,41,Male,Graduate,Bhiwandi,Taluka_6,3-5 Lakhs,Yes,Automotive Mechanic,TC_0091,2025-09-30,Completed,84.0,No,,Placed,HCL,Welder,17007.0,,Nashik,4.0,Maybe
PART_00157,Sneha Deshmukh 44,24,Other,Graduate,Kolhapur,Taluka_5,1-3 Lakhs,Yes,Food Processing,TC_0085,2025-08-15,Completed,41.0,No,,Self Employed,,,,,,1.0,Yes
PART_00158,Meera Nair 87,29,Other,12th Pass,Pune,Taluka_9,1-3 Lakhs,Yes,Automotive Mechanic,TC_0002,2026-01-23,Ongoing,,No,,Not Applicable,,,,,,5.0,Maybe
PART_00159,Neha Dubey 71,41,Male,10th Pass,Nagpur,Taluka_5,Above 10 Lakhs,No,Medical Lab Technology,TC_0353,2026-06-06,Ongoing,,No,,Not Applicable,,,,,,4.0,Maybe
PART_00160,Suresh Yadav 34,26,Male,12th Pass,Thane,Taluka_10,Below 1 Lakh,No,Data Analytics,TC_0196,2025-06-01,Certified,80.0,Yes,2025-09-13,Not Placed,,,,,,,
PART_00161,Ramesh Jadhav 40,22,Female,10th Pass,Solapur,Taluka_3,Below 1 Lakh,Yes,Medical Lab Technology,TC_0340,2026-08-08,Completed,79.0,No,,Self Employed,,,,,,3.0,No
PART_00162,Vikram Singh 46,37,Female,12th Pass,Parbhani,Taluka_4,Above 10 Lakhs,Yes,Digital Marketing,TC_0073,2025-04-28,Completed,77.0,No,,Not Placed,,,,,,1.0,Yes
PART_00163,Anjali Reddy 88,26,Other,Diploma,Nashik,Taluka_4,5-10 Lakhs,Yes,CNC Operation,TC_0164,2026-03-02,Ongoing,,No,,Not Applicable,,,,,,2.0,Maybe
PART_00164,Anjali Reddy 77,21,Female,10th Pass,Aurangabad,Taluka_4,1-3 Lakhs,Yes,Automotive Mechanic,TC_0424,2025-12-05,Certified,40.0,Yes,2026-05-23,Placed,Axis Bank,Teacher,39699.0,2026-07-28,Beed,,
PART_00165,Mohan Rao 70,31,Other,10th Pass,Kolhapur,Taluka_9,Below 1 Lakh,Yes,Full Stack Development,TC_0201,2026-02-24,Ongoing,,No,,Not Applicable,,,,,,4.0,Maybe
PART_00166,Ramesh Jadhav 26,18,Other,10th Pass,Nanded,Taluka_1,1-3 Lakhs,No,Automotive Mechanic,TC_0329,2025-12-06,Ongoing,,No,,Not Applicable,,,,,,4.0,No
PART_00167,Anil Kamble 11,25,Female,12th Pass,Jalna,Taluka_3,1-3 Lakhs,Yes,Warehouse Management,TC_0433,2025-10-04,Completed,41.0,No,,Not Placed,,,,,,4.0,Yes
PART_00168,Meera Nair 23,33,Male,10th Pass,Akola,Taluka_2,1-3 Lakhs,No,Electrician Training,TC_0408,2025-04-11,Completed,95.0,No,,Placed,Byju's,Cloud Engineer,57196.0,,Raigad,1.0,Yes
PART_00169,Vikram Singh 68,26,Male,Diploma,Dhule,Taluka_2,Above 10 Lakhs,No,Welding Technology,TC_0457,2025-09-05,Assessed,80.0,No,,Not Applicable,,,,,,,
PART_00170,Manoj Tiwari 96,35,Female,12th Pass,Akola,Taluka_2,1-3 Lakhs,No,Customer Service,TC_0074,2026-05-01,Ongoing,,No,,Not Applicable,,,,,,5.0,Yes
PART_00171,Deepa Iyer 47,29,Other,10th Pass,Parbhani,Taluka_5,Above 10 Lakhs,Yes,Digital Marketing,TC_0008,2025-08-10,Certified,59.0,Yes,2025-12-30,Not Placed,,,,,,,
PART_00172,Rahul Verma 8,32,Female,Post Graduate,Parbhani,Taluka_3,Below 1 Lakh,No,Food Processing,TC_0258,2025-03-18,Certified,69.0,Yes,2025-08-20,Not Placed,,,,,,,
PART_00173,Dinesh Shinde 80,44,Male,10th Pass,Aurangabad,Taluka_3,5-10 Lakhs,No,Cloud Computing,TC_0484,2025-02-22,Assessed,66.0,No,,Not Applicable,,,,,,,
PART_00174,Anjali Reddy 78,42,Female,Diploma,Nashik,Taluka_1,3-5 Lakhs,Yes,Full Stack Development,TC_0420,2025-07-25,Completed,87.0,No,,Placed,Paytm,Teacher,70643.0,,Nashik,2.0,Maybe
PART_00175,Rekha Pillai 46,40,Male,12th Pass,Sangli,Taluka_9,Below 1 Lakh,Yes,Cloud Computing,TC_0101,2026-03-24,Assessed,92.0,No,,Not Applicable,,,,,,,
PART_00176,Neha Dubey 40,44,Other,Diploma,Chandrapur,Taluka_5,1-3 Lakhs,Yes,Warehouse Management,TC_0091,2025-12-11,Completed,84.0,No,,Self Employed,,,,,,5.0,Yes
PART_00177,Sanjay Gupta 13,35,Other,Post Graduate,Mumbai,Taluka_5,3-5 Lakhs,No,Food Processing,TC_0299,2025-07-03,Completed,67.0,No,,Placed,Crompton Greaves,Logistics Coordinator,46136.0,,Beed,1.0,No
PART_00178,Laxmi Hegde 20,21,Female,Graduate,Nanded,Taluka_10,Above 10 Lakhs,No,Data Analytics,TC_0181,2025-08-20,Completed,57.0,No,,Not Placed,,,,,,1.0,Maybe
PART_00179,Anil Kamble 79,32,Female,10th Pass,Latur,Taluka_4,Above 10 Lakhs,No,Data Analytics,TC_0246,2025-01-02,Certified,79.0,Yes,2025-05-28,Self Employed,,,,,,,
PART_00180,Priya Sharma 60,25,Male,Post Graduate,Chandrapur,Taluka_4,3-5 Lakhs,Yes,Full Stack Development,TC_0400,2026-08-17,Completed,93.0,No,,Not Placed,,,,,,2.0,Yes
PART_00181,Nitin Bhosale 54,40,Other,12th Pass,Bhiwandi,Taluka_9,3-5 Lakhs,Yes,Warehouse Management,TC_0354,2026-01-28,Dropped Out,,No,,Not Applicable,,,,,,,
PART_00182,Shweta Bhatt 51,30,Other,Graduate,Amravati,Taluka_10,Below 1 Lakh,Yes,Data Analytics,TC_0299,2025-05-01,Ongoing,,No,,Not Applicable,,,,,,1.0,No
PART_00183,Pooja Joshi 81,23,Male,Post Graduate,Bhiwandi,Taluka_6,Below 1 Lakh,No,Cloud Computing,TC_0315,2026-05-17,Dropped Out,,No,,Not Applicable,,,,,,,
PART_00184,Suresh Yadav 68,30,Male,Graduate,Nagpur,Taluka_8,5-10 Lakhs,No,Electrician Training,TC_0188,2025-01-19,Ongoing,,No,,Not Applicable,,,,,,3.0,Maybe
PART_00185,Manoj Tiwari 65,39,Female,Post Graduate,Mumbai,Taluka_5,5-10 Lakhs,No,Data Analytics,TC_0400,2025-03-01,Completed,80.0,No,,Placed,Apollo Hospitals,Fitter,44134.0,,Yavatmal,5.0,No
PART_00186,Neha Dubey 10,36,Male,12th Pass,Nanded,Taluka_3,Below 1 Lakh,Yes,Customer Service,TC_0029,2025-11-30,Dropped Out,,No,,Not Applicable,,,,,,,
PART_00187,Meera Nair 50,30,Other,Graduate,Thane,Taluka_5,5-10 Lakhs,No,Medical Lab Technology,TC_0450,2026-06-07,Dropped Out,,No,,Not Applicable,,,,,,,
PART_00188,Manoj Tiwari 77,26,Other,10th Pass,Amravati,Taluka_4,3-5 Lakhs,Yes,Beauty & Wellness,TC_0378,2025-10-13,Dropped Out,,No,,Not Applicable,,,,,,,
PART_00189,Ashok Pawar 85,18,Female,Diploma,Jalgaon,Taluka_4,Below 1 Lakh,No,CNC Operation,TC_0452,2025-04-22,Completed,98.0,No,,Not Placed,,,,,,1.0,Maybe
PART_00190,Neha Dubey 54,41,Female,Diploma,Thane,Taluka_9,Above 10 Lakhs,No,Full Stack Development,TC_0102,2026-02-12,Dropped Out,,No,,Not Applicable,,,,,,,
PART_00191,Prakash More 94,26,Male,12th Pass,Bhiwandi,Taluka_9,Below 1 Lakh,No,Customer Service,TC_0466,2026-07-26,Dropped Out,,No,,Not Applicable,,,,,,,
PART_00192,Rahul Verma 24,30,Male,10th Pass,Mumbai,Taluka_1,1-3 Lakhs,No,Warehouse Management,TC_0244,2025-05-13,Dropped Out,,No,,Not Applicable,,,,,,,
PART_00193,Prakash More 43,29,Male,Diploma,Aurangabad,Taluka_2,Above 10 Lakhs,Yes,Mobile Repair,TC_0358,2025-05-26,Completed,85.0,No,,Placed,Accenture,Logistics Coordinator,56506.0,,Chandrapur,2.0,Maybe
PART_00194,Manoj Tiwari 3,33,Female,10th Pass,Nashik,Taluka_5,1-3 Lakhs,Yes,Electrician Training,TC_0133,2025-03-19,Ongoing,,No,,Not Applicable,,,,,,5.0,Maybe
PART_00195,Vikram Singh 94,38,Male,Graduate,Nashik,Taluka_8,Above 10 Lakhs,No,Warehouse Management,TC_0440,2025-02-26,Assessed,88.0,No,,Not Applicable,,,,,,,
PART_00196,Sneha Deshmukh 92,34,Other,Post Graduate,Bhiwandi,Taluka_3,5-10 Lakhs,No,Welding Technology,TC_0457,2026-08-13,Completed,88.0,No,,Not Placed,,,,,,4.0,No
PART_00197,Suresh Yadav 8,34,Other,Graduate,Akola,Taluka_7,Below 1 Lakh,Yes,Welding Technology,TC_0445,2025-07-03,Dropped Out,,No,,Not Applicable,,,,,,,
PART_00198,Mohan Rao 91,33,Male,12th Pass,Sangli,Taluka_10,1-3 Lakhs,No,Beauty & Wellness,TC_0109,2025-10-04,Completed,64.0,No,,Placed,Razorpay,Supply Chain Analyst,40778.0,,Parbhani,5.0,Maybe
PART_00199,Pooja Joshi 54,41,Other,Post Graduate,Thane,Taluka_10,3-5 Lakhs,Yes,Data Analytics,TC_0301,2026-06-27,Ongoing,,No,,Not Applicable,,,,,,2.0,No
PART_00200,Rekha Pillai 57,32,Female,10th Pass,Akola,Taluka_5,5-10 Lakhs,Yes,Medical Lab Technology,TC_0155,2025-11-01,Certified,47.0,Yes,2026-04-18,Placed,Reliance Jio,Electrician,16851.0,2026-05-11,Nanded,,
PART_00201,Amit Patel 39,24,Other,Diploma,Nashik,Taluka_1,5-10 Lakhs,No,Data Analytics,TC_0035,2025-12-10,Ongoing,,No,,Not Applicable,,,,,,4.0,Yes
PART_00202,Priya Sharma 45,30,Female,12th Pass,Aurangabad,Taluka_8,Below 1 Lakh,Yes,Mobile Repair,TC_0323,2026-07-17,Completed,63.0,No,,Further Studies,,,,,,1.0,Maybe
PART_00203,Manoj Tiwari 59,18,Other,12th Pass,Solapur,Taluka_9,Above 10 Lakhs,Yes,Mobile Repair,TC_0289,2026-04-16,Certified,89.0,Yes,2026-08-09,Not Placed,,,,,,,
PART_00204,Nitin Bhosale 62,34,Other,Post Graduate,Nanded,Taluka_2,5-10 Lakhs,Yes,Medical Lab Technology,TC_0482,2025-12-13,Certified,75.0,Yes,2026-05-20,Placed,Cognizant,Business Analyst,43371.0,2026-08-05,Satara,,
PART_00205,Anjali Reddy 65,33,Male,10th Pass,Mumbai,Taluka_3,1-3 Lakhs,No,Accounting & GST,TC_0428,2025-01-17,Completed,44.0,No,,Placed,Larsen & Toubro,Nurse,65741.0,,Osmanabad,3.0,Yes
PART_00206,Kavita Rao 27,34,Other,Post Graduate,Amravati,Taluka_3,Above 10 Lakhs,No,Digital Marketing,TC_0021,2026-01-15,Ongoing,,No,,Not Applicable,,,,,,3.0,Maybe
PART_00207,Sunita Kaur 70,43,Male,10th Pass,Nagpur,Taluka_9,Below 1 Lakh,Yes,Mobile Repair,TC_0224,2025-01-10,Assessed,74.0,No,,Not Applicable,,,,,,,
PART_00208,Ramesh Jadhav 71,38,Other,10th Pass,Thane,Taluka_3,Above 10 Lakhs,Yes,Electrician Training,TC_0494,2026-05-11,Completed,55.0,No,,Not Placed,,,,,,3.0,Yes
PART_00209,Sneha Deshmukh 12,28,Other,Diploma,Mumbai,Taluka_4,1-3 Lakhs,No,Mobile Repair,TC_0430,2026-08-21,Completed,96.0,No,,Self Employed,,,,,,1.0,No
PART_00210,Arun Kulkarni 27,18,Other,Graduate,Nashik,Taluka_8,5-10 Lakhs,Yes,Mobile Repair,TC_0300,2026-06-14,Ongoing,,No,,Not Applicable,,,,,,2.0,Yes
PART_00211,Sneha Deshmukh 57,33,Female,12th Pass,Latur,Taluka_1,Above 10 Lakhs,No,CNC Operation,TC_0456,2026-05-07,Dropped Out,,No,,Not Applicable,,,,,,,
PART_00212,Deepa Iyer 32,33,Other,Diploma,Latur,Taluka_10,5-10 Lakhs,Yes,Food Processing,TC_0414,2025-03-01,Assessed,78.0,No,,Not Applicable,,,,,,,
PART_00213,Vikram Singh 72,44,Male,Diploma,Thane,Taluka_8,Above 10 Lakhs,No,Medical Lab Technology,TC_0022,2025-08-31,Completed,43.0,No,,Placed,ICICI Bank,HR Coordinator,40179.0,,Dhule,1.0,Yes
PART_00214,Anjali Reddy 67,45,Female,Diploma,Pune,Taluka_4,Above 10 Lakhs,No,Accounting & GST,TC_0399,2025-03-24,Completed,66.0,No,,Not Placed,,,,,,5.0,No
PART_00215,Rahul Verma 100,20,Female,12th Pass,Dhule,Taluka_8,1-3 Lakhs,Yes,Cloud Computing,TC_0030,2025-05-04,Assessed,79.0,No,,Not Applicable,,,,,,,
PART_00216,Meera Nair 46,44,Other,Graduate,Akola,Taluka_2,1-3 Lakhs,Yes,Digital Marketing,TC_0085,2025-01-11,Assessed,54.0,No,,Not Applicable,,,,,,,
PART_00217,Rajesh Kumar 70,20,Female,12th Pass,Sangli,Taluka_9,Below 1 Lakh,Yes,Full Stack Development,TC_0391,2025-12-14,Completed,89.0,No,,Not Placed,,,,,,2.0,No
PART_00218,Ashok Pawar 57,43,Female,12th Pass,Dhule,Taluka_2,Above 10 Lakhs,No,Electrician Training,TC_0400,2025-09-06,Certified,47.0,Yes,2026-03-04,Placed,Paytm,Business Analyst,74144.0,2026-04-18,Bhiwandi,,
PART_00219,Deepa Iyer 70,39,Male,Diploma,Solapur,Taluka_5,Above 10 Lakhs,Yes,CNC Operation,TC_0269,2025-01-08,Certified,72.0,Yes,2025-05-20,Placed,Flipkart,Technician,71939.0,2025-06-17,Dhule,,
PART_00220,Anjali Reddy 31,36,Male,Graduate,Thane,Taluka_4,3-5 Lakhs,Yes,CNC Operation,TC_0159,2026-07-01,Certified,86.0,Yes,2026-11-11,Self Employed,,,,,,,
PART_00221,Anil Kamble 41,43,Male,Diploma,Latur,Taluka_9,5-10 Lakhs,Yes,Data Analytics,TC_0201,2025-07-31,Ongoing,,No,,Not Applicable,,,,,,4.0,Yes
PART_00222,Geeta Sawant 75,34,Other,Post Graduate,Jalna,Taluka_3,Below 1 Lakh,No,Electrician Training,TC_0048,2025-09-03,Ongoing,,No,,Not Applicable,,,,,,2.0,Maybe
PART_00223,Anjali Reddy 79,21,Male,Graduate,Nagpur,Taluka_7,3-5 Lakhs,Yes,Digital Marketing,TC_0322,2026-02-16,Dropped Out,,No,,Not Applicable,,,,,,,
PART_00224,Neha Dubey 83,35,Male,10th Pass,Dhule,Taluka_9,3-5 Lakhs,Yes,Cloud Computing,TC_0413,2026-03-14,Completed,50.0,No,,Not Placed,,,,,,1.0,Yes
PART_00225,Vikram Singh 14,42,Male,Diploma,Jalna,Taluka_5,5-10 Lakhs,Yes,Retail Management,TC_0269,2026-04-17,Assessed,72.0,No,,Not Applicable,,,,,,,
PART_00226,Shweta Bhatt 37,34,Other,12th Pass,Dhule,Taluka_10,Above 10 Lakhs,Yes,CNC Operation,TC_0086,2025-12-11,Certified,76.0,Yes,2026-03-24,Placed,Vedantu,Retail Associate,58231.0,2026-06-04,Nagpur,,
PART_00227,Rahul Verma 61,40,Female,12th Pass,Thane,Taluka_5,Below 1 Lakh,No,Customer Service,TC_0012,2026-08-05,Dropped Out,,No,,Not Applicable,,,,,,,
PART_00228,Vikram Singh 16,19,Female,Graduate,Mumbai,Taluka_6,Above 10 Lakhs,Yes,Food Processing,TC_0062,2025-04-24,Completed,59.0,No,,Self Employed,,,,,,4.0,Maybe
PART_00229,Laxmi Hegde 53,39,Other,10th Pass,Sangli,Taluka_10,3-5 Lakhs,Yes,Electrician Training,TC_0007,2025-12-22,Completed,54.0,No,,Self Employed,,,,,,4.0,Maybe
PART_00230,Sneha Deshmukh 78,27,Other,Diploma,Ahmednagar,Taluka_6,3-5 Lakhs,No,Welding Technology,TC_0113,2025-11-20,Ongoing,,No,,Not Applicable,,,,,,5.0,Maybe
PART_00231,Sanjay Gupta 17,36,Female,Diploma,Mumbai,Taluka_6,3-5 Lakhs,Yes,Warehouse Management,TC_0036,2025-04-12,Completed,71.0,No,,Not Placed,,,,,,1.0,No
PART_00232,Meera Nair 2,43,Other,Post Graduate,Aurangabad,Taluka_3,Above 10 Lakhs,Yes,Electrician Training,TC_0210,2026-02-13,Completed,68.0,No,,Placed,Godrej Industries,Electrician,29667.0,,Latur,3.0,No
PART_00233,Dinesh Shinde 78,36,Female,Graduate,Aurangabad,Taluka_7,1-3 Lakhs,No,Beauty & Wellness,TC_0416,2025-12-10,Dropped Out,,No,,Not Applicable,,,,,,,
PART_00234,Priya Sharma 20,25,Other,10th Pass,Nanded,Taluka_8,1-3 Lakhs,No,Accounting & GST,TC_0397,2026-07-06,Certified,74.0,Yes,2026-11-23,Placed,PhonePe,DevOps Engineer,72669.0,2027-01-28,Akola,,
PART_00235,Sunita Kaur 4,26,Male,Graduate,Nashik,Taluka_1,Above 10 Lakhs,No,Retail Management,TC_0409,2025-10-17,Completed,98.0,No,,Placed,Axis Bank,Retail Associate,76171.0,,Mumbai,1.0,Maybe
PART_00236,Rahul Verma 7,41,Male,10th Pass,Amravati,Taluka_3,5-10 Lakhs,Yes,Retail Management,TC_0307,2026-07-06,Dropped Out,,No,,Not Applicable,,,,,,,
PART_00237,Nitin Bhosale 39,36,Female,Graduate,Dhule,Taluka_9,5-10 Lakhs,No,Medical Lab Technology,TC_0495,2025-10-10,Assessed,47.0,No,,Not Applicable,,,,,,,
PART_00238,Shweta Bhatt 46,39,Male,Post Graduate,Nagpur,Taluka_3,1-3 Lakhs,Yes,Full Stack Development,TC_0131,2025-07-17,Dropped Out,,No,,Not Applicable,,,,,,,
PART_00239,Mohan Rao 85,30,Male,Diploma,Dhule,Taluka_10,Below 1 Lakh,No,Retail Management,TC_0212,2025-11-07,Dropped Out,,No,,Not Applicable,,,,,,,
PART_00240,Suresh Yadav 33,41,Other,Graduate,Nanded,Taluka_5,3-5 Lakhs,Yes,Cloud Computing,TC_0367,2025-03-19,Completed,68.0,No,,Placed,Wipro,Project Coordinator,38590.0,,Amravati,1.0,Yes
PART_00241,Anjali Reddy 53,42,Other,10th Pass,Jalgaon,Taluka_2,Above 10 Lakhs,No,Digital Marketing,TC_0017,2025-09-21,Completed,93.0,No,,Placed,Byju's,Machine Learning Engineer,64804.0,,Dhule,2.0,Maybe
PART_00242,Ramesh Jadhav 72,36,Male,12th Pass,Parbhani,Taluka_5,Below 1 Lakh,Yes,Electrician Training,TC_0373,2025-09-20,Assessed,79.0,No,,Not Applicable,,,,,,,
PART_00243,Shweta Bhatt 63,36,Male,Diploma,Chandrapur,Taluka_4,3-5 Lakhs,Yes,Automotive Mechanic,TC_0487,2025-10-03,Completed,55.0,No,,Placed,Flipkart,Teacher,70056.0,,Chandrapur,3.0,Yes
PART_00244,Mohan Rao 1,31,Other,Post Graduate,Aurangabad,Taluka_2,3-5 Lakhs,Yes,Full Stack Development,TC_0350,2025-01-16,Certified,98.0,Yes,2025-04-19,Not Placed,,,,,,,
PART_00245,Dinesh Shinde 62,40,Other,Diploma,Parbhani,Taluka_2,5-10 Lakhs,Yes,Medical Lab Technology,TC_0347,2025-08-28,Certified,96.0,Yes,2025-12-26,Self Employed,,,,,,,
PART_00246,Pooja Joshi 62,29,Other,Post Graduate,Thane,Taluka_4,Below 1 Lakh,Yes,CNC Operation,TC_0046,2026-04-16,Completed,77.0,No,,Not Placed,,,,,,3.0,Maybe
PART_00247,Arun Kulkarni 60,20,Other,10th Pass,Solapur,Taluka_5,Below 1 Lakh,Yes,Welding Technology,TC_0441,2025-01-28,Ongoing,,No,,Not Applicable,,,,,,4.0,Maybe
PART_00248,Sneha Deshmukh 91,35,Female,12th Pass,Dhule,Taluka_2,Below 1 Lakh,No,Customer Service,TC_0015,2026-04-25,Certified,95.0,Yes,2026-10-07,Placed,TCS,UI/UX Designer,36253.0,2026-12-14,Satara,,
PART_00249,Sneha Deshmukh 17,33,Male,Graduate,Chandrapur,Taluka_4,1-3 Lakhs,No,Automotive Mechanic,TC_0366,2026-05-22,Ongoing,,No,,Not Applicable,,,,,,1.0,Yes
PART_00250,Geeta Sawant 45,41,Male,Post Graduate,Bhiwandi,Taluka_5,Below 1 Lakh,No,Mobile Repair,TC_0409,2025-08-28,Completed,72.0,No,,Further Studies,,,,,,3.0,No
PART_00251,Vikram Singh 85,28,Female,Graduate,Latur,Taluka_8,Above 10 Lakhs,No,Full Stack Development,TC_0165,2025-11-04,Certified,47.0,Yes,2026-02-12,Placed,Fortis Healthcare,Welder,73731.0,2026-02-24,Nagpur,,
PART_00252,Neha Dubey 46,24,Female,10th Pass,Jalgaon,Taluka_3,3-5 Lakhs,Yes,Mobile Repair,TC_0493,2026-02-26,Dropped Out,,No,,Not Applicable,,,,,,,
PART_00253,Ramesh Jadhav 56,36,Female,Graduate,Parbhani,Taluka_7,Above 10 Lakhs,Yes,Data Analytics,TC_0240,2026-07-26,Completed,91.0,No,,Self Employed,,,,,,4.0,Yes
PART_00254,Suresh Yadav 15,42,Male,Graduate,Bhiwandi,Taluka_7,3-5 Lakhs,Yes,Electrician Training,TC_0468,2026-08-03,Certified,92.0,Yes,2027-01-01,Placed,Bajaj Finserv,Full Stack Developer,21222.0,2027-01-02,Kolhapur,,
PART_00255,Amit Patel 13,20,Female,Diploma,Chandrapur,Taluka_8,Below 1 Lakh,Yes,Retail Management,TC_0007,2026-04-29,Ongoing,,No,,Not Applicable,,,,,,5.0,Yes
PART_00256,Nitin Bhosale 24,42,Female,Diploma,Latur,Taluka_1,Above 10 Lakhs,No,Retail Management,TC_0472,2025-06-05,Completed,100.0,No,,Placed,Wipro,DevOps Engineer,66719.0,,Aurangabad,2.0,Maybe
PART_00257,Mohan Rao 82,25,Other,Diploma,Kolhapur,Taluka_1,1-3 Lakhs,No,Accounting & GST,TC_0042,2025-08-27,Certified,88.0,Yes,2026-02-04,Placed,Mahindra & Mahindra,Supply Chain Analyst,25507.0,2026-04-26,Chandrapur,,
PART_00258,Usha Menon 10,22,Male,Post Graduate,Latur,Taluka_6,5-10 Lakhs,Yes,Beauty & Wellness,TC_0469,2025-03-29,Ongoing,,No,,Not Applicable,,,,,,3.0,Maybe
PART_00259,Manoj Tiwari 7,39,Female,Graduate,Pune,Taluka_8,5-10 Lakhs,No,Warehouse Management,TC_0249,2025-04-03,Completed,53.0,No,,Placed,Narayana Health,Machine Operator,68678.0,,Bhiwandi,2.0,No
PART_00260,Nitin Bhosale 42,27,Other,Graduate,Jalgaon,Taluka_2,3-5 Lakhs,No,Data Analytics,TC_0013,2025-11-18,Assessed,54.0,No,,Not Applicable,,,,,,,
PART_00261,Vikram Singh 55,38,Other,Graduate,Amravati,Taluka_7,Below 1 Lakh,No,Retail Management,TC_0497,2025-03-02,Completed,93.0,No,,Self Employed,,,,,,5.0,Maybe
PART_00262,Vikram Singh 92,20,Other,10th Pass,Nanded,Taluka_6,Above 10 Lakhs,Yes,Customer Service,TC_0284,2025-09-07,Certified,87.0,Yes,2026-01-04,Placed,ABB India,Welder,62330.0,2026-04-04,Dhule,,
PART_00263,Prakash More 72,25,Female,Diploma,Thane,Taluka_2,5-10 Lakhs,Yes,Data Analytics,TC_0423,2026-01-29,Ongoing,,No,,Not Applicable,,,,,,3.0,Maybe
PART_00264,Sneha Deshmukh 28,34,Male,12th Pass,Aurangabad,Taluka_7,1-3 Lakhs,Yes,Food Processing,TC_0391,2025-12-14,Ongoing,,No,,Not Applicable,,,,,,2.0,No
PART_00265,Preeti Chopra 79,37,Female,10th Pass,Jalgaon,Taluka_3,Below 1 Lakh,No,CNC Operation,TC_0455,2025-11-21,Completed,92.0,No,,Not Placed,,,,,,5.0,Yes
PART_00266,Preeti Chopra 25,43,Other,Post Graduate,Akola,Taluka_2,3-5 Lakhs,No,Electrician Training,TC_0449,2025-02-08,Dropped Out,,No,,Not Applicable,,,,,,,
PART_00267,Prakash More 66,45,Female,10th Pass,Parbhani,Taluka_9,1-3 Lakhs,Yes,Accounting & GST,TC_0274,2025-01-07,Certified,71.0,Yes,2025-05-27,Placed,Apollo Hospitals,Machine Learning Engineer,38431.0,2025-08-02,Raigad,,
PART_00268,Rajesh Kumar 85,38,Female,10th Pass,Parbhani,Taluka_8,Below 1 Lakh,Yes,Cloud Computing,TC_0111,2026-02-28,Ongoing,,No,,Not Applicable,,,,,,2.0,Yes
PART_00269,Rajesh Kumar 9,31,Male,Diploma,Ahmednagar,Taluka_7,Above 10 Lakhs,Yes,Retail Management,TC_0208,2025-11-14,Dropped Out,,No,,Not Applicable,,,,,,,
PART_00270,Anjali Reddy 88,43,Female,Post Graduate,Jalna,Taluka_6,5-10 Lakhs,No,Welding Technology,TC_0416,2025-04-14,Assessed,48.0,No,,Not Applicable,,,,,,,
PART_00271,Nitin Bhosale 78,34,Female,12th Pass,Jalgaon,Taluka_5,Below 1 Lakh,No,Retail Management,TC_0019,2025-04-07,Dropped Out,,No,,Not Applicable,,,,,,,
PART_00272,Geeta Sawant 74,26,Male,Graduate,Ahmednagar,Taluka_4,5-10 Lakhs,Yes,CNC Operation,TC_0167,2025-04-20,Ongoing,,No,,Not Applicable,,,,,,1.0,Yes
PART_00273,Dinesh Shinde 34,38,Male,10th Pass,Jalna,Taluka_1,3-5 Lakhs,No,Retail Management,TC_0046,2025-02-04,Assessed,50.0,No,,Not Applicable,,,,,,,
PART_00274,Arun Kulkarni 79,19,Female,Graduate,Akola,Taluka_5,5-10 Lakhs,No,Cloud Computing,TC_0239,2025-04-22,Certified,62.0,Yes,2025-10-01,Placed,PhonePe,Machine Learning Engineer,79119.0,2025-11-23,Nanded,,
PART_00275,Dinesh Shinde 14,33,Male,Post Graduate,Sangli,Taluka_8,Below 1 Lakh,Yes,Accounting & GST,TC_0058,2025-06-05,Ongoing,,No,,Not Applicable,,,,,,3.0,Yes
PART_00276,Sunita Kaur 70,40,Female,Post Graduate,Solapur,Taluka_4,1-3 Lakhs,Yes,Data Analytics,TC_0217,2026-01-08,Ongoing,,No,,Not Applicable,,,,,,5.0,No
PART_00277,Mohan Rao 51,20,Male,Diploma,Jalgaon,Taluka_3,1-3 Lakhs,Yes,CNC Operation,TC_0467,2025-05-13,Certified,68.0,Yes,2025-10-29,Placed,Paytm,HR Coordinator,77311.0,2026-01-23,Mumbai,,
PART_00278,Priya Sharma 12,44,Male,Post Graduate,Pune,Taluka_9,3-5 Lakhs,No,Cloud Computing,TC_0232,2025-07-06,Dropped Out,,No,,Not Applicable,,,,,,,
PART_00279,Suresh Yadav 70,35,Other,Post Graduate,Jalna,Taluka_4,1-3 Lakhs,Yes,Cloud Computing,TC_0289,2026-06-07,Dropped Out,,No,,Not Applicable,,,,,,,
PART_00280,Usha Menon 32,29,Female,10th Pass,Akola,Taluka_3,3-5 Lakhs,No,Warehouse Management,TC_0011,2026-01-31,Completed,61.0,No,,Placed,ICICI Bank,Training Coordinator,23980.0,,Satara,1.0,Yes
PART_00281,Nitin Bhosale 71,37,Female,10th Pass,Bhiwandi,Taluka_2,3-5 Lakhs,No,Welding Technology,TC_0256,2025-11-30,Completed,89.0,No,,Placed,Bajaj Finserv,Teacher,58657.0,,Ahmednagar,2.0,Yes
PART_00282,Sunita Kaur 69,23,Male,Diploma,Mumbai,Taluka_6,1-3 Lakhs,No,Automotive Mechanic,TC_0442,2025-07-15,Completed,52.0,No,,Placed,Tata Motors,Quality Analyst,60355.0,,Sangli,2.0,Yes
PART_00283,Ramesh Jadhav 34,20,Other,Diploma,Sangli,Taluka_5,5-10 Lakhs,Yes,Data Analytics,TC_0138,2025-07-11,Ongoing,,No,,Not Applicable,,,,,,4.0,Maybe
PART_00284,Anil Kamble 75,32,Male,Graduate,Solapur,Taluka_2,1-3 Lakhs,Yes,Cloud Computing,TC_0056,2026-06-06,Completed,95.0,No,,Not Placed,,,,,,2.0,Maybe
PART_00285,Ramesh Jadhav 29,45,Other,10th Pass,Ahmednagar,Taluka_5,1-3 Lakhs,No,Accounting & GST,TC_0428,2025-06-26,Dropped Out,,No,,Not Applicable,,,,,,,
PART_00286,Pooja Joshi 18,20,Other,Graduate,Jalgaon,Taluka_2,3-5 Lakhs,No,Mobile Repair,TC_0328,2026-04-12,Completed,52.0,No,,Placed,Tech Mahindra,Data Analyst,44789.0,,Aurangabad,4.0,No
PART_00287,Laxmi Hegde 94,35,Other,Graduate,Dhule,Taluka_6,Above 10 Lakhs,No,Retail Management,TC_0078,2025-10-25,Ongoing,,No,,Not Applicable,,,,,,3.0,Maybe
PART_00288,Rekha Pillai 97,42,Male,Diploma,Mumbai,Taluka_3,Below 1 Lakh,Yes,CNC Operation,TC_0170,2025-01-11,Assessed,63.0,No,,Not Applicable,,,,,,,
PART_00289,Nitin Bhosale 85,42,Male,Graduate,Parbhani,Taluka_3,3-5 Lakhs,Yes,Accounting & GST,TC_0395,2025-02-19,Dropped Out,,No,,Not Applicable,,,,,,,
PART_00290,Suresh Yadav 84,44,Female,Diploma,Nashik,Taluka_7,5-10 Lakhs,No,Mobile Repair,TC_0291,2025-08-30,Certified,59.0,Yes,2025-12-22,Placed,IBM,UI/UX Designer,51097.0,2026-01-16,Chandrapur,,
PART_00291,Prakash More 22,44,Male,12th Pass,Mumbai,Taluka_3,5-10 Lakhs,Yes,Welding Technology,TC_0065,2025-02-01,Ongoing,,No,,Not Applicable,,,,,,5.0,No
PART_00292,Rajesh Kumar 83,18,Male,Diploma,Akola,Taluka_4,3-5 Lakhs,No,Warehouse Management,TC_0202,2025-07-09,Assessed,71.0,No,,Not Applicable,,,,,,,
PART_00293,Preeti Chopra 78,44,Male,Post Graduate,Nagpur,Taluka_8,1-3 Lakhs,No,Welding Technology,TC_0142,2025-09-06,Completed,69.0,No,,Placed,Infosys,Machine Learning Engineer,71587.0,,Bhiwandi,3.0,No
PART_00294,Pooja Joshi 63,30,Male,Post Graduate,Nashik,Taluka_6,3-5 Lakhs,No,Electrician Training,TC_0287,2025-06-16,Assessed,71.0,No,,Not Applicable,,,,,,,
PART_00295,Deepa Iyer 74,30,Female,Diploma,Nanded,Taluka_9,5-10 Lakhs,No,Warehouse Management,TC_0489,2025-04-19,Certified,99.0,Yes,2025-07-21,Placed,Unacademy,Digital Marketing Executive,18479.0,2025-09-14,Aurangabad,,
PART_00296,Pooja Joshi 43,42,Other,10th Pass,Latur,Taluka_10,1-3 Lakhs,Yes,Welding Technology,TC_0344,2025-09-28,Assessed,91.0,No,,Not Applicable,,,,,,,
PART_00297,Anil Kamble 36,44,Female,Diploma,Bhiwandi,Taluka_6,5-10 Lakhs,No,Automotive Mechanic,TC_0206,2026-03-01,Completed,82.0,No,,Placed,Byju's,Machine Operator,24278.0,,Sangli,3.0,Yes
PART_00298,Anil Kamble 31,41,Male,Post Graduate,Dhule,Taluka_2,1-3 Lakhs,No,Retail Management,TC_0150,2026-06-19,Assessed,92.0,No,,Not Applicable,,,,,,,
PART_00299,Rekha Pillai 77,42,Other,Diploma,Nanded,Taluka_5,Below 1 Lakh,No,Electrician Training,TC_0085,2026-03-23,Ongoing,,No,,Not Applicable,,,,,,3.0,Maybe
PART_00300,Ashok Pawar 41,25,Female,10th Pass,Akola,Taluka_8,3-5 Lakhs,No,Electrician Training,TC_0043,2025-12-05,Ongoing,,No,,Not Applicable,,,,,,3.0,No
PART_00301,Sunita Kaur 16,28,Other,10th Pass,Aurangabad,Taluka_3,1-3 Lakhs,No,Cloud Computing,TC_0380,2026-07-12,Assessed,82.0,No,,Not Applicable,,,,,,,
PART_00302,Usha Menon 77,32,Female,Post Graduate,Nagpur,Taluka_2,5-10 Lakhs,No,Beauty & Wellness,TC_0003,2026-06-19,Dropped Out,,No,,Not Applicable,,,,,,,
PART_00303,Meera Nair 77,19,Other,Graduate,Dhule,Taluka_10,Above 10 Lakhs,Yes,Beauty & Wellness,TC_0239,2025-10-13,Dropped Out,,No,,Not Applicable,,,,,,,
PART_00304,Rajesh Kumar 8,27,Other,Post Graduate,Dhule,Taluka_10,Below 1 Lakh,Yes,CNC Operation,TC_0193,2026-05-25,Assessed,49.0,No,,Not Applicable,,,,,,,
PART_00305,Anjali Reddy 33,36,Male,Post Graduate,Amravati,Taluka_5,1-3 Lakhs,No,Warehouse Management,TC_0463,2026-04-06,Certified,58.0,Yes,2026-09-01,Placed,Flipkart,Quality Analyst,66759.0,2026-09-10,Latur,,
PART_00306,Arun Kulkarni 10,28,Female,12th Pass,Sangli,Taluka_10,Above 10 Lakhs,Yes,Customer Service,TC_0072,2025-11-20,Assessed,86.0,No,,Not Applicable,,,,,,,
PART_00307,Neha Dubey 89,44,Other,12th Pass,Pune,Taluka_5,1-3 Lakhs,Yes,Digital Marketing,TC_0208,2025-02-28,Completed,93.0,No,,Placed,Axis Bank,Warehouse Supervisor,71489.0,,Parbhani,3.0,Maybe
PART_00308,Sunita Kaur 82,42,Other,Graduate,Aurangabad,Taluka_10,Above 10 Lakhs,No,Food Processing,TC_0322,2026-06-16,Certified,72.0,Yes,2026-10-27,Not Placed,,,,,,,
PART_00309,Rajesh Kumar 48,18,Other,Diploma,Chandrapur,Taluka_6,Above 10 Lakhs,No,Beauty & Wellness,TC_0365,2025-07-21,Assessed,50.0,No,,Not Applicable,,,,,,,
PART_00310,Prakash More 73,39,Male,Post Graduate,Parbhani,Taluka_2,Above 10 Lakhs,No,Data Analytics,TC_0177,2025-10-15,Ongoing,,No,,Not Applicable,,,,,,3.0,No
PART_00311,Preeti Chopra 46,23,Other,10th Pass,Jalna,Taluka_10,1-3 Lakhs,No,Data Analytics,TC_0188,2026-07-14,Certified,43.0,Yes,2026-12-07,Placed,IBM,Technician,68766.0,2026-12-08,Akola,,
PART_00312,Suresh Yadav 18,30,Male,12th Pass,Kolhapur,Taluka_5,1-3 Lakhs,Yes,Cloud Computing,TC_0248,2025-08-22,Assessed,72.0,No,,Not Applicable,,,,,,,
PART_00313,Meera Nair 79,30,Male,Graduate,Kolhapur,Taluka_4,5-10 Lakhs,No,Beauty & Wellness,TC_0018,2026-03-30,Completed,55.0,No,,Self Employed,,,,,,3.0,Yes
PART_00314,Geeta Sawant 23,25,Female,Diploma,Mumbai,Taluka_5,3-5 Lakhs,Yes,Beauty & Wellness,TC_0256,2025-04-24,Certified,92.0,Yes,2025-10-15,Further Studies,,,,,,,
PART_00315,Vikram Singh 5,34,Other,10th Pass,Nashik,Taluka_1,Below 1 Lakh,Yes,Data Analytics,TC_0132,2025-04-01,Completed,63.0,No,,Not Placed,,,,,,5.0,No
PART_00316,Dinesh Shinde 6,27,Other,Graduate,Mumbai,Taluka_3,1-3 Lakhs,No,Data Analytics,TC_0319,2025-06-21,Certified,41.0,Yes,2025-10-04,Placed,PhonePe,Sales Executive,37021.0,2025-10-25,Dhule,,
PART_00317,Amit Patel 63,22,Other,12th Pass,Chandrapur,Taluka_1,1-3 Lakhs,No,Digital Marketing,TC_0067,2026-01-18,Dropped Out,,No,,Not Applicable,,,,,,,
PART_00318,Mohan Rao 57,36,Female,Graduate,Mumbai,Taluka_5,Below 1 Lakh,Yes,Accounting & GST,TC_0057,2026-06-30,Certified,97.0,Yes,2026-10-25,Not Placed,,,,,,,
PART_00319,Geeta Sawant 15,18,Male,Post Graduate,Kolhapur,Taluka_10,3-5 Lakhs,Yes,Automotive Mechanic,TC_0472,2025-09-25,Completed,40.0,No,,Not Placed,,,,,,2.0,No
PART_00320,Laxmi Hegde 15,42,Other,Post Graduate,Parbhani,Taluka_10,1-3 Lakhs,No,Automotive Mechanic,TC_0253,2026-01-29,Certified,58.0,Yes,2026-07-10,Placed,PhonePe,Technician,53728.0,2026-09-07,Satara,,
PART_00321,Vikram Singh 50,40,Other,Post Graduate,Nagpur,Taluka_2,5-10 Lakhs,Yes,Mobile Repair,TC_0356,2025-09-22,Ongoing,,No,,Not Applicable,,,,,,4.0,Maybe
PART_00322,Ashok Pawar 28,23,Female,Graduate,Amravati,Taluka_2,Above 10 Lakhs,Yes,Accounting & GST,TC_0258,2026-04-16,Ongoing,,No,,Not Applicable,,,,,,2.0,No
PART_00323,Deepa Iyer 67,38,Female,Post Graduate,Jalgaon,Taluka_2,5-10 Lakhs,No,Welding Technology,TC_0480,2026-03-13,Completed,68.0,No,,Not Placed,,,,,,3.0,Maybe
PART_00324,Nitin Bhosale 98,27,Female,12th Pass,Sangli,Taluka_1,3-5 Lakhs,No,Digital Marketing,TC_0212,2026-07-03,Completed,52.0,No,,Placed,Mahindra & Mahindra,UI/UX Designer,22489.0,,Yavatmal,3.0,No
PART_00325,Anjali Reddy 84,25,Other,10th Pass,Solapur,Taluka_3,5-10 Lakhs,Yes,Automotive Mechanic,TC_0171,2025-11-03,Completed,50.0,No,,Not Placed,,,,,,3.0,Yes
PART_00326,Anil Kamble 98,23,Female,12th Pass,Nashik,Taluka_1,3-5 Lakhs,Yes,Full Stack Development,TC_0369,2026-05-03,Dropped Out,,No,,Not Applicable,,,,,,,
PART_00327,Rajesh Kumar 83,26,Other,12th Pass,Latur,Taluka_7,Below 1 Lakh,Yes,Food Processing,TC_0333,2026-04-24,Ongoing,,No,,Not Applicable,,,,,,2.0,No
PART_00328,Ashok Pawar 67,29,Male,Post Graduate,Jalgaon,Taluka_3,Above 10 Lakhs,No,Full Stack Development,TC_0107,2025-04-08,Certified,41.0,Yes,2025-07-21,Placed,Flipkart,Warehouse Supervisor,46630.0,2025-10-07,Dhule,,
PART_00329,Nitin Bhosale 44,29,Other,Graduate,Jalgaon,Taluka_3,Below 1 Lakh,Yes,Customer Service,TC_0473,2026-05-17,Certified,75.0,Yes,2026-08-17,Placed,PhonePe,Cloud Engineer,71704.0,2026-08-25,Akola,,
PART_00330,Ramesh Jadhav 28,37,Male,12th Pass,Pune,Taluka_7,3-5 Lakhs,Yes,Food Processing,TC_0256,2025-01-23,Completed,45.0,No,,Placed,Reliance Jio,Nurse,76470.0,,Beed,5.0,Yes
PART_00331,Geeta Sawant 60,34,Male,Diploma,Mumbai,Taluka_2,Below 1 Lakh,No,Accounting & GST,TC_0343,2025-05-17,Ongoing,,No,,Not Applicable,,,,,,1.0,Yes
PART_00332,Sneha Deshmukh 6,36,Other,Diploma,Bhiwandi,Taluka_4,Below 1 Lakh,No,Full Stack Development,TC_0443,2026-06-08,Completed,72.0,No,,Not Placed,,,,,,5.0,Yes
PART_00333,Pooja Joshi 48,24,Other,Diploma,Nagpur,Taluka_2,Above 10 Lakhs,No,CNC Operation,TC_0240,2025-10-06,Completed,100.0,No,,Not Placed,,,,,,2.0,Yes
PART_00334,Sanjay Gupta 45,31,Male,12th Pass,Dhule,Taluka_4,Below 1 Lakh,Yes,Beauty & Wellness,TC_0304,2026-01-25,Dropped Out,,No,,Not Applicable,,,,,,,
PART_00335,Geeta Sawant 45,38,Female,Diploma,Nanded,Taluka_2,5-10 Lakhs,Yes,Automotive Mechanic,TC_0467,2025-12-17,Ongoing,,No,,Not Applicable,,,,,,2.0,No
PART_00336,Sneha Deshmukh 96,40,Female,12th Pass,Akola,Taluka_4,Below 1 Lakh,No,Warehouse Management,TC_0015,2025-06-26,Dropped Out,,No,,Not Applicable,,,,,,,
PART_00337,Sanjay Gupta 30,36,Male,10th Pass,Kolhapur,Taluka_6,5-10 Lakhs,No,Digital Marketing,TC_0345,2025-05-09,Dropped Out,,No,,Not Applicable,,,,,,,
PART_00338,Geeta Sawant 72,31,Male,12th Pass,Chandrapur,Taluka_8,Above 10 Lakhs,Yes,Automotive Mechanic,TC_0133,2025-06-09,Ongoing,,No,,Not Applicable,,,,,,2.0,Yes
PART_00339,Rekha Pillai 82,18,Male,Graduate,Ahmednagar,Taluka_8,1-3 Lakhs,Yes,Accounting & GST,TC_0342,2026-06-11,Dropped Out,,No,,Not Applicable,,,,,,,
PART_00340,Anil Kamble 63,41,Male,Post Graduate,Ahmednagar,Taluka_9,1-3 Lakhs,No,Automotive Mechanic,TC_0005,2025-02-18,Certified,53.0,Yes,2025-05-29,Not Placed,,,,,,,
PART_00341,Neha Dubey 27,29,Female,Post Graduate,Amravati,Taluka_7,5-10 Lakhs,Yes,Automotive Mechanic,TC_0117,2026-01-21,Ongoing,,No,,Not Applicable,,,,,,5.0,Yes
PART_00342,Vikram Singh 100,24,Other,Diploma,Solapur,Taluka_1,1-3 Lakhs,Yes,Automotive Mechanic,TC_0173,2026-08-07,Ongoing,,No,,Not Applicable,,,,,,2.0,Yes
PART_00343,Anil Kamble 76,45,Other,12th Pass,Thane,Taluka_6,Above 10 Lakhs,Yes,Data Analytics,TC_0183,2025-04-06,Ongoing,,No,,Not Applicable,,,,,,3.0,Yes
PART_00344,Ashok Pawar 62,43,Other,Graduate,Nashik,Taluka_3,Above 10 Lakhs,Yes,Data Analytics,TC_0376,2026-07-26,Dropped Out,,No,,Not Applicable,,,,,,,
PART_00345,Usha Menon 89,34,Female,10th Pass,Parbhani,Taluka_10,Above 10 Lakhs,No,Data Analytics,TC_0022,2025-02-20,Completed,75.0,No,,Self Employed,,,,,,5.0,Yes
PART_00346,Sneha Deshmukh 96,25,Male,10th Pass,Amravati,Taluka_7,Below 1 Lakh,No,Full Stack Development,TC_0098,2025-08-21,Ongoing,,No,,Not Applicable,,,,,,5.0,No
PART_00347,Shweta Bhatt 10,23,Female,Post Graduate,Mumbai,Taluka_8,1-3 Lakhs,Yes,Customer Service,TC_0310,2025-09-13,Dropped Out,,No,,Not Applicable,,,,,,,
PART_00348,Prakash More 38,43,Female,Post Graduate,Latur,Taluka_10,Below 1 Lakh,Yes,Data Analytics,TC_0081,2025-08-10,Completed,88.0,No,,Placed,PhonePe,Training Coordinator,68490.0,,Pune,3.0,No
PART_00349,Shweta Bhatt 52,18,Male,Graduate,Bhiwandi,Taluka_2,Above 10 Lakhs,No,Welding Technology,TC_0111,2025-12-05,Dropped Out,,No,,Not Applicable,,,,,,,
PART_00350,Dinesh Shinde 85,23,Male,12th Pass,Chandrapur,Taluka_4,Below 1 Lakh,No,Customer Service,TC_0272,2025-02-04,Ongoing,,No,,Not Applicable,,,,,,1.0,Yes
PART_00351,Meera Nair 36,25,Male,10th Pass,Thane,Taluka_2,5-10 Lakhs,No,Full Stack Development,TC_0404,2025-12-20,Certified,48.0,Yes,2026-06-15,Placed,Zerodha,Sales Executive,31077.0,2026-07-27,Amravati,,
PART_00352,Deepa Iyer 98,39,Female,12th Pass,Amravati,Taluka_7,3-5 Lakhs,Yes,Customer Service,TC_0179,2026-01-17,Ongoing,,No,,Not Applicable,,,,,,5.0,Yes
PART_00353,Vikram Singh 82,35,Male,Graduate,Sangli,Taluka_3,3-5 Lakhs,Yes,Warehouse Management,TC_0400,2026-06-13,Ongoing,,No,,Not Applicable,,,,,,5.0,No
PART_00354,Sneha Deshmukh 65,37,Female,Graduate,Jalgaon,Taluka_9,3-5 Lakhs,No,Accounting & GST,TC_0115,2026-07-19,Certified,55.0,Yes,2027-01-08,Placed,Byju's,Cloud Engineer,78634.0,2027-01-31,Parbhani,,
PART_00355,Neha Dubey 78,22,Female,12th Pass,Latur,Taluka_3,Above 10 Lakhs,Yes,Cloud Computing,TC_0423,2025-11-25,Assessed,41.0,No,,Not Applicable,,,,,,,
PART_00356,Sanjay Gupta 16,31,Other,Post Graduate,Nashik,Taluka_4,1-3 Lakhs,Yes,Customer Service,TC_0058,2025-03-28,Completed,99.0,No,,Not Placed,,,,,,3.0,Yes
PART_00357,Priya Sharma 12,28,Female,10th Pass,Jalgaon,Taluka_6,5-10 Lakhs,Yes,Digital Marketing,TC_0141,2025-09-08,Assessed,95.0,No,,Not Applicable,,,,,,,
PART_00358,Rajesh Kumar 19,42,Female,Graduate,Ahmednagar,Taluka_10,Above 10 Lakhs,Yes,CNC Operation,TC_0141,2025-10-09,Completed,98.0,No,,Placed,Axis Bank,DevOps Engineer,31606.0,,Solapur,1.0,Yes
PART_00359,Sunita Kaur 43,26,Male,10th Pass,Parbhani,Taluka_5,1-3 Lakhs,No,Mobile Repair,TC_0243,2026-02-06,Completed,66.0,No,,Placed,Axis Bank,Retail Associate,28725.0,,Nashik,2.0,Yes
PART_00360,Deepa Iyer 54,44,Male,10th Pass,Aurangabad,Taluka_8,3-5 Lakhs,Yes,Electrician Training,TC_0007,2025-12-07,Ongoing,,No,,Not Applicable,,,,,,4.0,Maybe
PART_00361,Mohan Rao 17,41,Other,Graduate,Ahmednagar,Taluka_3,Above 10 Lakhs,Yes,Food Processing,TC_0064,2026-03-07,Dropped Out,,No,,Not Applicable,,,,,,,
PART_00362,Neha Dubey 36,36,Female,10th Pass,Ahmednagar,Taluka_5,5-10 Lakhs,No,Accounting & GST,TC_0321,2026-05-31,Completed,70.0,No,,Self Employed,,,,,,5.0,No
PART_00363,Preeti Chopra 91,45,Male,10th Pass,Chandrapur,Taluka_6,5-10 Lakhs,Yes,Warehouse Management,TC_0402,2026-01-29,Completed,83.0,No,,Placed,Vedantu,Digital Marketing Executive,73889.0,,Akola,2.0,Yes
PART_00364,Rahul Verma 63,31,Male,10th Pass,Chandrapur,Taluka_5,Above 10 Lakhs,Yes,Mobile Repair,TC_0235,2025-09-16,Completed,90.0,No,,Self Employed,,,,,,2.0,Yes
PART_00365,Preeti Chopra 70,23,Female,12th Pass,Akola,Taluka_10,5-10 Lakhs,No,Retail Management,TC_0499,2025-10-31,Dropped Out,,No,,Not Applicable,,,,,,,
PART_00366,Arun Kulkarni 25,38,Male,Graduate,Jalna,Taluka_5,Below 1 Lakh,No,Warehouse Management,TC_0237,2025-12-13,Assessed,41.0,No,,Not Applicable,,,,,,,
PART_00367,Prakash More 78,21,Female,Graduate,Akola,Taluka_5,Below 1 Lakh,No,Accounting & GST,TC_0315,2026-03-16,Completed,56.0,No,,Not Placed,,,,,,5.0,Yes
PART_00368,Pooja Joshi 36,22,Other,Post Graduate,Aurangabad,Taluka_1,Above 10 Lakhs,No,Mobile Repair,TC_0065,2025-06-07,Completed,60.0,No,,Self Employed,,,,,,3.0,Maybe
PART_00369,Anjali Reddy 20,21,Male,12th Pass,Jalna,Taluka_7,Above 10 Lakhs,No,Customer Service,TC_0112,2025-06-18,Ongoing,,No,,Not Applicable,,,,,,5.0,Maybe
PART_00370,Ramesh Jadhav 50,19,Other,Post Graduate,Amravati,Taluka_10,3-5 Lakhs,No,Beauty & Wellness,TC_0280,2026-01-18,Dropped Out,,No,,Not Applicable,,,,,,,
PART_00371,Sunita Kaur 32,27,Female,12th Pass,Nashik,Taluka_9,Below 1 Lakh,Yes,Warehouse Management,TC_0346,2025-01-15,Dropped Out,,No,,Not Applicable,,,,,,,
PART_00372,Deepa Iyer 10,32,Female,Post Graduate,Mumbai,Taluka_2,5-10 Lakhs,Yes,Beauty & Wellness,TC_0389,2025-10-17,Assessed,77.0,No,,Not Applicable,,,,,,,
PART_00373,Suresh Yadav 73,45,Other,Diploma,Pune,Taluka_6,1-3 Lakhs,No,CNC Operation,TC_0473,2025-09-02,Ongoing,,No,,Not Applicable,,,,,,1.0,No
PART_00374,Prakash More 54,35,Male,Graduate,Amravati,Taluka_8,3-5 Lakhs,Yes,Food Processing,TC_0258,2025-11-30,Dropped Out,,No,,Not Applicable,,,,,,,
PART_00375,Suresh Yadav 53,29,Male,10th Pass,Jalgaon,Taluka_8,1-3 Lakhs,No,Automotive Mechanic,TC_0196,2026-02-07,Ongoing,,No,,Not Applicable,,,,,,3.0,No
PART_00376,Meera Nair 28,37,Other,Post Graduate,Bhiwandi,Taluka_8,Above 10 Lakhs,Yes,Full Stack Development,TC_0377,2026-03-28,Certified,95.0,Yes,2026-06-26,Placed,Max Healthcare,Accountant,18886.0,2026-09-23,Latur,,
PART_00377,Laxmi Hegde 21,22,Other,Graduate,Thane,Taluka_3,3-5 Lakhs,No,Digital Marketing,TC_0101,2025-01-23,Ongoing,,No,,Not Applicable,,,,,,1.0,No
PART_00378,Suresh Yadav 91,18,Other,Post Graduate,Nagpur,Taluka_10,Below 1 Lakh,No,Full Stack Development,TC_0204,2026-03-19,Dropped Out,,No,,Not Applicable,,,,,,,
PART_00379,Arun Kulkarni 38,34,Other,10th Pass,Mumbai,Taluka_3,Below 1 Lakh,Yes,Warehouse Management,TC_0376,2025-01-30,Certified,45.0,Yes,2025-06-09,Placed,Cognizant,Content Writer,47080.0,2025-07-04,Jalna,,
PART_00380,Rahul Verma 30,37,Other,Post Graduate,Ahmednagar,Taluka_1,3-5 Lakhs,Yes,Automotive Mechanic,TC_0209,2025-08-31,Completed,70.0,No,,Placed,Narayana Health,Digital Marketing Executive,67300.0,,Nanded,2.0,Yes
PART_00381,Nitin Bhosale 65,43,Other,Graduate,Jalgaon,Taluka_3,3-5 Lakhs,No,Mobile Repair,TC_0445,2026-07-12,Assessed,62.0,No,,Not Applicable,,,,,,,
PART_00382,Neha Dubey 85,23,Female,Diploma,Amravati,Taluka_8,Above 10 Lakhs,No,Customer Service,TC_0376,2025-12-12,Completed,59.0,No,,Placed,Vedantu,Digital Marketing Executive,65101.0,,Satara,1.0,No
PART_00383,Nitin Bhosale 35,40,Other,Diploma,Bhiwandi,Taluka_9,1-3 Lakhs,No,Medical Lab Technology,TC_0472,2025-11-14,Dropped Out,,No,,Not Applicable,,,,,,,
PART_00384,Meera Nair 84,28,Other,10th Pass,Jalgaon,Taluka_4,5-10 Lakhs,No,Warehouse Management,TC_0289,2025-02-26,Completed,80.0,No,,Placed,Capgemini,Logistics Coordinator,19330.0,,Osmanabad,3.0,Yes
PART_00385,Anil Kamble 2,20,Male,Post Graduate,Nanded,Taluka_9,5-10 Lakhs,Yes,Food Processing,TC_0293,2025-01-18,Ongoing,,No,,Not Applicable,,,,,,5.0,No
PART_00386,Sanjay Gupta 13,24,Female,12th Pass,Bhiwandi,Taluka_3,5-10 Lakhs,No,Mobile Repair,TC_0496,2026-01-18,Assessed,83.0,No,,Not Applicable,,,,,,,
PART_00387,Shweta Bhatt 93,37,Other,10th Pass,Parbhani,Taluka_4,5-10 Lakhs,Yes,Medical Lab Technology,TC_0297,2025-10-02,Ongoing,,No,,Not Applicable,,,,,,2.0,Maybe
PART_00388,Sneha Deshmukh 100,23,Other,Diploma,Kolhapur,Taluka_10,5-10 Lakhs,Yes,Customer Service,TC_0180,2025-04-08,Completed,80.0,No,,Not Placed,,,,,,4.0,No
PART_00389,Meera Nair 8,19,Male,Post Graduate,Latur,Taluka_8,3-5 Lakhs,Yes,Mobile Repair,TC_0407,2025-01-31,Certified,55.0,Yes,2025-05-12,Not Placed,,,,,,,
PART_00390,Shweta Bhatt 67,29,Male,Diploma,Chandrapur,Taluka_9,Above 10 Lakhs,Yes,Automotive Mechanic,TC_0186,2026-01-30,Dropped Out,,No,,Not Applicable,,,,,,,
PART_00391,Sneha Deshmukh 24,35,Other,12th Pass,Sangli,Taluka_1,Above 10 Lakhs,Yes,Accounting & GST,TC_0375,2025-05-16,Ongoing,,No,,Not Applicable,,,,,,3.0,Yes
PART_00392,Manoj Tiwari 40,33,Male,Post Graduate,Parbhani,Taluka_8,Below 1 Lakh,No,Electrician Training,TC_0294,2025-03-25,Dropped Out,,No,,Not Applicable,,,,,,,
PART_00393,Laxmi Hegde 3,33,Other,12th Pass,Mumbai,Taluka_3,5-10 Lakhs,No,Customer Service,TC_0301,2025-09-20,Certified,96.0,Yes,2026-01-06,Not Placed,,,,,,,
PART_00394,Deepa Iyer 6,18,Male,Post Graduate,Kolhapur,Taluka_4,5-10 Lakhs,No,Mobile Repair,TC_0382,2025-01-02,Assessed,71.0,No,,Not Applicable,,,,,,,
PART_00395,Arun Kulkarni 36,43,Female,Diploma,Aurangabad,Taluka_3,1-3 Lakhs,Yes,Mobile Repair,TC_0005,2026-03-03,Certified,84.0,Yes,2026-08-15,Placed,Crompton Greaves,HR Coordinator,23774.0,2026-10-29,Yavatmal,,
PART_00396,Kavita Rao 75,40,Other,12th Pass,Aurangabad,Taluka_2,3-5 Lakhs,Yes,Beauty & Wellness,TC_0294,2026-02-10,Completed,91.0,No,,Not Placed,,,,,,1.0,Maybe
PART_00397,Nitin Bhosale 46,44,Female,Post Graduate,Thane,Taluka_9,Above 10 Lakhs,Yes,Mobile Repair,TC_0137,2025-01-15,Certified,77.0,Yes,2025-05-17,Placed,Reliance Jio,Customer Support Specialist,73250.0,2025-06-26,Parbhani,,
PART_00398,Vikram Singh 39,31,Male,12th Pass,Pune,Taluka_4,3-5 Lakhs,No,Electrician Training,TC_0426,2025-01-05,Dropped Out,,No,,Not Applicable,,,,,,,
PART_00399,Preeti Chopra 36,24,Male,Post Graduate,Bhiwandi,Taluka_5,1-3 Lakhs,No,Mobile Repair,TC_0216,2025-10-31,Ongoing,,No,,Not Applicable,,,,,,1.0,No
PART_00400,Meera Nair 88,33,Male,Post Graduate,Bhiwandi,Taluka_7,Below 1 Lakh,Yes,Data Analytics,TC_0224,2026-01-05,Ongoing,,No,,Not Applicable,,,,,,1.0,No
PART_00401,Sneha Deshmukh 29,18,Other,Post Graduate,Mumbai,Taluka_3,Above 10 Lakhs,No,Automotive Mechanic,TC_0082,2026-05-21,Dropped Out,,No,,Not Applicable,,,,,,,
PART_00402,Preeti Chopra 35,27,Male,Graduate,Bhiwandi,Taluka_6,1-3 Lakhs,No,Cloud Computing,TC_0256,2025-03-24,Ongoing,,No,,Not Applicable,,,,,,1.0,Maybe
PART_00403,Nitin Bhosale 17,22,Male,12th Pass,Thane,Taluka_8,1-3 Lakhs,Yes,Food Processing,TC_0371,2025-03-13,Completed,96.0,No,,Self Employed,,,,,,5.0,Yes
PART_00404,Rajesh Kumar 6,42,Male,Post Graduate,Jalgaon,Taluka_10,3-5 Lakhs,Yes,Customer Service,TC_0130,2025-12-30,Completed,53.0,No,,Placed,Unacademy,Software Developer,39100.0,,Chandrapur,4.0,Yes
PART_00405,Manoj Tiwari 86,26,Male,Diploma,Pune,Taluka_3,1-3 Lakhs,No,Beauty & Wellness,TC_0218,2025-06-29,Assessed,79.0,No,,Not Applicable,,,,,,,
PART_00406,Suresh Yadav 66,44,Female,Graduate,Nagpur,Taluka_9,Below 1 Lakh,Yes,CNC Operation,TC_0410,2025-08-11,Dropped Out,,No,,Not Applicable,,,,,,,
PART_00407,Usha Menon 98,27,Male,Graduate,Chandrapur,Taluka_3,Below 1 Lakh,Yes,Medical Lab Technology,TC_0324,2025-03-13,Dropped Out,,No,,Not Applicable,,,,,,,
PART_00408,Dinesh Shinde 44,20,Other,Graduate,Jalgaon,Taluka_4,Below 1 Lakh,No,Welding Technology,TC_0481,2025-01-19,Completed,85.0,No,,Self Employed,,,,,,5.0,Yes
PART_00409,Usha Menon 20,19,Female,10th Pass,Nashik,Taluka_10,1-3 Lakhs,No,Data Analytics,TC_0494,2026-03-02,Assessed,77.0,No,,Not Applicable,,,,,,,
PART_00410,Usha Menon 83,45,Male,12th Pass,Nagpur,Taluka_5,3-5 Lakhs,No,Mobile Repair,TC_0437,2026-07-26,Dropped Out,,No,,Not Applicable,,,,,,,
PART_00411,Kavita Rao 28,20,Female,Graduate,Jalna,Taluka_8,Below 1 Lakh,No,Cloud Computing,TC_0414,2025-04-10,Ongoing,,No,,Not Applicable,,,,,,4.0,Maybe
PART_00412,Kavita Rao 75,28,Female,12th Pass,Nanded,Taluka_3,Below 1 Lakh,Yes,Digital Marketing,TC_0348,2025-05-19,Certified,93.0,Yes,2025-10-06,Placed,Razorpay,Project Coordinator,58206.0,2025-12-17,Pune,,
PART_00413,Sanjay Gupta 69,45,Other,Post Graduate,Nanded,Taluka_1,5-10 Lakhs,Yes,Accounting & GST,TC_0253,2025-08-29,Completed,75.0,No,,Self Employed,,,,,,5.0,Yes
PART_00414,Neha Dubey 23,23,Other,12th Pass,Thane,Taluka_1,1-3 Lakhs,Yes,Beauty & Wellness,TC_0476,2025-06-03,Completed,83.0,No,,Self Employed,,,,,,3.0,Yes
PART_00415,Sanjay Gupta 91,40,Male,Post Graduate,Amravati,Taluka_3,1-3 Lakhs,No,Accounting & GST,TC_0047,2026-03-26,Ongoing,,No,,Not Applicable,,,,,,1.0,Maybe
PART_00416,Deepa Iyer 6,30,Female,10th Pass,Nanded,Taluka_8,5-10 Lakhs,Yes,CNC Operation,TC_0013,2025-08-11,Ongoing,,No,,Not Applicable,,,,,,4.0,Yes
PART_00417,Prakash More 38,36,Other,Post Graduate,Ahmednagar,Taluka_1,1-3 Lakhs,No,Warehouse Management,TC_0398,2025-10-12,Ongoing,,No,,Not Applicable,,,,,,4.0,Maybe
PART_00418,Sanjay Gupta 56,39,Male,10th Pass,Sangli,Taluka_2,1-3 Lakhs,Yes,Welding Technology,TC_0317,2025-08-03,Completed,86.0,No,,Placed,Crompton Greaves,Warehouse Supervisor,47258.0,,Yavatmal,5.0,Yes
PART_00419,Prakash More 6,19,Female,10th Pass,Dhule,Taluka_8,Below 1 Lakh,No,Food Processing,TC_0338,2026-02-19,Completed,74.0,No,,Not Placed,,,,,,4.0,Maybe
PART_00420,Nitin Bhosale 86,19,Male,10th Pass,Bhiwandi,Taluka_10,Above 10 Lakhs,No,Medical Lab Technology,TC_0135,2026-07-02,Dropped Out,,No,,Not Applicable,,,,,,,
PART_00421,Sunita Kaur 7,26,Female,10th Pass,Akola,Taluka_8,1-3 Lakhs,Yes,Mobile Repair,TC_0325,2026-02-10,Completed,62.0,No,,Placed,Larsen & Toubro,Warehouse Supervisor,53880.0,,Chandrapur,2.0,Yes
PART_00422,Shweta Bhatt 27,33,Male,Post Graduate,Thane,Taluka_5,3-5 Lakhs,Yes,Warehouse Management,TC_0499,2025-12-11,Assessed,97.0,No,,Not Applicable,,,,,,,
PART_00423,Rahul Verma 12,39,Female,10th Pass,Sangli,Taluka_10,5-10 Lakhs,Yes,Digital Marketing,TC_0097,2025-07-29,Completed,96.0,No,,Not Placed,,,,,,2.0,No
PART_00424,Preeti Chopra 18,37,Male,Post Graduate,Ahmednagar,Taluka_6,Below 1 Lakh,No,Beauty & Wellness,TC_0120,2025-05-31,Certified,84.0,Yes,2025-11-04,Placed,Crompton Greaves,Teacher,50524.0,2025-12-22,Yavatmal,,
PART_00425,Dinesh Shinde 66,19,Male,Diploma,Ahmednagar,Taluka_7,Above 10 Lakhs,No,Medical Lab Technology,TC_0309,2026-05-04,Completed,46.0,No,,Not Placed,,,,,,5.0,Maybe
PART_00426,Kavita Rao 56,27,Male,Graduate,Aurangabad,Taluka_9,Above 10 Lakhs,No,Beauty & Wellness,TC_0464,2025-04-04,Certified,100.0,Yes,2025-09-13,Placed,Siemens,Cybersecurity Analyst,54190.0,2025-10-19,Latur,,
PART_00427,Rahul Verma 36,29,Male,12th Pass,Parbhani,Taluka_6,1-3 Lakhs,Yes,Electrician Training,TC_0211,2025-05-08,Completed,85.0,No,,Placed,Apollo Hospitals,Customer Support Specialist,53977.0,,Osmanabad,4.0,Maybe
PART_00428,Ramesh Jadhav 96,40,Female,12th Pass,Aurangabad,Taluka_4,3-5 Lakhs,Yes,Retail Management,TC_0075,2025-11-10,Completed,84.0,No,,Self Employed,,,,,,5.0,Maybe
PART_00429,Preeti Chopra 69,37,Other,12th Pass,Latur,Taluka_6,Below 1 Lakh,No,Mobile Repair,TC_0166,2025-10-11,Ongoing,,No,,Not Applicable,,,,,,4.0,Yes
PART_00430,Pooja Joshi 45,30,Female,10th Pass,Nanded,Taluka_8,1-3 Lakhs,No,Warehouse Management,TC_0033,2026-05-06,Certified,88.0,Yes,2026-09-23,Not Placed,,,,,,,
PART_00431,Preeti Chopra 86,28,Female,10th Pass,Chandrapur,Taluka_8,Above 10 Lakhs,No,Digital Marketing,TC_0089,2025-01-03,Completed,48.0,No,,Placed,PhonePe,Machine Operator,39936.0,,Dhule,2.0,No
PART_00432,Rajesh Kumar 23,20,Female,Post Graduate,Parbhani,Taluka_8,Below 1 Lakh,Yes,CNC Operation,TC_0463,2026-03-22,Ongoing,,No,,Not Applicable,,,,,,4.0,Yes
PART_00433,Neha Dubey 61,24,Other,12th Pass,Solapur,Taluka_4,5-10 Lakhs,No,Digital Marketing,TC_0110,2025-01-25,Assessed,91.0,No,,Not Applicable,,,,,,,
PART_00434,Anjali Reddy 82,33,Male,Diploma,Nagpur,Taluka_4,1-3 Lakhs,Yes,Mobile Repair,TC_0300,2025-02-10,Completed,71.0,No,,Self Employed,,,,,,2.0,No
PART_00435,Pooja Joshi 64,30,Male,Graduate,Sangli,Taluka_3,Below 1 Lakh,No,Data Analytics,TC_0020,2025-07-02,Completed,47.0,No,,Self Employed,,,,,,3.0,Yes
PART_00436,Manoj Tiwari 83,27,Female,Graduate,Nanded,Taluka_7,Above 10 Lakhs,Yes,Warehouse Management,TC_0280,2025-09-04,Completed,80.0,No,,Placed,Mahindra & Mahindra,Medical Lab Technician,50346.0,,Osmanabad,3.0,Maybe
PART_00437,Nitin Bhosale 61,41,Female,10th Pass,Akola,Taluka_3,Below 1 Lakh,Yes,Digital Marketing,TC_0154,2026-04-21,Ongoing,,No,,Not Applicable,,,,,,3.0,Maybe
PART_00438,Nitin Bhosale 96,34,Male,Graduate,Nagpur,Taluka_8,3-5 Lakhs,No,Retail Management,TC_0264,2025-09-02,Assessed,90.0,No,,Not Applicable,,,,,,,
PART_00439,Kavita Rao 80,27,Female,10th Pass,Parbhani,Taluka_4,3-5 Lakhs,No,Beauty & Wellness,TC_0196,2025-10-29,Ongoing,,No,,Not Applicable,,,,,,3.0,No
PART_00440,Pooja Joshi 94,31,Female,Diploma,Jalgaon,Taluka_7,Below 1 Lakh,No,Welding Technology,TC_0098,2025-07-26,Ongoing,,No,,Not Applicable,,,,,,5.0,Maybe
PART_00441,Vikram Singh 41,21,Female,Post Graduate,Thane,Taluka_4,Below 1 Lakh,No,Retail Management,TC_0053,2025-07-06,Dropped Out,,No,,Not Applicable,,,,,,,
PART_00442,Neha Dubey 68,28,Male,12th Pass,Kolhapur,Taluka_2,1-3 Lakhs,No,Data Analytics,TC_0256,2025-02-16,Certified,69.0,Yes,2025-05-28,Placed,Siemens,UI/UX Designer,71407.0,2025-07-14,Osmanabad,,
PART_00443,Dinesh Shinde 99,35,Other,Graduate,Aurangabad,Taluka_2,5-10 Lakhs,Yes,Full Stack Development,TC_0259,2026-04-26,Certified,72.0,Yes,2026-08-02,Placed,Reliance Jio,Welder,53382.0,2026-08-13,Nashik,,
PART_00444,Prakash More 15,44,Male,Post Graduate,Aurangabad,Taluka_8,Above 10 Lakhs,No,Data Analytics,TC_0189,2026-05-29,Completed,54.0,No,,Placed,Apollo Hospitals,Welder,54980.0,,Jalna,4.0,No
PART_00445,Dinesh Shinde 80,35,Other,Post Graduate,Bhiwandi,Taluka_3,Below 1 Lakh,No,Welding Technology,TC_0138,2025-11-22,Assessed,98.0,No,,Not Applicable,,,,,,,
PART_00446,Geeta Sawant 2,24,Other,10th Pass,Dhule,Taluka_4,Below 1 Lakh,No,Retail Management,TC_0107,2025-12-21,Dropped Out,,No,,Not Applicable,,,,,,,
PART_00447,Ramesh Jadhav 70,28,Female,Diploma,Nagpur,Taluka_3,1-3 Lakhs,No,Medical Lab Technology,TC_0254,2026-03-06,Dropped Out,,No,,Not Applicable,,,,,,,
PART_00448,Anil Kamble 67,27,Other,12th Pass,Jalna,Taluka_3,3-5 Lakhs,Yes,Data Analytics,TC_0357,2025-10-07,Certified,41.0,Yes,2026-03-30,Placed,Wipro,Digital Marketing Executive,79096.0,2026-06-19,Latur,,
PART_00449,Kavita Rao 29,25,Other,10th Pass,Parbhani,Taluka_1,5-10 Lakhs,No,Customer Service,TC_0493,2026-01-26,Dropped Out,,No,,Not Applicable,,,,,,,
PART_00450,Meera Nair 80,24,Other,12th Pass,Nashik,Taluka_10,1-3 Lakhs,Yes,Data Analytics,TC_0341,2026-05-27,Assessed,50.0,No,,Not Applicable,,,,,,,
PART_00451,Anil Kamble 25,22,Other,Post Graduate,Amravati,Taluka_2,Below 1 Lakh,No,Data Analytics,TC_0215,2026-08-02,Completed,42.0,No,,Placed,HDFC Bank,Teacher,45212.0,,Aurangabad,1.0,Maybe
PART_00452,Rahul Verma 56,31,Other,10th Pass,Akola,Taluka_10,1-3 Lakhs,Yes,Welding Technology,TC_0139,2026-03-20,Completed,50.0,No,,Placed,Fortis Healthcare,Welder,43905.0,,Nashik,4.0,Maybe
PART_00453,Sunita Kaur 11,32,Female,Diploma,Sangli,Taluka_2,1-3 Lakhs,Yes,Data Analytics,TC_0264,2025-04-21,Ongoing,,No,,Not Applicable,,,,,,1.0,Yes
PART_00454,Ashok Pawar 30,18,Male,10th Pass,Pune,Taluka_6,Above 10 Lakhs,Yes,Digital Marketing,TC_0439,2025-09-17,Assessed,90.0,No,,Not Applicable,,,,,,,
PART_00455,Pooja Joshi 39,42,Other,12th Pass,Kolhapur,Taluka_10,3-5 Lakhs,Yes,Automotive Mechanic,TC_0378,2026-02-01,Completed,97.0,No,,Placed,Crompton Greaves,Medical Lab Technician,40184.0,,Dhule,2.0,Maybe
PART_00456,Rajesh Kumar 57,24,Other,Graduate,Jalgaon,Taluka_7,3-5 Lakhs,No,Digital Marketing,TC_0427,2026-08-01,Completed,45.0,No,,Not Placed,,,,,,5.0,No
PART_00457,Ashok Pawar 81,40,Other,10th Pass,Sangli,Taluka_1,Below 1 Lakh,Yes,Customer Service,TC_0071,2025-11-10,Dropped Out,,No,,Not Applicable,,,,,,,
PART_00458,Sunita Kaur 100,44,Female,Diploma,Mumbai,Taluka_3,Above 10 Lakhs,No,Medical Lab Technology,TC_0125,2026-07-21,Completed,56.0,No,,Placed,Larsen & Toubro,Accountant,26834.0,,Chandrapur,3.0,No
PART_00459,Rekha Pillai 58,39,Female,Post Graduate,Solapur,Taluka_3,Below 1 Lakh,No,Accounting & GST,TC_0455,2025-07-28,Completed,68.0,No,,Placed,Siemens,Teacher,43307.0,,Yavatmal,5.0,Yes
PART_00460,Sanjay Gupta 22,45,Male,10th Pass,Sangli,Taluka_6,Below 1 Lakh,No,Beauty & Wellness,TC_0183,2025-03-07,Ongoing,,No,,Not Applicable,,,,,,4.0,Maybe
PART_00461,Usha Menon 98,41,Male,Graduate,Amravati,Taluka_4,3-5 Lakhs,Yes,Welding Technology,TC_0059,2025-11-10,Completed,71.0,No,,Placed,Razorpay,Training Coordinator,54216.0,,Jalna,2.0,Yes
PART_00462,Dinesh Shinde 57,22,Male,Diploma,Nashik,Taluka_9,1-3 Lakhs,Yes,Electrician Training,TC_0132,2025-05-26,Dropped Out,,No,,Not Applicable,,,,,,,
PART_00463,Priya Sharma 57,21,Male,12th Pass,Amravati,Taluka_1,1-3 Lakhs,No,Medical Lab Technology,TC_0343,2025-01-13,Certified,91.0,Yes,2025-06-12,Further Studies,,,,,,,
PART_00464,Pooja Joshi 19,27,Other,Diploma,Kolhapur,Taluka_5,3-5 Lakhs,Yes,Automotive Mechanic,TC_0052,2025-07-22,Dropped Out,,No,,Not Applicable,,,,,,,
PART_00465,Sanjay Gupta 37,38,Other,Post Graduate,Ahmednagar,Taluka_1,3-5 Lakhs,No,Warehouse Management,TC_0408,2026-06-26,Completed,62.0,No,,Not Placed,,,,,,2.0,No
PART_00466,Mohan Rao 20,44,Other,Diploma,Sangli,Taluka_10,1-3 Lakhs,Yes,Welding Technology,TC_0408,2025-07-23,Completed,90.0,No,,Not Placed,,,,,,1.0,No
PART_00467,Rahul Verma 86,23,Other,12th Pass,Solapur,Taluka_4,1-3 Lakhs,Yes,Cloud Computing,TC_0259,2026-03-02,Assessed,100.0,No,,Not Applicable,,,,,,,
PART_00468,Mohan Rao 49,23,Female,Diploma,Akola,Taluka_7,Below 1 Lakh,Yes,Accounting & GST,TC_0267,2026-03-28,Completed,45.0,No,,Self Employed,,,,,,2.0,Maybe
PART_00469,Geeta Sawant 100,35,Female,Graduate,Pune,Taluka_5,Below 1 Lakh,Yes,Welding Technology,TC_0250,2025-09-26,Certified,52.0,Yes,2025-12-26,Not Placed,,,,,,,
PART_00470,Priya Sharma 96,40,Male,Post Graduate,Aurangabad,Taluka_10,3-5 Lakhs,No,Retail Management,TC_0196,2025-08-19,Completed,100.0,No,,Not Placed,,,,,,4.0,Maybe
PART_00471,Anil Kamble 31,32,Male,12th Pass,Jalna,Taluka_9,3-5 Lakhs,No,Accounting & GST,TC_0066,2026-03-03,Completed,53.0,No,,Placed,Fortis Healthcare,Pharmacy Assistant,66106.0,,Mumbai,4.0,Yes
PART_00472,Deepa Iyer 74,36,Other,Post Graduate,Nanded,Taluka_1,5-10 Lakhs,No,Full Stack Development,TC_0070,2025-08-14,Assessed,96.0,No,,Not Applicable,,,,,,,
PART_00473,Sanjay Gupta 99,28,Male,Post Graduate,Thane,Taluka_1,3-5 Lakhs,Yes,Automotive Mechanic,TC_0070,2025-04-17,Ongoing,,No,,Not Applicable,,,,,,2.0,Yes
PART_00474,Ramesh Jadhav 53,29,Male,12th Pass,Thane,Taluka_2,Above 10 Lakhs,No,Electrician Training,TC_0377,2025-10-05,Ongoing,,No,,Not Applicable,,,,,,2.0,Yes
PART_00475,Suresh Yadav 11,34,Male,12th Pass,Nanded,Taluka_2,5-10 Lakhs,No,Data Analytics,TC_0194,2025-07-05,Ongoing,,No,,Not Applicable,,,,,,2.0,No
PART_00476,Geeta Sawant 94,20,Male,Post Graduate,Thane,Taluka_9,3-5 Lakhs,No,Food Processing,TC_0256,2026-04-27,Ongoing,,No,,Not Applicable,,,,,,1.0,Yes
PART_00477,Shweta Bhatt 75,45,Male,Post Graduate,Amravati,Taluka_4,1-3 Lakhs,Yes,Accounting & GST,TC_0322,2026-02-12,Certified,63.0,Yes,2026-07-13,Placed,Fortis Healthcare,Welder,39295.0,2026-09-07,Aurangabad,,
PART_00478,Usha Menon 42,36,Other,10th Pass,Latur,Taluka_10,Below 1 Lakh,No,CNC Operation,TC_0404,2025-01-28,Dropped Out,,No,,Not Applicable,,,,,,,
PART_00479,Rajesh Kumar 2,25,Female,Graduate,Ahmednagar,Taluka_6,Above 10 Lakhs,Yes,Welding Technology,TC_0478,2026-05-05,Completed,71.0,No,,Not Placed,,,,,,5.0,No
PART_00480,Mohan Rao 88,38,Other,12th Pass,Nagpur,Taluka_6,Above 10 Lakhs,Yes,Food Processing,TC_0167,2026-04-29,Completed,73.0,No,,Placed,Narayana Health,Quality Analyst,37258.0,,Bhiwandi,4.0,Maybe
PART_00481,Pooja Joshi 84,23,Female,Graduate,Sangli,Taluka_5,1-3 Lakhs,Yes,Accounting & GST,TC_0358,2025-06-08,Certified,52.0,Yes,2025-10-08,Not Placed,,,,,,,
PART_00482,Mohan Rao 33,22,Other,12th Pass,Bhiwandi,Taluka_10,Below 1 Lakh,Yes,Mobile Repair,TC_0374,2026-05-29,Certified,66.0,Yes,2026-09-19,Self Employed,,,,,,,
PART_00483,Sneha Deshmukh 31,33,Female,Post Graduate,Dhule,Taluka_5,Above 10 Lakhs,No,Welding Technology,TC_0018,2026-01-22,Ongoing,,No,,Not Applicable,,,,,,4.0,Maybe
PART_00484,Anjali Reddy 26,35,Female,12th Pass,Parbhani,Taluka_2,Above 10 Lakhs,Yes,Food Processing,TC_0491,2026-01-09,Dropped Out,,No,,Not Applicable,,,,,,,
PART_00485,Ramesh Jadhav 3,19,Male,10th Pass,Amravati,Taluka_9,Below 1 Lakh,Yes,Welding Technology,TC_0049,2026-07-31,Completed,56.0,No,,Not Placed,,,,,,3.0,No
PART_00486,Preeti Chopra 27,24,Male,12th Pass,Bhiwandi,Taluka_8,1-3 Lakhs,No,CNC Operation,TC_0407,2026-05-17,Assessed,42.0,No,,Not Applicable,,,,,,,
PART_00487,Neha Dubey 26,25,Other,12th Pass,Nagpur,Taluka_4,1-3 Lakhs,Yes,Data Analytics,TC_0211,2026-06-29,Completed,42.0,No,,Further Studies,,,,,,3.0,Yes
PART_00488,Arun Kulkarni 50,24,Other,12th Pass,Akola,Taluka_2,1-3 Lakhs,Yes,Retail Management,TC_0312,2025-11-10,Assessed,48.0,No,,Not Applicable,,,,,,,
PART_00489,Preeti Chopra 6,40,Male,12th Pass,Solapur,Taluka_1,1-3 Lakhs,No,CNC Operation,TC_0087,2026-07-10,Dropped Out,,No,,Not Applicable,,,,,,,
PART_00490,Arun Kulkarni 90,21,Other,12th Pass,Sangli,Taluka_4,1-3 Lakhs,No,Food Processing,TC_0174,2025-01-16,Assessed,58.0,No,,Not Applicable,,,,,,,
PART_00491,Dinesh Shinde 71,27,Female,Diploma,Akola,Taluka_6,5-10 Lakhs,Yes,Medical Lab Technology,TC_0462,2025-07-19,Ongoing,,No,,Not Applicable,,,,,,3.0,No
PART_00492,Arun Kulkarni 32,21,Other,Diploma,Chandrapur,Taluka_5,1-3 Lakhs,No,Accounting & GST,TC_0303,2026-05-07,Ongoing,,No,,Not Applicable,,,,,,3.0,Maybe
PART_00493,Pooja Joshi 20,33,Male,12th Pass,Nashik,Taluka_10,Above 10 Lakhs,No,Data Analytics,TC_0143,2025-09-04,Completed,81.0,No,,Placed,Accenture,DevOps Engineer,22883.0,,Chandrapur,1.0,No
PART_00494,Mohan Rao 28,33,Other,Graduate,Akola,Taluka_1,Above 10 Lakhs,No,Medical Lab Technology,TC_0097,2026-04-19,Certified,56.0,Yes,2026-07-31,Not Placed,,,,,,,
PART_00495,Sanjay Gupta 40,36,Male,Post Graduate,Ahmednagar,Taluka_9,1-3 Lakhs,No,Mobile Repair,TC_0312,2026-07-12,Completed,70.0,No,,Not Placed,,,,,,1.0,Maybe
PART_00496,Kavita Rao 37,22,Male,Graduate,Kolhapur,Taluka_4,5-10 Lakhs,No,Cloud Computing,TC_0344,2026-04-17,Assessed,70.0,No,,Not Applicable,,,,,,,
PART_00497,Rekha Pillai 66,27,Male,Diploma,Thane,Taluka_1,Above 10 Lakhs,Yes,Mobile Repair,TC_0174,2026-05-31,Ongoing,,No,,Not Applicable,,,,,,5.0,No
PART_00498,Amit Patel 9,36,Female,Graduate,Kolhapur,Taluka_8,5-10 Lakhs,No,Medical Lab Technology,TC_0453,2025-03-22,Ongoing,,No,,Not Applicable,,,,,,4.0,Maybe
PART_00499,Rekha Pillai 6,31,Other,Graduate,Bhiwandi,Taluka_10,Above 10 Lakhs,No,Beauty & Wellness,TC_0044,2025-12-12,Assessed,43.0,No,,Not Applicable,,,,,,,
PART_00500,Pooja Joshi 20,35,Other,12th Pass,Dhule,Taluka_3,3-5 Lakhs,No,Automotive Mechanic,TC_0124,2026-02-21,Certified,91.0,Yes,2026-07-12,Not Placed,,,,,,,
PART_00501,Rajesh Kumar 21,35,Other,Diploma,Dhule,Taluka_2,3-5 Lakhs,No,Automotive Mechanic,TC_0140,2026-01-16,Certified,95.0,Yes,2026-04-30,Self Employed,,,,,,,
PART_00502,Rekha Pillai 99,28,Female,Post Graduate,Akola,Taluka_9,1-3 Lakhs,Yes,Cloud Computing,TC_0497,2025-12-24,Ongoing,,No,,Not Applicable,,,,,,5.0,No
PART_00503,Ashok Pawar 54,27,Female,12th Pass,Nanded,Taluka_6,5-10 Lakhs,No,Welding Technology,TC_0110,2025-01-04,Ongoing,,No,,Not Applicable,,,,,,3.0,No
PART_00504,Ashok Pawar 38,25,Other,Graduate,Sangli,Taluka_5,Above 10 Lakhs,Yes,Customer Service,TC_0157,2026-05-11,Dropped Out,,No,,Not Applicable,,,,,,,
PART_00505,Dinesh Shinde 72,34,Female,Graduate,Jalna,Taluka_9,1-3 Lakhs,No,Digital Marketing,TC_0220,2026-08-18,Ongoing,,No,,Not Applicable,,,,,,3.0,No
PART_00506,Dinesh Shinde 51,41,Other,12th Pass,Jalna,Taluka_10,3-5 Lakhs,Yes,Food Processing,TC_0388,2025-09-13,Assessed,61.0,No,,Not Applicable,,,,,,,
PART_00507,Preeti Chopra 88,20,Other,Graduate,Nashik,Taluka_7,3-5 Lakhs,No,Customer Service,TC_0417,2026-07-28,Certified,43.0,Yes,2027-01-07,Self Employed,,,,,,,
PART_00508,Dinesh Shinde 56,43,Female,Graduate,Dhule,Taluka_2,5-10 Lakhs,No,Welding Technology,TC_0032,2025-01-25,Completed,84.0,No,,Self Employed,,,,,,1.0,Maybe
PART_00509,Pooja Joshi 78,19,Male,10th Pass,Mumbai,Taluka_2,3-5 Lakhs,No,Data Analytics,TC_0040,2026-03-20,Completed,98.0,No,,Placed,Crompton Greaves,Software Developer,79629.0,,Mumbai,5.0,Yes
PART_00510,Pooja Joshi 60,22,Male,Diploma,Ahmednagar,Taluka_3,3-5 Lakhs,Yes,Electrician Training,TC_0115,2025-02-24,Ongoing,,No,,Not Applicable,,,,,,5.0,No
PART_00511,Laxmi Hegde 85,44,Male,Diploma,Jalna,Taluka_1,Above 10 Lakhs,Yes,Medical Lab Technology,TC_0476,2025-03-01,Completed,69.0,No,,Not Placed,,,,,,2.0,Maybe
PART_00512,Nitin Bhosale 37,30,Male,Post Graduate,Jalgaon,Taluka_6,3-5 Lakhs,No,Warehouse Management,TC_0423,2025-06-26,Completed,40.0,No,,Self Employed,,,,,,5.0,Yes
PART_00513,Neha Dubey 58,43,Female,Post Graduate,Ahmednagar,Taluka_1,Below 1 Lakh,Yes,Full Stack Development,TC_0259,2025-02-13,Assessed,98.0,No,,Not Applicable,,,,,,,
PART_00514,Suresh Yadav 59,37,Other,Diploma,Bhiwandi,Taluka_1,3-5 Lakhs,Yes,Beauty & Wellness,TC_0267,2025-10-17,Ongoing,,No,,Not Applicable,,,,,,5.0,Maybe
PART_00515,Vikram Singh 48,34,Other,10th Pass,Aurangabad,Taluka_1,1-3 Lakhs,No,Welding Technology,TC_0168,2026-06-04,Certified,81.0,Yes,2026-09-11,Placed,Byju's,Quality Analyst,52111.0,2026-10-25,Pune,,
PART_00516,Mohan Rao 52,29,Female,12th Pass,Thane,Taluka_4,1-3 Lakhs,No,Cloud Computing,TC_0169,2026-01-19,Completed,69.0,No,,Placed,IBM,Quality Analyst,40645.0,,Ahmednagar,4.0,No
PART_00517,Sneha Deshmukh 83,37,Male,12th Pass,Solapur,Taluka_4,5-10 Lakhs,Yes,Accounting & GST,TC_0272,2025-03-05,Ongoing,,No,,Not Applicable,,,,,,5.0,No
PART_00518,Rajesh Kumar 64,38,Other,Diploma,Chandrapur,Taluka_3,Below 1 Lakh,No,CNC Operation,TC_0304,2025-04-02,Assessed,69.0,No,,Not Applicable,,,,,,,
PART_00519,Deepa Iyer 83,19,Other,Graduate,Amravati,Taluka_10,1-3 Lakhs,No,Accounting & GST,TC_0367,2026-02-12,Dropped Out,,No,,Not Applicable,,,,,,,
PART_00520,Prakash More 82,35,Female,12th Pass,Thane,Taluka_2,1-3 Lakhs,No,Data Analytics,TC_0314,2026-07-10,Certified,94.0,Yes,2026-11-26,Self Employed,,,,,,,
PART_00521,Laxmi Hegde 1,38,Female,12th Pass,Latur,Taluka_7,Above 10 Lakhs,No,Customer Service,TC_0010,2025-10-18,Completed,73.0,No,,Placed,Siemens,Accountant,31405.0,,Aurangabad,2.0,Yes
PART_00522,Prakash More 51,45,Female,12th Pass,Thane,Taluka_10,5-10 Lakhs,Yes,Electrician Training,TC_0204,2025-03-22,Assessed,83.0,No,,Not Applicable,,,,,,,
PART_00523,Laxmi Hegde 70,44,Female,Diploma,Bhiwandi,Taluka_9,5-10 Lakhs,Yes,Accounting & GST,TC_0275,2026-03-03,Certified,74.0,Yes,2026-06-11,Placed,Wipro,Sales Executive,46454.0,2026-09-06,Nanded,,
PART_00524,Vikram Singh 50,35,Male,Diploma,Parbhani,Taluka_4,5-10 Lakhs,No,Cloud Computing,TC_0204,2025-02-23,Ongoing,,No,,Not Applicable,,,,,,1.0,Maybe
PART_00525,Ashok Pawar 37,19,Other,12th Pass,Jalgaon,Taluka_2,Above 10 Lakhs,No,Accounting & GST,TC_0114,2025-02-08,Completed,70.0,No,,Placed,Apollo Hospitals,DevOps Engineer,33266.0,,Jalna,2.0,No
PART_00526,Usha Menon 25,39,Male,10th Pass,Sangli,Taluka_6,Below 1 Lakh,No,Electrician Training,TC_0162,2025-08-27,Completed,85.0,No,,Further Studies,,,,,,5.0,Maybe
PART_00527,Neha Dubey 42,31,Other,12th Pass,Kolhapur,Taluka_1,Below 1 Lakh,Yes,Automotive Mechanic,TC_0308,2026-07-27,Certified,98.0,Yes,2026-11-27,Placed,Godrej Industries,Quality Analyst,72742.0,2026-11-29,Osmanabad,,
PART_00528,Nitin Bhosale 95,40,Female,12th Pass,Nashik,Taluka_9,1-3 Lakhs,No,Customer Service,TC_0151,2025-07-14,Completed,66.0,No,,Self Employed,,,,,,5.0,Maybe
PART_00529,Ashok Pawar 22,28,Other,Post Graduate,Jalgaon,Taluka_6,Below 1 Lakh,Yes,Warehouse Management,TC_0363,2025-02-02,Ongoing,,No,,Not Applicable,,,,,,3.0,Yes
PART_00530,Rajesh Kumar 98,39,Male,Graduate,Chandrapur,Taluka_10,3-5 Lakhs,No,Digital Marketing,TC_0294,2025-03-14,Certified,49.0,Yes,2025-06-16,Self Employed,,,,,,,
PART_00531,Sneha Deshmukh 9,42,Male,Graduate,Nashik,Taluka_9,1-3 Lakhs,Yes,Beauty & Wellness,TC_0191,2026-02-05,Completed,95.0,No,,Not Placed,,,,,,5.0,Maybe
PART_00532,Rajesh Kumar 84,40,Other,12th Pass,Bhiwandi,Taluka_8,Below 1 Lakh,No,Data Analytics,TC_0491,2025-11-03,Dropped Out,,No,,Not Applicable,,,,,,,
PART_00533,Anjali Reddy 13,18,Female,Graduate,Nagpur,Taluka_3,Below 1 Lakh,No,Beauty & Wellness,TC_0469,2025-06-20,Ongoing,,No,,Not Applicable,,,,,,3.0,No
PART_00534,Laxmi Hegde 8,32,Other,Post Graduate,Solapur,Taluka_6,Above 10 Lakhs,No,Warehouse Management,TC_0233,2025-05-11,Dropped Out,,No,,Not Applicable,,,,,,,
PART_00535,Sneha Deshmukh 17,40,Male,12th Pass,Mumbai,Taluka_9,5-10 Lakhs,No,Automotive Mechanic,TC_0003,2026-08-20,Dropped Out,,No,,Not Applicable,,,,,,,
PART_00536,Rekha Pillai 5,21,Other,Diploma,Solapur,Taluka_1,3-5 Lakhs,No,Accounting & GST,TC_0044,2026-02-15,Completed,57.0,No,,Placed,Siemens,Cloud Engineer,70364.0,,Kolhapur,4.0,Yes
PART_00537,Geeta Sawant 89,22,Other,Diploma,Pune,Taluka_4,5-10 Lakhs,Yes,Digital Marketing,TC_0491,2025-07-11,Ongoing,,No,,Not Applicable,,,,,,5.0,Yes
PART_00538,Sanjay Gupta 1,37,Male,Graduate,Dhule,Taluka_1,1-3 Lakhs,No,Full Stack Development,TC_0068,2026-02-17,Completed,92.0,No,,Not Placed,,,,,,4.0,Maybe
PART_00539,Usha Menon 59,36,Female,Diploma,Aurangabad,Taluka_10,Above 10 Lakhs,Yes,Data Analytics,TC_0030,2026-02-16,Completed,78.0,No,,Further Studies,,,,,,4.0,Maybe
PART_00540,Anil Kamble 56,33,Male,Post Graduate,Solapur,Taluka_3,1-3 Lakhs,No,CNC Operation,TC_0432,2025-12-29,Completed,52.0,No,,Not Placed,,,,,,1.0,Yes
PART_00541,Amit Patel 61,19,Female,Graduate,Latur,Taluka_5,Below 1 Lakh,Yes,Retail Management,TC_0441,2026-07-28,Completed,43.0,No,,Placed,HDFC Bank,DevOps Engineer,41846.0,,Nagpur,2.0,No
PART_00542,Suresh Yadav 25,25,Female,Diploma,Bhiwandi,Taluka_6,5-10 Lakhs,No,Welding Technology,TC_0247,2025-08-20,Certified,56.0,Yes,2026-01-18,Placed,IBM,Pharmacy Assistant,79345.0,2026-02-24,Ahmednagar,,
PART_00543,Anjali Reddy 43,37,Other,Post Graduate,Chandrapur,Taluka_10,Above 10 Lakhs,No,Mobile Repair,TC_0068,2025-03-02,Ongoing,,No,,Not Applicable,,,,,,3.0,Yes
PART_00544,Manoj Tiwari 62,22,Other,12th Pass,Amravati,Taluka_7,Below 1 Lakh,Yes,Automotive Mechanic,TC_0490,2025-06-25,Completed,53.0,No,,Not Placed,,,,,,5.0,Maybe
PART_00545,Prakash More 67,31,Male,Graduate,Chandrapur,Taluka_1,1-3 Lakhs,No,Warehouse Management,TC_0498,2026-07-16,Assessed,91.0,No,,Not Applicable,,,,,,,
PART_00546,Ramesh Jadhav 98,40,Male,Post Graduate,Aurangabad,Taluka_4,Below 1 Lakh,Yes,Cloud Computing,TC_0346,2026-08-22,Certified,96.0,Yes,2027-01-31,Not Placed,,,,,,,
PART_00547,Geeta Sawant 13,22,Male,10th Pass,Dhule,Taluka_6,3-5 Lakhs,Yes,Medical Lab Technology,TC_0181,2025-04-18,Ongoing,,No,,Not Applicable,,,,,,3.0,Maybe
PART_00548,Manoj Tiwari 90,27,Female,Post Graduate,Sangli,Taluka_7,5-10 Lakhs,Yes,Electrician Training,TC_0234,2025-04-17,Ongoing,,No,,Not Applicable,,,,,,2.0,Maybe
PART_00549,Laxmi Hegde 79,29,Male,Graduate,Thane,Taluka_8,1-3 Lakhs,No,Full Stack Development,TC_0162,2025-09-08,Dropped Out,,No,,Not Applicable,,,,,,,
PART_00550,Sanjay Gupta 58,22,Other,12th Pass,Nagpur,Taluka_4,1-3 Lakhs,Yes,Food Processing,TC_0051,2025-10-18,Certified,58.0,Yes,2026-04-08,Placed,Crompton Greaves,Electrician,63303.0,2026-05-28,Parbhani,,
PART_00551,Amit Patel 83,20,Female,12th Pass,Bhiwandi,Taluka_6,5-10 Lakhs,Yes,Full Stack Development,TC_0495,2025-07-29,Completed,97.0,No,,Further Studies,,,,,,4.0,Yes
PART_00552,Meera Nair 99,30,Male,Post Graduate,Pune,Taluka_8,Below 1 Lakh,No,Data Analytics,TC_0040,2025-10-12,Completed,60.0,No,,Placed,Flipkart,Content Writer,30361.0,,Latur,3.0,Yes
PART_00553,Mohan Rao 43,33,Male,10th Pass,Amravati,Taluka_7,1-3 Lakhs,Yes,Warehouse Management,TC_0308,2025-08-20,Certified,80.0,Yes,2026-02-10,Not Placed,,,,,,,
PART_00554,Dinesh Shinde 43,32,Male,Diploma,Bhiwandi,Taluka_7,5-10 Lakhs,Yes,Electrician Training,TC_0301,2026-07-17,Completed,43.0,No,,Placed,Accenture,Content Writer,21948.0,,Parbhani,1.0,Yes
PART_00555,Anjali Reddy 63,45,Male,Diploma,Chandrapur,Taluka_2,Below 1 Lakh,No,Food Processing,TC_0124,2025-01-16,Ongoing,,No,,Not Applicable,,,,,,1.0,No
PART_00556,Laxmi Hegde 90,31,Other,10th Pass,Solapur,Taluka_2,1-3 Lakhs,Yes,CNC Operation,TC_0443,2026-08-18,Dropped Out,,No,,Not Applicable,,,,,,,
PART_00557,Nitin Bhosale 59,26,Female,Graduate,Parbhani,Taluka_4,3-5 Lakhs,Yes,Food Processing,TC_0041,2025-05-17,Assessed,94.0,No,,Not Applicable,,,,,,,
PART_00558,Rahul Verma 37,44,Female,10th Pass,Nagpur,Taluka_10,1-3 Lakhs,No,Medical Lab Technology,TC_0106,2025-07-16,Completed,42.0,No,,Further Studies,,,,,,3.0,Maybe
PART_00559,Ashok Pawar 19,22,Other,12th Pass,Mumbai,Taluka_1,Above 10 Lakhs,No,Food Processing,TC_0114,2025-11-06,Certified,45.0,Yes,2026-04-15,Placed,Larsen & Toubro,Sales Executive,53123.0,2026-07-08,Yavatmal,,
PART_00560,Kavita Rao 12,31,Other,Post Graduate,Bhiwandi,Taluka_2,3-5 Lakhs,Yes,CNC Operation,TC_0033,2025-06-25,Assessed,52.0,No,,Not Applicable,,,,,,,
PART_00561,Preeti Chopra 81,18,Other,12th Pass,Ahmednagar,Taluka_4,5-10 Lakhs,Yes,Food Processing,TC_0174,2026-02-28,Ongoing,,No,,Not Applicable,,,,,,3.0,No
PART_00562,Ramesh Jadhav 50,29,Female,12th Pass,Pune,Taluka_10,3-5 Lakhs,Yes,Welding Technology,TC_0231,2025-11-22,Completed,81.0,No,,Placed,Max Healthcare,Project Coordinator,36046.0,,Raigad,4.0,No
PART_00563,Priya Sharma 15,40,Female,12th Pass,Nanded,Taluka_10,Above 10 Lakhs,No,Electrician Training,TC_0316,2025-03-15,Ongoing,,No,,Not Applicable,,,,,,3.0,Maybe
PART_00564,Shweta Bhatt 39,36,Male,Diploma,Sangli,Taluka_2,5-10 Lakhs,No,Full Stack Development,TC_0178,2025-07-05,Ongoing,,No,,Not Applicable,,,,,,4.0,Yes
PART_00565,Ashok Pawar 87,26,Other,Post Graduate,Parbhani,Taluka_6,Below 1 Lakh,Yes,Data Analytics,TC_0266,2025-07-31,Ongoing,,No,,Not Applicable,,,,,,2.0,No
PART_00566,Suresh Yadav 91,36,Other,10th Pass,Mumbai,Taluka_10,Below 1 Lakh,No,Warehouse Management,TC_0081,2025-06-17,Completed,75.0,No,,Self Employed,,,,,,2.0,Maybe
PART_00567,Prakash More 21,24,Other,10th Pass,Chandrapur,Taluka_5,Above 10 Lakhs,No,Electrician Training,TC_0435,2025-12-26,Completed,90.0,No,,Not Placed,,,,,,1.0,Yes
PART_00568,Priya Sharma 86,32,Other,Diploma,Bhiwandi,Taluka_1,1-3 Lakhs,No,Customer Service,TC_0098,2026-01-19,Dropped Out,,No,,Not Applicable,,,,,,,
PART_00569,Ashok Pawar 21,35,Male,Diploma,Latur,Taluka_7,5-10 Lakhs,No,Mobile Repair,TC_0420,2025-10-30,Dropped Out,,No,,Not Applicable,,,,,,,
PART_00570,Pooja Joshi 18,29,Male,Graduate,Sangli,Taluka_10,Above 10 Lakhs,No,Warehouse Management,TC_0095,2026-05-21,Dropped Out,,No,,Not Applicable,,,,,,,
PART_00571,Rajesh Kumar 10,40,Other,Post Graduate,Ahmednagar,Taluka_3,1-3 Lakhs,No,Accounting & GST,TC_0289,2026-06-12,Completed,65.0,No,,Placed,Larsen & Toubro,Sales Executive,24640.0,,Sangli,5.0,Maybe
PART_00572,Deepa Iyer 29,19,Male,Diploma,Dhule,Taluka_9,5-10 Lakhs,No,Medical Lab Technology,TC_0013,2025-09-17,Assessed,43.0,No,,Not Applicable,,,,,,,
PART_00573,Neha Dubey 85,18,Male,Post Graduate,Akola,Taluka_4,5-10 Lakhs,No,Mobile Repair,TC_0241,2025-07-24,Ongoing,,No,,Not Applicable,,,,,,5.0,Yes
PART_00574,Kavita Rao 65,42,Female,Graduate,Nagpur,Taluka_3,Above 10 Lakhs,No,Warehouse Management,TC_0057,2025-11-15,Completed,54.0,No,,Not Placed,,,,,,4.0,Yes
PART_00575,Neha Dubey 22,35,Female,Post Graduate,Mumbai,Taluka_9,Above 10 Lakhs,No,Customer Service,TC_0162,2026-05-22,Ongoing,,No,,Not Applicable,,,,,,4.0,Yes
PART_00576,Deepa Iyer 76,45,Female,Diploma,Dhule,Taluka_4,3-5 Lakhs,Yes,Beauty & Wellness,TC_0476,2025-08-24,Ongoing,,No,,Not Applicable,,,,,,3.0,No
PART_00577,Vikram Singh 7,31,Female,Diploma,Nashik,Taluka_8,1-3 Lakhs,No,Food Processing,TC_0166,2025-12-31,Completed,76.0,No,,Not Placed,,,,,,1.0,Yes
PART_00578,Anil Kamble 64,40,Female,Post Graduate,Latur,Taluka_7,5-10 Lakhs,No,Digital Marketing,TC_0165,2026-02-24,Dropped Out,,No,,Not Applicable,,,,,,,
PART_00579,Rahul Verma 3,38,Other,Graduate,Akola,Taluka_10,1-3 Lakhs,No,Accounting & GST,TC_0473,2026-04-15,Ongoing,,No,,Not Applicable,,,,,,4.0,No
PART_00580,Shweta Bhatt 72,19,Male,10th Pass,Aurangabad,Taluka_8,1-3 Lakhs,Yes,Retail Management,TC_0239,2025-05-22,Assessed,88.0,No,,Not Applicable,,,,,,,
PART_00581,Arun Kulkarni 10,22,Female,Diploma,Jalna,Taluka_6,5-10 Lakhs,Yes,Beauty & Wellness,TC_0469,2025-05-14,Completed,100.0,No,,Not Placed,,,,,,2.0,Maybe
PART_00582,Amit Patel 16,37,Other,10th Pass,Latur,Taluka_5,1-3 Lakhs,No,Accounting & GST,TC_0235,2026-08-15,Completed,93.0,No,,Not Placed,,,,,,4.0,No
PART_00583,Prakash More 77,23,Other,10th Pass,Akola,Taluka_1,1-3 Lakhs,Yes,Welding Technology,TC_0248,2025-08-30,Ongoing,,No,,Not Applicable,,,,,,2.0,Yes
PART_00584,Sunita Kaur 95,21,Other,Graduate,Chandrapur,Taluka_8,Below 1 Lakh,Yes,Food Processing,TC_0202,2026-08-13,Assessed,57.0,No,,Not Applicable,,,,,,,
PART_00585,Sanjay Gupta 78,25,Other,10th Pass,Nashik,Taluka_9,1-3 Lakhs,Yes,Accounting & GST,TC_0492,2026-07-11,Completed,70.0,No,,Not Placed,,,,,,3.0,Maybe
PART_00586,Anjali Reddy 61,42,Other,Graduate,Bhiwandi,Taluka_1,1-3 Lakhs,Yes,Full Stack Development,TC_0160,2025-12-20,Completed,77.0,No,,Self Employed,,,,,,4.0,Maybe
PART_00587,Laxmi Hegde 77,21,Other,Graduate,Ahmednagar,Taluka_2,5-10 Lakhs,Yes,Retail Management,TC_0247,2025-02-09,Completed,83.0,No,,Further Studies,,,,,,1.0,Yes
PART_00588,Rajesh Kumar 91,32,Male,Diploma,Akola,Taluka_3,5-10 Lakhs,No,Beauty & Wellness,TC_0364,2025-05-03,Completed,86.0,No,,Not Placed,,,,,,1.0,No
PART_00589,Anil Kamble 85,40,Male,Post Graduate,Jalna,Taluka_4,3-5 Lakhs,No,Accounting & GST,TC_0280,2025-10-06,Completed,88.0,No,,Placed,Unacademy,Technician,62156.0,,Yavatmal,5.0,Yes
PART_00590,Nitin Bhosale 56,35,Female,Graduate,Dhule,Taluka_3,3-5 Lakhs,No,Accounting & GST,TC_0085,2025-09-12,Completed,64.0,No,,Self Employed,,,,,,1.0,Maybe
PART_00591,Sanjay Gupta 66,36,Male,Graduate,Chandrapur,Taluka_2,Below 1 Lakh,Yes,Data Analytics,TC_0106,2026-05-13,Ongoing,,No,,Not Applicable,,,,,,3.0,Yes
PART_00592,Neha Dubey 16,35,Other,Diploma,Ahmednagar,Taluka_5,5-10 Lakhs,Yes,Accounting & GST,TC_0289,2026-08-09,Completed,73.0,No,,Placed,Mahindra & Mahindra,Electrician,46887.0,,Bhiwandi,4.0,Yes
PART_00593,Usha Menon 21,26,Female,Post Graduate,Jalna,Taluka_8,Below 1 Lakh,No,Beauty & Wellness,TC_0392,2025-12-25,Completed,100.0,No,,Placed,Flipkart,Supply Chain Analyst,56496.0,,Yavatmal,4.0,Yes
PART_00594,Amit Patel 43,44,Male,Post Graduate,Nagpur,Taluka_6,Above 10 Lakhs,Yes,Warehouse Management,TC_0429,2025-07-16,Certified,80.0,Yes,2025-10-26,Not Placed,,,,,,,
PART_00595,Vikram Singh 76,44,Male,Diploma,Thane,Taluka_7,1-3 Lakhs,No,Automotive Mechanic,TC_0044,2025-06-15,Assessed,61.0,No,,Not Applicable,,,,,,,
PART_00596,Dinesh Shinde 67,36,Male,12th Pass,Mumbai,Taluka_9,Above 10 Lakhs,Yes,Customer Service,TC_0319,2025-04-14,Assessed,94.0,No,,Not Applicable,,,,,,,
PART_00597,Neha Dubey 90,28,Other,Post Graduate,Ahmednagar,Taluka_3,3-5 Lakhs,Yes,Electrician Training,TC_0121,2025-02-24,Assessed,80.0,No,,Not Applicable,,,,,,,
PART_00598,Kavita Rao 61,45,Female,10th Pass,Latur,Taluka_8,Below 1 Lakh,Yes,Retail Management,TC_0304,2026-06-21,Ongoing,,No,,Not Applicable,,,,,,1.0,Yes
PART_00599,Dinesh Shinde 78,38,Other,Graduate,Nanded,Taluka_7,Above 10 Lakhs,No,Customer Service,TC_0401,2025-07-01,Assessed,52.0,No,,Not Applicable,,,,,,,
PART_00600,Prakash More 64,22,Female,12th Pass,Dhule,Taluka_8,3-5 Lakhs,Yes,Medical Lab Technology,TC_0375,2026-01-11,Assessed,66.0,No,,Not Applicable,,,,,,,
PART_00601,Pooja Joshi 60,21,Male,Post Graduate,Bhiwandi,Taluka_8,1-3 Lakhs,Yes,Automotive Mechanic,TC_0379,2026-03-04,Certified,90.0,Yes,2026-06-26,Not Placed,,,,,,,
PART_00602,Laxmi Hegde 2,35,Female,12th Pass,Sangli,Taluka_8,Below 1 Lakh,No,Retail Management,TC_0180,2025-08-04,Completed,87.0,No,,Further Studies,,,,,,4.0,No
PART_00603,Mohan Rao 17,44,Male,Post Graduate,Ahmednagar,Taluka_2,5-10 Lakhs,Yes,Electrician Training,TC_0161,2026-05-14,Assessed,92.0,No,,Not Applicable,,,,,,,
PART_00604,Nitin Bhosale 34,34,Male,Post Graduate,Bhiwandi,Taluka_8,3-5 Lakhs,Yes,Medical Lab Technology,TC_0187,2025-08-27,Completed,85.0,No,,Placed,Mahindra & Mahindra,Accountant,56475.0,,Satara,2.0,Maybe
PART_00605,Ramesh Jadhav 63,45,Other,12th Pass,Ahmednagar,Taluka_1,Below 1 Lakh,Yes,Warehouse Management,TC_0500,2026-05-17,Certified,99.0,Yes,2026-08-22,Self Employed,,,,,,,
PART_00606,Prakash More 12,19,Male,Post Graduate,Amravati,Taluka_4,1-3 Lakhs,Yes,Cloud Computing,TC_0081,2026-04-05,Certified,69.0,Yes,2026-09-24,Placed,Mahindra & Mahindra,Sales Executive,26330.0,2026-11-26,Beed,,
PART_00607,Kavita Rao 86,37,Female,Graduate,Aurangabad,Taluka_5,1-3 Lakhs,Yes,Medical Lab Technology,TC_0251,2026-03-23,Ongoing,,No,,Not Applicable,,,,,,4.0,Maybe
PART_00608,Usha Menon 95,25,Male,12th Pass,Pune,Taluka_7,5-10 Lakhs,No,Digital Marketing,TC_0073,2025-07-28,Dropped Out,,No,,Not Applicable,,,,,,,
PART_00609,Usha Menon 53,35,Other,Diploma,Amravati,Taluka_4,Above 10 Lakhs,Yes,Mobile Repair,TC_0381,2025-09-26,Assessed,62.0,No,,Not Applicable,,,,,,,
PART_00610,Laxmi Hegde 40,40,Other,12th Pass,Ahmednagar,Taluka_4,Above 10 Lakhs,No,Warehouse Management,TC_0282,2025-04-12,Ongoing,,No,,Not Applicable,,,,,,1.0,No
PART_00611,Ramesh Jadhav 67,33,Other,10th Pass,Mumbai,Taluka_9,1-3 Lakhs,No,CNC Operation,TC_0318,2025-05-11,Ongoing,,No,,Not Applicable,,,,,,3.0,Maybe
PART_00612,Priya Sharma 76,26,Female,12th Pass,Thane,Taluka_6,3-5 Lakhs,No,Retail Management,TC_0073,2025-12-12,Completed,95.0,No,,Not Placed,,,,,,5.0,Maybe
PART_00613,Deepa Iyer 83,34,Male,10th Pass,Nashik,Taluka_5,Below 1 Lakh,Yes,Medical Lab Technology,TC_0257,2025-04-28,Completed,90.0,No,,Not Placed,,,,,,3.0,Maybe
PART_00614,Shweta Bhatt 96,19,Other,Post Graduate,Ahmednagar,Taluka_4,Below 1 Lakh,Yes,Medical Lab Technology,TC_0056,2025-06-07,Dropped Out,,No,,Not Applicable,,,,,,,
PART_00615,Arun Kulkarni 54,42,Other,Post Graduate,Mumbai,Taluka_10,5-10 Lakhs,Yes,Warehouse Management,TC_0258,2025-08-31,Ongoing,,No,,Not Applicable,,,,,,3.0,Maybe
PART_00616,Anil Kamble 38,29,Other,Diploma,Chandrapur,Taluka_1,Below 1 Lakh,No,Welding Technology,TC_0242,2026-06-06,Assessed,53.0,No,,Not Applicable,,,,,,,
PART_00617,Geeta Sawant 74,41,Other,Graduate,Kolhapur,Taluka_6,5-10 Lakhs,Yes,Mobile Repair,TC_0137,2025-05-04,Completed,48.0,No,,Not Placed,,,,,,3.0,Maybe
PART_00618,Rajesh Kumar 15,35,Male,10th Pass,Nagpur,Taluka_3,Above 10 Lakhs,Yes,Data Analytics,TC_0095,2025-03-26,Completed,76.0,No,,Placed,Bajaj Finserv,Training Coordinator,39684.0,,Dhule,5.0,Yes
PART_00619,Vikram Singh 1,28,Male,10th Pass,Nanded,Taluka_4,1-3 Lakhs,Yes,Digital Marketing,TC_0091,2025-12-30,Completed,62.0,No,,Placed,Infosys,Training Coordinator,65130.0,,Aurangabad,5.0,Maybe
PART_00620,Amit Patel 28,28,Male,Post Graduate,Amravati,Taluka_4,Above 10 Lakhs,Yes,Automotive Mechanic,TC_0164,2026-05-13,Dropped Out,,No,,Not Applicable,,,,,,,
PART_00621,Kavita Rao 62,37,Female,12th Pass,Pune,Taluka_3,1-3 Lakhs,No,Food Processing,TC_0001,2025-02-28,Completed,41.0,No,,Placed,Narayana Health,Training Coordinator,48820.0,,Amravati,3.0,Yes
PART_00622,Dinesh Shinde 39,45,Male,Diploma,Pune,Taluka_8,5-10 Lakhs,No,Welding Technology,TC_0358,2025-08-06,Assessed,60.0,No,,Not Applicable,,,,,,,
PART_00623,Rekha Pillai 6,41,Male,Post Graduate,Thane,Taluka_7,3-5 Lakhs,Yes,CNC Operation,TC_0307,2026-06-18,Certified,43.0,Yes,2026-11-06,Self Employed,,,,,,,
PART_00624,Deepa Iyer 13,29,Male,Graduate,Pune,Taluka_2,1-3 Lakhs,No,Warehouse Management,TC_0001,2025-04-28,Completed,78.0,No,,Self Employed,,,,,,4.0,Maybe
PART_00625,Mohan Rao 60,31,Female,12th Pass,Kolhapur,Taluka_10,3-5 Lakhs,No,Customer Service,TC_0212,2026-05-20,Completed,49.0,No,,Self Employed,,,,,,2.0,No
PART_00626,Sanjay Gupta 70,42,Male,12th Pass,Thane,Taluka_4,1-3 Lakhs,No,Full Stack Development,TC_0435,2026-05-27,Ongoing,,No,,Not Applicable,,,,,,2.0,Maybe
PART_00627,Preeti Chopra 17,45,Female,10th Pass,Dhule,Taluka_6,1-3 Lakhs,No,Food Processing,TC_0054,2025-05-31,Assessed,45.0,No,,Not Applicable,,,,,,,
PART_00628,Sneha Deshmukh 18,24,Female,Post Graduate,Nashik,Taluka_9,Below 1 Lakh,No,Data Analytics,TC_0080,2025-06-18,Assessed,79.0,No,,Not Applicable,,,,,,,
PART_00629,Nitin Bhosale 26,41,Other,Diploma,Parbhani,Taluka_8,3-5 Lakhs,No,Electrician Training,TC_0389,2025-10-02,Completed,48.0,No,,Self Employed,,,,,,1.0,No
PART_00630,Pooja Joshi 69,26,Male,Post Graduate,Parbhani,Taluka_4,1-3 Lakhs,No,Cloud Computing,TC_0042,2025-12-27,Ongoing,,No,,Not Applicable,,,,,,2.0,No
PART_00631,Preeti Chopra 2,23,Female,Diploma,Aurangabad,Taluka_9,3-5 Lakhs,Yes,Retail Management,TC_0149,2025-10-17,Ongoing,,No,,Not Applicable,,,,,,2.0,Maybe
PART_00632,Neha Dubey 28,23,Male,10th Pass,Nagpur,Taluka_10,3-5 Lakhs,No,Data Analytics,TC_0035,2025-03-14,Ongoing,,No,,Not Applicable,,,,,,2.0,Maybe
PART_00633,Anil Kamble 31,36,Female,12th Pass,Nagpur,Taluka_10,Below 1 Lakh,Yes,Data Analytics,TC_0235,2026-03-21,Completed,71.0,No,,Self Employed,,,,,,3.0,No
PART_00634,Kavita Rao 60,21,Male,12th Pass,Pune,Taluka_2,5-10 Lakhs,No,Electrician Training,TC_0479,2025-08-19,Certified,49.0,Yes,2025-11-30,Not Placed,,,,,,,
PART_00635,Rajesh Kumar 56,30,Male,12th Pass,Dhule,Taluka_8,1-3 Lakhs,No,Electrician Training,TC_0263,2025-09-08,Certified,73.0,Yes,2026-03-06,Placed,Max Healthcare,Machine Learning Engineer,23188.0,2026-03-23,Dhule,,
PART_00636,Kavita Rao 32,18,Female,Post Graduate,Dhule,Taluka_9,1-3 Lakhs,Yes,CNC Operation,TC_0120,2025-08-14,Completed,70.0,No,,Not Placed,,,,,,2.0,No
PART_00637,Preeti Chopra 38,42,Other,12th Pass,Solapur,Taluka_6,3-5 Lakhs,No,Cloud Computing,TC_0243,2025-12-18,Assessed,94.0,No,,Not Applicable,,,,,,,
PART_00638,Arun Kulkarni 61,37,Female,Post Graduate,Chandrapur,Taluka_9,Below 1 Lakh,No,Food Processing,TC_0260,2026-01-22,Ongoing,,No,,Not Applicable,,,,,,1.0,Maybe
PART_00639,Shweta Bhatt 50,38,Other,Diploma,Mumbai,Taluka_8,3-5 Lakhs,No,Mobile Repair,TC_0108,2026-07-03,Ongoing,,No,,Not Applicable,,,,,,2.0,Yes
PART_00640,Rahul Verma 69,35,Female,10th Pass,Pune,Taluka_2,5-10 Lakhs,No,Full Stack Development,TC_0481,2025-10-08,Dropped Out,,No,,Not Applicable,,,,,,,
PART_00641,Deepa Iyer 54,39,Female,10th Pass,Solapur,Taluka_6,5-10 Lakhs,Yes,Medical Lab Technology,TC_0348,2026-07-18,Completed,61.0,No,,Not Placed,,,,,,3.0,No
PART_00642,Usha Menon 12,33,Other,Diploma,Latur,Taluka_4,1-3 Lakhs,No,Digital Marketing,TC_0475,2025-10-13,Dropped Out,,No,,Not Applicable,,,,,,,
PART_00643,Sanjay Gupta 40,32,Male,12th Pass,Solapur,Taluka_8,3-5 Lakhs,No,Digital Marketing,TC_0318,2025-02-11,Certified,51.0,Yes,2025-06-16,Placed,Narayana Health,DevOps Engineer,63495.0,2025-07-25,Raigad,,
PART_00644,Shweta Bhatt 12,31,Other,Graduate,Kolhapur,Taluka_10,5-10 Lakhs,No,Beauty & Wellness,TC_0401,2026-07-17,Completed,64.0,No,,Placed,Mahindra & Mahindra,Teacher,48221.0,,Amravati,1.0,Maybe
PART_00645,Vikram Singh 98,44,Male,10th Pass,Jalna,Taluka_2,3-5 Lakhs,No,Data Analytics,TC_0500,2026-03-10,Completed,75.0,No,,Placed,Byju's,Cybersecurity Analyst,31607.0,,Yavatmal,3.0,Yes
PART_00646,Kavita Rao 91,19,Other,Post Graduate,Jalna,Taluka_3,3-5 Lakhs,No,CNC Operation,TC_0335,2025-05-25,Completed,96.0,No,,Not Placed,,,,,,2.0,Yes
PART_00647,Ashok Pawar 92,36,Other,10th Pass,Ahmednagar,Taluka_10,1-3 Lakhs,Yes,Medical Lab Technology,TC_0373,2026-08-23,Ongoing,,No,,Not Applicable,,,,,,1.0,Maybe
PART_00648,Anil Kamble 66,29,Female,12th Pass,Aurangabad,Taluka_8,5-10 Lakhs,No,Customer Service,TC_0017,2026-01-01,Ongoing,,No,,Not Applicable,,,,,,1.0,Yes
PART_00649,Neha Dubey 60,20,Other,10th Pass,Nanded,Taluka_7,1-3 Lakhs,No,Customer Service,TC_0219,2026-02-22,Dropped Out,,No,,Not Applicable,,,,,,,
PART_00650,Dinesh Shinde 76,18,Female,12th Pass,Kolhapur,Taluka_10,5-10 Lakhs,No,Accounting & GST,TC_0129,2025-10-25,Ongoing,,No,,Not Applicable,,,,,,1.0,Yes
PART_00651,Ashok Pawar 87,29,Other,Post Graduate,Kolhapur,Taluka_6,3-5 Lakhs,No,Warehouse Management,TC_0172,2026-03-01,Completed,51.0,No,,Self Employed,,,,,,4.0,Maybe
PART_00652,Sneha Deshmukh 36,40,Other,10th Pass,Thane,Taluka_9,5-10 Lakhs,No,Medical Lab Technology,TC_0368,2025-12-20,Assessed,44.0,No,,Not Applicable,,,,,,,
PART_00653,Kavita Rao 10,33,Male,12th Pass,Nanded,Taluka_8,1-3 Lakhs,No,CNC Operation,TC_0029,2025-05-17,Dropped Out,,No,,Not Applicable,,,,,,,
PART_00654,Deepa Iyer 44,39,Female,Graduate,Bhiwandi,Taluka_8,1-3 Lakhs,No,Cloud Computing,TC_0136,2025-05-26,Completed,73.0,No,,Placed,Mahindra & Mahindra,Cloud Engineer,63307.0,,Chandrapur,3.0,No
PART_00655,Anjali Reddy 28,19,Other,Post Graduate,Latur,Taluka_2,1-3 Lakhs,No,Electrician Training,TC_0141,2026-01-28,Ongoing,,No,,Not Applicable,,,,,,3.0,Yes
PART_00656,Sanjay Gupta 96,24,Female,12th Pass,Amravati,Taluka_5,1-3 Lakhs,Yes,CNC Operation,TC_0104,2026-07-13,Dropped Out,,No,,Not Applicable,,,,,,,
PART_00657,Arun Kulkarni 53,28,Other,Diploma,Dhule,Taluka_7,1-3 Lakhs,No,Mobile Repair,TC_0359,2026-05-28,Assessed,73.0,No,,Not Applicable,,,,,,,
PART_00658,Rekha Pillai 36,38,Male,Diploma,Nanded,Taluka_5,1-3 Lakhs,No,Retail Management,TC_0382,2026-01-14,Dropped Out,,No,,Not Applicable,,,,,,,
PART_00659,Sneha Deshmukh 69,20,Female,Post Graduate,Mumbai,Taluka_9,3-5 Lakhs,No,Customer Service,TC_0219,2026-01-28,Dropped Out,,No,,Not Applicable,,,,,,,
PART_00660,Rekha Pillai 29,35,Female,12th Pass,Kolhapur,Taluka_9,Above 10 Lakhs,No,Medical Lab Technology,TC_0164,2025-06-01,Completed,93.0,No,,Further Studies,,,,,,5.0,Yes
PART_00661,Pooja Joshi 64,29,Other,12th Pass,Latur,Taluka_2,3-5 Lakhs,Yes,Welding Technology,TC_0422,2026-02-06,Certified,87.0,Yes,2026-07-24,Placed,Zerodha,Pharmacy Assistant,42665.0,2026-09-28,Bhiwandi,,
PART_00662,Shweta Bhatt 88,22,Female,10th Pass,Nanded,Taluka_2,Above 10 Lakhs,No,Digital Marketing,TC_0087,2025-06-16,Dropped Out,,No,,Not Applicable,,,,,,,
PART_00663,Preeti Chopra 37,32,Male,12th Pass,Kolhapur,Taluka_9,Above 10 Lakhs,Yes,Cloud Computing,TC_0301,2025-07-09,Ongoing,,No,,Not Applicable,,,,,,3.0,Maybe
PART_00664,Prakash More 78,40,Male,Post Graduate,Bhiwandi,Taluka_9,1-3 Lakhs,Yes,Accounting & GST,TC_0129,2025-10-20,Dropped Out,,No,,Not Applicable,,,,,,,
PART_00665,Deepa Iyer 79,38,Other,Graduate,Chandrapur,Taluka_4,Above 10 Lakhs,Yes,Digital Marketing,TC_0055,2025-05-24,Completed,65.0,No,,Placed,Vedantu,UI/UX Designer,63758.0,,Mumbai,1.0,Yes
PART_00666,Rajesh Kumar 18,37,Male,Graduate,Thane,Taluka_9,1-3 Lakhs,Yes,Full Stack Development,TC_0298,2025-11-08,Completed,87.0,No,,Not Placed,,,,,,1.0,No
PART_00667,Deepa Iyer 4,45,Female,Graduate,Nagpur,Taluka_3,1-3 Lakhs,No,Customer Service,TC_0056,2025-10-14,Completed,65.0,No,,Not Placed,,,,,,5.0,Maybe
PART_00668,Mohan Rao 89,31,Other,Diploma,Jalgaon,Taluka_1,5-10 Lakhs,No,Mobile Repair,TC_0042,2025-11-11,Certified,88.0,Yes,2026-05-08,Placed,Cognizant,HR Coordinator,65994.0,2026-07-07,Dhule,,
PART_00669,Neha Dubey 94,36,Female,Post Graduate,Solapur,Taluka_10,Below 1 Lakh,Yes,Full Stack Development,TC_0313,2026-07-23,Assessed,84.0,No,,Not Applicable,,,,,,,
PART_00670,Sunita Kaur 89,35,Male,Post Graduate,Ahmednagar,Taluka_4,Above 10 Lakhs,No,CNC Operation,TC_0235,2025-08-11,Assessed,70.0,No,,Not Applicable,,,,,,,
PART_00671,Meera Nair 13,24,Male,Diploma,Akola,Taluka_1,3-5 Lakhs,No,Warehouse Management,TC_0380,2025-10-09,Completed,95.0,No,,Self Employed,,,,,,2.0,Maybe
PART_00672,Pooja Joshi 57,43,Male,Post Graduate,Mumbai,Taluka_1,5-10 Lakhs,Yes,Medical Lab Technology,TC_0214,2025-11-21,Assessed,83.0,No,,Not Applicable,,,,,,,
PART_00673,Ramesh Jadhav 15,38,Male,Graduate,Thane,Taluka_9,1-3 Lakhs,No,Beauty & Wellness,TC_0133,2026-03-23,Certified,85.0,Yes,2026-07-24,Placed,Capgemini,Software Developer,45967.0,2026-10-16,Satara,,
PART_00674,Dinesh Shinde 85,42,Male,12th Pass,Akola,Taluka_10,3-5 Lakhs,No,Digital Marketing,TC_0027,2026-04-10,Completed,85.0,No,,Placed,Apollo Hospitals,HR Coordinator,70488.0,,Mumbai,2.0,No
PART_00675,Laxmi Hegde 72,37,Male,Post Graduate,Nashik,Taluka_2,3-5 Lakhs,No,Food Processing,TC_0067,2025-06-12,Ongoing,,No,,Not Applicable,,,,,,5.0,Maybe
PART_00676,Ramesh Jadhav 24,40,Female,12th Pass,Jalna,Taluka_1,1-3 Lakhs,Yes,Data Analytics,TC_0446,2026-06-09,Completed,67.0,No,,Self Employed,,,,,,4.0,No
PART_00677,Ramesh Jadhav 23,31,Female,Post Graduate,Bhiwandi,Taluka_4,Above 10 Lakhs,No,Automotive Mechanic,TC_0287,2026-07-11,Certified,84.0,Yes,2027-01-07,Placed,Capgemini,Quality Analyst,51468.0,2027-03-24,Dhule,,
PART_00678,Manoj Tiwari 59,43,Male,Graduate,Thane,Taluka_9,3-5 Lakhs,Yes,Cloud Computing,TC_0160,2026-03-10,Completed,62.0,No,,Not Placed,,,,,,5.0,Yes
PART_00679,Usha Menon 2,29,Other,Graduate,Bhiwandi,Taluka_2,5-10 Lakhs,Yes,Retail Management,TC_0331,2025-07-04,Dropped Out,,No,,Not Applicable,,,,,,,
PART_00680,Neha Dubey 70,23,Other,Post Graduate,Nagpur,Taluka_2,Above 10 Lakhs,No,Welding Technology,TC_0138,2025-08-02,Ongoing,,No,,Not Applicable,,,,,,1.0,Yes
PART_00681,Dinesh Shinde 65,19,Other,12th Pass,Parbhani,Taluka_7,3-5 Lakhs,Yes,Medical Lab Technology,TC_0443,2025-02-06,Ongoing,,No,,Not Applicable,,,,,,4.0,No
PART_00682,Ashok Pawar 44,38,Female,Graduate,Jalgaon,Taluka_2,Above 10 Lakhs,No,CNC Operation,TC_0103,2026-06-23,Assessed,93.0,No,,Not Applicable,,,,,,,
PART_00683,Amit Patel 40,37,Male,10th Pass,Latur,Taluka_7,5-10 Lakhs,Yes,CNC Operation,TC_0067,2026-01-11,Ongoing,,No,,Not Applicable,,,,,,4.0,Yes
PART_00684,Mohan Rao 17,22,Male,Graduate,Chandrapur,Taluka_10,Above 10 Lakhs,No,Beauty & Wellness,TC_0496,2025-03-01,Certified,91.0,Yes,2025-07-01,Self Employed,,,,,,,
PART_00685,Prakash More 76,29,Male,12th Pass,Nashik,Taluka_5,Above 10 Lakhs,No,Accounting & GST,TC_0471,2025-11-15,Completed,40.0,No,,Placed,PhonePe,Customer Support Specialist,51997.0,,Solapur,4.0,No
PART_00686,Mohan Rao 45,42,Male,12th Pass,Mumbai,Taluka_10,1-3 Lakhs,No,Retail Management,TC_0078,2026-08-02,Ongoing,,No,,Not Applicable,,,,,,2.0,Maybe
PART_00687,Geeta Sawant 12,40,Female,10th Pass,Aurangabad,Taluka_3,5-10 Lakhs,Yes,Digital Marketing,TC_0148,2026-02-12,Assessed,89.0,No,,Not Applicable,,,,,,,
PART_00688,Pooja Joshi 42,28,Male,Graduate,Dhule,Taluka_7,3-5 Lakhs,No,Data Analytics,TC_0416,2026-05-10,Dropped Out,,No,,Not Applicable,,,,,,,
PART_00689,Pooja Joshi 99,39,Female,10th Pass,Jalgaon,Taluka_8,Below 1 Lakh,Yes,Retail Management,TC_0421,2025-06-19,Certified,81.0,Yes,2025-12-12,Placed,Axis Bank,Sales Executive,74838.0,2026-02-05,Ahmednagar,,
PART_00690,Anjali Reddy 81,28,Female,Post Graduate,Solapur,Taluka_3,Below 1 Lakh,No,Electrician Training,TC_0145,2025-12-24,Assessed,65.0,No,,Not Applicable,,,,,,,
PART_00691,Arun Kulkarni 42,22,Male,10th Pass,Solapur,Taluka_4,1-3 Lakhs,Yes,Beauty & Wellness,TC_0251,2025-07-28,Certified,46.0,Yes,2026-01-23,Self Employed,,,,,,,
PART_00692,Prakash More 36,19,Male,10th Pass,Chandrapur,Taluka_2,1-3 Lakhs,No,Customer Service,TC_0255,2025-04-29,Dropped Out,,No,,Not Applicable,,,,,,,
PART_00693,Priya Sharma 13,31,Female,Graduate,Pune,Taluka_9,1-3 Lakhs,Yes,Digital Marketing,TC_0346,2025-06-22,Ongoing,,No,,Not Applicable,,,,,,4.0,No
PART_00694,Laxmi Hegde 59,28,Female,12th Pass,Nanded,Taluka_4,1-3 Lakhs,No,Mobile Repair,TC_0253,2025-09-01,Completed,80.0,No,,Placed,Reliance Jio,Fitter,27436.0,,Mumbai,5.0,No
PART_00695,Usha Menon 44,42,Male,10th Pass,Nagpur,Taluka_7,Below 1 Lakh,No,CNC Operation,TC_0395,2025-04-29,Ongoing,,No,,Not Applicable,,,,,,5.0,No
PART_00696,Mohan Rao 23,18,Male,Graduate,Parbhani,Taluka_2,Above 10 Lakhs,Yes,Welding Technology,TC_0167,2025-06-29,Ongoing,,No,,Not Applicable,,,,,,5.0,No
PART_00697,Rahul Verma 14,33,Male,Graduate,Jalna,Taluka_3,Below 1 Lakh,No,Automotive Mechanic,TC_0210,2026-05-15,Certified,45.0,Yes,2026-10-26,Further Studies,,,,,,,
PART_00698,Neha Dubey 2,20,Male,Diploma,Parbhani,Taluka_5,3-5 Lakhs,Yes,Accounting & GST,TC_0033,2025-12-27,Completed,98.0,No,,Self Employed,,,,,,2.0,Maybe
PART_00699,Manoj Tiwari 9,35,Other,10th Pass,Chandrapur,Taluka_9,1-3 Lakhs,Yes,Automotive Mechanic,TC_0080,2025-09-02,Completed,78.0,No,,Self Employed,,,,,,2.0,Maybe
PART_00700,Ashok Pawar 84,43,Female,12th Pass,Dhule,Taluka_10,Above 10 Lakhs,No,Digital Marketing,TC_0434,2026-08-15,Dropped Out,,No,,Not Applicable,,,,,,,
PART_00701,Sneha Deshmukh 25,23,Male,Diploma,Parbhani,Taluka_6,1-3 Lakhs,No,Warehouse Management,TC_0406,2026-06-28,Ongoing,,No,,Not Applicable,,,,,,1.0,No
PART_00702,Nitin Bhosale 23,42,Other,Graduate,Latur,Taluka_5,1-3 Lakhs,Yes,Medical Lab Technology,TC_0209,2026-08-16,Completed,40.0,No,,Self Employed,,,,,,1.0,No
PART_00703,Preeti Chopra 60,23,Male,10th Pass,Jalna,Taluka_1,Above 10 Lakhs,Yes,CNC Operation,TC_0187,2026-04-12,Completed,80.0,No,,Not Placed,,,,,,1.0,Yes
PART_00704,Arun Kulkarni 52,32,Other,12th Pass,Solapur,Taluka_9,Below 1 Lakh,No,Food Processing,TC_0170,2025-05-09,Ongoing,,No,,Not Applicable,,,,,,4.0,Yes
PART_00705,Arun Kulkarni 96,44,Female,12th Pass,Sangli,Taluka_4,3-5 Lakhs,Yes,Beauty & Wellness,TC_0205,2025-12-14,Completed,88.0,No,,Placed,Accenture,Sales Executive,30878.0,,Raigad,3.0,Maybe
PART_00706,Arun Kulkarni 43,33,Other,Diploma,Mumbai,Taluka_5,3-5 Lakhs,Yes,Customer Service,TC_0043,2025-03-10,Completed,72.0,No,,Not Placed,,,,,,4.0,Maybe
PART_00707,Priya Sharma 68,32,Other,Post Graduate,Pune,Taluka_5,Below 1 Lakh,No,Beauty & Wellness,TC_0220,2026-04-15,Completed,63.0,No,,Self Employed,,,,,,3.0,Maybe
PART_00708,Nitin Bhosale 71,19,Other,10th Pass,Thane,Taluka_3,3-5 Lakhs,Yes,Data Analytics,TC_0176,2025-08-12,Completed,95.0,No,,Self Employed,,,,,,3.0,Maybe
PART_00709,Mohan Rao 77,43,Female,12th Pass,Dhule,Taluka_1,3-5 Lakhs,Yes,CNC Operation,TC_0491,2025-10-20,Certified,85.0,Yes,2026-01-28,Further Studies,,,,,,,
PART_00710,Rekha Pillai 11,36,Female,Post Graduate,Kolhapur,Taluka_6,1-3 Lakhs,Yes,Cloud Computing,TC_0169,2025-08-23,Certified,72.0,Yes,2026-02-05,Placed,Cognizant,Technician,17119.0,2026-03-25,Solapur,,
PART_00711,Usha Menon 17,23,Female,Diploma,Solapur,Taluka_5,Above 10 Lakhs,No,Customer Service,TC_0183,2026-03-02,Ongoing,,No,,Not Applicable,,,,,,3.0,Maybe
PART_00712,Shweta Bhatt 85,27,Other,12th Pass,Latur,Taluka_4,1-3 Lakhs,Yes,Automotive Mechanic,TC_0362,2025-01-23,Completed,84.0,No,,Self Employed,,,,,,4.0,No
PART_00713,Rekha Pillai 66,40,Male,Graduate,Amravati,Taluka_3,1-3 Lakhs,No,Beauty & Wellness,TC_0245,2025-03-25,Certified,58.0,Yes,2025-07-03,Not Placed,,,,,,,
PART_00714,Rahul Verma 38,41,Other,Graduate,Ahmednagar,Taluka_8,Above 10 Lakhs,No,CNC Operation,TC_0195,2025-11-19,Dropped Out,,No,,Not Applicable,,,,,,,
PART_00715,Sunita Kaur 67,45,Female,12th Pass,Latur,Taluka_3,Below 1 Lakh,Yes,Customer Service,TC_0458,2025-04-11,Dropped Out,,No,,Not Applicable,,,,,,,
PART_00716,Sneha Deshmukh 10,26,Male,12th Pass,Pune,Taluka_9,Below 1 Lakh,Yes,Accounting & GST,TC_0075,2026-01-25,Completed,81.0,No,,Self Employed,,,,,,3.0,No
PART_00717,Geeta Sawant 26,43,Male,Graduate,Parbhani,Taluka_10,Below 1 Lakh,Yes,Retail Management,TC_0207,2026-05-18,Completed,77.0,No,,Self Employed,,,,,,4.0,Yes
PART_00718,Kavita Rao 75,36,Female,Post Graduate,Thane,Taluka_8,Above 10 Lakhs,No,Data Analytics,TC_0009,2025-04-15,Certified,86.0,Yes,2025-08-17,Placed,Razorpay,Cybersecurity Analyst,23643.0,2025-09-06,Nagpur,,
PART_00719,Sunita Kaur 61,45,Female,10th Pass,Nashik,Taluka_9,1-3 Lakhs,Yes,Cloud Computing,TC_0207,2025-10-02,Completed,54.0,No,,Placed,HCL,Digital Marketing Executive,51064.0,,Nagpur,5.0,Yes
PART_00720,Rajesh Kumar 21,21,Other,10th Pass,Akola,Taluka_1,1-3 Lakhs,No,Retail Management,TC_0285,2025-03-13,Completed,84.0,No,,Placed,Crompton Greaves,Full Stack Developer,42314.0,,Beed,5.0,No
PART_00721,Geeta Sawant 78,29,Other,Diploma,Nanded,Taluka_4,5-10 Lakhs,No,Automotive Mechanic,TC_0134,2025-12-28,Ongoing,,No,,Not Applicable,,,,,,2.0,Yes
PART_00722,Prakash More 68,39,Male,Post Graduate,Jalgaon,Taluka_10,3-5 Lakhs,No,Warehouse Management,TC_0268,2026-03-21,Completed,74.0,No,,Not Placed,,,,,,5.0,Yes
PART_00723,Anjali Reddy 76,28,Male,Graduate,Mumbai,Taluka_9,Below 1 Lakh,Yes,Electrician Training,TC_0419,2025-11-30,Completed,94.0,No,,Not Placed,,,,,,4.0,Yes
PART_00724,Sunita Kaur 95,40,Other,Post Graduate,Mumbai,Taluka_3,3-5 Lakhs,Yes,Customer Service,TC_0137,2025-08-07,Completed,87.0,No,,Not Placed,,,,,,3.0,Yes
PART_00725,Anil Kamble 35,24,Female,10th Pass,Kolhapur,Taluka_9,Below 1 Lakh,No,Beauty & Wellness,TC_0119,2026-02-11,Certified,52.0,Yes,2026-05-22,Not Placed,,,,,,,
PART_00726,Ramesh Jadhav 22,26,Other,12th Pass,Kolhapur,Taluka_8,1-3 Lakhs,No,CNC Operation,TC_0164,2026-04-06,Ongoing,,No,,Not Applicable,,,,,,1.0,No
PART_00727,Pooja Joshi 71,29,Female,Graduate,Nagpur,Taluka_10,Below 1 Lakh,Yes,Food Processing,TC_0121,2025-11-10,Completed,61.0,No,,Not Placed,,,,,,5.0,No
PART_00728,Sanjay Gupta 21,30,Male,Diploma,Chandrapur,Taluka_7,1-3 Lakhs,Yes,Customer Service,TC_0257,2025-06-16,Certified,72.0,Yes,2025-11-30,Self Employed,,,,,,,
PART_00729,Usha Menon 18,27,Female,Diploma,Amravati,Taluka_8,1-3 Lakhs,No,CNC Operation,TC_0020,2025-02-26,Dropped Out,,No,,Not Applicable,,,,,,,
PART_00730,Laxmi Hegde 92,37,Other,Graduate,Nanded,Taluka_6,1-3 Lakhs,Yes,Customer Service,TC_0487,2025-02-08,Ongoing,,No,,Not Applicable,,,,,,4.0,Yes
PART_00731,Nitin Bhosale 68,20,Female,Post Graduate,Jalgaon,Taluka_9,1-3 Lakhs,Yes,Accounting & GST,TC_0301,2025-07-30,Ongoing,,No,,Not Applicable,,,,,,2.0,No
PART_00732,Deepa Iyer 76,20,Female,Diploma,Sangli,Taluka_4,3-5 Lakhs,No,Accounting & GST,TC_0479,2025-03-01,Dropped Out,,No,,Not Applicable,,,,,,,
PART_00733,Laxmi Hegde 63,25,Other,Post Graduate,Solapur,Taluka_10,Below 1 Lakh,Yes,CNC Operation,TC_0413,2026-06-08,Completed,41.0,No,,Placed,Wipro,Nurse,20672.0,,Kolhapur,5.0,Maybe
PART_00734,Ashok Pawar 6,29,Other,12th Pass,Mumbai,Taluka_7,1-3 Lakhs,No,Customer Service,TC_0071,2025-10-06,Completed,57.0,No,,Placed,Infosys,UI/UX Designer,73556.0,,Nagpur,4.0,No
PART_00735,Anjali Reddy 8,32,Female,Diploma,Chandrapur,Taluka_3,1-3 Lakhs,No,Mobile Repair,TC_0336,2025-09-22,Completed,44.0,No,,Placed,Reliance Jio,UI/UX Designer,51765.0,,Kolhapur,4.0,No
PART_00736,Sneha Deshmukh 75,35,Other,12th Pass,Parbhani,Taluka_8,Below 1 Lakh,No,Automotive Mechanic,TC_0307,2025-12-22,Dropped Out,,No,,Not Applicable,,,,,,,
PART_00737,Nitin Bhosale 73,33,Other,Graduate,Nashik,Taluka_7,Below 1 Lakh,No,Customer Service,TC_0380,2025-03-17,Assessed,73.0,No,,Not Applicable,,,,,,,
PART_00738,Anil Kamble 58,40,Female,Diploma,Kolhapur,Taluka_2,Below 1 Lakh,No,Customer Service,TC_0203,2025-06-21,Dropped Out,,No,,Not Applicable,,,,,,,
PART_00739,Ashok Pawar 34,36,Female,Post Graduate,Ahmednagar,Taluka_10,Below 1 Lakh,No,Digital Marketing,TC_0248,2025-03-23,Assessed,40.0,No,,Not Applicable,,,,,,,
PART_00740,Anjali Reddy 90,32,Female,12th Pass,Mumbai,Taluka_10,Below 1 Lakh,Yes,Beauty & Wellness,TC_0250,2025-08-20,Assessed,58.0,No,,Not Applicable,,,,,,,
PART_00741,Deepa Iyer 19,24,Male,Post Graduate,Thane,Taluka_4,3-5 Lakhs,Yes,Customer Service,TC_0161,2026-05-11,Completed,94.0,No,,Not Placed,,,,,,4.0,No
PART_00742,Arun Kulkarni 39,22,Male,Post Graduate,Jalna,Taluka_7,5-10 Lakhs,No,Electrician Training,TC_0177,2025-03-03,Ongoing,,No,,Not Applicable,,,,,,4.0,Yes
PART_00743,Sneha Deshmukh 66,20,Female,Diploma,Aurangabad,Taluka_2,Below 1 Lakh,Yes,Full Stack Development,TC_0302,2025-02-08,Certified,80.0,Yes,2025-05-20,Placed,Godrej Industries,Medical Lab Technician,71362.0,2025-06-29,Amravati,,
PART_00744,Manoj Tiwari 90,20,Other,12th Pass,Jalgaon,Taluka_4,Above 10 Lakhs,No,CNC Operation,TC_0152,2025-01-14,Ongoing,,No,,Not Applicable,,,,,,3.0,Maybe
PART_00745,Usha Menon 75,38,Male,Post Graduate,Nagpur,Taluka_4,3-5 Lakhs,Yes,Warehouse Management,TC_0206,2025-07-08,Dropped Out,,No,,Not Applicable,,,,,,,
PART_00746,Sanjay Gupta 6,23,Male,Graduate,Ahmednagar,Taluka_1,1-3 Lakhs,No,Medical Lab Technology,TC_0280,2025-09-03,Dropped Out,,No,,Not Applicable,,,,,,,
PART_00747,Prakash More 93,36,Female,Graduate,Bhiwandi,Taluka_2,Below 1 Lakh,Yes,CNC Operation,TC_0436,2025-01-10,Dropped Out,,No,,Not Applicable,,,,,,,
PART_00748,Manoj Tiwari 74,29,Other,12th Pass,Akola,Taluka_2,5-10 Lakhs,No,Digital Marketing,TC_0137,2026-01-14,Ongoing,,No,,Not Applicable,,,,,,5.0,Yes
PART_00749,Deepa Iyer 25,41,Female,Graduate,Mumbai,Taluka_6,Above 10 Lakhs,Yes,Digital Marketing,TC_0451,2025-11-18,Completed,86.0,No,,Placed,Bajaj Finserv,Supply Chain Analyst,64484.0,,Chandrapur,3.0,Yes
PART_00750,Meera Nair 24,26,Female,Post Graduate,Nagpur,Taluka_3,3-5 Lakhs,Yes,Food Processing,TC_0274,2025-12-19,Ongoing,,No,,Not Applicable,,,,,,4.0,Maybe
PART_00751,Suresh Yadav 26,24,Male,10th Pass,Kolhapur,Taluka_6,Above 10 Lakhs,Yes,CNC Operation,TC_0362,2025-03-01,Assessed,80.0,No,,Not Applicable,,,,,,,
PART_00752,Shweta Bhatt 64,33,Male,Post Graduate,Solapur,Taluka_10,3-5 Lakhs,No,Full Stack Development,TC_0222,2025-09-10,Ongoing,,No,,Not Applicable,,,,,,4.0,Yes
PART_00753,Sunita Kaur 66,27,Other,10th Pass,Kolhapur,Taluka_6,3-5 Lakhs,Yes,Data Analytics,TC_0379,2025-07-21,Ongoing,,No,,Not Applicable,,,,,,1.0,Maybe
PART_00754,Kavita Rao 42,40,Female,10th Pass,Nashik,Taluka_9,Below 1 Lakh,Yes,Cloud Computing,TC_0489,2026-06-25,Completed,71.0,No,,Placed,Paytm,Cybersecurity Analyst,61077.0,,Nanded,1.0,No
PART_00755,Ramesh Jadhav 2,32,Other,12th Pass,Sangli,Taluka_4,1-3 Lakhs,No,Digital Marketing,TC_0468,2026-02-17,Completed,67.0,No,,Self Employed,,,,,,2.0,Yes
PART_00756,Anjali Reddy 47,35,Male,Graduate,Latur,Taluka_9,1-3 Lakhs,No,Data Analytics,TC_0198,2025-08-03,Assessed,80.0,No,,Not Applicable,,,,,,,
PART_00757,Pooja Joshi 37,41,Female,Graduate,Nagpur,Taluka_2,5-10 Lakhs,No,Beauty & Wellness,TC_0117,2026-06-22,Certified,65.0,Yes,2026-11-18,Not Placed,,,,,,,
PART_00758,Sunita Kaur 58,38,Female,Diploma,Sangli,Taluka_4,1-3 Lakhs,Yes,Welding Technology,TC_0161,2025-10-10,Ongoing,,No,,Not Applicable,,,,,,3.0,No
PART_00759,Rajesh Kumar 71,18,Male,Graduate,Nanded,Taluka_4,5-10 Lakhs,No,Welding Technology,TC_0093,2025-10-18,Completed,98.0,No,,Not Placed,,,,,,5.0,Maybe
PART_00760,Dinesh Shinde 14,41,Male,12th Pass,Jalgaon,Taluka_1,5-10 Lakhs,No,Medical Lab Technology,TC_0225,2025-08-08,Assessed,89.0,No,,Not Applicable,,,,,,,
PART_00761,Ashok Pawar 31,28,Male,12th Pass,Mumbai,Taluka_7,5-10 Lakhs,Yes,Medical Lab Technology,TC_0344,2026-07-15,Assessed,98.0,No,,Not Applicable,,,,,,,
PART_00762,Sanjay Gupta 68,21,Female,Graduate,Nanded,Taluka_7,5-10 Lakhs,No,Customer Service,TC_0041,2025-11-02,Dropped Out,,No,,Not Applicable,,,,,,,
PART_00763,Pooja Joshi 71,30,Female,Post Graduate,Jalna,Taluka_8,Above 10 Lakhs,No,Medical Lab Technology,TC_0260,2025-03-08,Assessed,76.0,No,,Not Applicable,,,,,,,
PART_00764,Suresh Yadav 49,29,Female,Graduate,Pune,Taluka_3,3-5 Lakhs,Yes,CNC Operation,TC_0459,2025-11-12,Ongoing,,No,,Not Applicable,,,,,,1.0,Yes
PART_00765,Deepa Iyer 77,39,Female,Post Graduate,Nagpur,Taluka_7,5-10 Lakhs,No,Full Stack Development,TC_0042,2026-05-14,Completed,77.0,No,,Placed,Wipro,Cloud Engineer,61563.0,,Kolhapur,1.0,Maybe
PART_00766,Anjali Reddy 72,33,Other,Post Graduate,Amravati,Taluka_4,1-3 Lakhs,Yes,Mobile Repair,TC_0422,2026-03-26,Assessed,45.0,No,,Not Applicable,,,,,,,
PART_00767,Meera Nair 55,45,Other,Graduate,Pune,Taluka_4,Below 1 Lakh,Yes,Mobile Repair,TC_0393,2025-03-28,Dropped Out,,No,,Not Applicable,,,,,,,
PART_00768,Preeti Chopra 19,21,Female,Graduate,Jalgaon,Taluka_3,3-5 Lakhs,Yes,Electrician Training,TC_0445,2025-08-20,Assessed,67.0,No,,Not Applicable,,,,,,,
PART_00769,Rahul Verma 24,45,Male,12th Pass,Nagpur,Taluka_8,Below 1 Lakh,No,Data Analytics,TC_0227,2025-12-08,Ongoing,,No,,Not Applicable,,,,,,5.0,Yes
PART_00770,Suresh Yadav 62,44,Other,Post Graduate,Kolhapur,Taluka_2,1-3 Lakhs,No,Warehouse Management,TC_0066,2026-07-25,Certified,68.0,Yes,2027-01-03,Not Placed,,,,,,,
PART_00771,Deepa Iyer 95,25,Male,Graduate,Parbhani,Taluka_7,5-10 Lakhs,No,Data Analytics,TC_0057,2026-03-01,Ongoing,,No,,Not Applicable,,,,,,4.0,Maybe
PART_00772,Sneha Deshmukh 70,21,Other,Diploma,Ahmednagar,Taluka_7,1-3 Lakhs,Yes,Welding Technology,TC_0045,2025-09-24,Assessed,97.0,No,,Not Applicable,,,,,,,
PART_00773,Sanjay Gupta 87,20,Male,Post Graduate,Akola,Taluka_3,5-10 Lakhs,No,Beauty & Wellness,TC_0097,2025-07-25,Completed,92.0,No,,Placed,Unacademy,Logistics Coordinator,29347.0,,Satara,3.0,No
PART_00774,Suresh Yadav 61,41,Female,Diploma,Dhule,Taluka_9,1-3 Lakhs,No,Warehouse Management,TC_0081,2026-04-25,Dropped Out,,No,,Not Applicable,,,,,,,
PART_00775,Rekha Pillai 16,35,Female,Diploma,Nagpur,Taluka_7,Above 10 Lakhs,No,Customer Service,TC_0021,2025-01-17,Completed,75.0,No,,Placed,Tata Motors,Customer Support Specialist,43199.0,,Jalgaon,5.0,Maybe
PART_00776,Priya Sharma 29,29,Female,Graduate,Dhule,Taluka_2,Below 1 Lakh,No,Mobile Repair,TC_0146,2025-02-26,Ongoing,,No,,Not Applicable,,,,,,4.0,Yes
PART_00777,Meera Nair 23,23,Other,12th Pass,Akola,Taluka_4,Above 10 Lakhs,No,Digital Marketing,TC_0343,2026-06-27,Completed,68.0,No,,Not Placed,,,,,,1.0,No
PART_00778,Anil Kamble 30,19,Other,10th Pass,Aurangabad,Taluka_1,5-10 Lakhs,Yes,Medical Lab Technology,TC_0220,2025-05-03,Completed,73.0,No,,Not Placed,,,,,,4.0,Yes
PART_00779,Laxmi Hegde 32,42,Female,12th Pass,Jalna,Taluka_9,5-10 Lakhs,Yes,Warehouse Management,TC_0321,2025-02-16,Assessed,90.0,No,,Not Applicable,,,,,,,
PART_00780,Priya Sharma 18,27,Male,12th Pass,Kolhapur,Taluka_1,3-5 Lakhs,Yes,Warehouse Management,TC_0295,2025-03-30,Completed,90.0,No,,Not Placed,,,,,,5.0,Yes
PART_00781,Ashok Pawar 72,20,Male,Graduate,Bhiwandi,Taluka_8,1-3 Lakhs,No,Cloud Computing,TC_0461,2026-04-05,Completed,100.0,No,,Placed,Max Healthcare,Project Coordinator,72853.0,,Akola,3.0,Maybe
PART_00782,Usha Menon 44,21,Male,10th Pass,Mumbai,Taluka_3,Below 1 Lakh,Yes,Retail Management,TC_0343,2025-07-27,Completed,42.0,No,,Not Placed,,,,,,1.0,No
PART_00783,Anjali Reddy 55,39,Female,12th Pass,Aurangabad,Taluka_8,3-5 Lakhs,Yes,Warehouse Management,TC_0263,2026-05-01,Ongoing,,No,,Not Applicable,,,,,,2.0,No
PART_00784,Laxmi Hegde 44,37,Female,Post Graduate,Ahmednagar,Taluka_10,Above 10 Lakhs,No,Retail Management,TC_0082,2025-08-29,Ongoing,,No,,Not Applicable,,,,,,4.0,No
PART_00785,Shweta Bhatt 39,23,Other,Graduate,Kolhapur,Taluka_3,1-3 Lakhs,No,Electrician Training,TC_0046,2026-03-31,Certified,53.0,Yes,2026-09-13,Not Placed,,,,,,,
PART_00786,Kavita Rao 62,32,Female,12th Pass,Dhule,Taluka_3,Below 1 Lakh,Yes,CNC Operation,TC_0468,2026-05-12,Completed,61.0,No,,Not Placed,,,,,,1.0,Yes
PART_00787,Sanjay Gupta 89,36,Male,12th Pass,Sangli,Taluka_8,3-5 Lakhs,No,Customer Service,TC_0434,2025-01-06,Certified,70.0,Yes,2025-06-29,Not Placed,,,,,,,
PART_00788,Anjali Reddy 100,20,Female,Graduate,Kolhapur,Taluka_6,3-5 Lakhs,Yes,Cloud Computing,TC_0333,2025-10-07,Assessed,80.0,No,,Not Applicable,,,,,,,
PART_00789,Mohan Rao 18,24,Female,Graduate,Nanded,Taluka_10,1-3 Lakhs,Yes,Warehouse Management,TC_0497,2025-12-08,Dropped Out,,No,,Not Applicable,,,,,,,
PART_00790,Sanjay Gupta 42,27,Male,10th Pass,Ahmednagar,Taluka_1,5-10 Lakhs,No,Medical Lab Technology,TC_0198,2026-05-12,Certified,67.0,Yes,2026-08-12,Not Placed,,,,,,,
PART_00791,Ramesh Jadhav 55,34,Other,Graduate,Bhiwandi,Taluka_10,1-3 Lakhs,No,Retail Management,TC_0365,2025-02-22,Ongoing,,No,,Not Applicable,,,,,,3.0,Yes
PART_00792,Ashok Pawar 80,43,Male,10th Pass,Akola,Taluka_5,1-3 Lakhs,Yes,Food Processing,TC_0420,2026-04-01,Dropped Out,,No,,Not Applicable,,,,,,,
PART_00793,Rajesh Kumar 35,19,Female,Post Graduate,Nashik,Taluka_3,1-3 Lakhs,No,Data Analytics,TC_0441,2026-03-23,Assessed,67.0,No,,Not Applicable,,,,,,,
PART_00794,Dinesh Shinde 54,18,Female,Diploma,Pune,Taluka_7,3-5 Lakhs,No,Welding Technology,TC_0239,2026-06-24,Dropped Out,,No,,Not Applicable,,,,,,,
PART_00795,Mohan Rao 91,31,Female,12th Pass,Parbhani,Taluka_1,Below 1 Lakh,Yes,Medical Lab Technology,TC_0054,2025-07-17,Certified,88.0,Yes,2025-12-14,Placed,Vedantu,Quality Analyst,18121.0,2026-02-12,Chandrapur,,
PART_00796,Manoj Tiwari 57,32,Other,Diploma,Jalna,Taluka_4,Below 1 Lakh,Yes,Cloud Computing,TC_0074,2026-05-16,Ongoing,,No,,Not Applicable,,,,,,3.0,Yes
PART_00797,Ramesh Jadhav 55,26,Other,Post Graduate,Solapur,Taluka_10,Above 10 Lakhs,No,Digital Marketing,TC_0448,2025-04-27,Certified,77.0,Yes,2025-09-09,Placed,Axis Bank,Full Stack Developer,18739.0,2025-10-21,Sangli,,
PART_00798,Anil Kamble 85,39,Male,Graduate,Aurangabad,Taluka_6,3-5 Lakhs,Yes,Cloud Computing,TC_0388,2026-05-23,Assessed,72.0,No,,Not Applicable,,,,,,,
PART_00799,Manoj Tiwari 77,33,Female,12th Pass,Jalna,Taluka_9,5-10 Lakhs,Yes,Mobile Repair,TC_0015,2026-01-08,Completed,44.0,No,,Placed,HDFC Bank,Customer Support Specialist,79378.0,,Amravati,3.0,Maybe
PART_00800,Pooja Joshi 79,37,Female,12th Pass,Jalgaon,Taluka_9,Below 1 Lakh,Yes,Full Stack Development,TC_0470,2026-08-04,Ongoing,,No,,Not Applicable,,,,,,1.0,Maybe
PART_00801,Priya Sharma 100,42,Male,Post Graduate,Jalna,Taluka_7,1-3 Lakhs,Yes,Cloud Computing,TC_0473,2026-02-19,Ongoing,,No,,Not Applicable,,,,,,3.0,Maybe
PART_00802,Pooja Joshi 58,24,Female,10th Pass,Nagpur,Taluka_1,1-3 Lakhs,Yes,Full Stack Development,TC_0205,2025-04-08,Dropped Out,,No,,Not Applicable,,,,,,,
PART_00803,Arun Kulkarni 65,42,Other,Graduate,Solapur,Taluka_1,Below 1 Lakh,Yes,Electrician Training,TC_0338,2025-10-12,Certified,92.0,Yes,2026-03-22,Not Placed,,,,,,,
PART_00804,Pooja Joshi 36,35,Male,12th Pass,Aurangabad,Taluka_5,5-10 Lakhs,Yes,Beauty & Wellness,TC_0336,2025-11-30,Assessed,60.0,No,,Not Applicable,,,,,,,
PART_00805,Amit Patel 44,38,Male,Post Graduate,Akola,Taluka_5,Above 10 Lakhs,No,Accounting & GST,TC_0373,2025-04-06,Completed,100.0,No,,Self Employed,,,,,,5.0,Yes
PART_00806,Vikram Singh 16,25,Other,Graduate,Jalna,Taluka_7,Below 1 Lakh,Yes,Retail Management,TC_0290,2025-11-10,Assessed,71.0,No,,Not Applicable,,,,,,,
PART_00807,Mohan Rao 42,22,Other,Graduate,Thane,Taluka_3,Above 10 Lakhs,Yes,Warehouse Management,TC_0081,2025-10-21,Completed,93.0,No,,Placed,Godrej Industries,Content Writer,21898.0,,Satara,5.0,Yes
PART_00808,Kavita Rao 40,27,Male,12th Pass,Chandrapur,Taluka_4,Below 1 Lakh,Yes,Data Analytics,TC_0303,2025-02-02,Ongoing,,No,,Not Applicable,,,,,,5.0,Maybe
PART_00809,Preeti Chopra 11,45,Other,12th Pass,Nanded,Taluka_1,3-5 Lakhs,Yes,Full Stack Development,TC_0331,2025-10-15,Certified,98.0,Yes,2026-01-19,Placed,ICICI Bank,Cloud Engineer,33397.0,2026-03-20,Dhule,,
PART_00810,Rekha Pillai 26,18,Male,Post Graduate,Thane,Taluka_7,3-5 Lakhs,No,Cloud Computing,TC_0442,2025-03-18,Ongoing,,No,,Not Applicable,,,,,,3.0,Yes
PART_00811,Anil Kamble 5,34,Other,Graduate,Ahmednagar,Taluka_5,5-10 Lakhs,Yes,Cloud Computing,TC_0412,2026-08-13,Completed,89.0,No,,Placed,HDFC Bank,Warehouse Supervisor,43075.0,,Aurangabad,1.0,Maybe
PART_00812,Rajesh Kumar 25,31,Male,Graduate,Jalgaon,Taluka_5,1-3 Lakhs,No,Warehouse Management,TC_0062,2025-05-13,Ongoing,,No,,Not Applicable,,,,,,2.0,Maybe
PART_00813,Mohan Rao 83,31,Male,12th Pass,Chandrapur,Taluka_7,1-3 Lakhs,No,Automotive Mechanic,TC_0498,2026-07-31,Ongoing,,No,,Not Applicable,,,,,,2.0,No
PART_00814,Rahul Verma 48,45,Other,12th Pass,Jalgaon,Taluka_3,1-3 Lakhs,No,Accounting & GST,TC_0135,2026-06-24,Certified,71.0,Yes,2026-11-15,Placed,Wipro,Training Coordinator,73006.0,2027-01-27,Ahmednagar,,
PART_00815,Arun Kulkarni 40,29,Other,Post Graduate,Aurangabad,Taluka_6,3-5 Lakhs,No,Automotive Mechanic,TC_0378,2025-03-12,Ongoing,,No,,Not Applicable,,,,,,4.0,No
PART_00816,Anjali Reddy 39,42,Other,12th Pass,Aurangabad,Taluka_8,1-3 Lakhs,No,Customer Service,TC_0215,2025-03-18,Completed,43.0,No,,Not Placed,,,,,,3.0,Maybe
PART_00817,Suresh Yadav 69,44,Male,Graduate,Pune,Taluka_7,Above 10 Lakhs,Yes,Accounting & GST,TC_0335,2025-04-25,Certified,45.0,Yes,2025-10-10,Not Placed,,,,,,,
PART_00818,Neha Dubey 66,29,Other,10th Pass,Nashik,Taluka_1,Above 10 Lakhs,Yes,Data Analytics,TC_0470,2026-02-17,Completed,99.0,No,,Placed,IBM,Quality Analyst,74006.0,,Jalna,2.0,No
PART_00819,Nitin Bhosale 47,33,Other,Graduate,Pune,Taluka_2,3-5 Lakhs,Yes,Warehouse Management,TC_0126,2025-08-09,Assessed,89.0,No,,Not Applicable,,,,,,,
PART_00820,Anil Kamble 69,35,Other,10th Pass,Parbhani,Taluka_7,Above 10 Lakhs,No,Customer Service,TC_0171,2025-01-06,Completed,66.0,No,,Further Studies,,,,,,2.0,Maybe
PART_00821,Priya Sharma 64,33,Male,10th Pass,Ahmednagar,Taluka_9,Below 1 Lakh,Yes,Welding Technology,TC_0357,2026-04-16,Assessed,76.0,No,,Not Applicable,,,,,,,
PART_00822,Usha Menon 6,36,Other,Post Graduate,Parbhani,Taluka_10,3-5 Lakhs,Yes,Customer Service,TC_0235,2025-11-13,Ongoing,,No,,Not Applicable,,,,,,4.0,Maybe
PART_00823,Rahul Verma 4,27,Other,Diploma,Nagpur,Taluka_1,3-5 Lakhs,Yes,Customer Service,TC_0282,2025-11-14,Dropped Out,,No,,Not Applicable,,,,,,,
PART_00824,Prakash More 66,31,Male,10th Pass,Akola,Taluka_5,1-3 Lakhs,No,Cloud Computing,TC_0272,2026-06-10,Ongoing,,No,,Not Applicable,,,,,,5.0,Maybe
PART_00825,Priya Sharma 88,29,Female,10th Pass,Chandrapur,Taluka_8,Above 10 Lakhs,No,Retail Management,TC_0298,2026-08-09,Certified,63.0,Yes,2027-01-29,Not Placed,,,,,,,
PART_00826,Rajesh Kumar 95,42,Other,10th Pass,Jalna,Taluka_2,3-5 Lakhs,Yes,Automotive Mechanic,TC_0497,2025-02-15,Assessed,50.0,No,,Not Applicable,,,,,,,
PART_00827,Kavita Rao 99,29,Male,Post Graduate,Chandrapur,Taluka_10,Below 1 Lakh,No,Accounting & GST,TC_0114,2025-01-05,Assessed,98.0,No,,Not Applicable,,,,,,,
PART_00828,Dinesh Shinde 58,41,Female,Graduate,Jalna,Taluka_2,Below 1 Lakh,Yes,Retail Management,TC_0021,2026-01-16,Ongoing,,No,,Not Applicable,,,,,,3.0,Yes
PART_00829,Rajesh Kumar 2,24,Male,Graduate,Bhiwandi,Taluka_10,5-10 Lakhs,Yes,Cloud Computing,TC_0474,2025-07-29,Dropped Out,,No,,Not Applicable,,,,,,,
PART_00830,Rahul Verma 69,21,Female,Diploma,Nagpur,Taluka_5,1-3 Lakhs,No,Medical Lab Technology,TC_0076,2025-10-09,Certified,100.0,Yes,2026-01-27,Not Placed,,,,,,,
PART_00831,Vikram Singh 67,40,Female,10th Pass,Dhule,Taluka_5,3-5 Lakhs,Yes,Retail Management,TC_0280,2025-11-10,Certified,50.0,Yes,2026-03-18,Placed,Mahindra & Mahindra,Cloud Engineer,54525.0,2026-05-17,Amravati,,
PART_00832,Arun Kulkarni 58,21,Other,Post Graduate,Aurangabad,Taluka_9,3-5 Lakhs,Yes,Retail Management,TC_0420,2025-05-23,Completed,90.0,No,,Self Employed,,,,,,1.0,Maybe
PART_00833,Deepa Iyer 16,23,Male,Diploma,Kolhapur,Taluka_9,5-10 Lakhs,No,Data Analytics,TC_0269,2026-04-01,Ongoing,,No,,Not Applicable,,,,,,4.0,No
PART_00834,Suresh Yadav 8,45,Other,10th Pass,Latur,Taluka_2,3-5 Lakhs,Yes,Automotive Mechanic,TC_0432,2026-01-24,Dropped Out,,No,,Not Applicable,,,,,,,
PART_00835,Pooja Joshi 9,18,Other,12th Pass,Amravati,Taluka_3,Below 1 Lakh,Yes,Digital Marketing,TC_0452,2025-12-08,Completed,51.0,No,,Not Placed,,,,,,3.0,Maybe
PART_00836,Ashok Pawar 66,31,Other,10th Pass,Thane,Taluka_5,Below 1 Lakh,No,Medical Lab Technology,TC_0184,2025-12-10,Assessed,89.0,No,,Not Applicable,,,,,,,
PART_00837,Geeta Sawant 45,33,Other,Post Graduate,Kolhapur,Taluka_2,3-5 Lakhs,No,Accounting & GST,TC_0147,2026-05-06,Completed,62.0,No,,Not Placed,,,,,,4.0,Maybe
PART_00838,Ashok Pawar 83,28,Female,Graduate,Chandrapur,Taluka_2,5-10 Lakhs,Yes,Electrician Training,TC_0454,2025-10-01,Ongoing,,No,,Not Applicable,,,,,,5.0,Maybe
PART_00839,Sanjay Gupta 31,24,Male,10th Pass,Bhiwandi,Taluka_8,3-5 Lakhs,No,Beauty & Wellness,TC_0128,2025-03-05,Certified,85.0,Yes,2025-07-10,Self Employed,,,,,,,
PART_00840,Rahul Verma 60,44,Male,Graduate,Kolhapur,Taluka_8,Below 1 Lakh,Yes,Cloud Computing,TC_0130,2025-08-11,Certified,66.0,Yes,2026-01-20,Placed,Max Healthcare,Digital Marketing Executive,52188.0,2026-04-15,Aurangabad,,
PART_00841,Nitin Bhosale 99,23,Other,Graduate,Nanded,Taluka_4,Below 1 Lakh,No,Beauty & Wellness,TC_0024,2025-09-25,Ongoing,,No,,Not Applicable,,,,,,4.0,Maybe
PART_00842,Priya Sharma 100,36,Other,Graduate,Sangli,Taluka_2,3-5 Lakhs,Yes,Customer Service,TC_0158,2025-11-29,Completed,83.0,No,,Self Employed,,,,,,1.0,Maybe
PART_00843,Arun Kulkarni 77,29,Other,12th Pass,Nagpur,Taluka_9,3-5 Lakhs,No,Cloud Computing,TC_0306,2026-03-31,Ongoing,,No,,Not Applicable,,,,,,1.0,No
PART_00844,Suresh Yadav 33,43,Female,Post Graduate,Jalgaon,Taluka_9,Above 10 Lakhs,No,Warehouse Management,TC_0478,2025-07-21,Dropped Out,,No,,Not Applicable,,,,,,,
PART_00845,Mohan Rao 49,23,Male,10th Pass,Parbhani,Taluka_10,5-10 Lakhs,No,Beauty & Wellness,TC_0378,2025-11-14,Certified,50.0,Yes,2026-02-17,Not Placed,,,,,,,
PART_00846,Prakash More 39,41,Other,Post Graduate,Thane,Taluka_4,Above 10 Lakhs,No,Digital Marketing,TC_0462,2025-01-13,Completed,68.0,No,,Placed,Byju's,Retail Associate,46118.0,,Kolhapur,1.0,Maybe
PART_00847,Deepa Iyer 96,38,Female,12th Pass,Latur,Taluka_3,1-3 Lakhs,Yes,Warehouse Management,TC_0045,2025-12-31,Completed,91.0,No,,Placed,Wipro,Digital Marketing Executive,45331.0,,Sangli,5.0,Maybe
PART_00848,Laxmi Hegde 60,21,Male,Graduate,Kolhapur,Taluka_2,1-3 Lakhs,No,Warehouse Management,TC_0061,2026-06-17,Dropped Out,,No,,Not Applicable,,,,,,,
PART_00849,Arun Kulkarni 3,34,Male,Graduate,Kolhapur,Taluka_9,5-10 Lakhs,No,Medical Lab Technology,TC_0452,2026-05-03,Dropped Out,,No,,Not Applicable,,,,,,,
PART_00850,Geeta Sawant 49,28,Male,Graduate,Bhiwandi,Taluka_4,Above 10 Lakhs,No,CNC Operation,TC_0186,2025-05-28,Dropped Out,,No,,Not Applicable,,,,,,,
PART_00851,Prakash More 38,39,Female,10th Pass,Kolhapur,Taluka_7,3-5 Lakhs,No,Cloud Computing,TC_0326,2026-04-14,Completed,94.0,No,,Self Employed,,,,,,4.0,No
PART_00852,Ashok Pawar 87,20,Female,Graduate,Jalna,Taluka_8,1-3 Lakhs,Yes,Full Stack Development,TC_0201,2025-01-05,Assessed,74.0,No,,Not Applicable,,,,,,,
PART_00853,Geeta Sawant 74,40,Other,10th Pass,Nanded,Taluka_3,Below 1 Lakh,Yes,Welding Technology,TC_0297,2026-03-09,Completed,63.0,No,,Placed,Axis Bank,UI/UX Designer,66268.0,,Akola,5.0,No
PART_00854,Neha Dubey 71,34,Female,10th Pass,Nashik,Taluka_3,Below 1 Lakh,Yes,Warehouse Management,TC_0409,2025-09-19,Assessed,94.0,No,,Not Applicable,,,,,,,
PART_00855,Geeta Sawant 100,43,Female,10th Pass,Dhule,Taluka_2,5-10 Lakhs,No,Warehouse Management,TC_0174,2026-08-06,Ongoing,,No,,Not Applicable,,,,,,2.0,Maybe
PART_00856,Rajesh Kumar 62,26,Male,12th Pass,Bhiwandi,Taluka_10,Below 1 Lakh,No,Beauty & Wellness,TC_0133,2025-05-13,Completed,72.0,No,,Not Placed,,,,,,3.0,Yes
PART_00857,Preeti Chopra 33,33,Female,12th Pass,Bhiwandi,Taluka_7,Below 1 Lakh,Yes,Accounting & GST,TC_0062,2025-09-01,Dropped Out,,No,,Not Applicable,,,,,,,
PART_00858,Priya Sharma 71,24,Other,Post Graduate,Nashik,Taluka_2,5-10 Lakhs,No,CNC Operation,TC_0363,2025-05-13,Assessed,88.0,No,,Not Applicable,,,,,,,
PART_00859,Neha Dubey 36,20,Female,Diploma,Latur,Taluka_8,1-3 Lakhs,No,Full Stack Development,TC_0168,2026-03-23,Completed,64.0,No,,Placed,Vedantu,Technician,74034.0,,Akola,4.0,Yes
PART_00860,Kavita Rao 77,22,Male,12th Pass,Jalna,Taluka_4,1-3 Lakhs,Yes,CNC Operation,TC_0157,2026-03-05,Assessed,64.0,No,,Not Applicable,,,,,,,
PART_00861,Prakash More 64,33,Other,12th Pass,Ahmednagar,Taluka_10,Above 10 Lakhs,Yes,Full Stack Development,TC_0341,2026-05-31,Ongoing,,No,,Not Applicable,,,,,,2.0,Maybe
PART_00862,Neha Dubey 36,35,Female,10th Pass,Akola,Taluka_10,5-10 Lakhs,Yes,Medical Lab Technology,TC_0435,2025-05-15,Completed,44.0,No,,Placed,Apollo Hospitals,Machine Learning Engineer,27778.0,,Yavatmal,2.0,Maybe
PART_00863,Ramesh Jadhav 4,24,Male,Diploma,Solapur,Taluka_7,Below 1 Lakh,No,Warehouse Management,TC_0114,2026-06-20,Dropped Out,,No,,Not Applicable,,,,,,,
PART_00864,Deepa Iyer 10,28,Other,Post Graduate,Jalgaon,Taluka_3,5-10 Lakhs,No,Retail Management,TC_0390,2025-10-27,Completed,58.0,No,,Self Employed,,,,,,4.0,No
PART_00865,Deepa Iyer 8,27,Female,12th Pass,Parbhani,Taluka_3,Above 10 Lakhs,Yes,Retail Management,TC_0087,2026-02-27,Ongoing,,No,,Not Applicable,,,,,,1.0,Maybe
PART_00866,Manoj Tiwari 51,24,Other,10th Pass,Akola,Taluka_3,5-10 Lakhs,Yes,Accounting & GST,TC_0227,2026-02-27,Ongoing,,No,,Not Applicable,,,,,,4.0,No
PART_00867,Anjali Reddy 89,42,Male,12th Pass,Jalgaon,Taluka_7,5-10 Lakhs,Yes,Warehouse Management,TC_0140,2026-01-27,Dropped Out,,No,,Not Applicable,,,,,,,
PART_00868,Usha Menon 75,29,Female,10th Pass,Pune,Taluka_5,5-10 Lakhs,No,CNC Operation,TC_0210,2025-05-17,Ongoing,,No,,Not Applicable,,,,,,5.0,Maybe
PART_00869,Rekha Pillai 53,21,Other,Graduate,Jalna,Taluka_3,Above 10 Lakhs,No,Cloud Computing,TC_0490,2026-08-01,Certified,49.0,Yes,2027-01-07,Placed,PhonePe,HR Coordinator,71489.0,2027-01-21,Parbhani,,
PART_00870,Ashok Pawar 51,39,Other,12th Pass,Thane,Taluka_6,5-10 Lakhs,No,Food Processing,TC_0282,2025-01-21,Completed,98.0,No,,Placed,Tata Motors,Supply Chain Analyst,72211.0,,Nashik,3.0,Maybe
PART_00871,Sneha Deshmukh 93,20,Other,12th Pass,Latur,Taluka_4,Below 1 Lakh,No,Accounting & GST,TC_0222,2025-07-04,Certified,64.0,Yes,2025-10-02,Placed,Razorpay,Cybersecurity Analyst,38563.0,2025-12-02,Bhiwandi,,
PART_00872,Suresh Yadav 16,42,Female,10th Pass,Jalna,Taluka_8,Below 1 Lakh,Yes,Warehouse Management,TC_0188,2025-01-09,Certified,95.0,Yes,2025-05-25,Not Placed,,,,,,,
PART_00873,Rajesh Kumar 37,30,Other,Diploma,Chandrapur,Taluka_6,3-5 Lakhs,No,Welding Technology,TC_0195,2026-03-24,Ongoing,,No,,Not Applicable,,,,,,3.0,Maybe
PART_00874,Amit Patel 42,45,Female,Graduate,Mumbai,Taluka_10,Above 10 Lakhs,Yes,Data Analytics,TC_0428,2026-04-15,Assessed,75.0,No,,Not Applicable,,,,,,,
PART_00875,Mohan Rao 36,29,Other,10th Pass,Ahmednagar,Taluka_5,1-3 Lakhs,Yes,Full Stack Development,TC_0130,2025-02-15,Assessed,77.0,No,,Not Applicable,,,,,,,
PART_00876,Arun Kulkarni 52,42,Male,Post Graduate,Sangli,Taluka_5,3-5 Lakhs,Yes,CNC Operation,TC_0335,2025-06-11,Assessed,71.0,No,,Not Applicable,,,,,,,
PART_00877,Prakash More 85,34,Female,10th Pass,Jalgaon,Taluka_2,5-10 Lakhs,No,Digital Marketing,TC_0387,2026-05-16,Assessed,63.0,No,,Not Applicable,,,,,,,
PART_00878,Ramesh Jadhav 56,24,Male,12th Pass,Dhule,Taluka_5,1-3 Lakhs,No,Welding Technology,TC_0496,2025-04-19,Dropped Out,,No,,Not Applicable,,,,,,,
PART_00879,Neha Dubey 64,30,Female,10th Pass,Solapur,Taluka_10,1-3 Lakhs,Yes,Accounting & GST,TC_0355,2025-05-09,Ongoing,,No,,Not Applicable,,,,,,3.0,Yes
PART_00880,Meera Nair 93,41,Male,10th Pass,Kolhapur,Taluka_6,3-5 Lakhs,No,Cloud Computing,TC_0218,2026-06-25,Dropped Out,,No,,Not Applicable,,,,,,,
PART_00881,Manoj Tiwari 88,29,Female,12th Pass,Pune,Taluka_9,5-10 Lakhs,Yes,Data Analytics,TC_0230,2026-01-25,Ongoing,,No,,Not Applicable,,,,,,3.0,Yes
PART_00882,Neha Dubey 10,32,Male,10th Pass,Pune,Taluka_2,Above 10 Lakhs,No,Accounting & GST,TC_0361,2025-12-20,Ongoing,,No,,Not Applicable,,,,,,5.0,No
PART_00883,Anjali Reddy 9,34,Other,10th Pass,Parbhani,Taluka_2,5-10 Lakhs,Yes,Food Processing,TC_0020,2025-06-25,Completed,86.0,No,,Placed,Byju's,Electrician,58910.0,,Osmanabad,4.0,Yes
PART_00884,Neha Dubey 33,44,Female,10th Pass,Nanded,Taluka_10,Above 10 Lakhs,No,Beauty & Wellness,TC_0429,2026-04-07,Certified,43.0,Yes,2026-08-30,Placed,Apollo Hospitals,Cloud Engineer,39800.0,2026-11-04,Jalna,,
PART_00885,Ashok Pawar 54,23,Male,Diploma,Solapur,Taluka_8,Above 10 Lakhs,Yes,Automotive Mechanic,TC_0272,2025-04-07,Completed,41.0,No,,Not Placed,,,,,,5.0,Yes
PART_00886,Manoj Tiwari 97,28,Male,Diploma,Ahmednagar,Taluka_6,5-10 Lakhs,Yes,Accounting & GST,TC_0282,2025-06-24,Completed,87.0,No,,Placed,Razorpay,Technician,18110.0,,Beed,3.0,Maybe
PART_00887,Rekha Pillai 28,26,Male,Diploma,Ahmednagar,Taluka_2,5-10 Lakhs,No,Accounting & GST,TC_0176,2025-07-28,Certified,96.0,Yes,2025-11-28,Placed,Godrej Industries,Business Analyst,19161.0,2026-01-15,Solapur,,
PART_00888,Rajesh Kumar 71,38,Male,Diploma,Parbhani,Taluka_1,1-3 Lakhs,Yes,Automotive Mechanic,TC_0045,2026-03-06,Certified,95.0,Yes,2026-06-25,Not Placed,,,,,,,
PART_00889,Shweta Bhatt 51,32,Other,12th Pass,Ahmednagar,Taluka_10,5-10 Lakhs,No,Warehouse Management,TC_0037,2025-01-06,Assessed,43.0,No,,Not Applicable,,,,,,,
PART_00890,Amit Patel 18,34,Male,Diploma,Kolhapur,Taluka_10,1-3 Lakhs,Yes,Customer Service,TC_0322,2025-08-28,Certified,100.0,Yes,2025-11-28,Not Placed,,,,,,,
PART_00891,Dinesh Shinde 63,45,Male,Post Graduate,Nanded,Taluka_1,3-5 Lakhs,Yes,Customer Service,TC_0253,2026-08-14,Assessed,60.0,No,,Not Applicable,,,,,,,
PART_00892,Amit Patel 79,45,Female,Diploma,Nashik,Taluka_9,3-5 Lakhs,No,Automotive Mechanic,TC_0148,2025-03-04,Ongoing,,No,,Not Applicable,,,,,,5.0,No
PART_00893,Anil Kamble 60,31,Other,Post Graduate,Chandrapur,Taluka_10,Above 10 Lakhs,Yes,Medical Lab Technology,TC_0076,2025-08-14,Certified,73.0,Yes,2025-12-20,Not Placed,,,,,,,
PART_00894,Ramesh Jadhav 42,45,Male,10th Pass,Mumbai,Taluka_2,3-5 Lakhs,No,Medical Lab Technology,TC_0347,2025-12-28,Completed,77.0,No,,Not Placed,,,,,,2.0,Yes
PART_00895,Neha Dubey 6,37,Other,Post Graduate,Nanded,Taluka_4,5-10 Lakhs,No,Automotive Mechanic,TC_0162,2025-06-22,Completed,66.0,No,,Placed,Mahindra & Mahindra,Project Coordinator,28061.0,,Chandrapur,4.0,Yes
PART_00896,Arun Kulkarni 59,40,Other,Post Graduate,Bhiwandi,Taluka_4,5-10 Lakhs,Yes,Medical Lab Technology,TC_0434,2026-06-26,Ongoing,,No,,Not Applicable,,,,,,4.0,Yes
PART_00897,Preeti Chopra 16,32,Other,Post Graduate,Aurangabad,Taluka_10,1-3 Lakhs,Yes,Warehouse Management,TC_0158,2026-07-27,Certified,95.0,Yes,2027-01-21,Further Studies,,,,,,,
PART_00898,Sunita Kaur 40,32,Female,Post Graduate,Amravati,Taluka_3,3-5 Lakhs,No,Welding Technology,TC_0194,2025-02-20,Completed,58.0,No,,Not Placed,,,,,,1.0,Maybe
PART_00899,Vikram Singh 46,39,Male,12th Pass,Parbhani,Taluka_1,1-3 Lakhs,Yes,Full Stack Development,TC_0080,2025-12-17,Dropped Out,,No,,Not Applicable,,,,,,,
PART_00900,Neha Dubey 48,22,Male,Diploma,Jalna,Taluka_5,5-10 Lakhs,Yes,CNC Operation,TC_0134,2025-11-06,Dropped Out,,No,,Not Applicable,,,,,,,
PART_00901,Rekha Pillai 62,35,Female,12th Pass,Dhule,Taluka_9,3-5 Lakhs,No,Automotive Mechanic,TC_0496,2026-01-09,Assessed,92.0,No,,Not Applicable,,,,,,,
PART_00902,Rajesh Kumar 46,40,Male,Post Graduate,Kolhapur,Taluka_4,Below 1 Lakh,No,Electrician Training,TC_0125,2025-11-06,Completed,66.0,No,,Placed,Apollo Hospitals,UI/UX Designer,25340.0,,Pune,2.0,Maybe
PART_00903,Meera Nair 72,19,Female,12th Pass,Amravati,Taluka_2,Above 10 Lakhs,No,Electrician Training,TC_0125,2026-05-18,Ongoing,,No,,Not Applicable,,,,,,2.0,Maybe
PART_00904,Kavita Rao 82,23,Female,Post Graduate,Sangli,Taluka_6,Above 10 Lakhs,Yes,Automotive Mechanic,TC_0445,2025-07-10,Completed,78.0,No,,Placed,ABB India,Supply Chain Analyst,71037.0,,Dhule,4.0,No
PART_00905,Rajesh Kumar 23,42,Female,Diploma,Pune,Taluka_2,Below 1 Lakh,No,Medical Lab Technology,TC_0092,2025-02-19,Ongoing,,No,,Not Applicable,,,,,,3.0,Maybe
PART_00906,Nitin Bhosale 1,25,Female,12th Pass,Thane,Taluka_8,Above 10 Lakhs,No,Electrician Training,TC_0153,2025-03-20,Assessed,92.0,No,,Not Applicable,,,,,,,
PART_00907,Preeti Chopra 7,29,Female,Post Graduate,Nashik,Taluka_9,5-10 Lakhs,Yes,Customer Service,TC_0129,2026-07-01,Ongoing,,No,,Not Applicable,,,,,,2.0,Maybe
PART_00908,Nitin Bhosale 49,32,Female,Diploma,Sangli,Taluka_3,1-3 Lakhs,Yes,Welding Technology,TC_0159,2026-05-15,Assessed,100.0,No,,Not Applicable,,,,,,,
PART_00909,Prakash More 82,38,Other,10th Pass,Jalna,Taluka_2,5-10 Lakhs,Yes,Customer Service,TC_0435,2026-01-11,Dropped Out,,No,,Not Applicable,,,,,,,
PART_00910,Mohan Rao 18,29,Other,Post Graduate,Amravati,Taluka_10,3-5 Lakhs,Yes,Automotive Mechanic,TC_0293,2026-01-31,Completed,54.0,No,,Self Employed,,,,,,3.0,Yes
PART_00911,Anil Kamble 89,20,Other,10th Pass,Aurangabad,Taluka_2,1-3 Lakhs,No,Digital Marketing,TC_0056,2026-02-15,Ongoing,,No,,Not Applicable,,,,,,4.0,No
PART_00912,Neha Dubey 86,44,Other,Graduate,Dhule,Taluka_3,1-3 Lakhs,Yes,Welding Technology,TC_0049,2025-12-07,Completed,98.0,No,,Placed,Bajaj Finserv,Electrician,55068.0,,Satara,2.0,Maybe
PART_00913,Suresh Yadav 88,32,Female,Post Graduate,Kolhapur,Taluka_4,5-10 Lakhs,No,Full Stack Development,TC_0065,2026-05-15,Dropped Out,,No,,Not Applicable,,,,,,,
PART_00914,Usha Menon 3,30,Other,12th Pass,Mumbai,Taluka_10,1-3 Lakhs,Yes,Accounting & GST,TC_0173,2025-04-14,Ongoing,,No,,Not Applicable,,,,,,5.0,No
PART_00915,Preeti Chopra 83,29,Male,12th Pass,Pune,Taluka_5,3-5 Lakhs,Yes,Warehouse Management,TC_0083,2025-11-03,Ongoing,,No,,Not Applicable,,,,,,4.0,Yes
PART_00916,Rekha Pillai 13,19,Other,Post Graduate,Nanded,Taluka_7,3-5 Lakhs,Yes,Welding Technology,TC_0132,2026-08-24,Certified,64.0,Yes,2027-01-29,Not Placed,,,,,,,
PART_00917,Geeta Sawant 10,37,Male,10th Pass,Thane,Taluka_3,Above 10 Lakhs,Yes,Accounting & GST,TC_0422,2025-09-30,Certified,67.0,Yes,2026-03-17,Placed,Tech Mahindra,Logistics Coordinator,79557.0,2026-03-29,Chandrapur,,
PART_00918,Laxmi Hegde 18,24,Female,Graduate,Latur,Taluka_1,1-3 Lakhs,Yes,Full Stack Development,TC_0063,2025-08-29,Assessed,71.0,No,,Not Applicable,,,,,,,
PART_00919,Sneha Deshmukh 67,33,Male,Post Graduate,Pune,Taluka_4,5-10 Lakhs,Yes,Cloud Computing,TC_0116,2025-09-29,Ongoing,,No,,Not Applicable,,,,,,2.0,Yes
PART_00920,Mohan Rao 74,19,Male,12th Pass,Parbhani,Taluka_8,Below 1 Lakh,No,Cloud Computing,TC_0263,2025-11-17,Ongoing,,No,,Not Applicable,,,,,,4.0,Maybe
PART_00921,Rekha Pillai 15,26,Other,Post Graduate,Parbhani,Taluka_2,3-5 Lakhs,Yes,Welding Technology,TC_0017,2025-04-15,Completed,70.0,No,,Not Placed,,,,,,3.0,No
PART_00922,Nitin Bhosale 26,45,Male,10th Pass,Dhule,Taluka_3,Below 1 Lakh,Yes,Digital Marketing,TC_0212,2025-11-03,Completed,76.0,No,,Further Studies,,,,,,2.0,Maybe
PART_00923,Kavita Rao 43,43,Other,10th Pass,Jalna,Taluka_9,1-3 Lakhs,Yes,Medical Lab Technology,TC_0051,2025-04-29,Dropped Out,,No,,Not Applicable,,,,,,,
PART_00924,Rajesh Kumar 78,19,Other,10th Pass,Latur,Taluka_7,5-10 Lakhs,No,Automotive Mechanic,TC_0458,2025-02-26,Assessed,63.0,No,,Not Applicable,,,,,,,
PART_00925,Manoj Tiwari 19,26,Female,Diploma,Jalgaon,Taluka_4,Above 10 Lakhs,Yes,Data Analytics,TC_0316,2025-02-07,Completed,76.0,No,,Further Studies,,,,,,3.0,No
PART_00926,Arun Kulkarni 71,29,Male,12th Pass,Chandrapur,Taluka_10,5-10 Lakhs,Yes,Customer Service,TC_0166,2025-09-17,Assessed,73.0,No,,Not Applicable,,,,,,,
PART_00927,Prakash More 11,27,Male,10th Pass,Nashik,Taluka_4,3-5 Lakhs,No,CNC Operation,TC_0249,2025-10-07,Assessed,65.0,No,,Not Applicable,,,,,,,
PART_00928,Laxmi Hegde 95,31,Male,10th Pass,Dhule,Taluka_8,Above 10 Lakhs,No,Beauty & Wellness,TC_0169,2026-04-03,Assessed,40.0,No,,Not Applicable,,,,,,,
PART_00929,Arun Kulkarni 65,33,Other,Post Graduate,Thane,Taluka_8,5-10 Lakhs,Yes,Full Stack Development,TC_0079,2026-02-04,Completed,98.0,No,,Not Placed,,,,,,1.0,Maybe
PART_00930,Suresh Yadav 74,29,Other,Post Graduate,Pune,Taluka_7,3-5 Lakhs,No,Mobile Repair,TC_0119,2025-04-06,Certified,73.0,Yes,2025-09-05,Not Placed,,,,,,,
PART_00931,Ashok Pawar 68,33,Other,Post Graduate,Parbhani,Taluka_3,1-3 Lakhs,No,Digital Marketing,TC_0302,2026-03-24,Certified,41.0,Yes,2026-09-02,Placed,Fortis Healthcare,Teacher,18977.0,2026-10-15,Yavatmal,,
PART_00932,Rajesh Kumar 43,29,Other,10th Pass,Sangli,Taluka_8,Above 10 Lakhs,Yes,CNC Operation,TC_0095,2026-01-14,Completed,70.0,No,,Placed,PhonePe,Data Analyst,74095.0,,Nanded,1.0,No
PART_00933,Usha Menon 89,34,Female,Post Graduate,Pune,Taluka_3,Above 10 Lakhs,Yes,Data Analytics,TC_0132,2025-04-13,Assessed,46.0,No,,Not Applicable,,,,,,,
PART_00934,Mohan Rao 6,37,Female,Post Graduate,Aurangabad,Taluka_10,1-3 Lakhs,No,Welding Technology,TC_0164,2026-07-28,Completed,91.0,No,,Further Studies,,,,,,3.0,Yes
PART_00935,Preeti Chopra 99,36,Male,12th Pass,Ahmednagar,Taluka_4,1-3 Lakhs,No,Data Analytics,TC_0285,2025-01-11,Ongoing,,No,,Not Applicable,,,,,,5.0,No
PART_00936,Neha Dubey 24,42,Male,Post Graduate,Jalna,Taluka_6,5-10 Lakhs,No,Food Processing,TC_0215,2026-01-12,Completed,73.0,No,,Placed,IBM,Data Analyst,23474.0,,Osmanabad,4.0,Yes
PART_00937,Anil Kamble 100,42,Female,Post Graduate,Jalgaon,Taluka_9,Below 1 Lakh,Yes,Full Stack Development,TC_0329,2025-09-16,Dropped Out,,No,,Not Applicable,,,,,,,
PART_00938,Sunita Kaur 12,31,Other,Diploma,Jalna,Taluka_5,Below 1 Lakh,No,Beauty & Wellness,TC_0500,2025-04-29,Completed,99.0,No,,Self Employed,,,,,,2.0,Maybe
PART_00939,Preeti Chopra 80,24,Male,Post Graduate,Ahmednagar,Taluka_4,1-3 Lakhs,Yes,Food Processing,TC_0261,2025-09-05,Dropped Out,,No,,Not Applicable,,,,,,,
PART_00940,Rekha Pillai 57,40,Male,Diploma,Aurangabad,Taluka_6,Below 1 Lakh,No,Welding Technology,TC_0300,2025-02-24,Completed,66.0,No,,Self Employed,,,,,,3.0,No
PART_00941,Sunita Kaur 38,40,Female,Post Graduate,Chandrapur,Taluka_5,Below 1 Lakh,No,Automotive Mechanic,TC_0055,2026-06-27,Ongoing,,No,,Not Applicable,,,,,,4.0,No
PART_00942,Sneha Deshmukh 48,45,Other,Diploma,Sangli,Taluka_4,3-5 Lakhs,No,Welding Technology,TC_0007,2025-06-07,Certified,95.0,Yes,2025-09-18,Placed,Amazon,Data Analyst,26329.0,2025-10-24,Ahmednagar,,
PART_00943,Rahul Verma 26,34,Male,12th Pass,Parbhani,Taluka_1,1-3 Lakhs,No,Medical Lab Technology,TC_0166,2025-08-26,Dropped Out,,No,,Not Applicable,,,,,,,
PART_00944,Suresh Yadav 16,21,Female,12th Pass,Ahmednagar,Taluka_2,5-10 Lakhs,No,Beauty & Wellness,TC_0267,2026-05-17,Certified,75.0,Yes,2026-10-03,Not Placed,,,,,,,
PART_00945,Shweta Bhatt 72,28,Female,Diploma,Solapur,Taluka_4,Below 1 Lakh,Yes,Mobile Repair,TC_0144,2026-04-05,Ongoing,,No,,Not Applicable,,,,,,4.0,Yes
PART_00946,Priya Sharma 43,24,Other,Graduate,Mumbai,Taluka_8,3-5 Lakhs,Yes,Retail Management,TC_0296,2026-07-10,Dropped Out,,No,,Not Applicable,,,,,,,
PART_00947,Ramesh Jadhav 69,41,Male,Post Graduate,Mumbai,Taluka_8,3-5 Lakhs,Yes,Electrician Training,TC_0397,2025-09-01,Assessed,46.0,No,,Not Applicable,,,,,,,
PART_00948,Deepa Iyer 96,36,Other,Post Graduate,Jalna,Taluka_9,5-10 Lakhs,Yes,Warehouse Management,TC_0208,2025-05-11,Certified,44.0,Yes,2025-09-20,Not Placed,,,,,,,
PART_00949,Rahul Verma 99,45,Female,Post Graduate,Parbhani,Taluka_4,Below 1 Lakh,Yes,Digital Marketing,TC_0371,2026-02-25,Assessed,100.0,No,,Not Applicable,,,,,,,
PART_00950,Kavita Rao 36,20,Female,Graduate,Parbhani,Taluka_2,1-3 Lakhs,No,Customer Service,TC_0346,2026-03-15,Certified,91.0,Yes,2026-06-22,Further Studies,,,,,,,
PART_00951,Ramesh Jadhav 100,32,Other,12th Pass,Thane,Taluka_9,1-3 Lakhs,Yes,Mobile Repair,TC_0020,2026-06-05,Ongoing,,No,,Not Applicable,,,,,,3.0,No
PART_00952,Geeta Sawant 31,29,Male,Post Graduate,Ahmednagar,Taluka_9,5-10 Lakhs,Yes,Automotive Mechanic,TC_0482,2026-07-03,Completed,69.0,No,,Not Placed,,,,,,2.0,Maybe
PART_00953,Manoj Tiwari 58,36,Female,10th Pass,Solapur,Taluka_6,3-5 Lakhs,Yes,Automotive Mechanic,TC_0112,2025-07-19,Completed,61.0,No,,Not Placed,,,,,,5.0,No
PART_00954,Laxmi Hegde 40,42,Other,Post Graduate,Chandrapur,Taluka_7,Above 10 Lakhs,No,Data Analytics,TC_0157,2025-07-07,Completed,42.0,No,,Placed,Tata Motors,Nurse,36920.0,,Yavatmal,5.0,Maybe
PART_00955,Priya Sharma 22,40,Male,Graduate,Pune,Taluka_3,3-5 Lakhs,Yes,CNC Operation,TC_0492,2025-09-23,Certified,47.0,Yes,2026-02-25,Not Placed,,,,,,,
PART_00956,Usha Menon 62,34,Female,Post Graduate,Nashik,Taluka_9,5-10 Lakhs,No,Customer Service,TC_0395,2025-04-28,Completed,76.0,No,,Placed,Byju's,Fitter,40855.0,,Bhiwandi,1.0,Yes
PART_00957,Deepa Iyer 84,38,Other,Post Graduate,Jalna,Taluka_6,Below 1 Lakh,Yes,Cloud Computing,TC_0326,2025-04-15,Ongoing,,No,,Not Applicable,,,,,,3.0,Maybe
PART_00958,Vikram Singh 47,38,Male,Graduate,Kolhapur,Taluka_1,3-5 Lakhs,Yes,Customer Service,TC_0315,2025-12-07,Ongoing,,No,,Not Applicable,,,,,,2.0,Yes
PART_00959,Sunita Kaur 13,38,Female,Diploma,Bhiwandi,Taluka_6,1-3 Lakhs,Yes,Electrician Training,TC_0468,2026-02-06,Completed,43.0,No,,Not Placed,,,,,,3.0,Maybe
PART_00960,Mohan Rao 78,21,Female,Graduate,Dhule,Taluka_7,3-5 Lakhs,Yes,Data Analytics,TC_0228,2025-05-14,Completed,50.0,No,,Not Placed,,,,,,2.0,No
PART_00961,Geeta Sawant 100,44,Other,Diploma,Ahmednagar,Taluka_3,Above 10 Lakhs,Yes,Automotive Mechanic,TC_0335,2026-05-13,Completed,47.0,No,,Placed,Razorpay,Customer Support Specialist,39356.0,,Pune,3.0,Maybe
PART_00962,Manoj Tiwari 71,19,Female,Post Graduate,Jalna,Taluka_8,3-5 Lakhs,Yes,Electrician Training,TC_0068,2025-04-21,Ongoing,,No,,Not Applicable,,,,,,5.0,Yes
PART_00963,Amit Patel 59,33,Female,Graduate,Nanded,Taluka_8,5-10 Lakhs,Yes,Customer Service,TC_0169,2025-08-31,Completed,83.0,No,,Placed,Capgemini,Machine Operator,44870.0,,Parbhani,5.0,Maybe
PART_00964,Sunita Kaur 36,27,Female,Diploma,Nagpur,Taluka_8,Below 1 Lakh,Yes,Data Analytics,TC_0104,2026-02-04,Assessed,72.0,No,,Not Applicable,,,,,,,
PART_00965,Rekha Pillai 29,44,Male,Post Graduate,Nagpur,Taluka_2,3-5 Lakhs,No,Medical Lab Technology,TC_0442,2025-02-14,Completed,98.0,No,,Placed,Tata Motors,Electrician,46282.0,,Jalgaon,2.0,Yes
PART_00966,Rekha Pillai 35,42,Other,Post Graduate,Solapur,Taluka_6,1-3 Lakhs,No,Digital Marketing,TC_0149,2025-08-22,Dropped Out,,No,,Not Applicable,,,,,,,
PART_00967,Shweta Bhatt 35,18,Male,10th Pass,Sangli,Taluka_9,Above 10 Lakhs,Yes,Accounting & GST,TC_0157,2025-10-03,Ongoing,,No,,Not Applicable,,,,,,1.0,Yes
PART_00968,Sunita Kaur 23,32,Female,12th Pass,Ahmednagar,Taluka_9,5-10 Lakhs,Yes,Welding Technology,TC_0389,2025-11-21,Completed,79.0,No,,Not Placed,,,,,,3.0,Yes
PART_00969,Suresh Yadav 94,39,Male,Diploma,Akola,Taluka_3,Above 10 Lakhs,Yes,Warehouse Management,TC_0097,2025-01-08,Assessed,57.0,No,,Not Applicable,,,,,,,
PART_00970,Ashok Pawar 4,31,Male,Post Graduate,Jalna,Taluka_7,Above 10 Lakhs,No,Accounting & GST,TC_0165,2026-08-13,Ongoing,,No,,Not Applicable,,,,,,5.0,No
PART_00971,Arun Kulkarni 49,21,Female,10th Pass,Solapur,Taluka_6,3-5 Lakhs,No,Full Stack Development,TC_0416,2026-02-19,Certified,41.0,Yes,2026-07-02,Further Studies,,,,,,,
PART_00972,Anjali Reddy 46,35,Other,Graduate,Sangli,Taluka_9,5-10 Lakhs,No,Cloud Computing,TC_0083,2025-03-16,Completed,79.0,No,,Self Employed,,,,,,5.0,Yes
PART_00973,Deepa Iyer 60,32,Male,Post Graduate,Ahmednagar,Taluka_9,1-3 Lakhs,No,Cloud Computing,TC_0096,2026-04-01,Completed,80.0,No,,Placed,Larsen & Toubro,Supply Chain Analyst,70671.0,,Amravati,1.0,No
PART_00974,Sneha Deshmukh 14,19,Male,Diploma,Nashik,Taluka_10,5-10 Lakhs,No,Accounting & GST,TC_0344,2025-08-13,Dropped Out,,No,,Not Applicable,,,,,,,
PART_00975,Pooja Joshi 87,24,Female,10th Pass,Ahmednagar,Taluka_3,Below 1 Lakh,No,Data Analytics,TC_0131,2026-01-25,Ongoing,,No,,Not Applicable,,,,,,5.0,No
PART_00976,Manoj Tiwari 51,44,Other,Graduate,Nashik,Taluka_8,Below 1 Lakh,Yes,Cloud Computing,TC_0070,2025-10-16,Completed,54.0,No,,Self Employed,,,,,,2.0,No
PART_00977,Deepa Iyer 32,32,Male,12th Pass,Bhiwandi,Taluka_8,Above 10 Lakhs,No,Data Analytics,TC_0128,2026-03-26,Certified,51.0,Yes,2026-07-24,Placed,Apollo Hospitals,Nurse,64628.0,2026-10-16,Sangli,,
PART_00978,Sunita Kaur 79,39,Male,10th Pass,Parbhani,Taluka_7,5-10 Lakhs,No,Data Analytics,TC_0061,2025-09-02,Completed,89.0,No,,Self Employed,,,,,,3.0,Yes
PART_00979,Laxmi Hegde 56,29,Other,Post Graduate,Thane,Taluka_6,1-3 Lakhs,Yes,Customer Service,TC_0216,2025-07-28,Dropped Out,,No,,Not Applicable,,,,,,,
PART_00980,Arun Kulkarni 56,39,Other,Diploma,Nagpur,Taluka_5,1-3 Lakhs,Yes,Customer Service,TC_0400,2025-02-24,Completed,72.0,No,,Placed,Cognizant,Business Analyst,21779.0,,Raigad,2.0,Maybe
PART_00981,Suresh Yadav 29,40,Female,Graduate,Nagpur,Taluka_2,1-3 Lakhs,No,Warehouse Management,TC_0184,2026-05-21,Certified,82.0,Yes,2026-11-13,Placed,Flipkart,Machine Operator,53933.0,2027-01-11,Latur,,
PART_00982,Laxmi Hegde 100,43,Other,Post Graduate,Jalna,Taluka_10,Below 1 Lakh,Yes,Cloud Computing,TC_0059,2025-03-17,Ongoing,,No,,Not Applicable,,,,,,5.0,No
PART_00983,Shweta Bhatt 4,29,Male,Post Graduate,Jalgaon,Taluka_9,Above 10 Lakhs,Yes,Data Analytics,TC_0274,2025-06-09,Completed,68.0,No,,Not Placed,,,,,,1.0,Maybe
PART_00984,Neha Dubey 62,33,Other,Post Graduate,Pune,Taluka_9,5-10 Lakhs,No,Automotive Mechanic,TC_0209,2025-09-07,Completed,80.0,No,,Not Placed,,,,,,2.0,No
PART_00985,Anjali Reddy 95,35,Male,10th Pass,Pune,Taluka_10,1-3 Lakhs,Yes,Mobile Repair,TC_0111,2025-08-24,Dropped Out,,No,,Not Applicable,,,,,,,
PART_00986,Neha Dubey 81,21,Female,10th Pass,Nashik,Taluka_3,1-3 Lakhs,No,Warehouse Management,TC_0342,2025-06-07,Dropped Out,,No,,Not Applicable,,,,,,,
PART_00987,Amit Patel 61,35,Other,12th Pass,Ahmednagar,Taluka_8,Below 1 Lakh,Yes,Beauty & Wellness,TC_0356,2025-01-27,Assessed,45.0,No,,Not Applicable,,,,,,,
PART_00988,Dinesh Shinde 86,35,Male,12th Pass,Akola,Taluka_6,Below 1 Lakh,Yes,Cloud Computing,TC_0105,2026-07-13,Completed,43.0,No,,Not Placed,,,,,,2.0,Maybe
PART_00989,Anil Kamble 25,24,Female,Graduate,Nashik,Taluka_3,5-10 Lakhs,No,CNC Operation,TC_0130,2025-01-11,Assessed,88.0,No,,Not Applicable,,,,,,,
PART_00990,Dinesh Shinde 14,44,Female,Diploma,Aurangabad,Taluka_6,Above 10 Lakhs,Yes,Electrician Training,TC_0354,2025-09-26,Certified,55.0,Yes,2026-03-05,Placed,Axis Bank,Teacher,71580.0,2026-04-02,Dhule,,
PART_00991,Rekha Pillai 6,32,Female,12th Pass,Parbhani,Taluka_1,Above 10 Lakhs,No,Mobile Repair,TC_0010,2025-12-16,Completed,92.0,No,,Placed,Crompton Greaves,Software Developer,51795.0,,Beed,3.0,No
PART_00992,Prakash More 98,32,Other,10th Pass,Mumbai,Taluka_1,1-3 Lakhs,No,Automotive Mechanic,TC_0378,2026-05-23,Dropped Out,,No,,Not Applicable,,,,,,,
PART_00993,Usha Menon 53,35,Female,Graduate,Jalna,Taluka_2,Below 1 Lakh,No,Warehouse Management,TC_0318,2025-02-20,Completed,99.0,No,,Placed,HDFC Bank,Warehouse Supervisor,48406.0,,Nanded,4.0,No
PART_00994,Arun Kulkarni 25,38,Female,Graduate,Latur,Taluka_4,Below 1 Lakh,No,Welding Technology,TC_0366,2026-07-10,Ongoing,,No,,Not Applicable,,,,,,4.0,No
PART_00995,Prakash More 59,38,Male,10th Pass,Jalna,Taluka_3,Above 10 Lakhs,Yes,Medical Lab Technology,TC_0039,2025-08-18,Completed,64.0,No,,Not Placed,,,,,,4.0,Maybe
PART_00996,Anjali Reddy 63,27,Female,12th Pass,Aurangabad,Taluka_3,1-3 Lakhs,No,Warehouse Management,TC_0155,2026-01-20,Certified,81.0,Yes,2026-05-21,Not Placed,,,,,,,
PART_00997,Shweta Bhatt 85,24,Other,Post Graduate,Nashik,Taluka_7,5-10 Lakhs,Yes,Customer Service,TC_0199,2026-08-06,Ongoing,,No,,Not Applicable,,,,,,2.0,Yes
PART_00998,Anjali Reddy 37,20,Female,Post Graduate,Jalna,Taluka_5,3-5 Lakhs,No,Accounting & GST,TC_0354,2025-09-21,Ongoing,,No,,Not Applicable,,,,,,3.0,No
PART_00999,Sneha Deshmukh 93,45,Female,Graduate,Akola,Taluka_7,Above 10 Lakhs,No,Beauty & Wellness,TC_0327,2026-03-13,Ongoing,,No,,Not Applicable,,,,,,5.0,Yes
PART_01000,Geeta Sawant 94,18,Other,Post Graduate,Parbhani,Taluka_10,Below 1 Lakh,Yes,Automotive Mechanic,TC_0164,2025-02-23,Dropped Out,,No,,Not Applicable,,,,,,,
PART_01001,Preeti Chopra 38,19,Male,12th Pass,Akola,Taluka_7,1-3 Lakhs,No,Electrician Training,TC_0348,2025-02-18,Ongoing,,No,,Not Applicable,,,,,,5.0,No
PART_01002,Arun Kulkarni 12,27,Other,Diploma,Ahmednagar,Taluka_3,1-3 Lakhs,Yes,Food Processing,TC_0018,2025-11-29,Dropped Out,,No,,Not Applicable,,,,,,,
PART_01003,Kavita Rao 6,28,Male,Graduate,Ahmednagar,Taluka_2,5-10 Lakhs,No,Accounting & GST,TC_0283,2025-03-14,Dropped Out,,No,,Not Applicable,,,,,,,
PART_01004,Manoj Tiwari 59,41,Other,12th Pass,Thane,Taluka_5,Above 10 Lakhs,Yes,CNC Operation,TC_0136,2026-05-16,Certified,92.0,Yes,2026-10-28,Placed,Byju's,Data Analyst,36253.0,2027-01-22,Mumbai,,
PART_01005,Dinesh Shinde 20,44,Male,Graduate,Jalgaon,Taluka_2,3-5 Lakhs,No,CNC Operation,TC_0413,2025-01-26,Completed,81.0,No,,Not Placed,,,,,,5.0,Yes
PART_01006,Deepa Iyer 28,30,Male,Graduate,Solapur,Taluka_10,5-10 Lakhs,Yes,Automotive Mechanic,TC_0375,2026-03-17,Dropped Out,,No,,Not Applicable,,,,,,,
PART_01007,Deepa Iyer 83,24,Female,12th Pass,Akola,Taluka_7,5-10 Lakhs,No,Electrician Training,TC_0268,2025-04-18,Dropped Out,,No,,Not Applicable,,,,,,,
PART_01008,Neha Dubey 7,21,Other,10th Pass,Chandrapur,Taluka_1,5-10 Lakhs,Yes,Digital Marketing,TC_0481,2025-04-20,Certified,66.0,Yes,2025-08-22,Placed,Byju's,Data Analyst,40956.0,2025-10-21,Latur,,
PART_01009,Vikram Singh 34,32,Other,Diploma,Mumbai,Taluka_8,Below 1 Lakh,Yes,Accounting & GST,TC_0337,2025-06-21,Ongoing,,No,,Not Applicable,,,,,,5.0,No
PART_01010,Sneha Deshmukh 32,22,Other,12th Pass,Parbhani,Taluka_8,3-5 Lakhs,No,CNC Operation,TC_0334,2026-06-13,Certified,41.0,Yes,2026-09-13,Placed,Vedantu,Full Stack Developer,19492.0,2026-11-19,Aurangabad,,
PART_01011,Ashok Pawar 73,27,Other,12th Pass,Pune,Taluka_6,Below 1 Lakh,No,Warehouse Management,TC_0277,2025-07-28,Dropped Out,,No,,Not Applicable,,,,,,,
PART_01012,Rekha Pillai 25,45,Other,10th Pass,Mumbai,Taluka_9,5-10 Lakhs,No,Customer Service,TC_0280,2026-04-21,Dropped Out,,No,,Not Applicable,,,,,,,
PART_01013,Geeta Sawant 7,26,Male,Diploma,Chandrapur,Taluka_5,1-3 Lakhs,No,Medical Lab Technology,TC_0076,2025-03-19,Ongoing,,No,,Not Applicable,,,,,,5.0,No
PART_01014,Kavita Rao 82,35,Male,Post Graduate,Aurangabad,Taluka_8,1-3 Lakhs,Yes,Customer Service,TC_0128,2025-09-03,Certified,100.0,Yes,2025-12-06,Further Studies,,,,,,,
PART_01015,Rahul Verma 37,35,Female,Graduate,Chandrapur,Taluka_6,Above 10 Lakhs,No,Full Stack Development,TC_0328,2025-02-27,Assessed,77.0,No,,Not Applicable,,,,,,,
PART_01016,Rekha Pillai 33,36,Other,12th Pass,Ahmednagar,Taluka_6,5-10 Lakhs,Yes,Customer Service,TC_0453,2025-02-28,Assessed,63.0,No,,Not Applicable,,,,,,,
PART_01017,Deepa Iyer 25,41,Male,Graduate,Latur,Taluka_6,Below 1 Lakh,No,Retail Management,TC_0153,2025-10-04,Ongoing,,No,,Not Applicable,,,,,,4.0,No
PART_01018,Preeti Chopra 15,38,Male,Graduate,Ahmednagar,Taluka_2,5-10 Lakhs,Yes,Retail Management,TC_0029,2025-07-07,Assessed,72.0,No,,Not Applicable,,,,,,,
PART_01019,Vikram Singh 74,45,Other,10th Pass,Solapur,Taluka_3,Below 1 Lakh,Yes,Customer Service,TC_0076,2026-01-01,Ongoing,,No,,Not Applicable,,,,,,2.0,Yes
PART_01020,Kavita Rao 23,28,Female,Diploma,Parbhani,Taluka_4,Below 1 Lakh,No,Welding Technology,TC_0367,2025-05-24,Dropped Out,,No,,Not Applicable,,,,,,,
PART_01021,Priya Sharma 15,21,Female,Post Graduate,Latur,Taluka_9,3-5 Lakhs,Yes,Electrician Training,TC_0179,2025-03-03,Assessed,75.0,No,,Not Applicable,,,,,,,
PART_01022,Deepa Iyer 34,37,Other,10th Pass,Nashik,Taluka_5,Above 10 Lakhs,No,Mobile Repair,TC_0287,2025-02-24,Dropped Out,,No,,Not Applicable,,,,,,,
PART_01023,Sneha Deshmukh 44,30,Male,10th Pass,Kolhapur,Taluka_4,5-10 Lakhs,No,Full Stack Development,TC_0343,2025-04-16,Ongoing,,No,,Not Applicable,,,,,,5.0,Maybe
PART_01024,Anjali Reddy 93,18,Other,Diploma,Sangli,Taluka_7,1-3 Lakhs,No,Automotive Mechanic,TC_0066,2025-04-04,Assessed,45.0,No,,Not Applicable,,,,,,,
PART_01025,Anil Kamble 7,21,Female,Post Graduate,Bhiwandi,Taluka_3,Below 1 Lakh,No,Customer Service,TC_0020,2025-12-26,Assessed,70.0,No,,Not Applicable,,,,,,,
PART_01026,Anil Kamble 94,22,Other,Graduate,Akola,Taluka_4,1-3 Lakhs,Yes,Automotive Mechanic,TC_0215,2026-01-09,Ongoing,,No,,Not Applicable,,,,,,2.0,Maybe
PART_01027,Meera Nair 50,18,Male,12th Pass,Parbhani,Taluka_9,3-5 Lakhs,No,Welding Technology,TC_0488,2026-02-04,Assessed,95.0,No,,Not Applicable,,,,,,,
PART_01028,Ashok Pawar 30,25,Other,Post Graduate,Kolhapur,Taluka_8,1-3 Lakhs,No,Customer Service,TC_0026,2026-05-01,Certified,85.0,Yes,2026-08-22,Not Placed,,,,,,,
PART_01029,Sanjay Gupta 80,18,Other,Graduate,Amravati,Taluka_4,1-3 Lakhs,Yes,Food Processing,TC_0311,2026-05-04,Dropped Out,,No,,Not Applicable,,,,,,,
PART_01030,Priya Sharma 58,35,Male,Post Graduate,Parbhani,Taluka_7,3-5 Lakhs,No,Digital Marketing,TC_0323,2025-07-30,Assessed,59.0,No,,Not Applicable,,,,,,,
PART_01031,Manoj Tiwari 91,30,Other,Diploma,Nashik,Taluka_3,Above 10 Lakhs,No,Automotive Mechanic,TC_0465,2025-08-18,Assessed,79.0,No,,Not Applicable,,,,,,,
PART_01032,Geeta Sawant 86,42,Female,Post Graduate,Jalna,Taluka_7,Below 1 Lakh,Yes,Data Analytics,TC_0498,2025-06-17,Certified,61.0,Yes,2025-11-04,Not Placed,,,,,,,
PART_01033,Shweta Bhatt 76,34,Male,Post Graduate,Bhiwandi,Taluka_8,5-10 Lakhs,No,Cloud Computing,TC_0146,2026-03-21,Ongoing,,No,,Not Applicable,,,,,,5.0,Maybe
PART_01034,Sunita Kaur 51,45,Other,12th Pass,Nashik,Taluka_8,5-10 Lakhs,No,Warehouse Management,TC_0481,2025-01-17,Certified,63.0,Yes,2025-06-01,Self Employed,,,,,,,
PART_01035,Geeta Sawant 70,38,Male,Diploma,Jalna,Taluka_5,Below 1 Lakh,Yes,Food Processing,TC_0410,2025-05-11,Dropped Out,,No,,Not Applicable,,,,,,,
PART_01036,Sunita Kaur 42,28,Female,Diploma,Kolhapur,Taluka_8,Above 10 Lakhs,Yes,Customer Service,TC_0004,2026-08-15,Completed,87.0,No,,Placed,Razorpay,Project Coordinator,23174.0,,Aurangabad,1.0,Yes
PART_01037,Dinesh Shinde 70,28,Other,Post Graduate,Jalgaon,Taluka_4,1-3 Lakhs,Yes,Beauty & Wellness,TC_0225,2026-07-09,Certified,64.0,Yes,2027-01-05,Placed,Infosys,Medical Lab Technician,69890.0,2027-03-23,Latur,,
PART_01038,Laxmi Hegde 83,22,Female,Graduate,Solapur,Taluka_1,Above 10 Lakhs,Yes,Data Analytics,TC_0465,2025-02-06,Completed,84.0,No,,Not Placed,,,,,,1.0,Yes
PART_01039,Mohan Rao 58,26,Male,12th Pass,Dhule,Taluka_1,Below 1 Lakh,Yes,Data Analytics,TC_0115,2025-03-17,Completed,42.0,No,,Placed,Amazon,Welder,61367.0,,Satara,3.0,Maybe
PART_01040,Preeti Chopra 37,42,Female,Diploma,Latur,Taluka_3,1-3 Lakhs,No,Food Processing,TC_0146,2025-02-06,Ongoing,,No,,Not Applicable,,,,,,2.0,Maybe
PART_01041,Manoj Tiwari 29,38,Male,Post Graduate,Latur,Taluka_4,3-5 Lakhs,No,Beauty & Wellness,TC_0161,2025-11-07,Assessed,40.0,No,,Not Applicable,,,,,,,
PART_01042,Kavita Rao 5,38,Female,Post Graduate,Pune,Taluka_6,3-5 Lakhs,Yes,Accounting & GST,TC_0058,2025-06-22,Dropped Out,,No,,Not Applicable,,,,,,,
PART_01043,Nitin Bhosale 80,37,Female,Post Graduate,Mumbai,Taluka_2,Below 1 Lakh,No,Mobile Repair,TC_0074,2025-03-25,Certified,72.0,Yes,2025-08-27,Not Placed,,,,,,,
PART_01044,Amit Patel 36,28,Other,10th Pass,Amravati,Taluka_4,Below 1 Lakh,No,CNC Operation,TC_0108,2026-01-09,Completed,85.0,No,,Placed,Reliance Jio,DevOps Engineer,17262.0,,Bhiwandi,1.0,Yes
PART_01045,Laxmi Hegde 64,44,Other,Diploma,Nanded,Taluka_10,1-3 Lakhs,Yes,Data Analytics,TC_0486,2025-01-08,Assessed,89.0,No,,Not Applicable,,,,,,,
PART_01046,Prakash More 13,20,Male,Post Graduate,Kolhapur,Taluka_1,Below 1 Lakh,No,CNC Operation,TC_0439,2025-08-16,Completed,85.0,No,,Placed,Paytm,Supply Chain Analyst,56354.0,,Osmanabad,5.0,Maybe
PART_01047,Deepa Iyer 21,42,Female,Post Graduate,Bhiwandi,Taluka_1,Above 10 Lakhs,Yes,Food Processing,TC_0424,2026-06-08,Completed,91.0,No,,Placed,Amazon,Cybersecurity Analyst,50567.0,,Solapur,5.0,Yes
PART_01048,Ramesh Jadhav 54,37,Other,Post Graduate,Pune,Taluka_5,Above 10 Lakhs,Yes,Cloud Computing,TC_0248,2025-01-04,Dropped Out,,No,,Not Applicable,,,,,,,
PART_01049,Sneha Deshmukh 48,37,Male,Post Graduate,Ahmednagar,Taluka_8,Below 1 Lakh,No,Electrician Training,TC_0384,2025-10-05,Completed,80.0,No,,Not Placed,,,,,,3.0,No
PART_01050,Ashok Pawar 95,34,Male,10th Pass,Ahmednagar,Taluka_4,Above 10 Lakhs,Yes,Electrician Training,TC_0186,2026-01-10,Completed,66.0,No,,Not Placed,,,,,,3.0,Maybe
PART_01051,Neha Dubey 88,39,Other,12th Pass,Mumbai,Taluka_3,3-5 Lakhs,No,Mobile Repair,TC_0156,2025-06-08,Ongoing,,No,,Not Applicable,,,,,,3.0,Maybe
PART_01052,Prakash More 48,22,Other,Diploma,Aurangabad,Taluka_10,1-3 Lakhs,No,CNC Operation,TC_0356,2025-02-23,Assessed,99.0,No,,Not Applicable,,,,,,,
PART_01053,Ramesh Jadhav 2,27,Male,Diploma,Jalna,Taluka_5,1-3 Lakhs,Yes,Cloud Computing,TC_0097,2026-05-05,Certified,42.0,Yes,2026-10-03,Not Placed,,,,,,,
PART_01054,Vikram Singh 36,26,Male,Diploma,Latur,Taluka_4,1-3 Lakhs,Yes,Accounting & GST,TC_0266,2026-07-22,Certified,100.0,Yes,2026-11-25,Placed,Axis Bank,Software Developer,36436.0,2026-11-27,Ahmednagar,,
PART_01055,Sunita Kaur 85,36,Other,Graduate,Akola,Taluka_9,3-5 Lakhs,Yes,Beauty & Wellness,TC_0251,2025-06-21,Completed,78.0,No,,Placed,Apollo Hospitals,Fitter,77089.0,,Jalna,4.0,No
PART_01056,Suresh Yadav 3,42,Male,Graduate,Bhiwandi,Taluka_7,3-5 Lakhs,No,Full Stack Development,TC_0059,2026-02-23,Completed,82.0,No,,Placed,Bajaj Finserv,Pharmacy Assistant,62238.0,,Chandrapur,1.0,Yes
PART_01057,Mohan Rao 83,27,Male,Diploma,Akola,Taluka_2,Below 1 Lakh,No,Digital Marketing,TC_0226,2026-05-15,Certified,70.0,Yes,2026-10-17,Self Employed,,,,,,,
PART_01058,Amit Patel 84,22,Male,Diploma,Parbhani,Taluka_8,5-10 Lakhs,No,Welding Technology,TC_0202,2025-02-21,Certified,45.0,Yes,2025-06-01,Self Employed,,,,,,,
PART_01059,Anil Kamble 56,25,Male,12th Pass,Latur,Taluka_3,3-5 Lakhs,Yes,Accounting & GST,TC_0269,2026-03-21,Completed,96.0,No,,Not Placed,,,,,,1.0,Maybe
PART_01060,Ashok Pawar 27,42,Other,10th Pass,Latur,Taluka_9,Above 10 Lakhs,No,Data Analytics,TC_0455,2025-09-08,Completed,85.0,No,,Not Placed,,,,,,2.0,Yes
PART_01061,Kavita Rao 40,36,Female,Post Graduate,Latur,Taluka_5,Above 10 Lakhs,Yes,Customer Service,TC_0019,2025-11-26,Ongoing,,No,,Not Applicable,,,,,,1.0,Yes
PART_01062,Anil Kamble 8,33,Male,Diploma,Dhule,Taluka_1,Below 1 Lakh,Yes,Beauty & Wellness,TC_0264,2026-04-30,Completed,58.0,No,,Placed,Accenture,Machine Operator,20203.0,,Kolhapur,5.0,No
PART_01063,Preeti Chopra 30,18,Male,10th Pass,Pune,Taluka_6,Below 1 Lakh,No,Cloud Computing,TC_0400,2025-11-15,Assessed,67.0,No,,Not Applicable,,,,,,,
PART_01064,Mohan Rao 75,40,Male,10th Pass,Ahmednagar,Taluka_7,3-5 Lakhs,Yes,CNC Operation,TC_0206,2025-07-31,Completed,51.0,No,,Placed,Amazon,Machine Operator,24739.0,,Sangli,3.0,Yes
PART_01065,Ramesh Jadhav 43,21,Female,12th Pass,Jalna,Taluka_5,Below 1 Lakh,Yes,Welding Technology,TC_0160,2025-01-31,Dropped Out,,No,,Not Applicable,,,,,,,
PART_01066,Arun Kulkarni 24,41,Female,10th Pass,Latur,Taluka_7,3-5 Lakhs,No,Medical Lab Technology,TC_0064,2025-04-12,Completed,85.0,No,,Not Placed,,,,,,5.0,No
PART_01067,Neha Dubey 31,32,Female,Diploma,Pune,Taluka_2,Above 10 Lakhs,No,Welding Technology,TC_0488,2025-06-14,Ongoing,,No,,Not Applicable,,,,,,2.0,Yes
PART_01068,Priya Sharma 40,43,Male,12th Pass,Mumbai,Taluka_1,5-10 Lakhs,Yes,Retail Management,TC_0031,2025-11-22,Completed,57.0,No,,Self Employed,,,,,,5.0,Yes
PART_01069,Rekha Pillai 63,24,Female,Diploma,Ahmednagar,Taluka_4,3-5 Lakhs,No,Automotive Mechanic,TC_0075,2026-03-20,Ongoing,,No,,Not Applicable,,,,,,3.0,Maybe
PART_01070,Sunita Kaur 71,34,Male,Diploma,Nagpur,Taluka_10,Above 10 Lakhs,Yes,Accounting & GST,TC_0227,2025-09-10,Ongoing,,No,,Not Applicable,,,,,,4.0,No
PART_01071,Rajesh Kumar 55,23,Female,Post Graduate,Solapur,Taluka_8,5-10 Lakhs,Yes,Electrician Training,TC_0164,2026-04-06,Assessed,56.0,No,,Not Applicable,,,,,,,
PART_01072,Anil Kamble 16,44,Female,12th Pass,Nanded,Taluka_7,5-10 Lakhs,Yes,Mobile Repair,TC_0023,2025-11-10,Ongoing,,No,,Not Applicable,,,,,,5.0,No
PART_01073,Rajesh Kumar 82,20,Other,Diploma,Nagpur,Taluka_5,Above 10 Lakhs,No,Accounting & GST,TC_0100,2026-02-07,Ongoing,,No,,Not Applicable,,,,,,5.0,No
PART_01074,Arun Kulkarni 49,20,Other,Post Graduate,Nagpur,Taluka_4,3-5 Lakhs,Yes,Cloud Computing,TC_0371,2026-01-27,Certified,63.0,Yes,2026-06-07,Not Placed,,,,,,,
PART_01075,Ashok Pawar 27,42,Other,10th Pass,Mumbai,Taluka_10,1-3 Lakhs,Yes,Beauty & Wellness,TC_0194,2025-07-16,Ongoing,,No,,Not Applicable,,,,,,4.0,Yes
PART_01076,Preeti Chopra 97,30,Female,Post Graduate,Bhiwandi,Taluka_9,Above 10 Lakhs,Yes,Digital Marketing,TC_0300,2026-02-25,Certified,51.0,Yes,2026-06-21,Placed,IBM,Project Coordinator,21746.0,2026-07-04,Yavatmal,,
PART_01077,Prakash More 23,28,Male,Diploma,Mumbai,Taluka_5,3-5 Lakhs,No,Electrician Training,TC_0001,2026-04-14,Certified,88.0,Yes,2026-07-24,Self Employed,,,,,,,
PART_01078,Shweta Bhatt 95,21,Male,Diploma,Bhiwandi,Taluka_7,5-10 Lakhs,No,Beauty & Wellness,TC_0211,2025-04-11,Completed,79.0,No,,Placed,Larsen & Toubro,Cybersecurity Analyst,17862.0,,Nagpur,5.0,Yes
PART_01079,Geeta Sawant 52,24,Male,Post Graduate,Jalgaon,Taluka_10,5-10 Lakhs,No,Customer Service,TC_0243,2026-05-31,Dropped Out,,No,,Not Applicable,,,,,,,
PART_01080,Rekha Pillai 88,33,Other,Graduate,Thane,Taluka_3,5-10 Lakhs,No,Beauty & Wellness,TC_0058,2025-09-20,Dropped Out,,No,,Not Applicable,,,,,,,
PART_01081,Anjali Reddy 40,41,Male,10th Pass,Pune,Taluka_10,5-10 Lakhs,Yes,Full Stack Development,TC_0425,2025-10-06,Completed,44.0,No,,Not Placed,,,,,,2.0,No
PART_01082,Kavita Rao 19,19,Female,Graduate,Dhule,Taluka_2,Below 1 Lakh,Yes,Data Analytics,TC_0042,2025-04-05,Assessed,57.0,No,,Not Applicable,,,,,,,
PART_01083,Deepa Iyer 15,39,Other,Post Graduate,Parbhani,Taluka_10,1-3 Lakhs,No,Accounting & GST,TC_0235,2025-08-15,Completed,46.0,No,,Placed,Infosys,Content Writer,18356.0,,Mumbai,2.0,Yes
PART_01084,Preeti Chopra 68,28,Other,Graduate,Amravati,Taluka_8,Below 1 Lakh,No,Digital Marketing,TC_0090,2025-10-13,Ongoing,,No,,Not Applicable,,,,,,3.0,Yes
PART_01085,Ramesh Jadhav 47,20,Male,12th Pass,Aurangabad,Taluka_3,5-10 Lakhs,No,Automotive Mechanic,TC_0022,2026-07-08,Completed,70.0,No,,Not Placed,,,,,,1.0,Maybe
PART_01086,Dinesh Shinde 46,31,Other,Diploma,Nanded,Taluka_1,3-5 Lakhs,No,Accounting & GST,TC_0414,2026-07-14,Assessed,57.0,No,,Not Applicable,,,,,,,
PART_01087,Rekha Pillai 16,26,Other,12th Pass,Akola,Taluka_2,1-3 Lakhs,Yes,Data Analytics,TC_0143,2025-12-19,Assessed,47.0,No,,Not Applicable,,,,,,,
PART_01088,Arun Kulkarni 66,23,Other,Post Graduate,Sangli,Taluka_4,5-10 Lakhs,No,Mobile Repair,TC_0495,2026-06-03,Assessed,86.0,No,,Not Applicable,,,,,,,
PART_01089,Usha Menon 98,30,Other,Graduate,Kolhapur,Taluka_5,1-3 Lakhs,Yes,CNC Operation,TC_0232,2026-06-09,Dropped Out,,No,,Not Applicable,,,,,,,
PART_01090,Sneha Deshmukh 10,32,Other,Diploma,Jalgaon,Taluka_7,Below 1 Lakh,No,Cloud Computing,TC_0085,2025-01-24,Ongoing,,No,,Not Applicable,,,,,,1.0,No
PART_01091,Nitin Bhosale 26,42,Female,Diploma,Ahmednagar,Taluka_7,Above 10 Lakhs,Yes,Automotive Mechanic,TC_0157,2025-03-11,Completed,96.0,No,,Self Employed,,,,,,2.0,Yes
PART_01092,Meera Nair 88,31,Male,Graduate,Chandrapur,Taluka_9,Below 1 Lakh,No,Medical Lab Technology,TC_0489,2025-08-20,Dropped Out,,No,,Not Applicable,,,,,,,
PART_01093,Deepa Iyer 83,32,Other,Post Graduate,Kolhapur,Taluka_8,5-10 Lakhs,No,Full Stack Development,TC_0175,2025-11-01,Ongoing,,No,,Not Applicable,,,,,,4.0,No
PART_01094,Geeta Sawant 35,38,Female,12th Pass,Nagpur,Taluka_4,Above 10 Lakhs,No,Customer Service,TC_0267,2025-05-10,Completed,51.0,No,,Self Employed,,,,,,4.0,Maybe
PART_01095,Ashok Pawar 72,26,Other,12th Pass,Solapur,Taluka_8,3-5 Lakhs,Yes,Automotive Mechanic,TC_0323,2025-04-03,Ongoing,,No,,Not Applicable,,,,,,1.0,No
PART_01096,Deepa Iyer 62,38,Male,12th Pass,Nashik,Taluka_9,1-3 Lakhs,No,Digital Marketing,TC_0102,2026-06-18,Completed,51.0,No,,Placed,HCL,DevOps Engineer,50802.0,,Parbhani,2.0,Maybe
PART_01097,Meera Nair 93,18,Male,Graduate,Aurangabad,Taluka_8,3-5 Lakhs,No,CNC Operation,TC_0297,2025-12-20,Completed,86.0,No,,Self Employed,,,,,,3.0,Yes
PART_01098,Sunita Kaur 29,22,Female,Graduate,Kolhapur,Taluka_6,1-3 Lakhs,Yes,CNC Operation,TC_0217,2025-01-27,Ongoing,,No,,Not Applicable,,,,,,5.0,Maybe
PART_01099,Preeti Chopra 14,32,Other,12th Pass,Nagpur,Taluka_2,5-10 Lakhs,Yes,Cloud Computing,TC_0365,2025-05-11,Completed,86.0,No,,Placed,HDFC Bank,Accountant,18566.0,,Amravati,4.0,Yes
PART_01100,Usha Menon 19,33,Other,10th Pass,Akola,Taluka_8,3-5 Lakhs,No,Customer Service,TC_0183,2025-12-30,Assessed,91.0,No,,Not Applicable,,,,,,,
PART_01101,Ashok Pawar 21,34,Male,10th Pass,Bhiwandi,Taluka_4,Below 1 Lakh,Yes,Food Processing,TC_0116,2026-01-08,Ongoing,,No,,Not Applicable,,,,,,2.0,Yes
PART_01102,Pooja Joshi 31,45,Female,Post Graduate,Dhule,Taluka_3,5-10 Lakhs,No,Full Stack Development,TC_0120,2026-07-05,Ongoing,,No,,Not Applicable,,,,,,1.0,No
PART_01103,Suresh Yadav 72,30,Other,10th Pass,Thane,Taluka_1,Below 1 Lakh,No,Medical Lab Technology,TC_0076,2025-03-01,Completed,59.0,No,,Not Placed,,,,,,2.0,Yes
PART_01104,Sunita Kaur 76,38,Other,Post Graduate,Solapur,Taluka_10,5-10 Lakhs,Yes,Customer Service,TC_0100,2025-07-14,Completed,63.0,No,,Placed,Narayana Health,Digital Marketing Executive,77703.0,,Sangli,2.0,Yes
PART_01105,Manoj Tiwari 17,21,Female,10th Pass,Nashik,Taluka_5,Above 10 Lakhs,Yes,Electrician Training,TC_0352,2025-05-09,Completed,71.0,No,,Self Employed,,,,,,1.0,Maybe
PART_01106,Sneha Deshmukh 42,22,Male,12th Pass,Thane,Taluka_3,Above 10 Lakhs,No,Cloud Computing,TC_0410,2026-01-10,Dropped Out,,No,,Not Applicable,,,,,,,
PART_01107,Prakash More 24,32,Female,Graduate,Akola,Taluka_6,Above 10 Lakhs,Yes,Beauty & Wellness,TC_0128,2025-06-08,Assessed,57.0,No,,Not Applicable,,,,,,,
PART_01108,Anjali Reddy 41,45,Female,Graduate,Akola,Taluka_10,3-5 Lakhs,No,Food Processing,TC_0089,2025-11-04,Assessed,51.0,No,,Not Applicable,,,,,,,
PART_01109,Sunita Kaur 99,35,Other,Graduate,Thane,Taluka_9,5-10 Lakhs,No,Welding Technology,TC_0266,2026-07-29,Dropped Out,,No,,Not Applicable,,,,,,,
PART_01110,Geeta Sawant 24,34,Male,Graduate,Pune,Taluka_3,5-10 Lakhs,Yes,Warehouse Management,TC_0162,2026-07-11,Ongoing,,No,,Not Applicable,,,,,,2.0,No
PART_01111,Prakash More 86,25,Male,Graduate,Ahmednagar,Taluka_3,Below 1 Lakh,Yes,Electrician Training,TC_0353,2026-03-16,Completed,41.0,No,,Not Placed,,,,,,2.0,Yes
PART_01112,Kavita Rao 84,44,Female,Post Graduate,Nagpur,Taluka_10,3-5 Lakhs,Yes,Mobile Repair,TC_0458,2026-03-24,Dropped Out,,No,,Not Applicable,,,,,,,
PART_01113,Suresh Yadav 18,28,Male,Diploma,Jalgaon,Taluka_7,1-3 Lakhs,No,Automotive Mechanic,TC_0191,2025-08-22,Certified,75.0,Yes,2025-12-22,Placed,Byju's,UI/UX Designer,22450.0,2026-03-10,Jalna,,
PART_01114,Deepa Iyer 95,39,Other,10th Pass,Jalgaon,Taluka_6,1-3 Lakhs,No,Mobile Repair,TC_0294,2026-04-08,Ongoing,,No,,Not Applicable,,,,,,2.0,Maybe
PART_01115,Meera Nair 60,24,Female,Diploma,Bhiwandi,Taluka_3,5-10 Lakhs,No,Mobile Repair,TC_0483,2025-03-07,Completed,84.0,No,,Placed,Zerodha,Content Writer,64794.0,,Nashik,3.0,Maybe
PART_01116,Anil Kamble 81,40,Other,Graduate,Akola,Taluka_1,3-5 Lakhs,No,Data Analytics,TC_0465,2026-07-24,Ongoing,,No,,Not Applicable,,,,,,2.0,Maybe
PART_01117,Ashok Pawar 37,19,Male,10th Pass,Dhule,Taluka_8,5-10 Lakhs,No,Beauty & Wellness,TC_0338,2025-10-09,Completed,67.0,No,,Placed,Flipkart,Pharmacy Assistant,18821.0,,Osmanabad,1.0,Maybe
PART_01118,Sanjay Gupta 27,22,Other,Diploma,Latur,Taluka_6,Above 10 Lakhs,Yes,Data Analytics,TC_0180,2025-08-31,Ongoing,,No,,Not Applicable,,,,,,3.0,Maybe
PART_01119,Pooja Joshi 35,31,Female,10th Pass,Solapur,Taluka_3,3-5 Lakhs,Yes,Medical Lab Technology,TC_0014,2026-05-02,Certified,84.0,Yes,2026-08-28,Placed,PhonePe,Nurse,59860.0,2026-10-11,Beed,,
PART_01120,Suresh Yadav 96,38,Male,12th Pass,Sangli,Taluka_9,Above 10 Lakhs,Yes,Customer Service,TC_0480,2026-02-27,Assessed,55.0,No,,Not Applicable,,,,,,,
PART_01121,Nitin Bhosale 76,28,Other,Graduate,Pune,Taluka_9,Above 10 Lakhs,No,Medical Lab Technology,TC_0366,2026-02-11,Ongoing,,No,,Not Applicable,,,,,,4.0,No
PART_01122,Suresh Yadav 53,41,Male,10th Pass,Nagpur,Taluka_1,Above 10 Lakhs,No,Medical Lab Technology,TC_0320,2026-08-20,Completed,45.0,No,,Placed,Bajaj Finserv,Customer Support Specialist,48959.0,,Parbhani,3.0,Yes
PART_01123,Suresh Yadav 51,18,Male,12th Pass,Jalgaon,Taluka_4,Below 1 Lakh,Yes,Beauty & Wellness,TC_0431,2026-06-12,Dropped Out,,No,,Not Applicable,,,,,,,
PART_01124,Priya Sharma 31,38,Other,Diploma,Sangli,Taluka_10,Above 10 Lakhs,Yes,Beauty & Wellness,TC_0373,2025-09-21,Completed,98.0,No,,Not Placed,,,,,,3.0,Maybe
PART_01125,Deepa Iyer 3,24,Female,Diploma,Kolhapur,Taluka_10,1-3 Lakhs,No,Retail Management,TC_0370,2025-02-24,Ongoing,,No,,Not Applicable,,,,,,5.0,Maybe
PART_01126,Shweta Bhatt 91,20,Male,Diploma,Akola,Taluka_2,1-3 Lakhs,No,Warehouse Management,TC_0004,2025-01-27,Dropped Out,,No,,Not Applicable,,,,,,,
PART_01127,Preeti Chopra 26,35,Other,Graduate,Akola,Taluka_6,Above 10 Lakhs,No,Data Analytics,TC_0202,2026-02-20,Ongoing,,No,,Not Applicable,,,,,,3.0,Yes
PART_01128,Rajesh Kumar 55,32,Male,Post Graduate,Chandrapur,Taluka_6,Below 1 Lakh,Yes,Customer Service,TC_0432,2026-07-14,Ongoing,,No,,Not Applicable,,,,,,2.0,No
PART_01129,Anjali Reddy 98,44,Male,Post Graduate,Sangli,Taluka_9,Below 1 Lakh,No,Accounting & GST,TC_0462,2025-09-21,Ongoing,,No,,Not Applicable,,,,,,5.0,No
PART_01130,Anil Kamble 72,41,Other,10th Pass,Nagpur,Taluka_7,5-10 Lakhs,Yes,Customer Service,TC_0124,2025-10-10,Assessed,71.0,No,,Not Applicable,,,,,,,
PART_01131,Meera Nair 23,23,Male,Post Graduate,Nanded,Taluka_2,3-5 Lakhs,Yes,Digital Marketing,TC_0184,2025-01-02,Dropped Out,,No,,Not Applicable,,,,,,,
PART_01132,Sanjay Gupta 6,33,Male,10th Pass,Nashik,Taluka_1,1-3 Lakhs,Yes,Electrician Training,TC_0311,2025-07-02,Ongoing,,No,,Not Applicable,,,,,,5.0,Maybe
PART_01133,Manoj Tiwari 11,35,Male,10th Pass,Amravati,Taluka_9,5-10 Lakhs,Yes,Digital Marketing,TC_0436,2026-07-29,Dropped Out,,No,,Not Applicable,,,,,,,
PART_01134,Sunita Kaur 78,42,Male,12th Pass,Jalna,Taluka_5,Below 1 Lakh,Yes,Accounting & GST,TC_0263,2025-05-23,Ongoing,,No,,Not Applicable,,,,,,5.0,Yes
PART_01135,Amit Patel 87,24,Male,Diploma,Thane,Taluka_10,Below 1 Lakh,Yes,Data Analytics,TC_0349,2025-07-01,Completed,62.0,No,,Not Placed,,,,,,1.0,No
PART_01136,Pooja Joshi 28,45,Other,Diploma,Jalgaon,Taluka_4,3-5 Lakhs,Yes,Digital Marketing,TC_0010,2026-01-18,Ongoing,,No,,Not Applicable,,,,,,5.0,Yes
PART_01137,Amit Patel 79,35,Male,10th Pass,Pune,Taluka_4,Below 1 Lakh,No,CNC Operation,TC_0400,2026-04-09,Completed,56.0,No,,Placed,Tech Mahindra,Electrician,56808.0,,Sangli,3.0,Yes
PART_01138,Dinesh Shinde 39,24,Other,10th Pass,Chandrapur,Taluka_6,3-5 Lakhs,No,Data Analytics,TC_0171,2026-01-06,Dropped Out,,No,,Not Applicable,,,,,,,
PART_01139,Arun Kulkarni 72,30,Female,Diploma,Jalgaon,Taluka_3,5-10 Lakhs,No,Food Processing,TC_0187,2025-01-25,Ongoing,,No,,Not Applicable,,,,,,2.0,Yes
PART_01140,Geeta Sawant 86,25,Female,10th Pass,Nanded,Taluka_2,5-10 Lakhs,Yes,Electrician Training,TC_0141,2026-07-05,Completed,95.0,No,,Further Studies,,,,,,3.0,Yes
PART_01141,Dinesh Shinde 9,27,Other,10th Pass,Parbhani,Taluka_2,Below 1 Lakh,Yes,Food Processing,TC_0067,2025-08-28,Certified,54.0,Yes,2025-12-22,Placed,Max Healthcare,Digital Marketing Executive,53882.0,2026-01-23,Mumbai,,
PART_01142,Rajesh Kumar 17,19,Female,Post Graduate,Mumbai,Taluka_7,3-5 Lakhs,No,Medical Lab Technology,TC_0435,2025-11-23,Assessed,42.0,No,,Not Applicable,,,,,,,
PART_01143,Rajesh Kumar 95,35,Other,10th Pass,Chandrapur,Taluka_5,3-5 Lakhs,Yes,Cloud Computing,TC_0239,2025-02-12,Assessed,50.0,No,,Not Applicable,,,,,,,
PART_01144,Preeti Chopra 31,18,Other,Post Graduate,Nanded,Taluka_5,5-10 Lakhs,No,Mobile Repair,TC_0081,2026-06-10,Completed,93.0,No,,Not Placed,,,,,,5.0,Maybe
PART_01145,Rahul Verma 45,34,Other,Diploma,Solapur,Taluka_5,Below 1 Lakh,No,Mobile Repair,TC_0390,2025-12-18,Completed,67.0,No,,Placed,Accenture,Welder,29119.0,,Mumbai,3.0,Maybe
PART_01146,Sneha Deshmukh 20,32,Male,Post Graduate,Parbhani,Taluka_2,Below 1 Lakh,No,Warehouse Management,TC_0409,2026-02-21,Ongoing,,No,,Not Applicable,,,,,,2.0,No
PART_01147,Ashok Pawar 68,35,Male,Graduate,Akola,Taluka_3,1-3 Lakhs,No,Medical Lab Technology,TC_0030,2025-11-10,Completed,95.0,No,,Placed,Larsen & Toubro,Warehouse Supervisor,59271.0,,Aurangabad,5.0,No
PART_01148,Manoj Tiwari 76,20,Male,12th Pass,Akola,Taluka_3,3-5 Lakhs,Yes,Beauty & Wellness,TC_0146,2025-10-29,Ongoing,,No,,Not Applicable,,,,,,5.0,No
PART_01149,Prakash More 67,20,Other,Post Graduate,Jalgaon,Taluka_1,Below 1 Lakh,Yes,Full Stack Development,TC_0269,2025-07-30,Ongoing,,No,,Not Applicable,,,,,,2.0,Yes
PART_01150,Amit Patel 53,24,Female,Graduate,Mumbai,Taluka_2,5-10 Lakhs,No,Warehouse Management,TC_0062,2026-06-21,Completed,80.0,No,,Not Placed,,,,,,3.0,Yes
PART_01151,Sunita Kaur 88,39,Male,Graduate,Solapur,Taluka_2,5-10 Lakhs,No,Cloud Computing,TC_0291,2026-05-03,Completed,47.0,No,,Placed,Tech Mahindra,Cloud Engineer,21257.0,,Pune,5.0,No
PART_01152,Laxmi Hegde 77,34,Other,Post Graduate,Mumbai,Taluka_6,5-10 Lakhs,No,Automotive Mechanic,TC_0259,2026-02-25,Completed,83.0,No,,Not Placed,,,,,,4.0,Maybe
PART_01153,Manoj Tiwari 16,35,Female,10th Pass,Kolhapur,Taluka_3,Below 1 Lakh,Yes,Mobile Repair,TC_0367,2025-08-03,Completed,82.0,No,,Placed,Byju's,Content Writer,31259.0,,Amravati,1.0,Yes
PART_01154,Sunita Kaur 27,25,Female,12th Pass,Latur,Taluka_2,5-10 Lakhs,No,Warehouse Management,TC_0328,2026-06-30,Dropped Out,,No,,Not Applicable,,,,,,,
PART_01155,Neha Dubey 65,43,Male,Diploma,Jalna,Taluka_8,3-5 Lakhs,No,Automotive Mechanic,TC_0103,2025-05-04,Certified,57.0,Yes,2025-08-10,Not Placed,,,,,,,
PART_01156,Preeti Chopra 48,37,Male,Graduate,Sangli,Taluka_9,Above 10 Lakhs,No,Full Stack Development,TC_0146,2026-03-19,Dropped Out,,No,,Not Applicable,,,,,,,
PART_01157,Meera Nair 94,18,Male,10th Pass,Kolhapur,Taluka_10,Below 1 Lakh,Yes,Retail Management,TC_0250,2025-02-21,Dropped Out,,No,,Not Applicable,,,,,,,
PART_01158,Suresh Yadav 60,45,Male,Graduate,Nashik,Taluka_2,5-10 Lakhs,Yes,Cloud Computing,TC_0174,2026-04-25,Ongoing,,No,,Not Applicable,,,,,,4.0,Yes
PART_01159,Deepa Iyer 60,27,Male,Diploma,Jalgaon,Taluka_2,1-3 Lakhs,No,Warehouse Management,TC_0403,2025-09-03,Dropped Out,,No,,Not Applicable,,,,,,,
PART_01160,Sneha Deshmukh 50,43,Other,Diploma,Akola,Taluka_3,Above 10 Lakhs,No,Accounting & GST,TC_0332,2025-06-16,Ongoing,,No,,Not Applicable,,,,,,2.0,No
PART_01161,Ashok Pawar 63,45,Male,10th Pass,Sangli,Taluka_10,1-3 Lakhs,No,Digital Marketing,TC_0490,2025-02-21,Assessed,50.0,No,,Not Applicable,,,,,,,
PART_01162,Preeti Chopra 49,37,Female,Diploma,Nashik,Taluka_9,Above 10 Lakhs,Yes,Food Processing,TC_0204,2026-08-05,Completed,66.0,No,,Placed,Byju's,Full Stack Developer,28600.0,,Pune,3.0,No
PART_01163,Preeti Chopra 79,32,Other,Graduate,Nanded,Taluka_8,5-10 Lakhs,Yes,Automotive Mechanic,TC_0226,2026-01-31,Completed,71.0,No,,Not Placed,,,,,,1.0,Yes
PART_01164,Mohan Rao 95,20,Male,Post Graduate,Mumbai,Taluka_1,1-3 Lakhs,No,Medical Lab Technology,TC_0036,2026-07-24,Assessed,100.0,No,,Not Applicable,,,,,,,
PART_01165,Priya Sharma 2,37,Other,12th Pass,Akola,Taluka_4,1-3 Lakhs,No,Retail Management,TC_0205,2025-12-13,Certified,95.0,Yes,2026-05-30,Not Placed,,,,,,,
PART_01166,Sanjay Gupta 2,23,Other,10th Pass,Dhule,Taluka_3,1-3 Lakhs,No,Automotive Mechanic,TC_0428,2026-08-05,Assessed,67.0,No,,Not Applicable,,,,,,,
PART_01167,Sanjay Gupta 90,37,Other,Graduate,Nagpur,Taluka_5,5-10 Lakhs,No,Accounting & GST,TC_0138,2026-08-14,Certified,61.0,Yes,2026-12-02,Not Placed,,,,,,,
PART_01168,Mohan Rao 82,23,Female,10th Pass,Jalna,Taluka_4,1-3 Lakhs,No,Accounting & GST,TC_0266,2025-02-12,Dropped Out,,No,,Not Applicable,,,,,,,
PART_01169,Vikram Singh 22,45,Female,12th Pass,Akola,Taluka_6,Above 10 Lakhs,No,Customer Service,TC_0229,2025-05-30,Certified,72.0,Yes,2025-11-14,Not Placed,,,,,,,
PART_01170,Vikram Singh 44,31,Other,12th Pass,Chandrapur,Taluka_5,5-10 Lakhs,No,Retail Management,TC_0297,2026-05-30,Completed,42.0,No,,Placed,ICICI Bank,Supply Chain Analyst,26826.0,,Jalna,3.0,Maybe
PART_01171,Rahul Verma 73,25,Other,10th Pass,Solapur,Taluka_5,Below 1 Lakh,Yes,Food Processing,TC_0024,2026-05-01,Dropped Out,,No,,Not Applicable,,,,,,,
PART_01172,Ashok Pawar 63,32,Male,Diploma,Pune,Taluka_7,Below 1 Lakh,Yes,Data Analytics,TC_0399,2026-01-28,Certified,57.0,Yes,2026-07-13,Placed,Reliance Jio,Project Coordinator,48555.0,2026-09-19,Beed,,
PART_01173,Rajesh Kumar 64,24,Male,Post Graduate,Amravati,Taluka_1,3-5 Lakhs,Yes,Electrician Training,TC_0253,2025-11-08,Assessed,45.0,No,,Not Applicable,,,,,,,
PART_01174,Kavita Rao 15,22,Male,Graduate,Akola,Taluka_3,Above 10 Lakhs,Yes,Medical Lab Technology,TC_0117,2025-11-30,Ongoing,,No,,Not Applicable,,,,,,4.0,No
PART_01175,Anil Kamble 38,29,Other,12th Pass,Akola,Taluka_8,3-5 Lakhs,Yes,Retail Management,TC_0254,2026-04-08,Completed,56.0,No,,Self Employed,,,,,,5.0,Yes
PART_01176,Suresh Yadav 43,24,Male,12th Pass,Nanded,Taluka_6,Below 1 Lakh,No,Food Processing,TC_0474,2026-07-05,Ongoing,,No,,Not Applicable,,,,,,4.0,Maybe
PART_01177,Sneha Deshmukh 31,37,Female,10th Pass,Amravati,Taluka_9,3-5 Lakhs,No,Medical Lab Technology,TC_0101,2026-03-11,Ongoing,,No,,Not Applicable,,,,,,5.0,Maybe
PART_01178,Preeti Chopra 10,37,Other,12th Pass,Aurangabad,Taluka_1,Above 10 Lakhs,No,Mobile Repair,TC_0233,2025-07-04,Certified,67.0,Yes,2025-10-23,Placed,Byju's,Project Coordinator,51164.0,2025-12-06,Chandrapur,,
PART_01179,Usha Menon 69,26,Male,Diploma,Ahmednagar,Taluka_6,Above 10 Lakhs,No,Full Stack Development,TC_0281,2025-02-20,Ongoing,,No,,Not Applicable,,,,,,4.0,Yes
PART_01180,Priya Sharma 41,39,Female,12th Pass,Dhule,Taluka_6,1-3 Lakhs,No,Food Processing,TC_0363,2025-03-23,Ongoing,,No,,Not Applicable,,,,,,4.0,No
PART_01181,Meera Nair 30,36,Male,10th Pass,Akola,Taluka_2,Below 1 Lakh,No,Beauty & Wellness,TC_0214,2026-06-13,Ongoing,,No,,Not Applicable,,,,,,4.0,Yes
PART_01182,Nitin Bhosale 100,43,Other,12th Pass,Aurangabad,Taluka_7,3-5 Lakhs,No,Medical Lab Technology,TC_0108,2025-04-19,Assessed,79.0,No,,Not Applicable,,,,,,,
PART_01183,Ashok Pawar 80,45,Male,10th Pass,Akola,Taluka_3,1-3 Lakhs,Yes,Full Stack Development,TC_0173,2025-03-27,Ongoing,,No,,Not Applicable,,,,,,4.0,Maybe
PART_01184,Deepa Iyer 19,44,Male,Diploma,Amravati,Taluka_2,Above 10 Lakhs,No,Food Processing,TC_0174,2026-04-12,Completed,79.0,No,,Not Placed,,,,,,5.0,Yes
PART_01185,Kavita Rao 38,39,Other,Diploma,Latur,Taluka_3,3-5 Lakhs,Yes,Digital Marketing,TC_0151,2025-07-24,Ongoing,,No,,Not Applicable,,,,,,1.0,Yes
PART_01186,Suresh Yadav 10,20,Female,Graduate,Aurangabad,Taluka_6,Above 10 Lakhs,No,Warehouse Management,TC_0053,2025-06-02,Assessed,41.0,No,,Not Applicable,,,,,,,
PART_01187,Laxmi Hegde 78,26,Other,12th Pass,Mumbai,Taluka_6,3-5 Lakhs,Yes,Warehouse Management,TC_0500,2025-03-04,Dropped Out,,No,,Not Applicable,,,,,,,
PART_01188,Ramesh Jadhav 40,31,Female,Diploma,Parbhani,Taluka_1,3-5 Lakhs,Yes,Cloud Computing,TC_0156,2025-11-23,Ongoing,,No,,Not Applicable,,,,,,3.0,Yes
PART_01189,Pooja Joshi 76,28,Other,10th Pass,Akola,Taluka_8,3-5 Lakhs,No,Full Stack Development,TC_0213,2026-04-21,Certified,41.0,Yes,2026-09-27,Placed,Reliance Jio,Machine Learning Engineer,43464.0,2026-12-20,Latur,,
PART_01190,Rahul Verma 95,18,Female,12th Pass,Aurangabad,Taluka_10,Above 10 Lakhs,No,Automotive Mechanic,TC_0075,2025-03-12,Ongoing,,No,,Not Applicable,,,,,,2.0,Maybe
PART_01191,Pooja Joshi 13,26,Other,Post Graduate,Bhiwandi,Taluka_8,3-5 Lakhs,No,Beauty & Wellness,TC_0292,2026-03-02,Ongoing,,No,,Not Applicable,,,,,,1.0,Yes
PART_01192,Usha Menon 73,40,Male,Post Graduate,Jalna,Taluka_9,5-10 Lakhs,No,Food Processing,TC_0462,2025-01-16,Certified,87.0,Yes,2025-05-26,Not Placed,,,,,,,
PART_01193,Dinesh Shinde 51,37,Male,10th Pass,Nashik,Taluka_9,1-3 Lakhs,No,CNC Operation,TC_0392,2026-06-04,Ongoing,,No,,Not Applicable,,,,,,4.0,No
PART_01194,Manoj Tiwari 56,33,Male,10th Pass,Akola,Taluka_9,3-5 Lakhs,Yes,Accounting & GST,TC_0052,2025-10-08,Assessed,79.0,No,,Not Applicable,,,,,,,
PART_01195,Geeta Sawant 49,35,Female,10th Pass,Nanded,Taluka_10,Below 1 Lakh,No,Food Processing,TC_0365,2026-01-05,Completed,100.0,No,,Self Employed,,,,,,1.0,Yes
PART_01196,Arun Kulkarni 5,34,Male,Graduate,Parbhani,Taluka_7,Below 1 Lakh,No,Customer Service,TC_0482,2026-06-24,Completed,77.0,No,,Not Placed,,,,,,3.0,Yes
PART_01197,Sneha Deshmukh 31,29,Other,Post Graduate,Bhiwandi,Taluka_3,5-10 Lakhs,Yes,Full Stack Development,TC_0331,2026-01-25,Dropped Out,,No,,Not Applicable,,,,,,,
PART_01198,Geeta Sawant 20,20,Other,12th Pass,Nanded,Taluka_1,1-3 Lakhs,No,Automotive Mechanic,TC_0016,2026-03-27,Ongoing,,No,,Not Applicable,,,,,,3.0,Maybe
PART_01199,Manoj Tiwari 35,26,Other,Post Graduate,Jalna,Taluka_2,3-5 Lakhs,No,Digital Marketing,TC_0327,2026-04-14,Ongoing,,No,,Not Applicable,,,,,,2.0,No
PART_01200,Priya Sharma 19,20,Other,Graduate,Pune,Taluka_3,Below 1 Lakh,No,Retail Management,TC_0459,2025-10-02,Ongoing,,No,,Not Applicable,,,,,,2.0,Yes
PART_01201,Pooja Joshi 40,45,Other,Graduate,Solapur,Taluka_5,Below 1 Lakh,No,Welding Technology,TC_0052,2025-08-03,Dropped Out,,No,,Not Applicable,,,,,,,
PART_01202,Kavita Rao 62,38,Female,10th Pass,Ahmednagar,Taluka_2,3-5 Lakhs,No,Beauty & Wellness,TC_0382,2025-01-09,Assessed,44.0,No,,Not Applicable,,,,,,,
PART_01203,Pooja Joshi 72,26,Female,Graduate,Parbhani,Taluka_5,3-5 Lakhs,No,Cloud Computing,TC_0221,2025-06-13,Certified,94.0,Yes,2025-11-14,Placed,Axis Bank,Nurse,66026.0,2026-01-24,Jalna,,
PART_01204,Anil Kamble 80,42,Male,12th Pass,Pune,Taluka_5,3-5 Lakhs,Yes,Automotive Mechanic,TC_0428,2026-06-14,Completed,93.0,No,,Placed,PhonePe,Technician,55960.0,,Yavatmal,4.0,No
PART_01205,Pooja Joshi 76,32,Other,Graduate,Mumbai,Taluka_1,Above 10 Lakhs,No,Full Stack Development,TC_0336,2026-05-14,Ongoing,,No,,Not Applicable,,,,,,3.0,Maybe
PART_01206,Ramesh Jadhav 5,24,Male,12th Pass,Latur,Taluka_4,Below 1 Lakh,Yes,Automotive Mechanic,TC_0488,2025-04-16,Assessed,88.0,No,,Not Applicable,,,,,,,
PART_01207,Sanjay Gupta 57,31,Other,Post Graduate,Solapur,Taluka_7,5-10 Lakhs,Yes,Retail Management,TC_0296,2025-01-20,Certified,75.0,Yes,2025-06-05,Self Employed,,,,,,,
PART_01208,Priya Sharma 67,28,Female,12th Pass,Kolhapur,Taluka_1,Below 1 Lakh,Yes,Welding Technology,TC_0247,2025-07-16,Completed,58.0,No,,Placed,IBM,Customer Support Specialist,48772.0,,Bhiwandi,4.0,Yes
PART_01209,Manoj Tiwari 42,32,Male,12th Pass,Kolhapur,Taluka_5,3-5 Lakhs,Yes,Data Analytics,TC_0495,2026-08-20,Ongoing,,No,,Not Applicable,,,,,,3.0,Maybe
PART_01210,Sneha Deshmukh 71,29,Female,Post Graduate,Pune,Taluka_6,Below 1 Lakh,Yes,Automotive Mechanic,TC_0048,2026-03-18,Ongoing,,No,,Not Applicable,,,,,,1.0,No
PART_01211,Vikram Singh 99,45,Other,12th Pass,Jalgaon,Taluka_5,Below 1 Lakh,Yes,Accounting & GST,TC_0458,2025-08-17,Ongoing,,No,,Not Applicable,,,,,,2.0,Yes
PART_01212,Nitin Bhosale 66,22,Male,Diploma,Ahmednagar,Taluka_5,5-10 Lakhs,No,Warehouse Management,TC_0328,2025-09-17,Ongoing,,No,,Not Applicable,,,,,,4.0,Yes
PART_01213,Shweta Bhatt 84,43,Female,Diploma,Latur,Taluka_9,Below 1 Lakh,Yes,Retail Management,TC_0149,2025-01-26,Ongoing,,No,,Not Applicable,,,,,,2.0,No
PART_01214,Neha Dubey 83,32,Other,12th Pass,Dhule,Taluka_1,Below 1 Lakh,Yes,Retail Management,TC_0269,2025-04-30,Completed,79.0,No,,Placed,Paytm,Software Developer,45158.0,,Beed,5.0,Yes
PART_01215,Meera Nair 96,44,Other,10th Pass,Sangli,Taluka_10,3-5 Lakhs,No,Digital Marketing,TC_0038,2025-05-01,Ongoing,,No,,Not Applicable,,,,,,3.0,Maybe
PART_01216,Mohan Rao 53,26,Other,Post Graduate,Kolhapur,Taluka_9,Above 10 Lakhs,No,Data Analytics,TC_0307,2026-03-03,Assessed,76.0,No,,Not Applicable,,,,,,,
PART_01217,Manoj Tiwari 42,26,Female,Post Graduate,Pune,Taluka_1,Below 1 Lakh,Yes,Customer Service,TC_0125,2026-01-12,Completed,45.0,No,,Placed,ICICI Bank,Machine Learning Engineer,49609.0,,Jalgaon,2.0,Maybe
PART_01218,Geeta Sawant 88,39,Other,10th Pass,Sangli,Taluka_9,Above 10 Lakhs,No,Retail Management,TC_0423,2025-01-27,Dropped Out,,No,,Not Applicable,,,,,,,
PART_01219,Ramesh Jadhav 4,32,Male,Graduate,Pune,Taluka_3,Above 10 Lakhs,Yes,Welding Technology,TC_0373,2026-06-12,Completed,83.0,No,,Placed,Bajaj Finserv,Pharmacy Assistant,23742.0,,Parbhani,5.0,Yes
PART_01220,Sunita Kaur 15,20,Other,10th Pass,Sangli,Taluka_9,Above 10 Lakhs,Yes,Accounting & GST,TC_0251,2025-07-28,Assessed,62.0,No,,Not Applicable,,,,,,,
PART_01221,Shweta Bhatt 55,40,Female,10th Pass,Nanded,Taluka_5,Above 10 Lakhs,No,Automotive Mechanic,TC_0209,2026-07-17,Completed,86.0,No,,Not Placed,,,,,,4.0,Maybe
PART_01222,Priya Sharma 69,35,Female,10th Pass,Solapur,Taluka_9,5-10 Lakhs,No,Medical Lab Technology,TC_0347,2026-01-07,Assessed,64.0,No,,Not Applicable,,,,,,,
PART_01223,Manoj Tiwari 20,24,Other,Diploma,Sangli,Taluka_7,5-10 Lakhs,No,Retail Management,TC_0395,2026-07-08,Completed,71.0,No,,Not Placed,,,,,,5.0,No
PART_01224,Rekha Pillai 37,19,Female,Graduate,Bhiwandi,Taluka_4,5-10 Lakhs,No,Full Stack Development,TC_0409,2025-06-01,Dropped Out,,No,,Not Applicable,,,,,,,
PART_01225,Deepa Iyer 48,40,Male,Post Graduate,Parbhani,Taluka_1,Below 1 Lakh,Yes,Warehouse Management,TC_0413,2026-02-08,Completed,44.0,No,,Placed,ABB India,Project Coordinator,51667.0,,Mumbai,3.0,Maybe
PART_01226,Nitin Bhosale 34,44,Other,Diploma,Thane,Taluka_2,Below 1 Lakh,No,Beauty & Wellness,TC_0299,2026-02-08,Assessed,87.0,No,,Not Applicable,,,,,,,
PART_01227,Geeta Sawant 18,40,Other,Graduate,Jalna,Taluka_5,Below 1 Lakh,No,Food Processing,TC_0237,2026-06-28,Ongoing,,No,,Not Applicable,,,,,,2.0,Yes
PART_01228,Preeti Chopra 14,30,Male,12th Pass,Bhiwandi,Taluka_3,5-10 Lakhs,No,Customer Service,TC_0399,2025-07-09,Assessed,96.0,No,,Not Applicable,,,,,,,
PART_01229,Suresh Yadav 33,26,Other,12th Pass,Parbhani,Taluka_1,5-10 Lakhs,No,Electrician Training,TC_0134,2025-07-05,Completed,78.0,No,,Placed,Wipro,Full Stack Developer,59102.0,,Chandrapur,5.0,No
PART_01230,Prakash More 91,43,Other,Graduate,Dhule,Taluka_5,3-5 Lakhs,Yes,Beauty & Wellness,TC_0425,2025-02-25,Dropped Out,,No,,Not Applicable,,,,,,,
PART_01231,Rekha Pillai 80,39,Female,Post Graduate,Jalgaon,Taluka_4,1-3 Lakhs,No,Food Processing,TC_0067,2025-12-24,Assessed,90.0,No,,Not Applicable,,,,,,,
PART_01232,Shweta Bhatt 72,33,Other,10th Pass,Dhule,Taluka_10,3-5 Lakhs,No,Warehouse Management,TC_0085,2025-09-21,Dropped Out,,No,,Not Applicable,,,,,,,
PART_01233,Rekha Pillai 74,31,Male,Diploma,Chandrapur,Taluka_9,3-5 Lakhs,No,Cloud Computing,TC_0053,2025-07-23,Ongoing,,No,,Not Applicable,,,,,,3.0,Yes
PART_01234,Dinesh Shinde 25,43,Male,12th Pass,Nanded,Taluka_10,Above 10 Lakhs,Yes,Retail Management,TC_0013,2025-07-29,Assessed,84.0,No,,Not Applicable,,,,,,,
PART_01235,Preeti Chopra 86,33,Male,10th Pass,Nanded,Taluka_6,5-10 Lakhs,Yes,Beauty & Wellness,TC_0416,2025-01-31,Certified,71.0,Yes,2025-06-16,Not Placed,,,,,,,
PART_01236,Sneha Deshmukh 34,36,Female,Diploma,Nashik,Taluka_2,Below 1 Lakh,No,Mobile Repair,TC_0143,2026-02-04,Ongoing,,No,,Not Applicable,,,,,,2.0,No
PART_01237,Prakash More 51,19,Female,Graduate,Mumbai,Taluka_7,Above 10 Lakhs,No,CNC Operation,TC_0032,2025-05-17,Completed,95.0,No,,Not Placed,,,,,,3.0,Maybe
PART_01238,Nitin Bhosale 48,22,Other,12th Pass,Jalna,Taluka_5,Below 1 Lakh,No,Electrician Training,TC_0289,2026-04-05,Dropped Out,,No,,Not Applicable,,,,,,,
PART_01239,Ashok Pawar 40,33,Other,Diploma,Mumbai,Taluka_2,Above 10 Lakhs,Yes,Customer Service,TC_0210,2026-06-18,Certified,100.0,Yes,2026-10-15,Placed,Tech Mahindra,Project Coordinator,76838.0,2026-10-16,Kolhapur,,
PART_01240,Arun Kulkarni 50,39,Male,Diploma,Nanded,Taluka_5,Above 10 Lakhs,Yes,Medical Lab Technology,TC_0478,2026-02-13,Completed,97.0,No,,Self Employed,,,,,,4.0,No
PART_01241,Rekha Pillai 34,32,Female,12th Pass,Nagpur,Taluka_4,1-3 Lakhs,No,Digital Marketing,TC_0053,2026-05-09,Assessed,42.0,No,,Not Applicable,,,,,,,
PART_01242,Vikram Singh 60,22,Other,12th Pass,Jalgaon,Taluka_6,Above 10 Lakhs,No,Retail Management,TC_0080,2026-06-03,Assessed,75.0,No,,Not Applicable,,,,,,,
PART_01243,Shweta Bhatt 62,20,Female,Graduate,Jalgaon,Taluka_1,1-3 Lakhs,No,Medical Lab Technology,TC_0308,2025-04-29,Completed,93.0,No,,Placed,Tech Mahindra,Technician,37125.0,,Akola,5.0,Maybe
PART_01244,Ramesh Jadhav 96,23,Other,12th Pass,Ahmednagar,Taluka_8,3-5 Lakhs,Yes,CNC Operation,TC_0479,2025-07-17,Certified,62.0,Yes,2025-12-02,Placed,Larsen & Toubro,Digital Marketing Executive,63089.0,2026-01-12,Nashik,,
PART_01245,Ramesh Jadhav 19,33,Other,Diploma,Kolhapur,Taluka_2,Below 1 Lakh,No,Customer Service,TC_0183,2026-06-11,Ongoing,,No,,Not Applicable,,,,,,5.0,Yes
PART_01246,Suresh Yadav 49,22,Female,Post Graduate,Pune,Taluka_5,Below 1 Lakh,Yes,Cloud Computing,TC_0058,2026-02-16,Ongoing,,No,,Not Applicable,,,,,,5.0,Yes
PART_01247,Anjali Reddy 99,34,Male,12th Pass,Jalgaon,Taluka_10,3-5 Lakhs,No,Welding Technology,TC_0185,2025-02-21,Completed,55.0,No,,Placed,IBM,Accountant,58867.0,,Aurangabad,1.0,No
PART_01248,Rekha Pillai 12,41,Female,Post Graduate,Bhiwandi,Taluka_1,Above 10 Lakhs,Yes,Warehouse Management,TC_0435,2026-08-21,Ongoing,,No,,Not Applicable,,,,,,4.0,Maybe
PART_01249,Deepa Iyer 26,27,Male,12th Pass,Pune,Taluka_7,5-10 Lakhs,No,Food Processing,TC_0021,2025-10-11,Ongoing,,No,,Not Applicable,,,,,,2.0,Yes
PART_01250,Kavita Rao 93,41,Other,12th Pass,Solapur,Taluka_9,1-3 Lakhs,Yes,Data Analytics,TC_0440,2026-01-16,Completed,62.0,No,,Self Employed,,,,,,5.0,Yes
PART_01251,Vikram Singh 72,42,Other,Diploma,Dhule,Taluka_9,1-3 Lakhs,Yes,Automotive Mechanic,TC_0119,2026-05-02,Assessed,74.0,No,,Not Applicable,,,,,,,
PART_01252,Sunita Kaur 40,44,Male,Post Graduate,Parbhani,Taluka_7,5-10 Lakhs,Yes,Food Processing,TC_0142,2026-06-20,Assessed,100.0,No,,Not Applicable,,,,,,,
PART_01253,Kavita Rao 36,39,Female,Graduate,Jalgaon,Taluka_10,1-3 Lakhs,No,Welding Technology,TC_0477,2025-09-12,Ongoing,,No,,Not Applicable,,,,,,4.0,Maybe
PART_01254,Sneha Deshmukh 21,21,Other,12th Pass,Aurangabad,Taluka_8,Below 1 Lakh,Yes,Digital Marketing,TC_0293,2025-05-22,Dropped Out,,No,,Not Applicable,,,,,,,
PART_01255,Pooja Joshi 97,28,Female,12th Pass,Chandrapur,Taluka_4,Above 10 Lakhs,Yes,Welding Technology,TC_0190,2025-02-09,Completed,93.0,No,,Not Placed,,,,,,2.0,No
PART_01256,Laxmi Hegde 13,36,Female,Graduate,Mumbai,Taluka_4,Below 1 Lakh,Yes,Automotive Mechanic,TC_0404,2025-07-26,Assessed,47.0,No,,Not Applicable,,,,,,,
PART_01257,Mohan Rao 68,19,Other,Post Graduate,Nashik,Taluka_1,3-5 Lakhs,Yes,Medical Lab Technology,TC_0482,2026-04-14,Certified,96.0,Yes,2026-09-14,Placed,Tech Mahindra,DevOps Engineer,49609.0,2026-10-20,Chandrapur,,
PART_01258,Preeti Chopra 77,26,Male,12th Pass,Nagpur,Taluka_6,1-3 Lakhs,Yes,Food Processing,TC_0223,2025-09-21,Dropped Out,,No,,Not Applicable,,,,,,,
PART_01259,Preeti Chopra 37,44,Female,10th Pass,Ahmednagar,Taluka_5,1-3 Lakhs,Yes,Customer Service,TC_0265,2026-05-26,Ongoing,,No,,Not Applicable,,,,,,2.0,Yes
PART_01260,Priya Sharma 45,33,Female,12th Pass,Jalgaon,Taluka_8,3-5 Lakhs,Yes,Food Processing,TC_0479,2025-10-18,Dropped Out,,No,,Not Applicable,,,,,,,
PART_01261,Geeta Sawant 18,35,Other,Post Graduate,Latur,Taluka_7,Above 10 Lakhs,Yes,Full Stack Development,TC_0437,2026-03-20,Dropped Out,,No,,Not Applicable,,,,,,,
PART_01262,Rajesh Kumar 3,33,Other,12th Pass,Thane,Taluka_9,1-3 Lakhs,No,Beauty & Wellness,TC_0127,2025-12-10,Certified,54.0,Yes,2026-05-18,Placed,Razorpay,Cloud Engineer,16848.0,2026-07-27,Bhiwandi,,
PART_01263,Kavita Rao 98,44,Female,12th Pass,Nanded,Taluka_5,1-3 Lakhs,Yes,Cloud Computing,TC_0423,2025-09-28,Ongoing,,No,,Not Applicable,,,,,,5.0,Yes
PART_01264,Preeti Chopra 42,26,Other,Diploma,Thane,Taluka_1,Above 10 Lakhs,No,Beauty & Wellness,TC_0265,2026-04-26,Assessed,89.0,No,,Not Applicable,,,,,,,
PART_01265,Rekha Pillai 86,43,Other,Graduate,Bhiwandi,Taluka_9,5-10 Lakhs,No,Full Stack Development,TC_0287,2026-04-03,Certified,79.0,Yes,2026-09-15,Not Placed,,,,,,,
PART_01266,Rahul Verma 47,26,Other,12th Pass,Ahmednagar,Taluka_7,1-3 Lakhs,Yes,Cloud Computing,TC_0238,2026-04-26,Completed,68.0,No,,Further Studies,,,,,,2.0,Maybe
PART_01267,Priya Sharma 86,37,Other,Graduate,Dhule,Taluka_10,3-5 Lakhs,Yes,Mobile Repair,TC_0492,2025-07-10,Completed,47.0,No,,Placed,Capgemini,Sales Executive,70474.0,,Chandrapur,2.0,Yes
PART_01268,Meera Nair 25,18,Female,Post Graduate,Latur,Taluka_2,5-10 Lakhs,Yes,Beauty & Wellness,TC_0014,2026-01-06,Dropped Out,,No,,Not Applicable,,,,,,,
PART_01269,Pooja Joshi 43,20,Other,12th Pass,Parbhani,Taluka_7,Below 1 Lakh,No,Full Stack Development,TC_0010,2026-07-28,Completed,88.0,No,,Not Placed,,,,,,2.0,Maybe
PART_01270,Vikram Singh 70,42,Male,12th Pass,Jalna,Taluka_1,Below 1 Lakh,No,Automotive Mechanic,TC_0180,2026-01-30,Ongoing,,No,,Not Applicable,,,,,,3.0,No
PART_01271,Mohan Rao 68,20,Other,Graduate,Aurangabad,Taluka_4,Above 10 Lakhs,No,Digital Marketing,TC_0390,2025-05-30,Completed,82.0,No,,Not Placed,,,,,,2.0,No
PART_01272,Sneha Deshmukh 52,32,Male,12th Pass,Latur,Taluka_7,Below 1 Lakh,No,Medical Lab Technology,TC_0267,2026-08-23,Completed,60.0,No,,Placed,Godrej Industries,Welder,57840.0,,Mumbai,3.0,No
PART_01273,Preeti Chopra 100,45,Male,12th Pass,Aurangabad,Taluka_4,5-10 Lakhs,Yes,Beauty & Wellness,TC_0124,2026-01-12,Certified,69.0,Yes,2026-06-27,Placed,Crompton Greaves,Warehouse Supervisor,78391.0,2026-08-10,Beed,,
PART_01274,Deepa Iyer 78,43,Male,Post Graduate,Thane,Taluka_6,Below 1 Lakh,No,Electrician Training,TC_0242,2025-09-04,Ongoing,,No,,Not Applicable,,,,,,3.0,Yes
PART_01275,Amit Patel 74,25,Male,Graduate,Latur,Taluka_6,1-3 Lakhs,Yes,Retail Management,TC_0164,2025-10-07,Ongoing,,No,,Not Applicable,,,,,,2.0,Maybe
PART_01276,Rajesh Kumar 46,38,Female,12th Pass,Bhiwandi,Taluka_2,1-3 Lakhs,Yes,Welding Technology,TC_0190,2025-12-09,Ongoing,,No,,Not Applicable,,,,,,1.0,Yes
PART_01277,Sneha Deshmukh 8,21,Female,Diploma,Sangli,Taluka_8,Above 10 Lakhs,Yes,Mobile Repair,TC_0497,2025-10-09,Certified,69.0,Yes,2026-02-09,Not Placed,,,,,,,
PART_01278,Neha Dubey 19,39,Female,12th Pass,Solapur,Taluka_3,Above 10 Lakhs,No,Digital Marketing,TC_0286,2026-05-31,Dropped Out,,No,,Not Applicable,,,,,,,
PART_01279,Amit Patel 65,44,Other,Graduate,Solapur,Taluka_6,Above 10 Lakhs,Yes,CNC Operation,TC_0414,2025-09-27,Ongoing,,No,,Not Applicable,,,,,,3.0,Maybe
PART_01280,Rahul Verma 13,38,Male,Diploma,Pune,Taluka_3,Below 1 Lakh,No,Data Analytics,TC_0318,2026-08-20,Completed,58.0,No,,Not Placed,,,,,,2.0,Yes
PART_01281,Suresh Yadav 12,45,Female,10th Pass,Mumbai,Taluka_2,Above 10 Lakhs,Yes,Automotive Mechanic,TC_0146,2025-02-25,Completed,49.0,No,,Not Placed,,,,,,5.0,Maybe
PART_01282,Priya Sharma 54,26,Male,10th Pass,Sangli,Taluka_9,Above 10 Lakhs,No,Medical Lab Technology,TC_0107,2025-06-24,Completed,43.0,No,,Not Placed,,,,,,4.0,Maybe
PART_01283,Rahul Verma 76,32,Male,10th Pass,Ahmednagar,Taluka_4,3-5 Lakhs,No,Medical Lab Technology,TC_0275,2025-04-27,Completed,100.0,No,,Placed,Byju's,Digital Marketing Executive,77040.0,,Nagpur,3.0,Yes
PART_01284,Shweta Bhatt 96,45,Female,Diploma,Ahmednagar,Taluka_6,5-10 Lakhs,No,Digital Marketing,TC_0100,2026-03-03,Completed,43.0,No,,Not Placed,,,,,,4.0,Maybe
PART_01285,Mohan Rao 34,32,Male,Diploma,Pune,Taluka_4,5-10 Lakhs,Yes,Warehouse Management,TC_0019,2026-02-15,Completed,86.0,No,,Not Placed,,,,,,5.0,Maybe
PART_01286,Preeti Chopra 41,26,Female,10th Pass,Pune,Taluka_9,Below 1 Lakh,Yes,Electrician Training,TC_0206,2025-11-21,Completed,99.0,No,,Placed,Infosys,Logistics Coordinator,77367.0,,Chandrapur,4.0,Maybe
PART_01287,Anjali Reddy 52,43,Other,10th Pass,Jalgaon,Taluka_7,Above 10 Lakhs,No,Retail Management,TC_0348,2025-09-07,Completed,58.0,No,,Self Employed,,,,,,4.0,Maybe
PART_01288,Dinesh Shinde 36,42,Female,12th Pass,Jalna,Taluka_9,1-3 Lakhs,No,Mobile Repair,TC_0336,2025-08-02,Dropped Out,,No,,Not Applicable,,,,,,,
PART_01289,Amit Patel 68,35,Female,Diploma,Jalgaon,Taluka_1,1-3 Lakhs,No,CNC Operation,TC_0288,2025-10-02,Completed,49.0,No,,Not Placed,,,,,,5.0,No
PART_01290,Suresh Yadav 30,21,Male,10th Pass,Amravati,Taluka_6,1-3 Lakhs,No,Accounting & GST,TC_0089,2025-07-23,Dropped Out,,No,,Not Applicable,,,,,,,
PART_01291,Rajesh Kumar 97,45,Female,Graduate,Aurangabad,Taluka_9,1-3 Lakhs,No,Welding Technology,TC_0431,2025-10-22,Assessed,96.0,No,,Not Applicable,,,,,,,
PART_01292,Suresh Yadav 24,24,Male,10th Pass,Nagpur,Taluka_4,1-3 Lakhs,No,Customer Service,TC_0108,2025-10-11,Completed,100.0,No,,Placed,Vedantu,Pharmacy Assistant,52012.0,,Parbhani,1.0,Maybe
PART_01293,Sunita Kaur 86,35,Other,Diploma,Akola,Taluka_3,1-3 Lakhs,Yes,Automotive Mechanic,TC_0294,2026-05-07,Assessed,73.0,No,,Not Applicable,,,,,,,
PART_01294,Laxmi Hegde 69,26,Other,Diploma,Jalgaon,Taluka_5,1-3 Lakhs,No,Retail Management,TC_0002,2025-12-22,Ongoing,,No,,Not Applicable,,,,,,4.0,Yes
PART_01295,Preeti Chopra 81,44,Male,Post Graduate,Nagpur,Taluka_9,1-3 Lakhs,Yes,Digital Marketing,TC_0183,2026-08-10,Ongoing,,No,,Not Applicable,,,,,,2.0,No
PART_01296,Sanjay Gupta 55,39,Other,Graduate,Bhiwandi,Taluka_9,5-10 Lakhs,No,Data Analytics,TC_0175,2025-04-04,Assessed,81.0,No,,Not Applicable,,,,,,,
PART_01297,Sanjay Gupta 73,43,Female,12th Pass,Parbhani,Taluka_9,1-3 Lakhs,No,Mobile Repair,TC_0103,2025-12-22,Dropped Out,,No,,Not Applicable,,,,,,,
PART_01298,Laxmi Hegde 45,40,Other,12th Pass,Nashik,Taluka_2,Below 1 Lakh,No,Beauty & Wellness,TC_0199,2025-11-27,Assessed,64.0,No,,Not Applicable,,,,,,,
PART_01299,Usha Menon 2,21,Female,Post Graduate,Nashik,Taluka_10,1-3 Lakhs,No,Beauty & Wellness,TC_0043,2025-12-29,Ongoing,,No,,Not Applicable,,,,,,1.0,Maybe
PART_01300,Manoj Tiwari 43,43,Female,Post Graduate,Nagpur,Taluka_7,Above 10 Lakhs,Yes,Accounting & GST,TC_0459,2025-06-04,Certified,52.0,Yes,2025-09-16,Placed,Infosys,Machine Learning Engineer,23062.0,2025-10-29,Kolhapur,,
PART_01301,Deepa Iyer 39,34,Male,12th Pass,Chandrapur,Taluka_1,1-3 Lakhs,No,Welding Technology,TC_0029,2025-01-18,Certified,61.0,Yes,2025-06-27,Placed,Bajaj Finserv,Pharmacy Assistant,37597.0,2025-08-24,Jalgaon,,
PART_01302,Anil Kamble 37,20,Other,10th Pass,Sangli,Taluka_7,Above 10 Lakhs,No,Data Analytics,TC_0456,2026-05-03,Assessed,85.0,No,,Not Applicable,,,,,,,
PART_01303,Meera Nair 10,43,Female,Post Graduate,Pune,Taluka_5,5-10 Lakhs,No,Accounting & GST,TC_0068,2025-03-21,Completed,68.0,No,,Self Employed,,,,,,2.0,Maybe
PART_01304,Dinesh Shinde 97,35,Female,12th Pass,Jalgaon,Taluka_10,5-10 Lakhs,Yes,Medical Lab Technology,TC_0192,2026-01-27,Ongoing,,No,,Not Applicable,,,,,,1.0,No
PART_01305,Shweta Bhatt 77,37,Other,Graduate,Mumbai,Taluka_8,5-10 Lakhs,No,Full Stack Development,TC_0117,2025-04-23,Dropped Out,,No,,Not Applicable,,,,,,,
PART_01306,Neha Dubey 4,29,Other,Post Graduate,Jalgaon,Taluka_4,1-3 Lakhs,No,Full Stack Development,TC_0260,2026-01-04,Ongoing,,No,,Not Applicable,,,,,,3.0,Maybe
PART_01307,Vikram Singh 49,43,Female,12th Pass,Dhule,Taluka_10,5-10 Lakhs,No,CNC Operation,TC_0377,2025-11-02,Assessed,92.0,No,,Not Applicable,,,,,,,
PART_01308,Suresh Yadav 59,26,Female,Post Graduate,Aurangabad,Taluka_6,Above 10 Lakhs,No,Mobile Repair,TC_0291,2025-05-12,Completed,81.0,No,,Placed,Tata Motors,Data Analyst,28739.0,,Akola,2.0,No
PART_01309,Vikram Singh 10,23,Male,Diploma,Mumbai,Taluka_8,Above 10 Lakhs,No,Warehouse Management,TC_0124,2026-04-28,Completed,41.0,No,,Self Employed,,,,,,1.0,No
PART_01310,Pooja Joshi 79,20,Male,10th Pass,Kolhapur,Taluka_1,Above 10 Lakhs,Yes,Food Processing,TC_0103,2026-04-05,Ongoing,,No,,Not Applicable,,,,,,1.0,No
PART_01311,Nitin Bhosale 54,43,Other,10th Pass,Sangli,Taluka_6,Below 1 Lakh,Yes,Welding Technology,TC_0320,2025-08-05,Completed,45.0,No,,Placed,Vedantu,Cloud Engineer,51579.0,,Yavatmal,2.0,No
PART_01312,Usha Menon 85,25,Male,Post Graduate,Latur,Taluka_4,5-10 Lakhs,Yes,Digital Marketing,TC_0079,2026-03-17,Ongoing,,No,,Not Applicable,,,,,,4.0,Yes
PART_01313,Sanjay Gupta 78,26,Male,Diploma,Nashik,Taluka_9,1-3 Lakhs,No,Retail Management,TC_0045,2025-11-12,Completed,67.0,No,,Not Placed,,,,,,1.0,No
PART_01314,Shweta Bhatt 3,20,Other,10th Pass,Chandrapur,Taluka_10,3-5 Lakhs,Yes,Full Stack Development,TC_0327,2026-02-28,Ongoing,,No,,Not Applicable,,,,,,3.0,Yes
PART_01315,Suresh Yadav 99,33,Other,Diploma,Chandrapur,Taluka_7,3-5 Lakhs,Yes,Medical Lab Technology,TC_0312,2026-03-24,Completed,53.0,No,,Placed,IBM,Digital Marketing Executive,16905.0,,Parbhani,1.0,Maybe
PART_01316,Shweta Bhatt 29,23,Female,Graduate,Nashik,Taluka_8,Below 1 Lakh,Yes,CNC Operation,TC_0479,2025-11-04,Ongoing,,No,,Not Applicable,,,,,,2.0,Maybe
PART_01317,Mohan Rao 40,34,Female,10th Pass,Jalna,Taluka_5,Above 10 Lakhs,No,Retail Management,TC_0162,2025-01-06,Completed,94.0,No,,Further Studies,,,,,,3.0,Yes
PART_01318,Sneha Deshmukh 34,31,Other,Post Graduate,Ahmednagar,Taluka_8,1-3 Lakhs,No,Medical Lab Technology,TC_0351,2026-03-03,Certified,88.0,Yes,2026-08-29,Not Placed,,,,,,,
PART_01319,Kavita Rao 88,30,Female,Post Graduate,Dhule,Taluka_2,5-10 Lakhs,Yes,Welding Technology,TC_0482,2026-04-30,Certified,69.0,Yes,2026-09-11,Not Placed,,,,,,,
PART_01320,Amit Patel 12,18,Female,12th Pass,Kolhapur,Taluka_9,1-3 Lakhs,No,Digital Marketing,TC_0385,2026-03-02,Ongoing,,No,,Not Applicable,,,,,,1.0,Yes
PART_01321,Rajesh Kumar 31,39,Female,Graduate,Jalgaon,Taluka_7,3-5 Lakhs,No,Automotive Mechanic,TC_0302,2025-10-08,Ongoing,,No,,Not Applicable,,,,,,2.0,Maybe
PART_01322,Prakash More 83,41,Other,Diploma,Aurangabad,Taluka_3,Below 1 Lakh,No,Mobile Repair,TC_0206,2025-10-09,Assessed,92.0,No,,Not Applicable,,,,,,,
PART_01323,Usha Menon 7,32,Male,Post Graduate,Pune,Taluka_7,3-5 Lakhs,No,Accounting & GST,TC_0366,2025-02-25,Completed,49.0,No,,Placed,Amazon,Project Coordinator,53236.0,,Latur,4.0,No
PART_01324,Nitin Bhosale 4,29,Male,10th Pass,Bhiwandi,Taluka_5,5-10 Lakhs,Yes,Automotive Mechanic,TC_0338,2025-10-24,Certified,68.0,Yes,2026-03-24,Not Placed,,,,,,,
PART_01325,Sneha Deshmukh 22,31,Other,Post Graduate,Jalgaon,Taluka_4,Below 1 Lakh,No,Full Stack Development,TC_0453,2025-01-04,Completed,54.0,No,,Self Employed,,,,,,4.0,No
PART_01326,Rahul Verma 56,18,Female,10th Pass,Ahmednagar,Taluka_2,1-3 Lakhs,No,Electrician Training,TC_0142,2025-12-12,Dropped Out,,No,,Not Applicable,,,,,,,
PART_01327,Neha Dubey 96,23,Male,Graduate,Kolhapur,Taluka_10,Above 10 Lakhs,No,Beauty & Wellness,TC_0042,2025-05-09,Completed,44.0,No,,Not Placed,,,,,,2.0,Maybe
PART_01328,Anil Kamble 44,29,Other,Diploma,Dhule,Taluka_10,1-3 Lakhs,Yes,Cloud Computing,TC_0267,2025-08-21,Assessed,96.0,No,,Not Applicable,,,,,,,
PART_01329,Dinesh Shinde 96,41,Female,12th Pass,Akola,Taluka_7,Below 1 Lakh,Yes,Beauty & Wellness,TC_0050,2026-07-30,Completed,90.0,No,,Self Employed,,,,,,2.0,Maybe
PART_01330,Sneha Deshmukh 65,26,Other,Post Graduate,Dhule,Taluka_1,5-10 Lakhs,Yes,Automotive Mechanic,TC_0330,2025-01-18,Completed,63.0,No,,Placed,Zerodha,Full Stack Developer,71176.0,,Amravati,5.0,Yes
PART_01331,Rajesh Kumar 95,23,Other,10th Pass,Parbhani,Taluka_10,Below 1 Lakh,No,Data Analytics,TC_0376,2026-03-04,Completed,64.0,No,,Placed,Crompton Greaves,Fitter,33566.0,,Nagpur,5.0,Yes
PART_01332,Shweta Bhatt 61,28,Female,12th Pass,Pune,Taluka_8,Below 1 Lakh,No,Cloud Computing,TC_0230,2025-11-09,Ongoing,,No,,Not Applicable,,,,,,1.0,No
PART_01333,Sanjay Gupta 36,36,Other,Graduate,Kolhapur,Taluka_8,1-3 Lakhs,Yes,Mobile Repair,TC_0473,2026-02-06,Completed,44.0,No,,Not Placed,,,,,,1.0,No
PART_01334,Rekha Pillai 2,23,Female,Post Graduate,Kolhapur,Taluka_1,3-5 Lakhs,No,Cloud Computing,TC_0051,2025-04-17,Ongoing,,No,,Not Applicable,,,,,,3.0,No
PART_01335,Laxmi Hegde 92,43,Other,Post Graduate,Nanded,Taluka_2,3-5 Lakhs,No,Beauty & Wellness,TC_0123,2025-10-08,Certified,45.0,Yes,2026-03-26,Self Employed,,,,,,,
PART_01336,Anjali Reddy 33,45,Male,10th Pass,Nagpur,Taluka_3,Below 1 Lakh,Yes,Beauty & Wellness,TC_0184,2025-11-12,Assessed,95.0,No,,Not Applicable,,,,,,,
PART_01337,Sneha Deshmukh 59,23,Female,Graduate,Amravati,Taluka_2,1-3 Lakhs,Yes,Electrician Training,TC_0022,2025-09-17,Ongoing,,No,,Not Applicable,,,,,,1.0,Yes
PART_01338,Rekha Pillai 33,29,Other,Graduate,Pune,Taluka_3,5-10 Lakhs,No,Cloud Computing,TC_0159,2025-02-05,Ongoing,,No,,Not Applicable,,,,,,1.0,Maybe
PART_01339,Shweta Bhatt 80,30,Other,12th Pass,Nagpur,Taluka_8,Above 10 Lakhs,No,Warehouse Management,TC_0283,2026-04-07,Completed,94.0,No,,Not Placed,,,,,,2.0,Maybe
PART_01340,Kavita Rao 53,42,Other,10th Pass,Mumbai,Taluka_10,Above 10 Lakhs,No,Accounting & GST,TC_0275,2025-01-01,Dropped Out,,No,,Not Applicable,,,,,,,
PART_01341,Rajesh Kumar 9,43,Male,12th Pass,Pune,Taluka_4,3-5 Lakhs,Yes,Welding Technology,TC_0184,2026-05-08,Ongoing,,No,,Not Applicable,,,,,,1.0,Yes
PART_01342,Dinesh Shinde 72,38,Other,10th Pass,Bhiwandi,Taluka_4,Above 10 Lakhs,Yes,Digital Marketing,TC_0344,2025-12-20,Ongoing,,No,,Not Applicable,,,,,,1.0,No
PART_01343,Geeta Sawant 51,23,Female,Post Graduate,Jalgaon,Taluka_10,3-5 Lakhs,Yes,Customer Service,TC_0168,2025-07-30,Dropped Out,,No,,Not Applicable,,,,,,,
PART_01344,Usha Menon 73,29,Female,Graduate,Dhule,Taluka_10,Below 1 Lakh,No,Cloud Computing,TC_0173,2026-06-16,Ongoing,,No,,Not Applicable,,,,,,2.0,Yes
PART_01345,Ramesh Jadhav 48,44,Other,10th Pass,Amravati,Taluka_6,5-10 Lakhs,Yes,Mobile Repair,TC_0093,2025-06-11,Completed,88.0,No,,Placed,IBM,Fitter,64388.0,,Yavatmal,3.0,Yes
PART_01346,Mohan Rao 95,34,Female,12th Pass,Chandrapur,Taluka_7,3-5 Lakhs,Yes,Digital Marketing,TC_0379,2025-11-04,Completed,93.0,No,,Further Studies,,,,,,1.0,Maybe
PART_01347,Rekha Pillai 84,42,Other,12th Pass,Thane,Taluka_1,5-10 Lakhs,No,Welding Technology,TC_0194,2026-05-08,Ongoing,,No,,Not Applicable,,,,,,4.0,No
PART_01348,Pooja Joshi 74,43,Male,Graduate,Nagpur,Taluka_1,3-5 Lakhs,Yes,Warehouse Management,TC_0365,2025-03-08,Completed,65.0,No,,Further Studies,,,,,,5.0,No
PART_01349,Dinesh Shinde 33,33,Other,Post Graduate,Aurangabad,Taluka_4,Below 1 Lakh,No,Food Processing,TC_0042,2025-04-11,Completed,86.0,No,,Self Employed,,,,,,5.0,Maybe
PART_01350,Vikram Singh 40,45,Female,Post Graduate,Thane,Taluka_6,5-10 Lakhs,No,CNC Operation,TC_0205,2025-10-30,Assessed,79.0,No,,Not Applicable,,,,,,,
PART_01351,Laxmi Hegde 55,37,Female,Diploma,Nanded,Taluka_2,3-5 Lakhs,Yes,Cloud Computing,TC_0195,2025-03-30,Completed,93.0,No,,Placed,PhonePe,Logistics Coordinator,55638.0,,Chandrapur,1.0,Maybe
PART_01352,Ramesh Jadhav 43,28,Male,Diploma,Latur,Taluka_3,1-3 Lakhs,Yes,Digital Marketing,TC_0397,2025-08-11,Ongoing,,No,,Not Applicable,,,,,,1.0,Maybe
PART_01353,Shweta Bhatt 77,43,Male,12th Pass,Ahmednagar,Taluka_7,5-10 Lakhs,No,CNC Operation,TC_0369,2026-02-26,Ongoing,,No,,Not Applicable,,,,,,2.0,Yes
PART_01354,Sanjay Gupta 98,27,Other,Diploma,Pune,Taluka_2,3-5 Lakhs,Yes,Food Processing,TC_0217,2025-09-17,Assessed,86.0,No,,Not Applicable,,,,,,,
PART_01355,Neha Dubey 55,36,Male,12th Pass,Kolhapur,Taluka_7,5-10 Lakhs,No,Warehouse Management,TC_0322,2025-12-30,Completed,76.0,No,,Not Placed,,,,,,1.0,Maybe
PART_01356,Nitin Bhosale 74,25,Male,10th Pass,Nanded,Taluka_5,5-10 Lakhs,Yes,Retail Management,TC_0418,2025-12-07,Completed,86.0,No,,Placed,Razorpay,Retail Associate,18052.0,,Parbhani,1.0,Maybe
PART_01357,Laxmi Hegde 86,44,Female,12th Pass,Nagpur,Taluka_5,1-3 Lakhs,Yes,Automotive Mechanic,TC_0039,2026-02-03,Ongoing,,No,,Not Applicable,,,,,,2.0,Yes
PART_01358,Neha Dubey 20,27,Male,Post Graduate,Pune,Taluka_9,Below 1 Lakh,No,Accounting & GST,TC_0331,2025-07-12,Completed,98.0,No,,Not Placed,,,,,,2.0,Maybe
PART_01359,Sneha Deshmukh 79,20,Female,Post Graduate,Kolhapur,Taluka_3,Above 10 Lakhs,No,Electrician Training,TC_0183,2026-05-23,Certified,77.0,Yes,2026-11-08,Not Placed,,,,,,,
PART_01360,Sanjay Gupta 22,41,Female,10th Pass,Chandrapur,Taluka_2,Above 10 Lakhs,No,Full Stack Development,TC_0414,2026-03-30,Certified,48.0,Yes,2026-09-06,Self Employed,,,,,,,
PART_01361,Amit Patel 89,42,Male,12th Pass,Nanded,Taluka_1,Above 10 Lakhs,No,Digital Marketing,TC_0123,2026-03-28,Assessed,53.0,No,,Not Applicable,,,,,,,
PART_01362,Usha Menon 70,26,Other,Diploma,Parbhani,Taluka_4,3-5 Lakhs,Yes,Automotive Mechanic,TC_0492,2026-07-27,Completed,71.0,No,,Not Placed,,,,,,2.0,Maybe
PART_01363,Preeti Chopra 62,32,Other,10th Pass,Solapur,Taluka_5,3-5 Lakhs,Yes,Electrician Training,TC_0424,2026-07-27,Completed,64.0,No,,Placed,Zerodha,Content Writer,32368.0,,Akola,4.0,Maybe
PART_01364,Shweta Bhatt 62,42,Other,Diploma,Latur,Taluka_9,3-5 Lakhs,No,Food Processing,TC_0239,2026-06-07,Assessed,87.0,No,,Not Applicable,,,,,,,
PART_01365,Preeti Chopra 32,26,Male,Diploma,Jalna,Taluka_3,Above 10 Lakhs,Yes,Accounting & GST,TC_0026,2025-11-05,Dropped Out,,No,,Not Applicable,,,,,,,
PART_01366,Geeta Sawant 67,24,Male,12th Pass,Ahmednagar,Taluka_4,3-5 Lakhs,No,Customer Service,TC_0044,2025-11-11,Dropped Out,,No,,Not Applicable,,,,,,,
PART_01367,Preeti Chopra 44,25,Other,Diploma,Pune,Taluka_2,Below 1 Lakh,No,Mobile Repair,TC_0335,2025-09-23,Ongoing,,No,,Not Applicable,,,,,,5.0,Maybe
PART_01368,Laxmi Hegde 2,44,Female,12th Pass,Chandrapur,Taluka_1,5-10 Lakhs,No,Medical Lab Technology,TC_0140,2026-05-29,Ongoing,,No,,Not Applicable,,,,,,1.0,Yes
PART_01369,Preeti Chopra 23,36,Other,10th Pass,Nanded,Taluka_7,3-5 Lakhs,No,Data Analytics,TC_0147,2025-06-30,Assessed,83.0,No,,Not Applicable,,,,,,,
PART_01370,Manoj Tiwari 66,28,Male,Graduate,Solapur,Taluka_6,5-10 Lakhs,No,CNC Operation,TC_0004,2026-06-20,Dropped Out,,No,,Not Applicable,,,,,,,
PART_01371,Shweta Bhatt 80,21,Other,Post Graduate,Jalna,Taluka_4,5-10 Lakhs,Yes,Mobile Repair,TC_0156,2026-01-19,Dropped Out,,No,,Not Applicable,,,,,,,
PART_01372,Sunita Kaur 86,25,Other,Post Graduate,Nashik,Taluka_2,5-10 Lakhs,Yes,Digital Marketing,TC_0471,2026-08-14,Ongoing,,No,,Not Applicable,,,,,,5.0,Yes
PART_01373,Suresh Yadav 18,40,Other,Graduate,Jalna,Taluka_2,Below 1 Lakh,Yes,Data Analytics,TC_0029,2025-01-31,Ongoing,,No,,Not Applicable,,,,,,3.0,Yes
PART_01374,Anil Kamble 62,45,Male,Diploma,Aurangabad,Taluka_3,5-10 Lakhs,No,Data Analytics,TC_0375,2025-09-06,Ongoing,,No,,Not Applicable,,,,,,4.0,No
PART_01375,Suresh Yadav 29,25,Male,Graduate,Jalna,Taluka_9,3-5 Lakhs,No,Customer Service,TC_0131,2026-08-24,Completed,64.0,No,,Further Studies,,,,,,2.0,No
PART_01376,Sanjay Gupta 94,32,Male,10th Pass,Nashik,Taluka_4,5-10 Lakhs,Yes,Retail Management,TC_0053,2026-03-10,Ongoing,,No,,Not Applicable,,,,,,5.0,No
PART_01377,Anil Kamble 48,29,Male,Graduate,Amravati,Taluka_10,Above 10 Lakhs,Yes,Data Analytics,TC_0386,2025-11-18,Assessed,44.0,No,,Not Applicable,,,,,,,
PART_01378,Laxmi Hegde 63,38,Female,10th Pass,Parbhani,Taluka_9,Above 10 Lakhs,No,Warehouse Management,TC_0305,2025-09-19,Completed,85.0,No,,Placed,Capgemini,Training Coordinator,48815.0,,Nashik,1.0,No
PART_01379,Priya Sharma 84,39,Female,12th Pass,Thane,Taluka_10,Below 1 Lakh,No,Beauty & Wellness,TC_0386,2026-03-02,Assessed,54.0,No,,Not Applicable,,,,,,,
PART_01380,Anjali Reddy 52,44,Female,10th Pass,Kolhapur,Taluka_6,5-10 Lakhs,No,Mobile Repair,TC_0109,2025-10-30,Ongoing,,No,,Not Applicable,,,,,,4.0,No
PART_01381,Suresh Yadav 60,43,Other,12th Pass,Nashik,Taluka_4,Below 1 Lakh,Yes,Full Stack Development,TC_0387,2026-06-18,Ongoing,,No,,Not Applicable,,,,,,5.0,Yes
PART_01382,Usha Menon 71,33,Male,Diploma,Dhule,Taluka_8,5-10 Lakhs,Yes,Welding Technology,TC_0416,2025-01-20,Completed,68.0,No,,Self Employed,,,,,,2.0,Yes
PART_01383,Pooja Joshi 12,22,Male,Graduate,Jalna,Taluka_1,Above 10 Lakhs,Yes,Full Stack Development,TC_0287,2026-07-30,Ongoing,,No,,Not Applicable,,,,,,4.0,Maybe
PART_01384,Priya Sharma 26,27,Female,Diploma,Parbhani,Taluka_1,5-10 Lakhs,No,Medical Lab Technology,TC_0390,2026-05-29,Certified,54.0,Yes,2026-10-03,Placed,Narayana Health,Sales Executive,76752.0,2026-11-01,Akola,,
PART_01385,Ramesh Jadhav 52,35,Other,Diploma,Latur,Taluka_9,1-3 Lakhs,Yes,Beauty & Wellness,TC_0023,2025-11-24,Completed,65.0,No,,Not Placed,,,,,,4.0,No
PART_01386,Geeta Sawant 63,30,Female,Graduate,Kolhapur,Taluka_1,5-10 Lakhs,Yes,Full Stack Development,TC_0496,2026-08-04,Completed,55.0,No,,Not Placed,,,,,,1.0,Maybe
PART_01387,Rajesh Kumar 81,41,Female,12th Pass,Nanded,Taluka_3,3-5 Lakhs,No,Warehouse Management,TC_0029,2025-08-28,Certified,54.0,Yes,2026-02-16,Placed,HDFC Bank,Supply Chain Analyst,58343.0,2026-04-17,Sangli,,
PART_01388,Anjali Reddy 71,26,Male,Post Graduate,Jalgaon,Taluka_2,5-10 Lakhs,No,Beauty & Wellness,TC_0220,2025-12-03,Ongoing,,No,,Not Applicable,,,,,,3.0,Maybe
PART_01389,Nitin Bhosale 90,26,Female,Post Graduate,Thane,Taluka_9,Below 1 Lakh,No,Automotive Mechanic,TC_0477,2025-09-24,Assessed,93.0,No,,Not Applicable,,,,,,,
PART_01390,Shweta Bhatt 56,25,Female,Post Graduate,Pune,Taluka_6,1-3 Lakhs,No,Automotive Mechanic,TC_0231,2025-12-13,Completed,42.0,No,,Placed,Godrej Industries,Fitter,38751.0,,Aurangabad,4.0,No
PART_01391,Amit Patel 50,29,Female,12th Pass,Nashik,Taluka_3,5-10 Lakhs,No,Warehouse Management,TC_0090,2026-03-12,Dropped Out,,No,,Not Applicable,,,,,,,
PART_01392,Anil Kamble 43,20,Other,Graduate,Dhule,Taluka_3,Below 1 Lakh,Yes,Food Processing,TC_0213,2025-09-03,Certified,40.0,Yes,2026-01-11,Not Placed,,,,,,,
PART_01393,Prakash More 62,18,Female,Post Graduate,Thane,Taluka_8,Above 10 Lakhs,No,Mobile Repair,TC_0209,2025-08-07,Completed,75.0,No,,Self Employed,,,,,,2.0,Yes
PART_01394,Rahul Verma 95,41,Other,Post Graduate,Amravati,Taluka_6,5-10 Lakhs,Yes,Customer Service,TC_0379,2025-08-05,Ongoing,,No,,Not Applicable,,,,,,1.0,Maybe
PART_01395,Amit Patel 66,39,Male,10th Pass,Latur,Taluka_1,3-5 Lakhs,No,Electrician Training,TC_0418,2025-01-31,Dropped Out,,No,,Not Applicable,,,,,,,
PART_01396,Mohan Rao 81,45,Other,12th Pass,Solapur,Taluka_1,Below 1 Lakh,Yes,Medical Lab Technology,TC_0146,2026-07-11,Certified,66.0,Yes,2026-11-25,Not Placed,,,,,,,
PART_01397,Amit Patel 18,35,Other,Graduate,Jalna,Taluka_4,3-5 Lakhs,Yes,Automotive Mechanic,TC_0245,2025-04-13,Ongoing,,No,,Not Applicable,,,,,,4.0,Yes
PART_01398,Sunita Kaur 61,18,Other,10th Pass,Solapur,Taluka_6,3-5 Lakhs,Yes,Accounting & GST,TC_0472,2025-02-24,Dropped Out,,No,,Not Applicable,,,,,,,
PART_01399,Arun Kulkarni 4,20,Female,Graduate,Nashik,Taluka_8,1-3 Lakhs,Yes,Medical Lab Technology,TC_0087,2026-08-20,Assessed,81.0,No,,Not Applicable,,,,,,,
PART_01400,Kavita Rao 80,42,Male,10th Pass,Amravati,Taluka_2,Above 10 Lakhs,Yes,Retail Management,TC_0196,2025-12-26,Assessed,78.0,No,,Not Applicable,,,,,,,
PART_01401,Neha Dubey 36,42,Male,Graduate,Parbhani,Taluka_4,Above 10 Lakhs,Yes,Mobile Repair,TC_0442,2025-11-06,Ongoing,,No,,Not Applicable,,,,,,4.0,No
PART_01402,Kavita Rao 15,26,Male,Post Graduate,Pune,Taluka_2,1-3 Lakhs,No,Electrician Training,TC_0095,2026-01-05,Certified,71.0,Yes,2026-04-15,Placed,Paytm,Cloud Engineer,35007.0,2026-05-02,Solapur,,
PART_01403,Preeti Chopra 58,29,Female,10th Pass,Pune,Taluka_10,3-5 Lakhs,No,Automotive Mechanic,TC_0210,2026-06-01,Ongoing,,No,,Not Applicable,,,,,,3.0,Yes
PART_01404,Rajesh Kumar 53,30,Female,10th Pass,Aurangabad,Taluka_5,Above 10 Lakhs,No,Warehouse Management,TC_0120,2025-11-08,Ongoing,,No,,Not Applicable,,,,,,3.0,No
PART_01405,Vikram Singh 4,40,Other,Post Graduate,Jalna,Taluka_7,Below 1 Lakh,No,Warehouse Management,TC_0358,2026-06-05,Completed,76.0,No,,Placed,Reliance Jio,Retail Associate,34904.0,,Solapur,5.0,Yes
PART_01406,Amit Patel 18,38,Male,Graduate,Aurangabad,Taluka_10,1-3 Lakhs,Yes,Accounting & GST,TC_0229,2026-05-15,Ongoing,,No,,Not Applicable,,,,,,4.0,Yes
PART_01407,Sneha Deshmukh 29,28,Male,12th Pass,Akola,Taluka_8,3-5 Lakhs,Yes,Retail Management,TC_0479,2026-08-16,Dropped Out,,No,,Not Applicable,,,,,,,
PART_01408,Anil Kamble 4,44,Other,12th Pass,Bhiwandi,Taluka_8,Above 10 Lakhs,No,Retail Management,TC_0002,2025-09-26,Certified,69.0,Yes,2026-01-31,Placed,PhonePe,Quality Analyst,48098.0,2026-04-09,Dhule,,
PART_01409,Manoj Tiwari 31,21,Other,Post Graduate,Solapur,Taluka_7,5-10 Lakhs,No,Mobile Repair,TC_0345,2025-07-26,Completed,91.0,No,,Not Placed,,,,,,2.0,No
PART_01410,Shweta Bhatt 76,26,Female,Graduate,Pune,Taluka_3,5-10 Lakhs,No,Full Stack Development,TC_0328,2026-03-02,Ongoing,,No,,Not Applicable,,,,,,3.0,Maybe
PART_01411,Priya Sharma 26,35,Male,Diploma,Solapur,Taluka_1,5-10 Lakhs,Yes,Retail Management,TC_0163,2025-12-30,Ongoing,,No,,Not Applicable,,,,,,1.0,No
PART_01412,Sanjay Gupta 24,19,Other,10th Pass,Dhule,Taluka_10,Below 1 Lakh,Yes,Welding Technology,TC_0483,2025-04-16,Dropped Out,,No,,Not Applicable,,,,,,,
PART_01413,Nitin Bhosale 3,24,Other,12th Pass,Dhule,Taluka_4,Below 1 Lakh,Yes,Cloud Computing,TC_0435,2025-09-13,Certified,72.0,Yes,2026-02-21,Placed,Max Healthcare,UI/UX Designer,54481.0,2026-05-15,Raigad,,
PART_01414,Dinesh Shinde 49,38,Female,12th Pass,Nanded,Taluka_3,1-3 Lakhs,Yes,Digital Marketing,TC_0328,2025-06-18,Completed,66.0,No,,Placed,Apollo Hospitals,Customer Support Specialist,29535.0,,Bhiwandi,2.0,No
PART_01415,Ashok Pawar 27,41,Female,Graduate,Nanded,Taluka_10,Above 10 Lakhs,No,Retail Management,TC_0154,2026-02-12,Ongoing,,No,,Not Applicable,,,,,,5.0,Yes
PART_01416,Sunita Kaur 13,35,Female,12th Pass,Thane,Taluka_5,5-10 Lakhs,No,Medical Lab Technology,TC_0281,2026-03-07,Dropped Out,,No,,Not Applicable,,,,,,,
PART_01417,Usha Menon 27,44,Other,10th Pass,Amravati,Taluka_9,3-5 Lakhs,No,Accounting & GST,TC_0373,2025-06-08,Ongoing,,No,,Not Applicable,,,,,,3.0,Maybe
PART_01418,Laxmi Hegde 33,43,Male,10th Pass,Thane,Taluka_5,3-5 Lakhs,No,Food Processing,TC_0062,2026-08-01,Ongoing,,No,,Not Applicable,,,,,,5.0,Yes
PART_01419,Prakash More 38,45,Other,10th Pass,Parbhani,Taluka_10,Below 1 Lakh,Yes,Data Analytics,TC_0050,2026-06-23,Assessed,45.0,No,,Not Applicable,,,,,,,
PART_01420,Usha Menon 11,45,Female,10th Pass,Ahmednagar,Taluka_3,Above 10 Lakhs,No,Medical Lab Technology,TC_0034,2026-06-21,Completed,42.0,No,,Self Employed,,,,,,4.0,Maybe
PART_01421,Rajesh Kumar 47,39,Female,12th Pass,Chandrapur,Taluka_8,1-3 Lakhs,Yes,Accounting & GST,TC_0051,2025-10-14,Certified,77.0,Yes,2026-04-04,Placed,Razorpay,Full Stack Developer,31001.0,2026-07-03,Solapur,,
PART_01422,Anjali Reddy 4,24,Male,Diploma,Sangli,Taluka_5,Below 1 Lakh,Yes,Retail Management,TC_0253,2025-06-19,Assessed,85.0,No,,Not Applicable,,,,,,,
PART_01423,Rekha Pillai 56,41,Male,10th Pass,Thane,Taluka_6,Below 1 Lakh,Yes,Mobile Repair,TC_0413,2026-02-08,Ongoing,,No,,Not Applicable,,,,,,2.0,Yes
PART_01424,Kavita Rao 61,37,Male,12th Pass,Amravati,Taluka_9,3-5 Lakhs,Yes,Electrician Training,TC_0373,2026-02-09,Completed,44.0,No,,Not Placed,,,,,,3.0,No
PART_01425,Manoj Tiwari 15,23,Female,10th Pass,Latur,Taluka_3,Above 10 Lakhs,Yes,Accounting & GST,TC_0259,2026-08-24,Ongoing,,No,,Not Applicable,,,,,,3.0,Yes
PART_01426,Prakash More 35,33,Other,Graduate,Chandrapur,Taluka_10,1-3 Lakhs,Yes,Data Analytics,TC_0259,2025-05-16,Ongoing,,No,,Not Applicable,,,,,,3.0,Yes
PART_01427,Nitin Bhosale 82,35,Other,Diploma,Dhule,Taluka_10,3-5 Lakhs,No,Customer Service,TC_0063,2025-07-30,Certified,65.0,Yes,2026-01-19,Not Placed,,,,,,,
PART_01428,Suresh Yadav 82,24,Female,Post Graduate,Thane,Taluka_3,Above 10 Lakhs,Yes,Cloud Computing,TC_0248,2025-08-11,Dropped Out,,No,,Not Applicable,,,,,,,
PART_01429,Anil Kamble 1,28,Male,10th Pass,Jalgaon,Taluka_7,1-3 Lakhs,No,Medical Lab Technology,TC_0037,2025-05-09,Completed,57.0,No,,Placed,Flipkart,Content Writer,31688.0,,Parbhani,4.0,Maybe
PART_01430,Sunita Kaur 54,28,Male,12th Pass,Mumbai,Taluka_2,Above 10 Lakhs,No,Full Stack Development,TC_0231,2026-05-13,Completed,79.0,No,,Placed,Paytm,HR Coordinator,56134.0,,Nashik,3.0,Yes
PART_01431,Ashok Pawar 83,40,Female,Post Graduate,Thane,Taluka_8,Below 1 Lakh,No,Cloud Computing,TC_0409,2025-05-14,Completed,64.0,No,,Placed,Godrej Industries,Content Writer,23444.0,,Parbhani,3.0,Yes
PART_01432,Rahul Verma 87,37,Female,Diploma,Dhule,Taluka_7,Above 10 Lakhs,Yes,Electrician Training,TC_0366,2026-03-20,Assessed,78.0,No,,Not Applicable,,,,,,,
PART_01433,Priya Sharma 46,40,Female,Diploma,Aurangabad,Taluka_1,5-10 Lakhs,Yes,Electrician Training,TC_0285,2026-03-02,Completed,82.0,No,,Self Employed,,,,,,2.0,No
PART_01434,Rahul Verma 29,44,Other,Post Graduate,Nagpur,Taluka_4,1-3 Lakhs,Yes,Digital Marketing,TC_0221,2025-01-24,Ongoing,,No,,Not Applicable,,,,,,2.0,No
PART_01435,Arun Kulkarni 4,31,Female,10th Pass,Solapur,Taluka_7,Above 10 Lakhs,No,Full Stack Development,TC_0374,2026-02-19,Assessed,68.0,No,,Not Applicable,,,,,,,
PART_01436,Anjali Reddy 21,29,Other,Graduate,Aurangabad,Taluka_4,Below 1 Lakh,Yes,Digital Marketing,TC_0019,2026-04-07,Completed,64.0,No,,Not Placed,,,,,,3.0,Yes
PART_01437,Rekha Pillai 24,28,Male,Graduate,Pune,Taluka_10,5-10 Lakhs,No,Accounting & GST,TC_0251,2025-03-28,Ongoing,,No,,Not Applicable,,,,,,3.0,Yes
PART_01438,Deepa Iyer 36,25,Female,Graduate,Nanded,Taluka_10,3-5 Lakhs,Yes,Automotive Mechanic,TC_0471,2026-05-13,Completed,72.0,No,,Placed,Paytm,Quality Analyst,75644.0,,Nagpur,4.0,No
PART_01439,Priya Sharma 78,33,Female,12th Pass,Aurangabad,Taluka_10,1-3 Lakhs,Yes,Accounting & GST,TC_0099,2025-05-17,Assessed,53.0,No,,Not Applicable,,,,,,,
PART_01440,Deepa Iyer 15,27,Male,12th Pass,Jalgaon,Taluka_5,3-5 Lakhs,Yes,Welding Technology,TC_0148,2025-01-12,Ongoing,,No,,Not Applicable,,,,,,4.0,Yes
PART_01441,Vikram Singh 67,24,Male,Graduate,Jalna,Taluka_3,5-10 Lakhs,Yes,Customer Service,TC_0396,2025-01-03,Certified,72.0,Yes,2025-05-25,Self Employed,,,,,,,
PART_01442,Prakash More 84,29,Male,12th Pass,Nagpur,Taluka_4,5-10 Lakhs,Yes,Data Analytics,TC_0484,2026-02-02,Completed,96.0,No,,Placed,Accenture,Warehouse Supervisor,61202.0,,Parbhani,3.0,Maybe
PART_01443,Laxmi Hegde 18,43,Female,Diploma,Sangli,Taluka_9,Above 10 Lakhs,Yes,Food Processing,TC_0381,2026-07-27,Dropped Out,,No,,Not Applicable,,,,,,,
PART_01444,Pooja Joshi 84,27,Other,Diploma,Aurangabad,Taluka_7,1-3 Lakhs,No,Full Stack Development,TC_0150,2025-03-20,Completed,60.0,No,,Self Employed,,,,,,3.0,No
PART_01445,Deepa Iyer 62,31,Male,10th Pass,Jalna,Taluka_3,Above 10 Lakhs,Yes,Warehouse Management,TC_0220,2026-08-06,Completed,40.0,No,,Placed,Larsen & Toubro,Sales Executive,31450.0,,Latur,4.0,Maybe
PART_01446,Mohan Rao 26,44,Male,Diploma,Nashik,Taluka_6,1-3 Lakhs,No,Cloud Computing,TC_0163,2026-08-15,Ongoing,,No,,Not Applicable,,,,,,2.0,No
PART_01447,Nitin Bhosale 13,40,Male,Diploma,Dhule,Taluka_3,3-5 Lakhs,Yes,Mobile Repair,TC_0193,2026-07-16,Completed,80.0,No,,Placed,HCL,UI/UX Designer,41816.0,,Akola,1.0,Maybe
PART_01448,Anil Kamble 49,25,Female,12th Pass,Chandrapur,Taluka_4,1-3 Lakhs,Yes,Electrician Training,TC_0094,2025-02-26,Certified,40.0,Yes,2025-08-23,Placed,Max Healthcare,Logistics Coordinator,41192.0,2025-11-10,Beed,,
PART_01449,Suresh Yadav 41,37,Male,Graduate,Parbhani,Taluka_1,Above 10 Lakhs,No,Retail Management,TC_0022,2026-08-08,Completed,80.0,No,,Placed,ICICI Bank,Pharmacy Assistant,29399.0,,Dhule,2.0,Yes
PART_01450,Suresh Yadav 43,26,Other,Graduate,Nagpur,Taluka_6,1-3 Lakhs,Yes,Beauty & Wellness,TC_0192,2025-11-27,Completed,77.0,No,,Not Placed,,,,,,4.0,No
PART_01451,Rekha Pillai 64,31,Male,Graduate,Kolhapur,Taluka_9,Below 1 Lakh,No,Welding Technology,TC_0394,2025-04-29,Assessed,41.0,No,,Not Applicable,,,,,,,
PART_01452,Ashok Pawar 99,18,Female,12th Pass,Thane,Taluka_9,1-3 Lakhs,Yes,Beauty & Wellness,TC_0270,2026-03-12,Completed,55.0,No,,Not Placed,,,,,,5.0,No
PART_01453,Usha Menon 74,24,Male,Diploma,Parbhani,Taluka_10,Below 1 Lakh,No,Warehouse Management,TC_0291,2025-12-14,Certified,66.0,Yes,2026-05-01,Further Studies,,,,,,,
PART_01454,Shweta Bhatt 36,29,Female,10th Pass,Nashik,Taluka_7,Above 10 Lakhs,Yes,Electrician Training,TC_0459,2026-06-06,Dropped Out,,No,,Not Applicable,,,,,,,
PART_01455,Suresh Yadav 6,29,Female,10th Pass,Nashik,Taluka_8,1-3 Lakhs,Yes,Electrician Training,TC_0494,2026-01-11,Completed,89.0,No,,Not Placed,,,,,,4.0,Maybe
PART_01456,Rahul Verma 47,24,Other,Post Graduate,Sangli,Taluka_8,5-10 Lakhs,Yes,Medical Lab Technology,TC_0201,2025-05-25,Completed,72.0,No,,Placed,Fortis Healthcare,Machine Operator,18751.0,,Chandrapur,1.0,Yes
PART_01457,Arun Kulkarni 61,37,Other,Graduate,Dhule,Taluka_10,Above 10 Lakhs,No,Retail Management,TC_0167,2026-02-06,Dropped Out,,No,,Not Applicable,,,,,,,
PART_01458,Deepa Iyer 89,39,Male,12th Pass,Bhiwandi,Taluka_5,5-10 Lakhs,No,Electrician Training,TC_0118,2025-10-06,Dropped Out,,No,,Not Applicable,,,,,,,
PART_01459,Sanjay Gupta 59,43,Other,Graduate,Amravati,Taluka_8,Below 1 Lakh,No,Welding Technology,TC_0363,2026-05-27,Completed,43.0,No,,Not Placed,,,,,,1.0,No
PART_01460,Vikram Singh 62,32,Male,Graduate,Nagpur,Taluka_2,1-3 Lakhs,No,Food Processing,TC_0304,2025-10-11,Assessed,71.0,No,,Not Applicable,,,,,,,
PART_01461,Dinesh Shinde 94,20,Male,Graduate,Chandrapur,Taluka_4,5-10 Lakhs,No,Data Analytics,TC_0241,2025-08-01,Certified,47.0,Yes,2026-01-24,Placed,Infosys,Supply Chain Analyst,31839.0,2026-04-12,Mumbai,,
PART_01462,Rajesh Kumar 55,34,Male,12th Pass,Dhule,Taluka_3,Below 1 Lakh,Yes,Digital Marketing,TC_0371,2025-06-21,Completed,77.0,No,,Placed,Razorpay,Accountant,22252.0,,Solapur,1.0,Maybe
PART_01463,Usha Menon 44,35,Male,10th Pass,Latur,Taluka_6,5-10 Lakhs,Yes,Retail Management,TC_0357,2026-01-10,Completed,64.0,No,,Not Placed,,,,,,3.0,Maybe
PART_01464,Rahul Verma 6,38,Male,Diploma,Nagpur,Taluka_9,5-10 Lakhs,No,Customer Service,TC_0072,2025-08-13,Ongoing,,No,,Not Applicable,,,,,,1.0,Yes
PART_01465,Rajesh Kumar 93,30,Female,Diploma,Pune,Taluka_10,Above 10 Lakhs,Yes,Accounting & GST,TC_0170,2025-11-23,Ongoing,,No,,Not Applicable,,,,,,3.0,Maybe
PART_01466,Laxmi Hegde 97,37,Male,Diploma,Chandrapur,Taluka_7,5-10 Lakhs,Yes,Data Analytics,TC_0184,2026-03-22,Ongoing,,No,,Not Applicable,,,,,,5.0,No
PART_01467,Anil Kamble 23,30,Male,Diploma,Nanded,Taluka_1,3-5 Lakhs,Yes,Warehouse Management,TC_0068,2025-01-30,Ongoing,,No,,Not Applicable,,,,,,4.0,No
PART_01468,Anil Kamble 51,30,Male,12th Pass,Mumbai,Taluka_4,Below 1 Lakh,No,Full Stack Development,TC_0055,2025-11-22,Ongoing,,No,,Not Applicable,,,,,,4.0,Yes
PART_01469,Amit Patel 69,35,Female,12th Pass,Nashik,Taluka_5,5-10 Lakhs,Yes,Data Analytics,TC_0197,2026-07-31,Certified,49.0,Yes,2027-01-15,Placed,ABB India,Teacher,63974.0,2027-03-04,Jalgaon,,
PART_01470,Laxmi Hegde 26,34,Male,12th Pass,Jalna,Taluka_6,Above 10 Lakhs,Yes,Warehouse Management,TC_0109,2026-07-07,Completed,40.0,No,,Placed,Crompton Greaves,Cloud Engineer,61485.0,,Solapur,4.0,Maybe
PART_01471,Prakash More 5,24,Female,Diploma,Aurangabad,Taluka_6,Above 10 Lakhs,No,Automotive Mechanic,TC_0262,2025-02-09,Assessed,44.0,No,,Not Applicable,,,,,,,
PART_01472,Rahul Verma 17,30,Female,Diploma,Chandrapur,Taluka_4,Above 10 Lakhs,No,Customer Service,TC_0016,2026-04-27,Dropped Out,,No,,Not Applicable,,,,,,,
PART_01473,Nitin Bhosale 98,40,Female,Diploma,Solapur,Taluka_2,1-3 Lakhs,No,Beauty & Wellness,TC_0468,2025-06-25,Ongoing,,No,,Not Applicable,,,,,,5.0,Yes
PART_01474,Manoj Tiwari 51,23,Female,Diploma,Parbhani,Taluka_1,Below 1 Lakh,Yes,Retail Management,TC_0381,2025-03-28,Certified,83.0,Yes,2025-07-28,Further Studies,,,,,,,
PART_01475,Nitin Bhosale 63,18,Female,10th Pass,Parbhani,Taluka_8,5-10 Lakhs,No,Retail Management,TC_0404,2025-01-19,Ongoing,,No,,Not Applicable,,,,,,1.0,Maybe
PART_01476,Rajesh Kumar 49,28,Other,Graduate,Amravati,Taluka_4,Above 10 Lakhs,Yes,Electrician Training,TC_0339,2025-09-02,Ongoing,,No,,Not Applicable,,,,,,5.0,No
PART_01477,Rahul Verma 90,40,Male,Diploma,Nagpur,Taluka_2,3-5 Lakhs,No,CNC Operation,TC_0131,2025-04-01,Ongoing,,No,,Not Applicable,,,,,,4.0,No
PART_01478,Sunita Kaur 22,38,Female,Post Graduate,Jalgaon,Taluka_4,Below 1 Lakh,Yes,Welding Technology,TC_0224,2026-01-24,Ongoing,,No,,Not Applicable,,,,,,5.0,Yes
PART_01479,Preeti Chopra 81,38,Male,Post Graduate,Thane,Taluka_5,3-5 Lakhs,Yes,Welding Technology,TC_0284,2025-12-22,Ongoing,,No,,Not Applicable,,,,,,5.0,Yes
PART_01480,Nitin Bhosale 87,19,Female,12th Pass,Solapur,Taluka_8,Above 10 Lakhs,No,Digital Marketing,TC_0495,2025-06-21,Completed,86.0,No,,Not Placed,,,,,,5.0,Yes
PART_01481,Geeta Sawant 43,38,Female,Diploma,Dhule,Taluka_1,Below 1 Lakh,No,Mobile Repair,TC_0433,2025-04-27,Certified,45.0,Yes,2025-07-31,Self Employed,,,,,,,
PART_01482,Prakash More 72,34,Female,Post Graduate,Bhiwandi,Taluka_7,3-5 Lakhs,No,Cloud Computing,TC_0351,2025-09-27,Ongoing,,No,,Not Applicable,,,,,,5.0,No
PART_01483,Preeti Chopra 86,33,Male,Post Graduate,Bhiwandi,Taluka_7,1-3 Lakhs,Yes,Digital Marketing,TC_0066,2025-03-25,Dropped Out,,No,,Not Applicable,,,,,,,
PART_01484,Sanjay Gupta 82,25,Other,Post Graduate,Chandrapur,Taluka_2,1-3 Lakhs,No,Medical Lab Technology,TC_0246,2026-03-26,Completed,52.0,No,,Placed,Cognizant,Full Stack Developer,17032.0,,Jalna,3.0,Yes
PART_01485,Ashok Pawar 64,19,Other,Diploma,Nagpur,Taluka_8,5-10 Lakhs,No,Automotive Mechanic,TC_0359,2025-03-23,Dropped Out,,No,,Not Applicable,,,,,,,
PART_01486,Anil Kamble 52,20,Male,12th Pass,Chandrapur,Taluka_8,Above 10 Lakhs,No,Retail Management,TC_0113,2026-03-20,Completed,52.0,No,,Not Placed,,,,,,5.0,Yes
PART_01487,Mohan Rao 6,33,Other,12th Pass,Parbhani,Taluka_4,5-10 Lakhs,No,Mobile Repair,TC_0359,2025-04-25,Certified,86.0,Yes,2025-07-25,Not Placed,,,,,,,
PART_01488,Laxmi Hegde 63,36,Female,Post Graduate,Chandrapur,Taluka_1,Above 10 Lakhs,Yes,Welding Technology,TC_0054,2025-10-04,Completed,90.0,No,,Placed,Godrej Industries,Cybersecurity Analyst,66260.0,,Satara,4.0,Maybe
PART_01489,Sunita Kaur 7,21,Female,Diploma,Mumbai,Taluka_4,Above 10 Lakhs,No,Welding Technology,TC_0491,2025-07-10,Completed,51.0,No,,Not Placed,,,,,,1.0,No
PART_01490,Meera Nair 28,35,Male,10th Pass,Ahmednagar,Taluka_3,Above 10 Lakhs,Yes,Medical Lab Technology,TC_0216,2025-12-25,Dropped Out,,No,,Not Applicable,,,,,,,
PART_01491,Sanjay Gupta 99,37,Other,Post Graduate,Thane,Taluka_5,5-10 Lakhs,No,Mobile Repair,TC_0372,2025-09-20,Dropped Out,,No,,Not Applicable,,,,,,,
PART_01492,Anjali Reddy 20,31,Male,Diploma,Aurangabad,Taluka_2,5-10 Lakhs,Yes,Beauty & Wellness,TC_0374,2025-10-11,Assessed,42.0,No,,Not Applicable,,,,,,,
PART_01493,Sneha Deshmukh 33,35,Female,10th Pass,Nashik,Taluka_8,Below 1 Lakh,Yes,Full Stack Development,TC_0170,2025-07-18,Ongoing,,No,,Not Applicable,,,,,,4.0,Yes
PART_01494,Sanjay Gupta 64,43,Male,12th Pass,Jalgaon,Taluka_4,Above 10 Lakhs,Yes,Food Processing,TC_0396,2026-08-24,Ongoing,,No,,Not Applicable,,,,,,3.0,Maybe
PART_01495,Shweta Bhatt 51,37,Female,12th Pass,Bhiwandi,Taluka_3,3-5 Lakhs,Yes,Automotive Mechanic,TC_0287,2025-02-22,Certified,68.0,Yes,2025-06-22,Self Employed,,,,,,,
PART_01496,Neha Dubey 46,30,Male,10th Pass,Parbhani,Taluka_8,3-5 Lakhs,Yes,Customer Service,TC_0355,2025-09-23,Dropped Out,,No,,Not Applicable,,,,,,,
PART_01497,Laxmi Hegde 10,42,Male,Diploma,Akola,Taluka_4,Above 10 Lakhs,Yes,Digital Marketing,TC_0182,2026-08-14,Dropped Out,,No,,Not Applicable,,,,,,,
PART_01498,Shweta Bhatt 57,24,Female,Diploma,Amravati,Taluka_6,Below 1 Lakh,No,Data Analytics,TC_0377,2025-04-27,Dropped Out,,No,,Not Applicable,,,,,,,
PART_01499,Sunita Kaur 21,42,Other,Diploma,Mumbai,Taluka_6,Below 1 Lakh,No,Food Processing,TC_0041,2025-01-08,Certified,46.0,Yes,2025-07-05,Placed,Wipro,Full Stack Developer,56370.0,2025-09-25,Satara,,
PART_01500,Rahul Verma 74,39,Other,Post Graduate,Pune,Taluka_6,Below 1 Lakh,No,Electrician Training,TC_0086,2025-03-31,Certified,60.0,Yes,2025-07-13,Further Studies,,,,,,,
PART_01501,Priya Sharma 32,38,Female,12th Pass,Dhule,Taluka_6,1-3 Lakhs,Yes,Food Processing,TC_0171,2026-03-10,Completed,67.0,No,,Not Placed,,,,,,2.0,Yes
PART_01502,Sanjay Gupta 48,27,Male,Diploma,Akola,Taluka_3,1-3 Lakhs,No,Retail Management,TC_0364,2025-05-16,Assessed,57.0,No,,Not Applicable,,,,,,,
PART_01503,Amit Patel 42,39,Female,Post Graduate,Jalna,Taluka_1,5-10 Lakhs,Yes,Automotive Mechanic,TC_0222,2025-01-08,Completed,54.0,No,,Not Placed,,,,,,5.0,No
PART_01504,Rajesh Kumar 83,38,Male,Post Graduate,Mumbai,Taluka_6,Below 1 Lakh,Yes,Beauty & Wellness,TC_0060,2025-03-23,Dropped Out,,No,,Not Applicable,,,,,,,
PART_01505,Prakash More 27,20,Other,Diploma,Jalgaon,Taluka_1,3-5 Lakhs,Yes,Cloud Computing,TC_0323,2026-01-10,Ongoing,,No,,Not Applicable,,,,,,2.0,Yes
PART_01506,Nitin Bhosale 19,28,Other,Diploma,Ahmednagar,Taluka_8,Below 1 Lakh,Yes,Data Analytics,TC_0499,2026-04-08,Assessed,47.0,No,,Not Applicable,,,,,,,
PART_01507,Sunita Kaur 99,38,Female,Graduate,Mumbai,Taluka_6,1-3 Lakhs,No,Food Processing,TC_0076,2025-12-15,Ongoing,,No,,Not Applicable,,,,,,5.0,Yes
PART_01508,Dinesh Shinde 97,25,Other,Graduate,Latur,Taluka_7,Below 1 Lakh,Yes,Data Analytics,TC_0316,2026-04-14,Completed,98.0,No,,Placed,Apollo Hospitals,Teacher,36288.0,,Aurangabad,1.0,Yes
PART_01509,Shweta Bhatt 18,21,Female,Diploma,Latur,Taluka_4,Below 1 Lakh,No,Warehouse Management,TC_0341,2025-01-29,Completed,83.0,No,,Placed,Mahindra & Mahindra,Training Coordinator,70224.0,,Parbhani,4.0,No
PART_01510,Prakash More 56,23,Female,Post Graduate,Thane,Taluka_5,1-3 Lakhs,Yes,CNC Operation,TC_0234,2025-04-19,Completed,91.0,No,,Not Placed,,,,,,4.0,No
PART_01511,Geeta Sawant 58,28,Other,Diploma,Parbhani,Taluka_4,Below 1 Lakh,Yes,Data Analytics,TC_0273,2025-04-18,Completed,57.0,No,,Self Employed,,,,,,5.0,Yes
PART_01512,Prakash More 24,24,Female,Diploma,Jalgaon,Taluka_2,Below 1 Lakh,No,Automotive Mechanic,TC_0314,2026-06-20,Dropped Out,,No,,Not Applicable,,,,,,,
PART_01513,Sanjay Gupta 95,42,Female,10th Pass,Jalna,Taluka_1,5-10 Lakhs,No,Food Processing,TC_0211,2025-04-23,Completed,52.0,No,,Placed,Bajaj Finserv,Nurse,37745.0,,Dhule,2.0,Maybe
PART_01514,Anjali Reddy 11,24,Female,10th Pass,Latur,Taluka_5,5-10 Lakhs,Yes,Full Stack Development,TC_0338,2026-01-19,Ongoing,,No,,Not Applicable,,,,,,4.0,Yes
PART_01515,Laxmi Hegde 9,40,Other,12th Pass,Nagpur,Taluka_4,1-3 Lakhs,Yes,Automotive Mechanic,TC_0240,2025-03-31,Certified,91.0,Yes,2025-08-14,Placed,Apollo Hospitals,Welder,29573.0,2025-09-09,Parbhani,,
PART_01516,Anil Kamble 18,29,Male,12th Pass,Amravati,Taluka_9,5-10 Lakhs,Yes,Accounting & GST,TC_0179,2025-10-23,Ongoing,,No,,Not Applicable,,,,,,2.0,Maybe
PART_01517,Rahul Verma 65,28,Female,12th Pass,Thane,Taluka_3,3-5 Lakhs,No,Medical Lab Technology,TC_0115,2025-10-06,Completed,95.0,No,,Placed,Bajaj Finserv,Fitter,67420.0,,Nanded,1.0,Maybe
PART_01518,Anjali Reddy 54,28,Other,12th Pass,Dhule,Taluka_7,3-5 Lakhs,Yes,Retail Management,TC_0426,2026-05-10,Completed,91.0,No,,Placed,Cognizant,Accountant,27875.0,,Bhiwandi,5.0,Yes
PART_01519,Rekha Pillai 63,22,Other,12th Pass,Mumbai,Taluka_2,Below 1 Lakh,Yes,Welding Technology,TC_0264,2025-08-14,Completed,44.0,No,,Further Studies,,,,,,2.0,Maybe
PART_01520,Shweta Bhatt 60,27,Female,12th Pass,Nanded,Taluka_6,5-10 Lakhs,No,Mobile Repair,TC_0336,2026-08-11,Certified,58.0,Yes,2027-01-10,Not Placed,,,,,,,
PART_01521,Amit Patel 32,40,Male,Graduate,Nashik,Taluka_1,5-10 Lakhs,Yes,Full Stack Development,TC_0093,2026-06-01,Assessed,57.0,No,,Not Applicable,,,,,,,
PART_01522,Ramesh Jadhav 55,38,Male,Graduate,Thane,Taluka_7,3-5 Lakhs,Yes,Digital Marketing,TC_0096,2025-07-26,Completed,72.0,No,,Placed,Siemens,Warehouse Supervisor,48247.0,,Parbhani,5.0,Yes
PART_01523,Ashok Pawar 81,20,Other,10th Pass,Nashik,Taluka_6,1-3 Lakhs,No,Data Analytics,TC_0455,2026-03-13,Assessed,80.0,No,,Not Applicable,,,,,,,
PART_01524,Sneha Deshmukh 18,22,Female,10th Pass,Dhule,Taluka_2,3-5 Lakhs,Yes,Warehouse Management,TC_0161,2026-07-18,Ongoing,,No,,Not Applicable,,,,,,1.0,No
PART_01525,Arun Kulkarni 96,45,Other,12th Pass,Amravati,Taluka_2,1-3 Lakhs,No,Welding Technology,TC_0287,2026-04-23,Assessed,52.0,No,,Not Applicable,,,,,,,
PART_01526,Pooja Joshi 26,18,Female,Graduate,Solapur,Taluka_8,3-5 Lakhs,Yes,Electrician Training,TC_0256,2025-10-05,Ongoing,,No,,Not Applicable,,,,,,4.0,No
PART_01527,Rajesh Kumar 20,24,Male,Diploma,Akola,Taluka_5,Below 1 Lakh,Yes,Digital Marketing,TC_0081,2025-11-12,Certified,73.0,Yes,2026-03-09,Placed,Mahindra & Mahindra,Content Writer,75587.0,2026-03-18,Pune,,
PART_01528,Laxmi Hegde 53,18,Other,10th Pass,Kolhapur,Taluka_1,1-3 Lakhs,Yes,Food Processing,TC_0254,2026-03-14,Dropped Out,,No,,Not Applicable,,,,,,,
PART_01529,Sneha Deshmukh 18,25,Female,Graduate,Bhiwandi,Taluka_2,Below 1 Lakh,Yes,Medical Lab Technology,TC_0101,2025-04-10,Ongoing,,No,,Not Applicable,,,,,,4.0,Maybe
PART_01530,Mohan Rao 48,40,Other,Post Graduate,Mumbai,Taluka_7,1-3 Lakhs,Yes,Customer Service,TC_0499,2025-01-09,Certified,100.0,Yes,2025-06-15,Placed,ABB India,Digital Marketing Executive,34446.0,2025-07-11,Osmanabad,,
PART_01531,Amit Patel 52,29,Other,Post Graduate,Akola,Taluka_6,5-10 Lakhs,No,Beauty & Wellness,TC_0156,2025-10-09,Certified,47.0,Yes,2026-03-28,Not Placed,,,,,,,
PART_01532,Priya Sharma 86,32,Male,Graduate,Aurangabad,Taluka_2,3-5 Lakhs,No,Mobile Repair,TC_0099,2026-03-15,Completed,78.0,No,,Self Employed,,,,,,3.0,Maybe
PART_01533,Sunita Kaur 26,19,Female,10th Pass,Dhule,Taluka_5,Above 10 Lakhs,No,Cloud Computing,TC_0006,2025-05-27,Ongoing,,No,,Not Applicable,,,,,,1.0,No
PART_01534,Sunita Kaur 27,39,Other,Post Graduate,Latur,Taluka_5,Below 1 Lakh,Yes,Customer Service,TC_0244,2025-09-22,Completed,57.0,No,,Placed,Bajaj Finserv,Content Writer,20574.0,,Ahmednagar,1.0,No
PART_01535,Arun Kulkarni 73,37,Male,10th Pass,Mumbai,Taluka_1,Below 1 Lakh,Yes,CNC Operation,TC_0381,2026-07-06,Completed,68.0,No,,Placed,Larsen & Toubro,Warehouse Supervisor,41736.0,,Solapur,1.0,Yes
PART_01536,Neha Dubey 90,35,Male,Diploma,Latur,Taluka_3,Below 1 Lakh,No,Retail Management,TC_0364,2026-06-02,Dropped Out,,No,,Not Applicable,,,,,,,
PART_01537,Deepa Iyer 7,19,Female,Diploma,Nagpur,Taluka_4,Below 1 Lakh,No,Automotive Mechanic,TC_0270,2026-04-21,Assessed,49.0,No,,Not Applicable,,,,,,,
PART_01538,Priya Sharma 46,19,Male,12th Pass,Nashik,Taluka_4,1-3 Lakhs,No,Cloud Computing,TC_0373,2025-08-21,Completed,78.0,No,,Placed,Crompton Greaves,Medical Lab Technician,40146.0,,Dhule,1.0,Yes
PART_01539,Sunita Kaur 52,44,Male,10th Pass,Nagpur,Taluka_6,5-10 Lakhs,No,Digital Marketing,TC_0368,2026-04-28,Dropped Out,,No,,Not Applicable,,,,,,,
PART_01540,Kavita Rao 17,31,Female,Post Graduate,Nashik,Taluka_2,3-5 Lakhs,No,Food Processing,TC_0239,2025-10-16,Assessed,95.0,No,,Not Applicable,,,,,,,
PART_01541,Arun Kulkarni 5,23,Female,10th Pass,Akola,Taluka_9,5-10 Lakhs,Yes,Food Processing,TC_0037,2025-09-02,Ongoing,,No,,Not Applicable,,,,,,4.0,Yes
PART_01542,Rekha Pillai 52,38,Male,12th Pass,Ahmednagar,Taluka_10,Above 10 Lakhs,No,Accounting & GST,TC_0427,2025-10-29,Certified,90.0,Yes,2026-04-11,Not Placed,,,,,,,
PART_01543,Neha Dubey 77,33,Male,Graduate,Jalna,Taluka_7,1-3 Lakhs,No,Beauty & Wellness,TC_0354,2025-05-04,Certified,70.0,Yes,2025-10-18,Not Placed,,,,,,,
PART_01544,Rahul Verma 73,20,Male,Graduate,Nanded,Taluka_3,1-3 Lakhs,Yes,Warehouse Management,TC_0010,2025-07-06,Dropped Out,,No,,Not Applicable,,,,,,,
PART_01545,Deepa Iyer 65,30,Male,Graduate,Solapur,Taluka_9,Below 1 Lakh,No,Welding Technology,TC_0234,2025-08-31,Certified,47.0,Yes,2025-11-30,Not Placed,,,,,,,
PART_01546,Nitin Bhosale 59,25,Female,Graduate,Sangli,Taluka_3,3-5 Lakhs,No,Retail Management,TC_0416,2025-11-23,Certified,67.0,Yes,2026-03-31,Not Placed,,,,,,,
PART_01547,Rekha Pillai 65,36,Female,10th Pass,Latur,Taluka_3,5-10 Lakhs,Yes,Data Analytics,TC_0425,2025-12-11,Ongoing,,No,,Not Applicable,,,,,,4.0,No
PART_01548,Pooja Joshi 71,35,Female,12th Pass,Solapur,Taluka_5,5-10 Lakhs,Yes,Welding Technology,TC_0146,2026-02-16,Completed,48.0,No,,Not Placed,,,,,,2.0,Yes
PART_01549,Prakash More 29,21,Other,12th Pass,Mumbai,Taluka_5,Below 1 Lakh,Yes,Automotive Mechanic,TC_0486,2025-03-08,Completed,79.0,No,,Placed,Razorpay,Accountant,78149.0,,Satara,2.0,No
PART_01550,Geeta Sawant 3,27,Other,Diploma,Solapur,Taluka_7,3-5 Lakhs,Yes,Retail Management,TC_0388,2025-12-27,Completed,42.0,No,,Placed,Flipkart,Software Developer,28096.0,,Ahmednagar,1.0,Yes
PART_01551,Manoj Tiwari 18,30,Male,Post Graduate,Jalna,Taluka_4,Above 10 Lakhs,No,Welding Technology,TC_0151,2026-07-12,Completed,43.0,No,,Placed,Larsen & Toubro,Machine Learning Engineer,76761.0,,Nagpur,2.0,No
PART_01552,Shweta Bhatt 19,31,Male,12th Pass,Parbhani,Taluka_10,Above 10 Lakhs,Yes,Full Stack Development,TC_0281,2025-12-28,Completed,100.0,No,,Placed,Cognizant,Warehouse Supervisor,54342.0,,Parbhani,4.0,No
PART_01553,Sanjay Gupta 77,27,Male,10th Pass,Akola,Taluka_1,1-3 Lakhs,Yes,Customer Service,TC_0382,2025-03-26,Assessed,47.0,No,,Not Applicable,,,,,,,
PART_01554,Preeti Chopra 59,38,Male,Post Graduate,Chandrapur,Taluka_9,1-3 Lakhs,Yes,Retail Management,TC_0264,2025-12-07,Ongoing,,No,,Not Applicable,,,,,,4.0,No
PART_01555,Ashok Pawar 65,26,Female,Graduate,Chandrapur,Taluka_6,Below 1 Lakh,No,Medical Lab Technology,TC_0144,2025-09-16,Ongoing,,No,,Not Applicable,,,,,,5.0,No
PART_01556,Meera Nair 39,23,Female,Diploma,Pune,Taluka_8,5-10 Lakhs,No,Warehouse Management,TC_0153,2025-10-22,Completed,97.0,No,,Placed,Flipkart,Data Analyst,79876.0,,Jalna,3.0,Yes
PART_01557,Dinesh Shinde 18,22,Male,10th Pass,Amravati,Taluka_9,5-10 Lakhs,No,Accounting & GST,TC_0107,2026-07-02,Assessed,48.0,No,,Not Applicable,,,,,,,
PART_01558,Ramesh Jadhav 94,20,Other,Diploma,Latur,Taluka_2,1-3 Lakhs,Yes,Retail Management,TC_0297,2025-04-22,Certified,48.0,Yes,2025-08-28,Not Placed,,,,,,,
PART_01559,Laxmi Hegde 94,21,Other,Diploma,Pune,Taluka_7,3-5 Lakhs,Yes,Electrician Training,TC_0022,2025-06-19,Dropped Out,,No,,Not Applicable,,,,,,,
PART_01560,Anjali Reddy 51,30,Female,12th Pass,Thane,Taluka_7,5-10 Lakhs,No,Full Stack Development,TC_0158,2025-07-13,Ongoing,,No,,Not Applicable,,,,,,3.0,No
PART_01561,Pooja Joshi 9,41,Other,Graduate,Akola,Taluka_5,1-3 Lakhs,Yes,Accounting & GST,TC_0469,2025-06-09,Ongoing,,No,,Not Applicable,,,,,,1.0,Maybe
PART_01562,Preeti Chopra 97,35,Female,10th Pass,Jalgaon,Taluka_3,Above 10 Lakhs,No,Beauty & Wellness,TC_0120,2025-04-05,Completed,89.0,No,,Not Placed,,,,,,1.0,No
PART_01563,Sunita Kaur 11,39,Other,Diploma,Jalna,Taluka_2,1-3 Lakhs,Yes,Cloud Computing,TC_0322,2025-01-07,Assessed,72.0,No,,Not Applicable,,,,,,,
PART_01564,Manoj Tiwari 6,27,Female,10th Pass,Akola,Taluka_10,1-3 Lakhs,No,Data Analytics,TC_0438,2026-07-05,Completed,44.0,No,,Placed,Fortis Healthcare,Retail Associate,52158.0,,Ahmednagar,3.0,Maybe
PART_01565,Deepa Iyer 28,25,Other,Graduate,Thane,Taluka_6,Above 10 Lakhs,No,Warehouse Management,TC_0408,2025-08-24,Completed,59.0,No,,Placed,Tata Motors,Digital Marketing Executive,23138.0,,Beed,5.0,Yes
PART_01566,Ashok Pawar 95,29,Other,10th Pass,Kolhapur,Taluka_9,5-10 Lakhs,No,Full Stack Development,TC_0406,2025-05-27,Completed,77.0,No,,Placed,PhonePe,Cybersecurity Analyst,18878.0,,Osmanabad,2.0,Maybe
PART_01567,Vikram Singh 2,41,Female,Post Graduate,Ahmednagar,Taluka_3,Above 10 Lakhs,No,Electrician Training,TC_0341,2025-08-19,Dropped Out,,No,,Not Applicable,,,,,,,
PART_01568,Neha Dubey 37,24,Other,Diploma,Jalna,Taluka_7,1-3 Lakhs,Yes,Retail Management,TC_0323,2025-05-05,Certified,80.0,Yes,2025-09-06,Placed,Wipro,Warehouse Supervisor,46318.0,2025-09-21,Beed,,
PART_01569,Sanjay Gupta 72,19,Other,Post Graduate,Jalna,Taluka_7,3-5 Lakhs,No,Electrician Training,TC_0037,2026-05-20,Assessed,51.0,No,,Not Applicable,,,,,,,
PART_01570,Rahul Verma 38,38,Male,Diploma,Thane,Taluka_4,Above 10 Lakhs,No,Digital Marketing,TC_0225,2025-11-23,Dropped Out,,No,,Not Applicable,,,,,,,
PART_01571,Kavita Rao 42,20,Female,12th Pass,Nanded,Taluka_5,1-3 Lakhs,No,CNC Operation,TC_0378,2025-02-02,Dropped Out,,No,,Not Applicable,,,,,,,
PART_01572,Ashok Pawar 55,43,Male,Post Graduate,Sangli,Taluka_4,3-5 Lakhs,No,Welding Technology,TC_0014,2026-01-01,Ongoing,,No,,Not Applicable,,,,,,3.0,No
PART_01573,Preeti Chopra 89,38,Male,Post Graduate,Jalgaon,Taluka_5,Below 1 Lakh,Yes,Electrician Training,TC_0366,2025-10-07,Ongoing,,No,,Not Applicable,,,,,,5.0,No
PART_01574,Rahul Verma 7,18,Other,Diploma,Mumbai,Taluka_8,1-3 Lakhs,No,Medical Lab Technology,TC_0168,2025-07-15,Completed,59.0,No,,Further Studies,,,,,,5.0,Yes
PART_01575,Ramesh Jadhav 88,41,Female,Graduate,Nanded,Taluka_8,Above 10 Lakhs,No,Digital Marketing,TC_0069,2026-07-27,Assessed,40.0,No,,Not Applicable,,,,,,,
PART_01576,Priya Sharma 28,26,Male,12th Pass,Aurangabad,Taluka_6,5-10 Lakhs,Yes,Warehouse Management,TC_0476,2026-02-16,Assessed,71.0,No,,Not Applicable,,,,,,,
PART_01577,Rekha Pillai 42,20,Female,Graduate,Dhule,Taluka_4,Below 1 Lakh,Yes,Cloud Computing,TC_0254,2025-06-03,Completed,46.0,No,,Placed,Crompton Greaves,Warehouse Supervisor,64137.0,,Sangli,2.0,Yes
PART_01578,Kavita Rao 95,39,Other,Graduate,Nagpur,Taluka_8,5-10 Lakhs,Yes,Full Stack Development,TC_0496,2025-01-08,Dropped Out,,No,,Not Applicable,,,,,,,
PART_01579,Priya Sharma 90,35,Other,12th Pass,Bhiwandi,Taluka_4,5-10 Lakhs,No,Mobile Repair,TC_0198,2026-02-10,Assessed,65.0,No,,Not Applicable,,,,,,,
PART_01580,Anil Kamble 5,34,Other,Diploma,Jalgaon,Taluka_9,Above 10 Lakhs,Yes,Customer Service,TC_0448,2025-05-02,Certified,53.0,Yes,2025-09-11,Not Placed,,,,,,,
PART_01581,Usha Menon 35,29,Male,Graduate,Chandrapur,Taluka_10,5-10 Lakhs,Yes,Electrician Training,TC_0061,2026-04-22,Ongoing,,No,,Not Applicable,,,,,,3.0,No
PART_01582,Amit Patel 45,37,Male,Post Graduate,Thane,Taluka_3,Below 1 Lakh,Yes,Beauty & Wellness,TC_0412,2026-05-31,Ongoing,,No,,Not Applicable,,,,,,4.0,Yes
PART_01583,Geeta Sawant 33,24,Male,10th Pass,Jalna,Taluka_1,3-5 Lakhs,No,Data Analytics,TC_0027,2026-08-17,Certified,72.0,Yes,2027-01-22,Further Studies,,,,,,,
PART_01584,Prakash More 56,28,Female,Graduate,Solapur,Taluka_4,3-5 Lakhs,No,Warehouse Management,TC_0022,2026-05-10,Completed,84.0,No,,Not Placed,,,,,,2.0,No
PART_01585,Sanjay Gupta 93,45,Female,Post Graduate,Amravati,Taluka_9,Above 10 Lakhs,No,Full Stack Development,TC_0078,2025-01-08,Completed,92.0,No,,Further Studies,,,,,,2.0,Maybe
PART_01586,Arun Kulkarni 51,43,Female,12th Pass,Latur,Taluka_3,3-5 Lakhs,No,Mobile Repair,TC_0060,2025-07-12,Completed,64.0,No,,Placed,Siemens,Full Stack Developer,15441.0,,Mumbai,1.0,Yes
PART_01587,Nitin Bhosale 100,34,Male,10th Pass,Sangli,Taluka_4,3-5 Lakhs,Yes,Welding Technology,TC_0145,2026-01-02,Completed,75.0,No,,Not Placed,,,,,,4.0,No
PART_01588,Prakash More 62,45,Male,12th Pass,Sangli,Taluka_4,1-3 Lakhs,Yes,Food Processing,TC_0290,2025-11-20,Assessed,59.0,No,,Not Applicable,,,,,,,
PART_01589,Ashok Pawar 21,23,Male,10th Pass,Mumbai,Taluka_2,1-3 Lakhs,No,Cloud Computing,TC_0065,2026-07-18,Completed,70.0,No,,Self Employed,,,,,,4.0,Maybe
PART_01590,Geeta Sawant 8,19,Male,10th Pass,Aurangabad,Taluka_3,3-5 Lakhs,Yes,Accounting & GST,TC_0290,2025-08-07,Completed,65.0,No,,Placed,Amazon,Teacher,33218.0,,Nagpur,5.0,Yes
PART_01591,Nitin Bhosale 12,42,Female,Graduate,Jalna,Taluka_5,Below 1 Lakh,No,CNC Operation,TC_0121,2026-01-02,Ongoing,,No,,Not Applicable,,,,,,2.0,Maybe
PART_01592,Nitin Bhosale 1,40,Other,12th Pass,Nagpur,Taluka_3,3-5 Lakhs,Yes,Customer Service,TC_0403,2025-02-26,Completed,65.0,No,,Not Placed,,,,,,1.0,No
PART_01593,Rajesh Kumar 20,32,Other,Diploma,Nanded,Taluka_2,Above 10 Lakhs,Yes,Medical Lab Technology,TC_0110,2026-05-10,Completed,90.0,No,,Not Placed,,,,,,3.0,No
PART_01594,Laxmi Hegde 77,25,Female,Diploma,Mumbai,Taluka_7,1-3 Lakhs,No,CNC Operation,TC_0428,2025-02-06,Completed,91.0,No,,Not Placed,,,,,,2.0,Yes
PART_01595,Rajesh Kumar 12,43,Male,12th Pass,Mumbai,Taluka_6,Below 1 Lakh,No,Warehouse Management,TC_0469,2026-08-15,Ongoing,,No,,Not Applicable,,,,,,2.0,No
PART_01596,Anil Kamble 64,35,Other,Diploma,Ahmednagar,Taluka_2,Below 1 Lakh,Yes,CNC Operation,TC_0231,2025-08-10,Dropped Out,,No,,Not Applicable,,,,,,,
PART_01597,Usha Menon 100,31,Female,Diploma,Thane,Taluka_7,5-10 Lakhs,No,Full Stack Development,TC_0190,2025-04-29,Ongoing,,No,,Not Applicable,,,,,,5.0,No
PART_01598,Priya Sharma 11,25,Other,10th Pass,Akola,Taluka_1,Above 10 Lakhs,Yes,Mobile Repair,TC_0083,2026-04-06,Completed,76.0,No,,Not Placed,,,,,,1.0,Yes
PART_01599,Rekha Pillai 99,40,Other,12th Pass,Aurangabad,Taluka_3,1-3 Lakhs,No,Welding Technology,TC_0496,2025-08-24,Completed,84.0,No,,Placed,Vedantu,Training Coordinator,56455.0,,Pune,1.0,Maybe
PART_01600,Anjali Reddy 50,35,Male,10th Pass,Amravati,Taluka_4,3-5 Lakhs,Yes,Medical Lab Technology,TC_0232,2025-09-16,Certified,54.0,Yes,2026-02-06,Not Placed,,,,,,,
PART_01601,Vikram Singh 97,22,Male,Post Graduate,Parbhani,Taluka_3,5-10 Lakhs,Yes,Full Stack Development,TC_0198,2026-03-12,Completed,57.0,No,,Placed,Zerodha,Machine Operator,26044.0,,Sangli,2.0,Yes
PART_01602,Sanjay Gupta 74,24,Female,Graduate,Aurangabad,Taluka_10,Below 1 Lakh,No,Automotive Mechanic,TC_0411,2025-06-06,Completed,70.0,No,,Placed,Razorpay,Quality Analyst,71085.0,,Jalna,4.0,Yes
PART_01603,Meera Nair 30,40,Female,Diploma,Amravati,Taluka_10,1-3 Lakhs,No,Accounting & GST,TC_0309,2026-04-26,Completed,48.0,No,,Not Placed,,,,,,3.0,Maybe
PART_01604,Priya Sharma 35,42,Female,Graduate,Akola,Taluka_7,3-5 Lakhs,No,Retail Management,TC_0493,2026-02-04,Assessed,70.0,No,,Not Applicable,,,,,,,
PART_01605,Ramesh Jadhav 17,45,Male,Post Graduate,Nanded,Taluka_5,3-5 Lakhs,No,Digital Marketing,TC_0354,2025-06-05,Assessed,98.0,No,,Not Applicable,,,,,,,
PART_01606,Rajesh Kumar 61,28,Female,Post Graduate,Nagpur,Taluka_9,Above 10 Lakhs,Yes,Mobile Repair,TC_0219,2025-05-04,Ongoing,,No,,Not Applicable,,,,,,1.0,Maybe
PART_01607,Pooja Joshi 100,31,Male,Diploma,Amravati,Taluka_1,Below 1 Lakh,No,Mobile Repair,TC_0183,2025-06-10,Completed,89.0,No,,Not Placed,,,,,,5.0,Yes
PART_01608,Usha Menon 3,32,Female,12th Pass,Akola,Taluka_10,3-5 Lakhs,Yes,Customer Service,TC_0038,2026-01-25,Dropped Out,,No,,Not Applicable,,,,,,,
PART_01609,Vikram Singh 9,25,Male,Post Graduate,Akola,Taluka_2,5-10 Lakhs,No,Medical Lab Technology,TC_0404,2025-04-24,Ongoing,,No,,Not Applicable,,,,,,5.0,Maybe
PART_01610,Pooja Joshi 37,21,Male,Diploma,Akola,Taluka_8,Below 1 Lakh,Yes,Customer Service,TC_0243,2025-11-20,Dropped Out,,No,,Not Applicable,,,,,,,
PART_01611,Rahul Verma 38,24,Male,Graduate,Sangli,Taluka_8,Above 10 Lakhs,No,Automotive Mechanic,TC_0186,2025-08-17,Completed,63.0,No,,Placed,Zerodha,Accountant,21694.0,,Yavatmal,2.0,Maybe
PART_01612,Rajesh Kumar 8,40,Female,Graduate,Amravati,Taluka_5,5-10 Lakhs,No,Retail Management,TC_0275,2025-06-07,Dropped Out,,No,,Not Applicable,,,,,,,
PART_01613,Nitin Bhosale 18,28,Other,Post Graduate,Chandrapur,Taluka_9,3-5 Lakhs,No,Beauty & Wellness,TC_0407,2025-12-21,Ongoing,,No,,Not Applicable,,,,,,3.0,Yes
PART_01614,Mohan Rao 41,35,Female,Post Graduate,Mumbai,Taluka_5,Above 10 Lakhs,Yes,Food Processing,TC_0021,2026-02-14,Ongoing,,No,,Not Applicable,,,,,,5.0,Maybe
PART_01615,Anjali Reddy 36,40,Female,Post Graduate,Amravati,Taluka_10,1-3 Lakhs,Yes,Cloud Computing,TC_0285,2025-05-18,Completed,96.0,No,,Self Employed,,,,,,1.0,No
PART_01616,Manoj Tiwari 70,41,Female,10th Pass,Parbhani,Taluka_10,3-5 Lakhs,Yes,Warehouse Management,TC_0452,2025-07-22,Certified,56.0,Yes,2025-12-22,Self Employed,,,,,,,
PART_01617,Anil Kamble 63,37,Other,Graduate,Bhiwandi,Taluka_8,Above 10 Lakhs,Yes,Mobile Repair,TC_0262,2026-03-12,Completed,60.0,No,,Self Employed,,,,,,5.0,Yes
PART_01618,Amit Patel 88,27,Male,Post Graduate,Thane,Taluka_8,Below 1 Lakh,No,Customer Service,TC_0090,2026-03-27,Completed,55.0,No,,Not Placed,,,,,,5.0,Yes
PART_01619,Ramesh Jadhav 47,26,Other,Post Graduate,Jalna,Taluka_4,3-5 Lakhs,Yes,Retail Management,TC_0210,2025-05-24,Completed,67.0,No,,Not Placed,,,,,,3.0,Yes
PART_01620,Kavita Rao 26,41,Other,Graduate,Nanded,Taluka_4,1-3 Lakhs,No,Beauty & Wellness,TC_0135,2026-08-12,Certified,56.0,Yes,2026-11-24,Not Placed,,,,,,,
PART_01621,Preeti Chopra 70,27,Female,Post Graduate,Latur,Taluka_3,1-3 Lakhs,Yes,Medical Lab Technology,TC_0318,2026-02-03,Ongoing,,No,,Not Applicable,,,,,,3.0,Yes
PART_01622,Suresh Yadav 87,45,Other,10th Pass,Kolhapur,Taluka_7,5-10 Lakhs,Yes,Customer Service,TC_0336,2025-01-11,Completed,67.0,No,,Placed,Flipkart,Pharmacy Assistant,63739.0,,Parbhani,2.0,No
PART_01623,Vikram Singh 81,42,Other,10th Pass,Nagpur,Taluka_4,1-3 Lakhs,No,Retail Management,TC_0372,2026-01-30,Dropped Out,,No,,Not Applicable,,,,,,,
PART_01624,Anil Kamble 50,27,Female,Post Graduate,Sangli,Taluka_5,3-5 Lakhs,Yes,Full Stack Development,TC_0155,2025-01-31,Completed,68.0,No,,Self Employed,,,,,,4.0,No
PART_01625,Prakash More 48,22,Male,10th Pass,Amravati,Taluka_5,Above 10 Lakhs,No,Cloud Computing,TC_0399,2025-04-25,Ongoing,,No,,Not Applicable,,,,,,5.0,Maybe
PART_01626,Anjali Reddy 52,27,Female,10th Pass,Jalna,Taluka_5,Below 1 Lakh,Yes,Food Processing,TC_0419,2026-04-29,Completed,41.0,No,,Not Placed,,,,,,1.0,No
PART_01627,Dinesh Shinde 85,38,Female,Graduate,Akola,Taluka_9,5-10 Lakhs,No,Electrician Training,TC_0330,2026-03-29,Ongoing,,No,,Not Applicable,,,,,,3.0,Yes
PART_01628,Ramesh Jadhav 31,44,Other,12th Pass,Bhiwandi,Taluka_9,5-10 Lakhs,Yes,Welding Technology,TC_0235,2025-08-12,Certified,95.0,Yes,2025-11-24,Not Placed,,,,,,,
PART_01629,Sunita Kaur 72,23,Other,Post Graduate,Jalna,Taluka_9,1-3 Lakhs,Yes,Warehouse Management,TC_0057,2026-02-21,Dropped Out,,No,,Not Applicable,,,,,,,
PART_01630,Rahul Verma 59,31,Other,Post Graduate,Ahmednagar,Taluka_1,Above 10 Lakhs,No,Retail Management,TC_0085,2026-08-14,Ongoing,,No,,Not Applicable,,,,,,4.0,No
PART_01631,Usha Menon 35,36,Male,10th Pass,Bhiwandi,Taluka_8,3-5 Lakhs,Yes,Food Processing,TC_0079,2026-05-26,Assessed,46.0,No,,Not Applicable,,,,,,,
PART_01632,Prakash More 33,43,Male,Graduate,Aurangabad,Taluka_3,1-3 Lakhs,Yes,Full Stack Development,TC_0155,2026-06-11,Certified,95.0,Yes,2026-11-06,Not Placed,,,,,,,
PART_01633,Vikram Singh 68,34,Female,12th Pass,Chandrapur,Taluka_9,1-3 Lakhs,Yes,Electrician Training,TC_0298,2026-02-15,Completed,80.0,No,,Placed,TCS,Machine Operator,63997.0,,Solapur,1.0,No
PART_01634,Suresh Yadav 91,31,Female,Graduate,Thane,Taluka_10,1-3 Lakhs,No,CNC Operation,TC_0310,2026-06-29,Ongoing,,No,,Not Applicable,,,,,,3.0,Maybe
PART_01635,Vikram Singh 80,39,Male,12th Pass,Bhiwandi,Taluka_5,1-3 Lakhs,Yes,Welding Technology,TC_0355,2026-04-18,Assessed,97.0,No,,Not Applicable,,,,,,,
PART_01636,Amit Patel 41,22,Male,Diploma,Chandrapur,Taluka_9,Below 1 Lakh,No,Digital Marketing,TC_0435,2026-07-16,Completed,90.0,No,,Placed,Godrej Industries,Logistics Coordinator,15812.0,,Akola,5.0,Yes
PART_01637,Rekha Pillai 87,37,Other,10th Pass,Kolhapur,Taluka_1,3-5 Lakhs,Yes,Mobile Repair,TC_0356,2026-08-24,Completed,65.0,No,,Self Employed,,,,,,5.0,Yes
PART_01638,Meera Nair 4,18,Female,Diploma,Akola,Taluka_3,3-5 Lakhs,Yes,Mobile Repair,TC_0161,2025-10-12,Ongoing,,No,,Not Applicable,,,,,,1.0,No
PART_01639,Rekha Pillai 78,23,Female,Post Graduate,Jalna,Taluka_9,1-3 Lakhs,Yes,Electrician Training,TC_0360,2026-01-18,Ongoing,,No,,Not Applicable,,,,,,1.0,Maybe
PART_01640,Kavita Rao 92,37,Female,12th Pass,Mumbai,Taluka_10,3-5 Lakhs,No,Customer Service,TC_0186,2025-11-25,Completed,52.0,No,,Placed,Narayana Health,Technician,67806.0,,Jalgaon,4.0,Maybe
PART_01641,Ramesh Jadhav 15,25,Male,Post Graduate,Mumbai,Taluka_1,5-10 Lakhs,No,Mobile Repair,TC_0084,2026-06-14,Ongoing,,No,,Not Applicable,,,,,,1.0,Yes
PART_01642,Priya Sharma 43,45,Male,Graduate,Jalna,Taluka_4,3-5 Lakhs,No,Customer Service,TC_0197,2026-02-10,Completed,46.0,No,,Self Employed,,,,,,1.0,Maybe
PART_01643,Sunita Kaur 71,40,Female,Diploma,Pune,Taluka_6,1-3 Lakhs,No,Mobile Repair,TC_0227,2025-02-04,Dropped Out,,No,,Not Applicable,,,,,,,
PART_01644,Amit Patel 41,21,Male,Graduate,Nagpur,Taluka_3,3-5 Lakhs,Yes,Data Analytics,TC_0207,2025-03-05,Ongoing,,No,,Not Applicable,,,,,,5.0,Maybe
PART_01645,Pooja Joshi 35,44,Other,10th Pass,Aurangabad,Taluka_2,3-5 Lakhs,No,Cloud Computing,TC_0139,2025-12-14,Assessed,84.0,No,,Not Applicable,,,,,,,
PART_01646,Ramesh Jadhav 42,30,Male,Diploma,Dhule,Taluka_1,5-10 Lakhs,Yes,Accounting & GST,TC_0225,2025-03-27,Assessed,72.0,No,,Not Applicable,,,,,,,
PART_01647,Usha Menon 24,38,Female,12th Pass,Mumbai,Taluka_6,Below 1 Lakh,Yes,Beauty & Wellness,TC_0363,2025-08-30,Completed,40.0,No,,Placed,Capgemini,Teacher,52824.0,,Sangli,1.0,No
PART_01648,Neha Dubey 30,33,Other,10th Pass,Sangli,Taluka_5,1-3 Lakhs,Yes,Electrician Training,TC_0427,2025-01-24,Completed,78.0,No,,Placed,HCL,Warehouse Supervisor,23493.0,,Beed,5.0,Yes
PART_01649,Dinesh Shinde 34,34,Female,12th Pass,Akola,Taluka_6,5-10 Lakhs,No,Automotive Mechanic,TC_0134,2025-07-12,Certified,69.0,Yes,2025-11-01,Self Employed,,,,,,,
PART_01650,Dinesh Shinde 41,27,Male,12th Pass,Jalgaon,Taluka_3,Below 1 Lakh,Yes,Digital Marketing,TC_0410,2026-02-10,Dropped Out,,No,,Not Applicable,,,,,,,
PART_01651,Sanjay Gupta 92,24,Female,Graduate,Akola,Taluka_5,Below 1 Lakh,Yes,Data Analytics,TC_0465,2025-10-13,Completed,65.0,No,,Not Placed,,,,,,2.0,No
PART_01652,Shweta Bhatt 67,27,Male,Post Graduate,Dhule,Taluka_1,3-5 Lakhs,Yes,Data Analytics,TC_0486,2025-02-16,Dropped Out,,No,,Not Applicable,,,,,,,
PART_01653,Prakash More 47,35,Female,Post Graduate,Nagpur,Taluka_4,5-10 Lakhs,No,Mobile Repair,TC_0394,2025-11-21,Certified,61.0,Yes,2026-04-12,Placed,Bajaj Finserv,Business Analyst,17956.0,2026-07-10,Bhiwandi,,
PART_01654,Rajesh Kumar 21,28,Female,12th Pass,Ahmednagar,Taluka_4,Below 1 Lakh,No,Accounting & GST,TC_0215,2026-05-29,Ongoing,,No,,Not Applicable,,,,,,1.0,Maybe
PART_01655,Laxmi Hegde 92,42,Female,Graduate,Kolhapur,Taluka_7,Below 1 Lakh,No,Welding Technology,TC_0468,2025-11-19,Assessed,44.0,No,,Not Applicable,,,,,,,
PART_01656,Priya Sharma 35,35,Male,Post Graduate,Pune,Taluka_2,5-10 Lakhs,No,Beauty & Wellness,TC_0156,2026-03-20,Dropped Out,,No,,Not Applicable,,,,,,,
PART_01657,Manoj Tiwari 23,31,Female,Post Graduate,Bhiwandi,Taluka_8,1-3 Lakhs,Yes,Digital Marketing,TC_0095,2025-08-01,Assessed,92.0,No,,Not Applicable,,,,,,,
PART_01658,Dinesh Shinde 79,39,Other,Diploma,Latur,Taluka_7,1-3 Lakhs,No,Customer Service,TC_0305,2025-12-17,Assessed,53.0,No,,Not Applicable,,,,,,,
PART_01659,Dinesh Shinde 50,42,Male,Graduate,Kolhapur,Taluka_10,5-10 Lakhs,Yes,Digital Marketing,TC_0398,2026-08-02,Ongoing,,No,,Not Applicable,,,,,,3.0,Maybe
PART_01660,Shweta Bhatt 65,34,Female,10th Pass,Jalna,Taluka_2,1-3 Lakhs,No,Digital Marketing,TC_0328,2025-03-26,Certified,54.0,Yes,2025-09-11,Not Placed,,,,,,,
PART_01661,Rekha Pillai 61,23,Female,10th Pass,Bhiwandi,Taluka_5,Below 1 Lakh,No,Electrician Training,TC_0032,2026-02-12,Dropped Out,,No,,Not Applicable,,,,,,,
PART_01662,Shweta Bhatt 47,33,Other,12th Pass,Dhule,Taluka_4,3-5 Lakhs,No,Cloud Computing,TC_0417,2025-02-12,Ongoing,,No,,Not Applicable,,,,,,5.0,Yes
PART_01663,Mohan Rao 50,18,Male,Graduate,Jalgaon,Taluka_2,Below 1 Lakh,No,Full Stack Development,TC_0497,2025-08-15,Completed,100.0,No,,Placed,Bajaj Finserv,Machine Operator,71921.0,,Chandrapur,3.0,Maybe
PART_01664,Ramesh Jadhav 19,31,Male,12th Pass,Dhule,Taluka_5,Below 1 Lakh,No,Data Analytics,TC_0225,2026-08-20,Ongoing,,No,,Not Applicable,,,,,,1.0,Maybe
PART_01665,Kavita Rao 25,25,Male,Diploma,Pune,Taluka_7,5-10 Lakhs,Yes,Mobile Repair,TC_0140,2025-06-23,Completed,68.0,No,,Placed,Tech Mahindra,Cloud Engineer,79984.0,,Amravati,5.0,No
PART_01666,Anil Kamble 16,42,Male,Graduate,Mumbai,Taluka_9,1-3 Lakhs,No,Digital Marketing,TC_0368,2025-12-07,Certified,88.0,Yes,2026-04-14,Not Placed,,,,,,,
PART_01667,Sanjay Gupta 13,24,Female,10th Pass,Jalna,Taluka_4,Above 10 Lakhs,No,Beauty & Wellness,TC_0336,2026-04-13,Dropped Out,,No,,Not Applicable,,,,,,,
PART_01668,Rahul Verma 92,27,Other,Diploma,Akola,Taluka_3,1-3 Lakhs,No,Customer Service,TC_0223,2025-12-01,Completed,88.0,No,,Placed,Vedantu,Machine Learning Engineer,33209.0,,Satara,1.0,No
PART_01669,Anjali Reddy 24,25,Other,Diploma,Ahmednagar,Taluka_2,Above 10 Lakhs,Yes,Automotive Mechanic,TC_0237,2025-09-17,Completed,68.0,No,,Not Placed,,,,,,2.0,Maybe
PART_01670,Anjali Reddy 11,38,Female,Diploma,Sangli,Taluka_1,Above 10 Lakhs,No,Warehouse Management,TC_0400,2025-04-26,Ongoing,,No,,Not Applicable,,,,,,4.0,Yes
PART_01671,Sunita Kaur 78,34,Other,10th Pass,Jalgaon,Taluka_3,5-10 Lakhs,Yes,Electrician Training,TC_0281,2026-06-13,Ongoing,,No,,Not Applicable,,,,,,1.0,No
PART_01672,Ramesh Jadhav 44,40,Female,12th Pass,Jalgaon,Taluka_2,3-5 Lakhs,No,Beauty & Wellness,TC_0392,2026-06-27,Dropped Out,,No,,Not Applicable,,,,,,,
PART_01673,Anjali Reddy 88,30,Other,Graduate,Amravati,Taluka_2,5-10 Lakhs,No,Accounting & GST,TC_0357,2025-05-06,Ongoing,,No,,Not Applicable,,,,,,2.0,Yes
PART_01674,Preeti Chopra 49,21,Male,10th Pass,Aurangabad,Taluka_7,Above 10 Lakhs,Yes,Warehouse Management,TC_0083,2025-08-09,Dropped Out,,No,,Not Applicable,,,,,,,
PART_01675,Mohan Rao 15,36,Female,Graduate,Pune,Taluka_1,3-5 Lakhs,No,Electrician Training,TC_0378,2026-08-23,Dropped Out,,No,,Not Applicable,,,,,,,
PART_01676,Ashok Pawar 40,45,Female,12th Pass,Thane,Taluka_2,Below 1 Lakh,Yes,Full Stack Development,TC_0106,2026-02-16,Ongoing,,No,,Not Applicable,,,,,,3.0,Yes
PART_01677,Geeta Sawant 62,27,Male,Post Graduate,Jalna,Taluka_4,Above 10 Lakhs,No,Accounting & GST,TC_0400,2025-09-08,Completed,73.0,No,,Not Placed,,,,,,5.0,No
PART_01678,Usha Menon 9,20,Male,12th Pass,Aurangabad,Taluka_8,Above 10 Lakhs,No,Welding Technology,TC_0039,2025-02-03,Certified,50.0,Yes,2025-06-25,Placed,IBM,Content Writer,24651.0,2025-08-01,Mumbai,,
PART_01679,Nitin Bhosale 86,37,Male,Graduate,Mumbai,Taluka_3,5-10 Lakhs,Yes,Electrician Training,TC_0479,2026-07-12,Assessed,99.0,No,,Not Applicable,,,,,,,
PART_01680,Rekha Pillai 18,27,Other,Diploma,Parbhani,Taluka_1,5-10 Lakhs,No,Medical Lab Technology,TC_0006,2025-05-25,Completed,53.0,No,,Placed,ABB India,Full Stack Developer,22718.0,,Kolhapur,5.0,Yes
PART_01681,Nitin Bhosale 46,18,Male,Graduate,Bhiwandi,Taluka_8,Below 1 Lakh,Yes,Automotive Mechanic,TC_0155,2026-08-22,Certified,88.0,Yes,2027-01-05,Self Employed,,,,,,,
PART_01682,Rekha Pillai 42,21,Female,10th Pass,Kolhapur,Taluka_5,3-5 Lakhs,No,Medical Lab Technology,TC_0252,2026-02-09,Completed,82.0,No,,Self Employed,,,,,,1.0,No
PART_01683,Rekha Pillai 59,44,Male,12th Pass,Mumbai,Taluka_7,5-10 Lakhs,No,Beauty & Wellness,TC_0216,2025-07-06,Completed,64.0,No,,Placed,Vedantu,Digital Marketing Executive,40911.0,,Jalgaon,1.0,Yes
PART_01684,Vikram Singh 35,35,Female,12th Pass,Akola,Taluka_8,Below 1 Lakh,Yes,Data Analytics,TC_0403,2026-04-21,Completed,96.0,No,,Self Employed,,,,,,5.0,Yes
PART_01685,Sanjay Gupta 36,21,Other,Graduate,Parbhani,Taluka_7,Below 1 Lakh,No,Accounting & GST,TC_0375,2025-07-28,Completed,82.0,No,,Self Employed,,,,,,4.0,Yes
PART_01686,Sneha Deshmukh 7,26,Female,Diploma,Chandrapur,Taluka_6,1-3 Lakhs,Yes,Electrician Training,TC_0329,2025-08-30,Certified,82.0,Yes,2025-12-08,Self Employed,,,,,,,
PART_01687,Rekha Pillai 98,20,Male,10th Pass,Latur,Taluka_6,Above 10 Lakhs,Yes,Beauty & Wellness,TC_0451,2025-05-23,Ongoing,,No,,Not Applicable,,,,,,4.0,Maybe
PART_01688,Vikram Singh 70,23,Other,Post Graduate,Chandrapur,Taluka_6,Above 10 Lakhs,No,Automotive Mechanic,TC_0049,2025-05-18,Assessed,50.0,No,,Not Applicable,,,,,,,
PART_01689,Preeti Chopra 35,27,Other,Diploma,Parbhani,Taluka_9,5-10 Lakhs,Yes,Medical Lab Technology,TC_0144,2026-02-18,Certified,58.0,Yes,2026-08-08,Not Placed,,,,,,,
PART_01690,Shweta Bhatt 65,27,Other,Graduate,Nanded,Taluka_1,Above 10 Lakhs,Yes,Food Processing,TC_0341,2025-09-07,Ongoing,,No,,Not Applicable,,,,,,4.0,Yes
PART_01691,Priya Sharma 47,32,Other,10th Pass,Kolhapur,Taluka_3,5-10 Lakhs,No,Accounting & GST,TC_0390,2025-05-01,Assessed,51.0,No,,Not Applicable,,,,,,,
PART_01692,Anil Kamble 60,34,Male,Graduate,Thane,Taluka_4,Below 1 Lakh,No,Digital Marketing,TC_0421,2025-08-08,Dropped Out,,No,,Not Applicable,,,,,,,
PART_01693,Ramesh Jadhav 6,43,Male,Graduate,Parbhani,Taluka_6,3-5 Lakhs,No,Food Processing,TC_0170,2026-04-12,Completed,41.0,No,,Not Placed,,,,,,1.0,Maybe
PART_01694,Prakash More 21,42,Male,Post Graduate,Nagpur,Taluka_4,1-3 Lakhs,Yes,Electrician Training,TC_0059,2025-06-04,Ongoing,,No,,Not Applicable,,,,,,5.0,No
PART_01695,Rajesh Kumar 13,41,Male,12th Pass,Sangli,Taluka_9,3-5 Lakhs,Yes,Food Processing,TC_0269,2025-04-13,Dropped Out,,No,,Not Applicable,,,,,,,
PART_01696,Geeta Sawant 8,36,Other,Graduate,Ahmednagar,Taluka_7,5-10 Lakhs,No,Mobile Repair,TC_0232,2025-03-26,Certified,85.0,Yes,2025-09-21,Placed,Paytm,Medical Lab Technician,20965.0,2025-10-10,Latur,,
PART_01697,Shweta Bhatt 6,40,Other,12th Pass,Chandrapur,Taluka_1,Below 1 Lakh,Yes,Cloud Computing,TC_0059,2026-02-22,Assessed,52.0,No,,Not Applicable,,,,,,,
PART_01698,Geeta Sawant 61,33,Female,Diploma,Dhule,Taluka_3,Above 10 Lakhs,No,Data Analytics,TC_0203,2025-04-18,Ongoing,,No,,Not Applicable,,,,,,2.0,Maybe
PART_01699,Anjali Reddy 91,43,Other,Post Graduate,Solapur,Taluka_10,5-10 Lakhs,No,Accounting & GST,TC_0476,2026-01-12,Dropped Out,,No,,Not Applicable,,,,,,,
PART_01700,Geeta Sawant 64,23,Other,Post Graduate,Akola,Taluka_5,Below 1 Lakh,No,Digital Marketing,TC_0153,2026-08-11,Assessed,87.0,No,,Not Applicable,,,,,,,
PART_01701,Amit Patel 72,37,Other,10th Pass,Dhule,Taluka_3,Below 1 Lakh,No,CNC Operation,TC_0473,2025-08-31,Ongoing,,No,,Not Applicable,,,,,,2.0,Yes
PART_01702,Geeta Sawant 86,45,Male,Diploma,Nagpur,Taluka_1,3-5 Lakhs,No,Accounting & GST,TC_0056,2025-12-25,Assessed,66.0,No,,Not Applicable,,,,,,,
PART_01703,Amit Patel 19,23,Male,Graduate,Dhule,Taluka_8,Below 1 Lakh,No,Beauty & Wellness,TC_0350,2026-01-16,Ongoing,,No,,Not Applicable,,,,,,1.0,No
PART_01704,Laxmi Hegde 50,32,Female,Diploma,Jalgaon,Taluka_1,3-5 Lakhs,No,Data Analytics,TC_0176,2026-04-19,Completed,64.0,No,,Not Placed,,,,,,4.0,No
PART_01705,Usha Menon 32,18,Other,12th Pass,Bhiwandi,Taluka_1,5-10 Lakhs,No,Customer Service,TC_0042,2025-11-03,Dropped Out,,No,,Not Applicable,,,,,,,
PART_01706,Dinesh Shinde 56,23,Male,Diploma,Thane,Taluka_2,Above 10 Lakhs,Yes,Welding Technology,TC_0088,2025-10-04,Certified,75.0,Yes,2026-02-10,Not Placed,,,,,,,
PART_01707,Usha Menon 16,37,Female,12th Pass,Ahmednagar,Taluka_8,Below 1 Lakh,Yes,Retail Management,TC_0039,2025-12-22,Completed,68.0,No,,Placed,PhonePe,Project Coordinator,50844.0,,Aurangabad,2.0,No
PART_01708,Deepa Iyer 10,25,Female,12th Pass,Aurangabad,Taluka_8,3-5 Lakhs,Yes,Retail Management,TC_0180,2025-03-23,Dropped Out,,No,,Not Applicable,,,,,,,
PART_01709,Ramesh Jadhav 37,19,Male,Post Graduate,Pune,Taluka_10,5-10 Lakhs,No,Automotive Mechanic,TC_0033,2025-11-03,Dropped Out,,No,,Not Applicable,,,,,,,
PART_01710,Pooja Joshi 86,34,Other,Diploma,Aurangabad,Taluka_9,1-3 Lakhs,No,Food Processing,TC_0129,2026-04-19,Completed,77.0,No,,Not Placed,,,,,,4.0,Yes
PART_01711,Kavita Rao 60,36,Female,12th Pass,Solapur,Taluka_10,3-5 Lakhs,No,Food Processing,TC_0141,2025-06-02,Completed,44.0,No,,Placed,Wipro,Electrician,76312.0,,Nagpur,4.0,Yes
PART_01712,Vikram Singh 47,34,Male,12th Pass,Bhiwandi,Taluka_8,1-3 Lakhs,No,Digital Marketing,TC_0313,2026-02-21,Certified,51.0,Yes,2026-06-18,Not Placed,,,,,,,
PART_01713,Prakash More 38,36,Female,Graduate,Nanded,Taluka_2,5-10 Lakhs,No,Customer Service,TC_0433,2026-06-01,Completed,42.0,No,,Placed,Fortis Healthcare,Project Coordinator,43052.0,,Aurangabad,2.0,Yes
PART_01714,Geeta Sawant 55,44,Other,12th Pass,Solapur,Taluka_7,Below 1 Lakh,No,Food Processing,TC_0019,2025-07-07,Certified,61.0,Yes,2025-12-20,Self Employed,,,,,,,
PART_01715,Neha Dubey 94,29,Female,12th Pass,Akola,Taluka_4,1-3 Lakhs,No,Full Stack Development,TC_0387,2025-11-24,Assessed,55.0,No,,Not Applicable,,,,,,,
PART_01716,Priya Sharma 81,35,Other,10th Pass,Dhule,Taluka_10,3-5 Lakhs,No,Accounting & GST,TC_0077,2025-08-04,Completed,97.0,No,,Placed,ABB India,Technician,58707.0,,Satara,5.0,Yes
PART_01717,Priya Sharma 89,29,Male,12th Pass,Aurangabad,Taluka_1,5-10 Lakhs,Yes,Accounting & GST,TC_0031,2026-04-09,Dropped Out,,No,,Not Applicable,,,,,,,
PART_01718,Amit Patel 45,45,Other,12th Pass,Nagpur,Taluka_9,Below 1 Lakh,No,Customer Service,TC_0410,2026-05-09,Ongoing,,No,,Not Applicable,,,,,,3.0,Maybe
PART_01719,Sanjay Gupta 37,30,Female,10th Pass,Akola,Taluka_8,3-5 Lakhs,Yes,Food Processing,TC_0197,2025-07-18,Completed,85.0,No,,Placed,Apollo Hospitals,Welder,70411.0,,Kolhapur,3.0,Yes
PART_01720,Kavita Rao 16,43,Male,12th Pass,Jalna,Taluka_8,3-5 Lakhs,No,Digital Marketing,TC_0200,2025-09-21,Completed,65.0,No,,Not Placed,,,,,,1.0,Yes
PART_01721,Shweta Bhatt 8,19,Female,12th Pass,Amravati,Taluka_2,5-10 Lakhs,No,Full Stack Development,TC_0355,2025-02-22,Assessed,69.0,No,,Not Applicable,,,,,,,
PART_01722,Prakash More 74,40,Female,Diploma,Parbhani,Taluka_10,Below 1 Lakh,No,Accounting & GST,TC_0492,2026-02-06,Ongoing,,No,,Not Applicable,,,,,,1.0,Maybe
PART_01723,Rajesh Kumar 92,21,Female,Diploma,Bhiwandi,Taluka_10,1-3 Lakhs,Yes,Accounting & GST,TC_0299,2026-04-04,Ongoing,,No,,Not Applicable,,,,,,4.0,Maybe
PART_01724,Rajesh Kumar 65,26,Female,10th Pass,Ahmednagar,Taluka_10,5-10 Lakhs,No,Data Analytics,TC_0013,2025-10-31,Certified,91.0,Yes,2026-03-15,Not Placed,,,,,,,
PART_01725,Sanjay Gupta 95,30,Other,Diploma,Bhiwandi,Taluka_6,1-3 Lakhs,No,Digital Marketing,TC_0028,2026-04-24,Assessed,59.0,No,,Not Applicable,,,,,,,
PART_01726,Pooja Joshi 7,24,Other,12th Pass,Mumbai,Taluka_9,Below 1 Lakh,No,Full Stack Development,TC_0448,2025-03-28,Ongoing,,No,,Not Applicable,,,,,,1.0,Maybe
PART_01727,Manoj Tiwari 91,27,Male,12th Pass,Solapur,Taluka_6,Above 10 Lakhs,No,Full Stack Development,TC_0177,2025-07-31,Dropped Out,,No,,Not Applicable,,,,,,,
PART_01728,Shweta Bhatt 86,45,Other,Post Graduate,Dhule,Taluka_3,3-5 Lakhs,No,Automotive Mechanic,TC_0147,2026-06-12,Completed,99.0,No,,Not Placed,,,,,,5.0,No
PART_01729,Sneha Deshmukh 20,31,Male,Diploma,Aurangabad,Taluka_7,5-10 Lakhs,Yes,Warehouse Management,TC_0110,2026-05-04,Completed,58.0,No,,Placed,Reliance Jio,Pharmacy Assistant,51422.0,,Osmanabad,4.0,No
PART_01730,Pooja Joshi 88,20,Other,Post Graduate,Aurangabad,Taluka_10,Below 1 Lakh,Yes,Automotive Mechanic,TC_0399,2025-09-14,Completed,91.0,No,,Placed,Crompton Greaves,Software Developer,21734.0,,Akola,2.0,Maybe
PART_01731,Preeti Chopra 42,40,Male,12th Pass,Pune,Taluka_1,5-10 Lakhs,No,Food Processing,TC_0424,2025-09-16,Dropped Out,,No,,Not Applicable,,,,,,,
PART_01732,Rekha Pillai 32,43,Male,12th Pass,Jalgaon,Taluka_9,Below 1 Lakh,No,Automotive Mechanic,TC_0395,2026-02-02,Ongoing,,No,,Not Applicable,,,,,,2.0,Maybe
PART_01733,Manoj Tiwari 68,20,Male,10th Pass,Mumbai,Taluka_5,Below 1 Lakh,No,Automotive Mechanic,TC_0359,2025-03-21,Ongoing,,No,,Not Applicable,,,,,,3.0,Maybe
PART_01734,Priya Sharma 53,26,Other,Graduate,Solapur,Taluka_6,Below 1 Lakh,Yes,Electrician Training,TC_0372,2025-01-11,Completed,43.0,No,,Not Placed,,,,,,3.0,Maybe
PART_01735,Neha Dubey 46,24,Other,12th Pass,Nagpur,Taluka_4,Above 10 Lakhs,No,Beauty & Wellness,TC_0475,2026-03-27,Completed,69.0,No,,Not Placed,,,,,,3.0,Yes
PART_01736,Kavita Rao 44,28,Male,12th Pass,Amravati,Taluka_3,5-10 Lakhs,Yes,Medical Lab Technology,TC_0235,2025-05-04,Ongoing,,No,,Not Applicable,,,,,,2.0,No
PART_01737,Prakash More 6,38,Male,12th Pass,Dhule,Taluka_7,3-5 Lakhs,Yes,Welding Technology,TC_0412,2026-02-17,Completed,74.0,No,,Placed,Capgemini,DevOps Engineer,69655.0,,Aurangabad,3.0,Yes
PART_01738,Rajesh Kumar 97,38,Female,Post Graduate,Latur,Taluka_9,3-5 Lakhs,No,Electrician Training,TC_0323,2025-10-16,Dropped Out,,No,,Not Applicable,,,,,,,
PART_01739,Amit Patel 91,24,Male,12th Pass,Pune,Taluka_8,Below 1 Lakh,Yes,Warehouse Management,TC_0076,2025-12-27,Ongoing,,No,,Not Applicable,,,,,,5.0,Maybe
PART_01740,Neha Dubey 20,35,Female,Post Graduate,Parbhani,Taluka_2,3-5 Lakhs,Yes,Mobile Repair,TC_0369,2025-03-06,Dropped Out,,No,,Not Applicable,,,,,,,
PART_01741,Ramesh Jadhav 93,22,Male,10th Pass,Kolhapur,Taluka_3,5-10 Lakhs,No,Warehouse Management,TC_0355,2026-04-18,Dropped Out,,No,,Not Applicable,,,,,,,
PART_01742,Kavita Rao 34,20,Female,12th Pass,Nagpur,Taluka_5,Below 1 Lakh,Yes,Customer Service,TC_0276,2025-08-16,Certified,65.0,Yes,2025-11-26,Not Placed,,,,,,,
PART_01743,Meera Nair 45,23,Female,12th Pass,Sangli,Taluka_6,1-3 Lakhs,No,Retail Management,TC_0426,2026-02-15,Ongoing,,No,,Not Applicable,,,,,,1.0,No
PART_01744,Anil Kamble 8,35,Male,Post Graduate,Ahmednagar,Taluka_10,5-10 Lakhs,Yes,Data Analytics,TC_0409,2025-10-07,Dropped Out,,No,,Not Applicable,,,,,,,
PART_01745,Usha Menon 43,24,Male,10th Pass,Chandrapur,Taluka_6,5-10 Lakhs,No,Cloud Computing,TC_0147,2026-02-18,Dropped Out,,No,,Not Applicable,,,,,,,
PART_01746,Suresh Yadav 49,18,Female,Graduate,Jalna,Taluka_3,1-3 Lakhs,Yes,Electrician Training,TC_0397,2026-01-11,Ongoing,,No,,Not Applicable,,,,,,1.0,Yes
PART_01747,Priya Sharma 20,23,Female,10th Pass,Sangli,Taluka_5,5-10 Lakhs,No,Electrician Training,TC_0440,2025-03-30,Completed,87.0,No,,Further Studies,,,,,,4.0,Maybe
PART_01748,Sanjay Gupta 83,20,Female,Post Graduate,Amravati,Taluka_3,Above 10 Lakhs,No,Food Processing,TC_0140,2025-07-04,Ongoing,,No,,Not Applicable,,,,,,1.0,Maybe
PART_01749,Arun Kulkarni 58,45,Male,10th Pass,Latur,Taluka_4,Above 10 Lakhs,No,Retail Management,TC_0421,2026-02-07,Ongoing,,No,,Not Applicable,,,,,,3.0,Yes
PART_01750,Amit Patel 17,39,Male,Graduate,Sangli,Taluka_8,1-3 Lakhs,Yes,Customer Service,TC_0148,2025-01-25,Ongoing,,No,,Not Applicable,,,,,,1.0,No
PART_01751,Vikram Singh 88,33,Male,Post Graduate,Nagpur,Taluka_9,3-5 Lakhs,No,Food Processing,TC_0289,2025-12-09,Assessed,63.0,No,,Not Applicable,,,,,,,
PART_01752,Sanjay Gupta 93,21,Female,Diploma,Aurangabad,Taluka_7,Below 1 Lakh,No,Welding Technology,TC_0496,2025-07-06,Completed,78.0,No,,Not Placed,,,,,,2.0,No
PART_01753,Prakash More 29,19,Female,12th Pass,Nashik,Taluka_1,5-10 Lakhs,Yes,Beauty & Wellness,TC_0103,2025-09-16,Assessed,40.0,No,,Not Applicable,,,,,,,
PART_01754,Geeta Sawant 89,22,Female,12th Pass,Sangli,Taluka_10,5-10 Lakhs,Yes,Customer Service,TC_0012,2026-06-15,Assessed,61.0,No,,Not Applicable,,,,,,,
PART_01755,Sneha Deshmukh 76,27,Other,10th Pass,Aurangabad,Taluka_2,Below 1 Lakh,Yes,Digital Marketing,TC_0162,2025-11-26,Completed,52.0,No,,Placed,Capgemini,Customer Support Specialist,30793.0,,Nanded,1.0,Maybe
PART_01756,Rahul Verma 7,23,Male,12th Pass,Ahmednagar,Taluka_8,Above 10 Lakhs,No,Electrician Training,TC_0137,2025-07-27,Dropped Out,,No,,Not Applicable,,,,,,,
PART_01757,Ashok Pawar 12,23,Male,Post Graduate,Nashik,Taluka_4,5-10 Lakhs,Yes,Customer Service,TC_0427,2025-02-18,Completed,58.0,No,,Not Placed,,,,,,4.0,Yes
PART_01758,Ramesh Jadhav 80,36,Male,10th Pass,Nanded,Taluka_7,3-5 Lakhs,Yes,Customer Service,TC_0197,2025-01-30,Completed,83.0,No,,Placed,Crompton Greaves,Logistics Coordinator,62730.0,,Beed,2.0,Maybe
PART_01759,Deepa Iyer 91,23,Other,Graduate,Bhiwandi,Taluka_2,3-5 Lakhs,Yes,Medical Lab Technology,TC_0462,2025-05-19,Dropped Out,,No,,Not Applicable,,,,,,,
PART_01760,Shweta Bhatt 62,18,Female,12th Pass,Nanded,Taluka_2,5-10 Lakhs,Yes,Data Analytics,TC_0459,2025-07-12,Completed,88.0,No,,Self Employed,,,,,,1.0,Yes
PART_01761,Sunita Kaur 27,34,Female,Post Graduate,Jalna,Taluka_2,1-3 Lakhs,No,Food Processing,TC_0474,2025-11-19,Dropped Out,,No,,Not Applicable,,,,,,,
PART_01762,Rahul Verma 47,36,Female,12th Pass,Bhiwandi,Taluka_4,Below 1 Lakh,Yes,Medical Lab Technology,TC_0461,2026-03-09,Certified,77.0,Yes,2026-06-30,Not Placed,,,,,,,
PART_01763,Ashok Pawar 43,31,Other,Post Graduate,Jalna,Taluka_7,3-5 Lakhs,No,Cloud Computing,TC_0326,2025-10-16,Dropped Out,,No,,Not Applicable,,,,,,,
PART_01764,Suresh Yadav 78,32,Female,Graduate,Bhiwandi,Taluka_3,1-3 Lakhs,No,Food Processing,TC_0485,2025-01-25,Completed,79.0,No,,Self Employed,,,,,,2.0,No
PART_01765,Prakash More 29,42,Male,Graduate,Jalna,Taluka_1,3-5 Lakhs,Yes,Accounting & GST,TC_0352,2025-05-28,Dropped Out,,No,,Not Applicable,,,,,,,
PART_01766,Prakash More 93,24,Male,12th Pass,Nashik,Taluka_9,5-10 Lakhs,Yes,Automotive Mechanic,TC_0047,2025-05-25,Assessed,81.0,No,,Not Applicable,,,,,,,
PART_01767,Suresh Yadav 95,43,Other,12th Pass,Akola,Taluka_7,1-3 Lakhs,No,Electrician Training,TC_0099,2025-03-07,Completed,85.0,No,,Self Employed,,,,,,5.0,Yes
PART_01768,Ramesh Jadhav 8,32,Other,12th Pass,Bhiwandi,Taluka_7,Above 10 Lakhs,Yes,Food Processing,TC_0355,2026-07-12,Dropped Out,,No,,Not Applicable,,,,,,,
PART_01769,Vikram Singh 71,32,Male,10th Pass,Chandrapur,Taluka_7,1-3 Lakhs,No,Mobile Repair,TC_0092,2025-04-21,Completed,51.0,No,,Placed,Accenture,Pharmacy Assistant,60412.0,,Jalgaon,2.0,No
PART_01770,Amit Patel 78,27,Other,Post Graduate,Dhule,Taluka_8,3-5 Lakhs,No,Medical Lab Technology,TC_0204,2025-07-30,Certified,52.0,Yes,2025-11-28,Further Studies,,,,,,,
PART_01771,Sunita Kaur 90,39,Male,12th Pass,Amravati,Taluka_9,1-3 Lakhs,No,Food Processing,TC_0198,2025-01-29,Certified,86.0,Yes,2025-05-23,Not Placed,,,,,,,
PART_01772,Pooja Joshi 100,22,Other,12th Pass,Pune,Taluka_2,3-5 Lakhs,No,Data Analytics,TC_0224,2026-05-26,Ongoing,,No,,Not Applicable,,,,,,2.0,Yes
PART_01773,Prakash More 16,40,Other,Graduate,Pune,Taluka_4,1-3 Lakhs,Yes,Electrician Training,TC_0158,2026-02-16,Ongoing,,No,,Not Applicable,,,,,,3.0,Maybe
PART_01774,Sunita Kaur 68,40,Female,Post Graduate,Pune,Taluka_7,3-5 Lakhs,Yes,Welding Technology,TC_0243,2025-06-14,Completed,55.0,No,,Further Studies,,,,,,1.0,No
PART_01775,Amit Patel 20,20,Female,Diploma,Jalgaon,Taluka_7,5-10 Lakhs,No,Warehouse Management,TC_0430,2026-01-07,Ongoing,,No,,Not Applicable,,,,,,4.0,Yes
PART_01776,Priya Sharma 1,35,Male,Diploma,Mumbai,Taluka_9,Below 1 Lakh,No,Beauty & Wellness,TC_0275,2026-01-03,Completed,72.0,No,,Placed,ICICI Bank,Digital Marketing Executive,36322.0,,Bhiwandi,5.0,Maybe
PART_01777,Nitin Bhosale 25,39,Male,12th Pass,Sangli,Taluka_3,Above 10 Lakhs,No,Accounting & GST,TC_0108,2026-07-04,Ongoing,,No,,Not Applicable,,,,,,4.0,Yes
PART_01778,Kavita Rao 99,18,Male,10th Pass,Ahmednagar,Taluka_10,3-5 Lakhs,No,Full Stack Development,TC_0316,2026-07-13,Assessed,56.0,No,,Not Applicable,,,,,,,
PART_01779,Neha Dubey 80,36,Male,Diploma,Chandrapur,Taluka_10,3-5 Lakhs,No,Cloud Computing,TC_0292,2025-11-28,Certified,70.0,Yes,2026-03-21,Placed,Zerodha,Pharmacy Assistant,49030.0,2026-06-07,Sangli,,
PART_01780,Neha Dubey 1,42,Male,Graduate,Latur,Taluka_8,5-10 Lakhs,No,Warehouse Management,TC_0116,2026-06-21,Ongoing,,No,,Not Applicable,,,,,,2.0,Maybe
PART_01781,Priya Sharma 42,24,Male,Diploma,Solapur,Taluka_3,5-10 Lakhs,No,Welding Technology,TC_0243,2026-02-23,Ongoing,,No,,Not Applicable,,,,,,1.0,No
PART_01782,Rajesh Kumar 100,38,Other,Post Graduate,Akola,Taluka_1,Below 1 Lakh,Yes,Data Analytics,TC_0456,2026-05-12,Ongoing,,No,,Not Applicable,,,,,,3.0,Maybe
PART_01783,Vikram Singh 69,19,Other,Graduate,Nashik,Taluka_8,1-3 Lakhs,No,Mobile Repair,TC_0227,2025-11-02,Completed,99.0,No,,Placed,ABB India,Medical Lab Technician,49239.0,,Jalna,4.0,Maybe
PART_01784,Sneha Deshmukh 43,19,Male,10th Pass,Bhiwandi,Taluka_2,1-3 Lakhs,No,Cloud Computing,TC_0376,2025-06-21,Ongoing,,No,,Not Applicable,,,,,,4.0,Maybe
PART_01785,Priya Sharma 6,18,Male,Graduate,Solapur,Taluka_7,1-3 Lakhs,No,Retail Management,TC_0176,2026-07-14,Certified,88.0,Yes,2026-12-25,Placed,Mahindra & Mahindra,Technician,20971.0,2027-01-28,Kolhapur,,
PART_01786,Sanjay Gupta 20,28,Other,Post Graduate,Kolhapur,Taluka_10,3-5 Lakhs,Yes,CNC Operation,TC_0069,2026-06-06,Dropped Out,,No,,Not Applicable,,,,,,,
PART_01787,Mohan Rao 70,39,Female,10th Pass,Aurangabad,Taluka_8,3-5 Lakhs,No,Data Analytics,TC_0212,2025-02-02,Ongoing,,No,,Not Applicable,,,,,,5.0,Yes
PART_01788,Sanjay Gupta 6,25,Other,12th Pass,Nanded,Taluka_7,Above 10 Lakhs,No,Mobile Repair,TC_0480,2026-04-15,Certified,51.0,Yes,2026-08-01,Placed,Axis Bank,Fitter,24094.0,2026-08-22,Pune,,
PART_01789,Rahul Verma 82,19,Female,Diploma,Mumbai,Taluka_6,5-10 Lakhs,Yes,CNC Operation,TC_0457,2026-03-10,Assessed,42.0,No,,Not Applicable,,,,,,,
PART_01790,Rekha Pillai 73,19,Male,Post Graduate,Parbhani,Taluka_1,5-10 Lakhs,Yes,Welding Technology,TC_0492,2025-03-23,Ongoing,,No,,Not Applicable,,,,,,3.0,Maybe
PART_01791,Ramesh Jadhav 5,21,Other,Post Graduate,Aurangabad,Taluka_7,3-5 Lakhs,Yes,Data Analytics,TC_0118,2026-07-31,Assessed,63.0,No,,Not Applicable,,,,,,,
PART_01792,Manoj Tiwari 70,24,Female,12th Pass,Kolhapur,Taluka_8,Below 1 Lakh,Yes,Medical Lab Technology,TC_0162,2025-04-22,Completed,62.0,No,,Self Employed,,,,,,5.0,Yes
PART_01793,Prakash More 64,41,Female,Graduate,Jalna,Taluka_2,5-10 Lakhs,Yes,Full Stack Development,TC_0080,2026-03-21,Ongoing,,No,,Not Applicable,,,,,,2.0,No
PART_01794,Prakash More 12,29,Female,10th Pass,Kolhapur,Taluka_1,5-10 Lakhs,Yes,Electrician Training,TC_0429,2026-05-23,Completed,49.0,No,,Placed,Cognizant,HR Coordinator,29995.0,,Akola,5.0,No
PART_01795,Rekha Pillai 20,27,Female,Post Graduate,Solapur,Taluka_8,5-10 Lakhs,Yes,Cloud Computing,TC_0370,2025-07-27,Completed,74.0,No,,Placed,Larsen & Toubro,Accountant,18062.0,,Jalgaon,5.0,Maybe
PART_01796,Amit Patel 64,30,Female,Diploma,Nanded,Taluka_5,Below 1 Lakh,No,Customer Service,TC_0226,2026-01-14,Ongoing,,No,,Not Applicable,,,,,,2.0,Yes
PART_01797,Kavita Rao 43,35,Female,Diploma,Ahmednagar,Taluka_1,1-3 Lakhs,No,Full Stack Development,TC_0044,2026-03-18,Ongoing,,No,,Not Applicable,,,,,,3.0,No
PART_01798,Geeta Sawant 35,24,Female,Post Graduate,Sangli,Taluka_7,Above 10 Lakhs,Yes,Beauty & Wellness,TC_0148,2026-02-13,Completed,85.0,No,,Further Studies,,,,,,1.0,No
PART_01799,Pooja Joshi 6,28,Male,Post Graduate,Dhule,Taluka_4,5-10 Lakhs,No,Welding Technology,TC_0192,2025-08-11,Certified,78.0,Yes,2026-01-30,Self Employed,,,,,,,
PART_01800,Dinesh Shinde 73,20,Other,Diploma,Dhule,Taluka_10,5-10 Lakhs,No,Cloud Computing,TC_0073,2026-02-17,Assessed,54.0,No,,Not Applicable,,,,,,,
PART_01801,Ramesh Jadhav 3,41,Other,Graduate,Bhiwandi,Taluka_5,1-3 Lakhs,Yes,Customer Service,TC_0129,2025-02-12,Assessed,63.0,No,,Not Applicable,,,,,,,
PART_01802,Dinesh Shinde 42,23,Other,Diploma,Pune,Taluka_1,1-3 Lakhs,No,Medical Lab Technology,TC_0484,2025-05-26,Completed,58.0,No,,Placed,Max Healthcare,Quality Analyst,49933.0,,Raigad,2.0,Yes
PART_01803,Arun Kulkarni 12,30,Female,10th Pass,Chandrapur,Taluka_8,1-3 Lakhs,No,Food Processing,TC_0461,2026-04-11,Completed,69.0,No,,Not Placed,,,,,,4.0,Maybe
PART_01804,Dinesh Shinde 70,40,Female,Graduate,Thane,Taluka_10,5-10 Lakhs,Yes,Medical Lab Technology,TC_0095,2025-01-13,Dropped Out,,No,,Not Applicable,,,,,,,
PART_01805,Vikram Singh 30,42,Male,Graduate,Chandrapur,Taluka_8,1-3 Lakhs,Yes,Customer Service,TC_0348,2026-02-16,Certified,49.0,Yes,2026-06-14,Placed,Flipkart,Pharmacy Assistant,52552.0,2026-09-04,Mumbai,,
PART_01806,Sanjay Gupta 44,39,Other,Graduate,Parbhani,Taluka_2,Above 10 Lakhs,Yes,Beauty & Wellness,TC_0166,2026-04-28,Ongoing,,No,,Not Applicable,,,,,,3.0,No
PART_01807,Manoj Tiwari 90,37,Female,10th Pass,Nanded,Taluka_1,Below 1 Lakh,No,Welding Technology,TC_0443,2025-03-19,Completed,81.0,No,,Not Placed,,,,,,1.0,Maybe
PART_01808,Anil Kamble 19,27,Female,10th Pass,Mumbai,Taluka_5,Above 10 Lakhs,No,Customer Service,TC_0441,2025-02-22,Ongoing,,No,,Not Applicable,,,,,,2.0,No
PART_01809,Dinesh Shinde 13,30,Male,12th Pass,Aurangabad,Taluka_8,Below 1 Lakh,Yes,Welding Technology,TC_0207,2025-04-05,Ongoing,,No,,Not Applicable,,,,,,5.0,No
PART_01810,Rahul Verma 98,27,Male,12th Pass,Nanded,Taluka_6,Below 1 Lakh,No,Warehouse Management,TC_0201,2025-01-25,Completed,45.0,No,,Self Employed,,,,,,3.0,Yes
PART_01811,Manoj Tiwari 56,18,Female,12th Pass,Jalna,Taluka_10,Above 10 Lakhs,No,Automotive Mechanic,TC_0263,2025-08-22,Completed,77.0,No,,Not Placed,,,,,,2.0,No
PART_01812,Kavita Rao 84,27,Other,10th Pass,Dhule,Taluka_6,Below 1 Lakh,No,Food Processing,TC_0188,2026-02-06,Ongoing,,No,,Not Applicable,,,,,,2.0,Maybe
PART_01813,Mohan Rao 45,32,Female,10th Pass,Ahmednagar,Taluka_2,3-5 Lakhs,No,Welding Technology,TC_0086,2025-11-14,Completed,57.0,No,,Not Placed,,,,,,5.0,Yes
PART_01814,Ashok Pawar 93,19,Other,10th Pass,Jalgaon,Taluka_4,Above 10 Lakhs,Yes,Electrician Training,TC_0022,2025-02-27,Certified,86.0,Yes,2025-07-04,Placed,Capgemini,Nurse,75851.0,2025-09-02,Ahmednagar,,
PART_01815,Ramesh Jadhav 30,28,Male,Post Graduate,Solapur,Taluka_8,Below 1 Lakh,Yes,Food Processing,TC_0161,2026-06-10,Ongoing,,No,,Not Applicable,,,,,,5.0,Maybe
PART_01816,Ashok Pawar 76,23,Male,12th Pass,Chandrapur,Taluka_10,1-3 Lakhs,Yes,Food Processing,TC_0103,2026-07-05,Completed,91.0,No,,Placed,Max Healthcare,Welder,75842.0,,Parbhani,2.0,Maybe
PART_01817,Priya Sharma 8,30,Female,12th Pass,Jalna,Taluka_5,1-3 Lakhs,Yes,Retail Management,TC_0304,2026-03-13,Completed,47.0,No,,Placed,Bajaj Finserv,Teacher,65265.0,,Bhiwandi,5.0,Maybe
PART_01818,Nitin Bhosale 82,34,Female,10th Pass,Jalgaon,Taluka_3,5-10 Lakhs,No,Medical Lab Technology,TC_0232,2025-09-09,Certified,56.0,Yes,2026-02-12,Further Studies,,,,,,,
PART_01819,Ashok Pawar 50,30,Other,10th Pass,Sangli,Taluka_3,3-5 Lakhs,No,Electrician Training,TC_0073,2025-11-29,Dropped Out,,No,,Not Applicable,,,,,,,
PART_01820,Arun Kulkarni 45,39,Other,Post Graduate,Nashik,Taluka_9,3-5 Lakhs,Yes,Medical Lab Technology,TC_0436,2026-07-26,Certified,65.0,Yes,2026-12-04,Not Placed,,,,,,,
PART_01821,Rekha Pillai 48,35,Male,Diploma,Mumbai,Taluka_9,1-3 Lakhs,No,Digital Marketing,TC_0182,2026-06-08,Dropped Out,,No,,Not Applicable,,,,,,,
PART_01822,Usha Menon 27,36,Male,Graduate,Latur,Taluka_1,3-5 Lakhs,No,Medical Lab Technology,TC_0226,2026-06-09,Completed,91.0,No,,Further Studies,,,,,,1.0,No
PART_01823,Ramesh Jadhav 46,18,Female,10th Pass,Dhule,Taluka_3,5-10 Lakhs,No,Electrician Training,TC_0250,2025-10-04,Completed,42.0,No,,Placed,Razorpay,Fitter,38408.0,,Beed,5.0,Maybe
PART_01824,Preeti Chopra 34,22,Other,Diploma,Aurangabad,Taluka_5,Above 10 Lakhs,No,Accounting & GST,TC_0083,2026-01-20,Dropped Out,,No,,Not Applicable,,,,,,,
PART_01825,Amit Patel 77,38,Male,12th Pass,Solapur,Taluka_9,Below 1 Lakh,No,Data Analytics,TC_0265,2025-09-13,Completed,41.0,No,,Placed,Larsen & Toubro,Quality Analyst,65121.0,,Yavatmal,3.0,Maybe
PART_01826,Mohan Rao 27,38,Other,Post Graduate,Latur,Taluka_9,1-3 Lakhs,No,Digital Marketing,TC_0035,2025-03-01,Assessed,94.0,No,,Not Applicable,,,,,,,
PART_01827,Ashok Pawar 46,43,Other,12th Pass,Ahmednagar,Taluka_6,5-10 Lakhs,Yes,Beauty & Wellness,TC_0486,2026-02-03,Ongoing,,No,,Not Applicable,,,,,,3.0,Yes
PART_01828,Laxmi Hegde 12,44,Other,Post Graduate,Amravati,Taluka_6,3-5 Lakhs,No,Electrician Training,TC_0379,2025-06-23,Dropped Out,,No,,Not Applicable,,,,,,,
PART_01829,Rekha Pillai 85,32,Other,12th Pass,Solapur,Taluka_7,Above 10 Lakhs,Yes,Retail Management,TC_0412,2025-03-22,Completed,59.0,No,,Placed,Mahindra & Mahindra,UI/UX Designer,67300.0,,Jalgaon,5.0,Yes
PART_01830,Preeti Chopra 78,32,Female,Post Graduate,Kolhapur,Taluka_9,3-5 Lakhs,Yes,Data Analytics,TC_0451,2025-01-15,Ongoing,,No,,Not Applicable,,,,,,1.0,Maybe
PART_01831,Shweta Bhatt 25,22,Other,12th Pass,Nanded,Taluka_7,Above 10 Lakhs,Yes,Digital Marketing,TC_0355,2025-11-12,Ongoing,,No,,Not Applicable,,,,,,4.0,Yes
PART_01832,Arun Kulkarni 24,44,Other,12th Pass,Akola,Taluka_2,5-10 Lakhs,No,Food Processing,TC_0372,2025-12-06,Completed,40.0,No,,Placed,HDFC Bank,Electrician,78645.0,,Jalgaon,3.0,Yes
PART_01833,Anil Kamble 40,32,Other,Graduate,Akola,Taluka_2,3-5 Lakhs,Yes,Automotive Mechanic,TC_0212,2026-01-29,Completed,73.0,No,,Placed,Amazon,Customer Support Specialist,79997.0,,Kolhapur,1.0,Yes
PART_01834,Anil Kamble 12,31,Female,12th Pass,Jalna,Taluka_1,3-5 Lakhs,No,Mobile Repair,TC_0232,2026-04-30,Assessed,81.0,No,,Not Applicable,,,,,,,
PART_01835,Pooja Joshi 78,19,Male,Post Graduate,Solapur,Taluka_9,3-5 Lakhs,No,Data Analytics,TC_0117,2025-02-26,Completed,52.0,No,,Not Placed,,,,,,5.0,Yes
PART_01836,Anjali Reddy 23,43,Female,Diploma,Nanded,Taluka_1,5-10 Lakhs,Yes,Customer Service,TC_0439,2025-05-23,Completed,80.0,No,,Not Placed,,,,,,2.0,Maybe
PART_01837,Priya Sharma 29,25,Female,Graduate,Bhiwandi,Taluka_9,1-3 Lakhs,Yes,Digital Marketing,TC_0199,2026-03-04,Assessed,48.0,No,,Not Applicable,,,,,,,
PART_01838,Manoj Tiwari 83,34,Male,10th Pass,Jalna,Taluka_3,3-5 Lakhs,Yes,CNC Operation,TC_0282,2025-08-05,Completed,60.0,No,,Further Studies,,,,,,3.0,No
PART_01839,Meera Nair 43,38,Female,Post Graduate,Amravati,Taluka_6,Above 10 Lakhs,Yes,Beauty & Wellness,TC_0129,2025-03-21,Completed,52.0,No,,Placed,Byju's,HR Coordinator,51252.0,,Bhiwandi,4.0,Maybe
PART_01840,Kavita Rao 91,31,Male,10th Pass,Amravati,Taluka_1,Below 1 Lakh,No,Electrician Training,TC_0154,2025-10-24,Completed,43.0,No,,Placed,Max Healthcare,Quality Analyst,55626.0,,Mumbai,4.0,Yes
PART_01841,Sanjay Gupta 51,30,Male,Diploma,Kolhapur,Taluka_9,Above 10 Lakhs,Yes,Food Processing,TC_0162,2026-08-18,Completed,98.0,No,,Not Placed,,,,,,1.0,Yes
PART_01842,Rahul Verma 88,39,Male,10th Pass,Jalgaon,Taluka_8,Below 1 Lakh,No,Electrician Training,TC_0116,2026-08-01,Certified,85.0,Yes,2027-01-05,Not Placed,,,,,,,
PART_01843,Arun Kulkarni 99,42,Female,Post Graduate,Dhule,Taluka_8,3-5 Lakhs,No,Accounting & GST,TC_0498,2025-12-06,Ongoing,,No,,Not Applicable,,,,,,2.0,Yes
PART_01844,Nitin Bhosale 63,28,Female,10th Pass,Dhule,Taluka_6,5-10 Lakhs,Yes,CNC Operation,TC_0434,2025-06-07,Completed,75.0,No,,Placed,Vedantu,Supply Chain Analyst,65997.0,,Nashik,2.0,Yes
PART_01845,Ashok Pawar 45,37,Female,Graduate,Thane,Taluka_9,Below 1 Lakh,Yes,Beauty & Wellness,TC_0340,2026-01-18,Completed,53.0,No,,Placed,Cognizant,UI/UX Designer,27906.0,,Raigad,1.0,No
PART_01846,Priya Sharma 87,44,Male,12th Pass,Chandrapur,Taluka_8,5-10 Lakhs,No,Customer Service,TC_0453,2025-11-01,Certified,91.0,Yes,2026-03-26,Not Placed,,,,,,,
PART_01847,Pooja Joshi 95,34,Other,Graduate,Mumbai,Taluka_1,Below 1 Lakh,Yes,CNC Operation,TC_0017,2026-01-20,Ongoing,,No,,Not Applicable,,,,,,2.0,Yes
PART_01848,Geeta Sawant 81,44,Other,Graduate,Ahmednagar,Taluka_2,1-3 Lakhs,Yes,Data Analytics,TC_0153,2025-10-19,Completed,93.0,No,,Self Employed,,,,,,4.0,No
PART_01849,Shweta Bhatt 6,42,Female,12th Pass,Nanded,Taluka_10,Above 10 Lakhs,No,Automotive Mechanic,TC_0099,2025-10-20,Ongoing,,No,,Not Applicable,,,,,,3.0,No
PART_01850,Nitin Bhosale 29,27,Other,12th Pass,Nashik,Taluka_8,5-10 Lakhs,Yes,Warehouse Management,TC_0451,2026-06-22,Completed,54.0,No,,Placed,ICICI Bank,Business Analyst,41377.0,,Aurangabad,3.0,Maybe
PART_01851,Ramesh Jadhav 7,43,Male,10th Pass,Thane,Taluka_10,Below 1 Lakh,Yes,Customer Service,TC_0414,2026-02-21,Dropped Out,,No,,Not Applicable,,,,,,,
PART_01852,Ashok Pawar 11,38,Other,Diploma,Ahmednagar,Taluka_4,1-3 Lakhs,Yes,CNC Operation,TC_0032,2026-02-14,Assessed,52.0,No,,Not Applicable,,,,,,,
PART_01853,Ashok Pawar 29,36,Other,Diploma,Amravati,Taluka_5,Below 1 Lakh,Yes,Retail Management,TC_0406,2025-09-23,Assessed,62.0,No,,Not Applicable,,,,,,,
PART_01854,Deepa Iyer 89,41,Female,10th Pass,Thane,Taluka_5,3-5 Lakhs,Yes,Data Analytics,TC_0347,2026-05-13,Dropped Out,,No,,Not Applicable,,,,,,,
PART_01855,Ashok Pawar 81,24,Male,10th Pass,Aurangabad,Taluka_3,Above 10 Lakhs,Yes,Data Analytics,TC_0344,2026-03-28,Ongoing,,No,,Not Applicable,,,,,,4.0,Maybe
PART_01856,Laxmi Hegde 56,28,Female,Diploma,Pune,Taluka_5,3-5 Lakhs,No,Welding Technology,TC_0089,2025-01-13,Assessed,52.0,No,,Not Applicable,,,,,,,
PART_01857,Manoj Tiwari 78,37,Other,Diploma,Chandrapur,Taluka_6,1-3 Lakhs,Yes,Welding Technology,TC_0312,2026-08-22,Certified,77.0,Yes,2026-12-03,Not Placed,,,,,,,
PART_01858,Shweta Bhatt 91,23,Other,10th Pass,Nashik,Taluka_9,Below 1 Lakh,Yes,Cloud Computing,TC_0118,2025-06-26,Dropped Out,,No,,Not Applicable,,,,,,,
PART_01859,Suresh Yadav 91,18,Male,10th Pass,Latur,Taluka_7,1-3 Lakhs,Yes,Accounting & GST,TC_0294,2025-09-05,Assessed,74.0,No,,Not Applicable,,,,,,,
PART_01860,Amit Patel 87,29,Female,Diploma,Pune,Taluka_8,Above 10 Lakhs,No,Digital Marketing,TC_0404,2025-09-12,Dropped Out,,No,,Not Applicable,,,,,,,
PART_01861,Nitin Bhosale 42,34,Other,Diploma,Mumbai,Taluka_1,Below 1 Lakh,No,Mobile Repair,TC_0478,2026-08-13,Completed,42.0,No,,Not Placed,,,,,,5.0,Maybe
PART_01862,Geeta Sawant 96,19,Female,12th Pass,Ahmednagar,Taluka_9,Below 1 Lakh,Yes,Beauty & Wellness,TC_0448,2025-05-26,Ongoing,,No,,Not Applicable,,,,,,5.0,No
PART_01863,Kavita Rao 26,19,Other,Post Graduate,Bhiwandi,Taluka_7,3-5 Lakhs,No,Food Processing,TC_0095,2025-10-23,Assessed,88.0,No,,Not Applicable,,,,,,,
PART_01864,Suresh Yadav 15,25,Female,Post Graduate,Bhiwandi,Taluka_10,1-3 Lakhs,No,Beauty & Wellness,TC_0150,2026-08-24,Ongoing,,No,,Not Applicable,,,,,,5.0,No
PART_01865,Shweta Bhatt 23,35,Other,12th Pass,Nagpur,Taluka_7,5-10 Lakhs,Yes,CNC Operation,TC_0451,2025-09-09,Ongoing,,No,,Not Applicable,,,,,,2.0,Maybe
PART_01866,Sanjay Gupta 76,39,Female,Graduate,Solapur,Taluka_7,1-3 Lakhs,No,Automotive Mechanic,TC_0310,2026-08-07,Ongoing,,No,,Not Applicable,,,,,,2.0,No
PART_01867,Mohan Rao 95,30,Female,Post Graduate,Bhiwandi,Taluka_7,5-10 Lakhs,No,Cloud Computing,TC_0445,2025-08-10,Ongoing,,No,,Not Applicable,,,,,,4.0,Yes
PART_01868,Kavita Rao 99,44,Other,Graduate,Jalgaon,Taluka_5,Below 1 Lakh,Yes,Automotive Mechanic,TC_0221,2026-06-11,Ongoing,,No,,Not Applicable,,,,,,3.0,Maybe
PART_01869,Vikram Singh 79,20,Male,Post Graduate,Solapur,Taluka_1,3-5 Lakhs,Yes,Cloud Computing,TC_0042,2025-08-25,Completed,45.0,No,,Further Studies,,,,,,1.0,No
PART_01870,Deepa Iyer 6,19,Male,Graduate,Bhiwandi,Taluka_3,1-3 Lakhs,No,Mobile Repair,TC_0212,2025-10-05,Completed,70.0,No,,Further Studies,,,,,,3.0,Yes
PART_01871,Sunita Kaur 36,40,Other,Post Graduate,Pune,Taluka_7,3-5 Lakhs,Yes,Food Processing,TC_0266,2025-12-02,Ongoing,,No,,Not Applicable,,,,,,4.0,Maybe
PART_01872,Sunita Kaur 72,42,Female,12th Pass,Sangli,Taluka_10,3-5 Lakhs,No,Beauty & Wellness,TC_0265,2025-06-20,Dropped Out,,No,,Not Applicable,,,,,,,
PART_01873,Pooja Joshi 20,44,Female,Graduate,Nagpur,Taluka_2,3-5 Lakhs,No,CNC Operation,TC_0324,2026-04-03,Ongoing,,No,,Not Applicable,,,,,,1.0,Maybe
PART_01874,Laxmi Hegde 7,32,Other,Post Graduate,Sangli,Taluka_9,1-3 Lakhs,No,Beauty & Wellness,TC_0099,2026-07-14,Completed,65.0,No,,Placed,Narayana Health,Digital Marketing Executive,26623.0,,Bhiwandi,1.0,No
PART_01875,Suresh Yadav 16,25,Male,10th Pass,Bhiwandi,Taluka_7,1-3 Lakhs,No,Accounting & GST,TC_0495,2026-08-12,Completed,44.0,No,,Placed,ABB India,Welder,20735.0,,Ahmednagar,1.0,Yes
PART_01876,Prakash More 73,37,Other,Post Graduate,Jalna,Taluka_10,Below 1 Lakh,No,Welding Technology,TC_0052,2025-12-13,Certified,63.0,Yes,2026-05-12,Self Employed,,,,,,,
PART_01877,Meera Nair 15,37,Male,12th Pass,Bhiwandi,Taluka_2,3-5 Lakhs,Yes,Warehouse Management,TC_0321,2026-03-21,Completed,45.0,No,,Not Placed,,,,,,5.0,No
PART_01878,Nitin Bhosale 59,28,Other,12th Pass,Ahmednagar,Taluka_4,3-5 Lakhs,No,Welding Technology,TC_0105,2025-06-27,Ongoing,,No,,Not Applicable,,,,,,1.0,Yes
PART_01879,Anjali Reddy 61,45,Male,12th Pass,Thane,Taluka_5,3-5 Lakhs,Yes,Beauty & Wellness,TC_0391,2025-04-23,Completed,47.0,No,,Not Placed,,,,,,1.0,Yes
PART_01880,Prakash More 77,42,Male,10th Pass,Akola,Taluka_4,5-10 Lakhs,Yes,Food Processing,TC_0346,2025-05-03,Assessed,48.0,No,,Not Applicable,,,,,,,
PART_01881,Dinesh Shinde 78,23,Other,Post Graduate,Solapur,Taluka_3,1-3 Lakhs,Yes,Customer Service,TC_0152,2026-03-07,Completed,50.0,No,,Placed,HCL,HR Coordinator,28421.0,,Nagpur,5.0,No
PART_01882,Amit Patel 62,28,Other,Graduate,Latur,Taluka_3,Above 10 Lakhs,Yes,Accounting & GST,TC_0310,2026-01-23,Ongoing,,No,,Not Applicable,,,,,,4.0,No
PART_01883,Pooja Joshi 90,32,Female,12th Pass,Ahmednagar,Taluka_4,1-3 Lakhs,No,Warehouse Management,TC_0466,2026-04-22,Completed,87.0,No,,Placed,Tech Mahindra,Quality Analyst,54262.0,,Nagpur,3.0,Maybe
PART_01884,Dinesh Shinde 80,21,Male,Post Graduate,Jalgaon,Taluka_7,Above 10 Lakhs,No,Digital Marketing,TC_0169,2026-01-15,Ongoing,,No,,Not Applicable,,,,,,2.0,No
PART_01885,Neha Dubey 10,41,Male,Diploma,Bhiwandi,Taluka_3,Below 1 Lakh,No,Food Processing,TC_0213,2026-05-14,Dropped Out,,No,,Not Applicable,,,,,,,
PART_01886,Dinesh Shinde 67,37,Other,Graduate,Parbhani,Taluka_5,1-3 Lakhs,No,Automotive Mechanic,TC_0384,2026-07-26,Assessed,83.0,No,,Not Applicable,,,,,,,
PART_01887,Ashok Pawar 50,42,Female,12th Pass,Solapur,Taluka_5,3-5 Lakhs,No,Welding Technology,TC_0069,2026-04-17,Ongoing,,No,,Not Applicable,,,,,,4.0,Yes
PART_01888,Mohan Rao 67,40,Female,10th Pass,Akola,Taluka_8,Below 1 Lakh,Yes,Data Analytics,TC_0297,2025-03-18,Completed,90.0,No,,Placed,Crompton Greaves,DevOps Engineer,53335.0,,Ahmednagar,4.0,No
PART_01889,Rahul Verma 13,22,Male,Post Graduate,Jalna,Taluka_6,Below 1 Lakh,Yes,Cloud Computing,TC_0380,2026-02-18,Completed,49.0,No,,Placed,TCS,Data Analyst,54636.0,,Mumbai,5.0,Maybe
PART_01890,Sanjay Gupta 87,39,Other,Graduate,Nanded,Taluka_8,1-3 Lakhs,Yes,Beauty & Wellness,TC_0232,2026-06-25,Dropped Out,,No,,Not Applicable,,,,,,,
PART_01891,Mohan Rao 95,43,Male,10th Pass,Mumbai,Taluka_4,3-5 Lakhs,Yes,Data Analytics,TC_0135,2026-06-24,Completed,66.0,No,,Not Placed,,,,,,2.0,Maybe
PART_01892,Rekha Pillai 16,45,Female,Diploma,Chandrapur,Taluka_10,Above 10 Lakhs,Yes,Customer Service,TC_0146,2025-05-26,Assessed,49.0,No,,Not Applicable,,,,,,,
PART_01893,Pooja Joshi 47,19,Male,Post Graduate,Thane,Taluka_4,Above 10 Lakhs,Yes,Data Analytics,TC_0096,2025-08-11,Dropped Out,,No,,Not Applicable,,,,,,,
PART_01894,Dinesh Shinde 73,20,Female,Post Graduate,Dhule,Taluka_8,1-3 Lakhs,Yes,Cloud Computing,TC_0022,2026-02-17,Completed,92.0,No,,Not Placed,,,,,,4.0,Yes
PART_01895,Amit Patel 47,36,Other,Diploma,Jalna,Taluka_1,3-5 Lakhs,No,Digital Marketing,TC_0335,2025-11-26,Ongoing,,No,,Not Applicable,,,,,,5.0,Yes
PART_01896,Geeta Sawant 82,44,Other,Graduate,Jalgaon,Taluka_2,5-10 Lakhs,Yes,Warehouse Management,TC_0426,2026-06-30,Dropped Out,,No,,Not Applicable,,,,,,,
PART_01897,Ramesh Jadhav 97,21,Male,Post Graduate,Pune,Taluka_7,3-5 Lakhs,Yes,Welding Technology,TC_0058,2025-04-12,Certified,62.0,Yes,2025-09-28,Placed,Narayana Health,Cloud Engineer,27701.0,2025-11-19,Latur,,
PART_01898,Rekha Pillai 2,28,Other,Diploma,Jalna,Taluka_3,Above 10 Lakhs,Yes,Warehouse Management,TC_0233,2026-07-18,Completed,40.0,No,,Placed,Axis Bank,Welder,59164.0,,Kolhapur,2.0,Maybe
PART_01899,Kavita Rao 13,28,Other,10th Pass,Ahmednagar,Taluka_3,5-10 Lakhs,No,Customer Service,TC_0036,2026-02-26,Completed,93.0,No,,Placed,Amazon,Content Writer,72281.0,,Ahmednagar,3.0,No
PART_01900,Neha Dubey 69,45,Male,Graduate,Akola,Taluka_8,3-5 Lakhs,No,Full Stack Development,TC_0075,2026-05-30,Dropped Out,,No,,Not Applicable,,,,,,,
PART_01901,Prakash More 36,19,Other,12th Pass,Thane,Taluka_1,Below 1 Lakh,Yes,Medical Lab Technology,TC_0372,2026-04-22,Completed,97.0,No,,Placed,Narayana Health,Fitter,59169.0,,Nashik,5.0,Yes
PART_01902,Deepa Iyer 63,23,Female,Diploma,Aurangabad,Taluka_2,1-3 Lakhs,No,Beauty & Wellness,TC_0350,2025-06-13,Assessed,53.0,No,,Not Applicable,,,,,,,
PART_01903,Ramesh Jadhav 39,24,Female,Graduate,Jalna,Taluka_5,Below 1 Lakh,Yes,Food Processing,TC_0392,2025-12-19,Assessed,64.0,No,,Not Applicable,,,,,,,
PART_01904,Amit Patel 44,44,Other,Diploma,Amravati,Taluka_6,Above 10 Lakhs,Yes,Electrician Training,TC_0471,2025-03-06,Dropped Out,,No,,Not Applicable,,,,,,,
PART_01905,Geeta Sawant 68,38,Male,Diploma,Solapur,Taluka_7,5-10 Lakhs,No,Data Analytics,TC_0023,2026-02-03,Ongoing,,No,,Not Applicable,,,,,,2.0,No
PART_01906,Rekha Pillai 11,40,Male,10th Pass,Mumbai,Taluka_3,Below 1 Lakh,No,Electrician Training,TC_0126,2025-05-10,Assessed,45.0,No,,Not Applicable,,,,,,,
PART_01907,Priya Sharma 44,31,Other,10th Pass,Thane,Taluka_8,Below 1 Lakh,No,Warehouse Management,TC_0190,2025-10-06,Completed,46.0,No,,Not Placed,,,,,,3.0,Yes
PART_01908,Sanjay Gupta 28,43,Other,Post Graduate,Kolhapur,Taluka_2,5-10 Lakhs,No,Full Stack Development,TC_0337,2025-07-11,Certified,49.0,Yes,2025-12-09,Further Studies,,,,,,,
PART_01909,Pooja Joshi 86,21,Male,Graduate,Bhiwandi,Taluka_6,1-3 Lakhs,Yes,Beauty & Wellness,TC_0376,2025-07-18,Dropped Out,,No,,Not Applicable,,,,,,,
PART_01910,Ashok Pawar 22,19,Other,10th Pass,Amravati,Taluka_3,3-5 Lakhs,Yes,Full Stack Development,TC_0232,2025-06-18,Dropped Out,,No,,Not Applicable,,,,,,,
PART_01911,Mohan Rao 86,21,Male,10th Pass,Parbhani,Taluka_8,Above 10 Lakhs,No,Electrician Training,TC_0331,2025-06-28,Ongoing,,No,,Not Applicable,,,,,,2.0,Yes
PART_01912,Ramesh Jadhav 39,28,Female,Graduate,Kolhapur,Taluka_7,1-3 Lakhs,Yes,Electrician Training,TC_0391,2025-09-05,Assessed,47.0,No,,Not Applicable,,,,,,,
PART_01913,Laxmi Hegde 55,35,Male,10th Pass,Ahmednagar,Taluka_8,Above 10 Lakhs,No,Welding Technology,TC_0410,2026-04-07,Ongoing,,No,,Not Applicable,,,,,,2.0,Maybe
PART_01914,Priya Sharma 51,38,Male,12th Pass,Sangli,Taluka_2,Above 10 Lakhs,Yes,Accounting & GST,TC_0056,2025-07-15,Completed,69.0,No,,Not Placed,,,,,,3.0,Yes
PART_01915,Anjali Reddy 16,27,Female,12th Pass,Thane,Taluka_2,3-5 Lakhs,No,Electrician Training,TC_0315,2026-04-28,Dropped Out,,No,,Not Applicable,,,,,,,
PART_01916,Kavita Rao 89,38,Female,Diploma,Solapur,Taluka_10,Below 1 Lakh,Yes,Welding Technology,TC_0416,2026-02-15,Completed,63.0,No,,Placed,Flipkart,Sales Executive,33120.0,,Mumbai,5.0,Yes
PART_01917,Meera Nair 45,20,Male,Post Graduate,Thane,Taluka_10,3-5 Lakhs,No,Data Analytics,TC_0311,2025-12-15,Completed,53.0,No,,Placed,Reliance Jio,HR Coordinator,32883.0,,Solapur,2.0,No
PART_01918,Usha Menon 41,24,Other,Graduate,Amravati,Taluka_6,Below 1 Lakh,Yes,Medical Lab Technology,TC_0349,2025-12-13,Ongoing,,No,,Not Applicable,,,,,,1.0,Maybe
PART_01919,Nitin Bhosale 86,32,Female,Graduate,Dhule,Taluka_6,1-3 Lakhs,No,Medical Lab Technology,TC_0351,2026-07-13,Certified,52.0,Yes,2026-10-31,Further Studies,,,,,,,
PART_01920,Rekha Pillai 83,43,Female,10th Pass,Nagpur,Taluka_5,1-3 Lakhs,No,Retail Management,TC_0262,2025-08-13,Completed,41.0,No,,Placed,Zerodha,Technician,57988.0,,Sangli,3.0,Maybe
PART_01921,Suresh Yadav 55,44,Other,Graduate,Thane,Taluka_8,3-5 Lakhs,Yes,Automotive Mechanic,TC_0439,2025-11-20,Completed,89.0,No,,Not Placed,,,,,,4.0,Yes
PART_01922,Rekha Pillai 80,31,Other,Diploma,Solapur,Taluka_3,Below 1 Lakh,No,Full Stack Development,TC_0302,2025-04-28,Completed,90.0,No,,Not Placed,,,,,,5.0,No
PART_01923,Preeti Chopra 86,27,Other,Graduate,Sangli,Taluka_7,3-5 Lakhs,No,CNC Operation,TC_0039,2025-11-16,Ongoing,,No,,Not Applicable,,,,,,5.0,No
PART_01924,Sanjay Gupta 8,43,Other,Diploma,Mumbai,Taluka_10,Above 10 Lakhs,Yes,Food Processing,TC_0142,2025-08-03,Certified,79.0,Yes,2026-01-23,Placed,Apollo Hospitals,Nurse,67193.0,2026-03-31,Akola,,
PART_01925,Mohan Rao 43,42,Male,Diploma,Nagpur,Taluka_7,Below 1 Lakh,Yes,Automotive Mechanic,TC_0454,2025-10-17,Completed,68.0,No,,Not Placed,,,,,,3.0,No
PART_01926,Neha Dubey 73,34,Other,Post Graduate,Jalna,Taluka_4,3-5 Lakhs,Yes,Customer Service,TC_0023,2025-06-24,Completed,44.0,No,,Placed,Flipkart,Quality Analyst,74461.0,,Kolhapur,3.0,Maybe
PART_01927,Kavita Rao 93,25,Male,10th Pass,Pune,Taluka_4,5-10 Lakhs,No,Digital Marketing,TC_0256,2025-06-29,Certified,70.0,Yes,2025-10-06,Placed,Zerodha,HR Coordinator,51052.0,2025-10-10,Satara,,
PART_01928,Manoj Tiwari 2,23,Other,10th Pass,Nagpur,Taluka_6,Above 10 Lakhs,Yes,Welding Technology,TC_0324,2026-06-13,Assessed,43.0,No,,Not Applicable,,,,,,,
PART_01929,Meera Nair 58,36,Other,12th Pass,Nashik,Taluka_1,Below 1 Lakh,Yes,Warehouse Management,TC_0080,2026-03-14,Dropped Out,,No,,Not Applicable,,,,,,,
PART_01930,Mohan Rao 90,24,Female,12th Pass,Aurangabad,Taluka_7,Below 1 Lakh,No,Accounting & GST,TC_0224,2025-01-11,Ongoing,,No,,Not Applicable,,,,,,2.0,No
PART_01931,Sneha Deshmukh 89,41,Other,12th Pass,Thane,Taluka_9,1-3 Lakhs,No,Medical Lab Technology,TC_0277,2025-10-13,Completed,68.0,No,,Placed,Infosys,Accountant,63781.0,,Amravati,5.0,Yes
PART_01932,Mohan Rao 43,21,Other,10th Pass,Kolhapur,Taluka_10,5-10 Lakhs,Yes,Customer Service,TC_0247,2025-02-12,Dropped Out,,No,,Not Applicable,,,,,,,
PART_01933,Rekha Pillai 7,18,Other,12th Pass,Thane,Taluka_1,Below 1 Lakh,No,Full Stack Development,TC_0299,2026-06-28,Certified,100.0,Yes,2026-10-17,Further Studies,,,,,,,
PART_01934,Preeti Chopra 21,31,Female,Diploma,Dhule,Taluka_9,Below 1 Lakh,No,CNC Operation,TC_0279,2026-01-02,Completed,74.0,No,,Not Placed,,,,,,3.0,Yes
PART_01935,Kavita Rao 61,43,Male,Graduate,Latur,Taluka_6,1-3 Lakhs,No,Customer Service,TC_0117,2026-06-14,Completed,51.0,No,,Not Placed,,,,,,3.0,Maybe
PART_01936,Amit Patel 68,38,Male,Diploma,Ahmednagar,Taluka_2,Above 10 Lakhs,Yes,Full Stack Development,TC_0490,2025-08-27,Assessed,46.0,No,,Not Applicable,,,,,,,
PART_01937,Priya Sharma 14,20,Male,Graduate,Kolhapur,Taluka_8,Below 1 Lakh,No,Electrician Training,TC_0030,2026-06-24,Ongoing,,No,,Not Applicable,,,,,,4.0,No
PART_01938,Priya Sharma 49,41,Male,10th Pass,Akola,Taluka_5,3-5 Lakhs,No,Electrician Training,TC_0440,2026-05-04,Dropped Out,,No,,Not Applicable,,,,,,,
PART_01939,Sanjay Gupta 52,21,Other,Diploma,Chandrapur,Taluka_5,1-3 Lakhs,No,Mobile Repair,TC_0481,2025-05-12,Ongoing,,No,,Not Applicable,,,,,,2.0,Maybe
PART_01940,Suresh Yadav 98,28,Male,Post Graduate,Nagpur,Taluka_9,3-5 Lakhs,Yes,Cloud Computing,TC_0335,2025-07-02,Completed,75.0,No,,Not Placed,,,,,,2.0,Yes
PART_01941,Prakash More 14,26,Male,10th Pass,Pune,Taluka_10,3-5 Lakhs,No,Welding Technology,TC_0369,2026-08-18,Certified,87.0,Yes,2027-02-10,Placed,Zerodha,Content Writer,35861.0,2027-05-10,Kolhapur,,
PART_01942,Shweta Bhatt 7,39,Female,Post Graduate,Aurangabad,Taluka_8,1-3 Lakhs,Yes,Automotive Mechanic,TC_0179,2025-02-17,Assessed,77.0,No,,Not Applicable,,,,,,,
PART_01943,Ashok Pawar 56,40,Other,10th Pass,Thane,Taluka_2,5-10 Lakhs,Yes,Cloud Computing,TC_0277,2026-04-10,Completed,95.0,No,,Placed,Mahindra & Mahindra,Fitter,25116.0,,Raigad,2.0,Yes
PART_01944,Sanjay Gupta 32,43,Female,Diploma,Latur,Taluka_3,Below 1 Lakh,Yes,CNC Operation,TC_0300,2025-09-15,Dropped Out,,No,,Not Applicable,,,,,,,
PART_01945,Prakash More 48,21,Male,10th Pass,Nanded,Taluka_9,Above 10 Lakhs,No,Electrician Training,TC_0387,2026-05-08,Certified,84.0,Yes,2026-10-31,Further Studies,,,,,,,
PART_01946,Laxmi Hegde 6,40,Female,10th Pass,Chandrapur,Taluka_4,Below 1 Lakh,Yes,Cloud Computing,TC_0183,2026-02-18,Assessed,46.0,No,,Not Applicable,,,,,,,
PART_01947,Rahul Verma 96,36,Other,Diploma,Chandrapur,Taluka_7,3-5 Lakhs,No,Beauty & Wellness,TC_0236,2026-02-15,Completed,84.0,No,,Not Placed,,,,,,3.0,Yes
PART_01948,Rajesh Kumar 56,35,Male,10th Pass,Dhule,Taluka_10,5-10 Lakhs,Yes,Medical Lab Technology,TC_0282,2026-03-29,Assessed,83.0,No,,Not Applicable,,,,,,,
PART_01949,Anil Kamble 93,38,Female,12th Pass,Jalgaon,Taluka_8,Below 1 Lakh,Yes,Full Stack Development,TC_0368,2025-05-09,Assessed,54.0,No,,Not Applicable,,,,,,,
PART_01950,Meera Nair 57,32,Other,10th Pass,Kolhapur,Taluka_8,1-3 Lakhs,Yes,Welding Technology,TC_0099,2026-06-15,Certified,93.0,Yes,2026-09-25,Not Placed,,,,,,,
PART_01951,Ramesh Jadhav 92,24,Female,12th Pass,Bhiwandi,Taluka_10,Above 10 Lakhs,Yes,Customer Service,TC_0202,2025-09-13,Completed,49.0,No,,Self Employed,,,,,,1.0,Yes
PART_01952,Nitin Bhosale 96,20,Other,Diploma,Kolhapur,Taluka_1,Above 10 Lakhs,Yes,Full Stack Development,TC_0212,2026-08-06,Certified,57.0,Yes,2027-01-12,Placed,Zerodha,Logistics Coordinator,23482.0,2027-04-08,Nagpur,,
PART_01953,Suresh Yadav 65,27,Female,12th Pass,Sangli,Taluka_7,1-3 Lakhs,No,Customer Service,TC_0047,2025-09-18,Assessed,50.0,No,,Not Applicable,,,,,,,
PART_01954,Deepa Iyer 39,42,Female,12th Pass,Amravati,Taluka_1,5-10 Lakhs,Yes,Customer Service,TC_0336,2025-08-06,Certified,48.0,Yes,2025-12-17,Placed,Fortis Healthcare,Content Writer,21232.0,2026-01-23,Dhule,,
PART_01955,Anil Kamble 78,29,Female,10th Pass,Kolhapur,Taluka_3,5-10 Lakhs,No,Data Analytics,TC_0462,2025-11-18,Completed,87.0,No,,Not Placed,,,,,,1.0,Yes
PART_01956,Pooja Joshi 93,18,Male,Post Graduate,Jalna,Taluka_10,Above 10 Lakhs,Yes,Food Processing,TC_0408,2025-04-27,Certified,71.0,Yes,2025-09-03,Placed,Mahindra & Mahindra,DevOps Engineer,51155.0,2025-11-10,Nashik,,
PART_01957,Anil Kamble 83,44,Male,Post Graduate,Sangli,Taluka_7,1-3 Lakhs,Yes,Full Stack Development,TC_0057,2025-02-21,Certified,48.0,Yes,2025-06-13,Not Placed,,,,,,,
PART_01958,Sanjay Gupta 15,41,Male,Graduate,Sangli,Taluka_9,Above 10 Lakhs,No,Retail Management,TC_0116,2026-05-14,Completed,100.0,No,,Placed,Reliance Jio,Customer Support Specialist,28770.0,,Akola,2.0,Maybe
PART_01959,Anil Kamble 54,28,Other,Diploma,Mumbai,Taluka_3,5-10 Lakhs,No,Automotive Mechanic,TC_0349,2026-03-03,Completed,57.0,No,,Placed,Razorpay,Digital Marketing Executive,56463.0,,Nagpur,2.0,No
PART_01960,Kavita Rao 73,34,Female,10th Pass,Nanded,Taluka_9,3-5 Lakhs,No,Medical Lab Technology,TC_0271,2026-08-10,Completed,46.0,No,,Further Studies,,,,,,4.0,No
PART_01961,Ashok Pawar 8,38,Male,Post Graduate,Jalgaon,Taluka_7,Below 1 Lakh,No,Full Stack Development,TC_0340,2025-03-18,Dropped Out,,No,,Not Applicable,,,,,,,
PART_01962,Sunita Kaur 36,24,Female,Post Graduate,Amravati,Taluka_9,5-10 Lakhs,Yes,Retail Management,TC_0385,2025-09-16,Completed,76.0,No,,Placed,ICICI Bank,Machine Operator,69709.0,,Ahmednagar,4.0,No
PART_01963,Pooja Joshi 46,37,Female,Graduate,Sangli,Taluka_6,5-10 Lakhs,No,Welding Technology,TC_0361,2026-03-16,Assessed,96.0,No,,Not Applicable,,,,,,,
PART_01964,Geeta Sawant 100,21,Other,12th Pass,Solapur,Taluka_9,5-10 Lakhs,No,Full Stack Development,TC_0074,2025-01-12,Ongoing,,No,,Not Applicable,,,,,,3.0,No
PART_01965,Ashok Pawar 68,25,Male,10th Pass,Nanded,Taluka_2,5-10 Lakhs,No,Mobile Repair,TC_0116,2025-05-08,Completed,87.0,No,,Placed,Bajaj Finserv,Machine Operator,70122.0,,Kolhapur,1.0,Yes
PART_01966,Dinesh Shinde 79,44,Male,Graduate,Bhiwandi,Taluka_3,Above 10 Lakhs,No,Digital Marketing,TC_0072,2025-10-04,Dropped Out,,No,,Not Applicable,,,,,,,
PART_01967,Sunita Kaur 2,36,Male,10th Pass,Parbhani,Taluka_10,Below 1 Lakh,Yes,Full Stack Development,TC_0299,2025-03-10,Completed,48.0,No,,Placed,HDFC Bank,Digital Marketing Executive,67543.0,,Nashik,2.0,Maybe
PART_01968,Preeti Chopra 7,40,Female,Graduate,Aurangabad,Taluka_8,Below 1 Lakh,Yes,Retail Management,TC_0355,2025-04-16,Assessed,72.0,No,,Not Applicable,,,,,,,
PART_01969,Deepa Iyer 10,24,Male,Diploma,Mumbai,Taluka_6,1-3 Lakhs,Yes,Retail Management,TC_0133,2026-02-18,Ongoing,,No,,Not Applicable,,,,,,3.0,No
PART_01970,Deepa Iyer 96,18,Male,Diploma,Amravati,Taluka_7,Below 1 Lakh,No,Digital Marketing,TC_0053,2025-02-04,Completed,92.0,No,,Not Placed,,,,,,1.0,Maybe
PART_01971,Kavita Rao 100,43,Male,10th Pass,Sangli,Taluka_6,Below 1 Lakh,Yes,Food Processing,TC_0465,2026-03-09,Completed,70.0,No,,Further Studies,,,,,,3.0,No
PART_01972,Anil Kamble 87,25,Female,Graduate,Thane,Taluka_1,Above 10 Lakhs,Yes,Beauty & Wellness,TC_0399,2026-08-05,Completed,63.0,No,,Placed,Unacademy,Medical Lab Technician,53467.0,,Yavatmal,1.0,No
PART_01973,Nitin Bhosale 67,20,Other,12th Pass,Sangli,Taluka_2,3-5 Lakhs,No,Digital Marketing,TC_0314,2025-05-24,Dropped Out,,No,,Not Applicable,,,,,,,
PART_01974,Anjali Reddy 55,35,Female,Graduate,Thane,Taluka_7,5-10 Lakhs,Yes,Cloud Computing,TC_0020,2025-02-11,Ongoing,,No,,Not Applicable,,,,,,5.0,No
PART_01975,Amit Patel 74,23,Other,10th Pass,Jalna,Taluka_1,3-5 Lakhs,Yes,Mobile Repair,TC_0299,2025-06-10,Dropped Out,,No,,Not Applicable,,,,,,,
PART_01976,Geeta Sawant 16,32,Female,Post Graduate,Solapur,Taluka_5,1-3 Lakhs,Yes,Customer Service,TC_0189,2025-05-26,Completed,42.0,No,,Placed,Apollo Hospitals,Technician,25061.0,,Ahmednagar,1.0,Yes
PART_01977,Neha Dubey 36,34,Female,Post Graduate,Latur,Taluka_7,1-3 Lakhs,No,Customer Service,TC_0101,2025-11-15,Assessed,66.0,No,,Not Applicable,,,,,,,
PART_01978,Vikram Singh 30,23,Other,10th Pass,Latur,Taluka_9,1-3 Lakhs,No,Digital Marketing,TC_0299,2026-03-28,Ongoing,,No,,Not Applicable,,,,,,2.0,Yes
PART_01979,Usha Menon 36,19,Other,12th Pass,Nanded,Taluka_5,1-3 Lakhs,Yes,Beauty & Wellness,TC_0421,2025-01-31,Completed,52.0,No,,Placed,Max Healthcare,Machine Learning Engineer,20885.0,,Bhiwandi,1.0,No
PART_01980,Vikram Singh 27,18,Other,12th Pass,Ahmednagar,Taluka_1,5-10 Lakhs,No,Cloud Computing,TC_0023,2025-01-11,Dropped Out,,No,,Not Applicable,,,,,,,
PART_01981,Sanjay Gupta 21,37,Male,Diploma,Nashik,Taluka_10,Above 10 Lakhs,Yes,Food Processing,TC_0103,2026-08-09,Assessed,71.0,No,,Not Applicable,,,,,,,
PART_01982,Sanjay Gupta 29,37,Male,12th Pass,Aurangabad,Taluka_6,Below 1 Lakh,Yes,Welding Technology,TC_0213,2026-06-01,Dropped Out,,No,,Not Applicable,,,,,,,
PART_01983,Pooja Joshi 12,45,Female,Diploma,Amravati,Taluka_1,Below 1 Lakh,No,Cloud Computing,TC_0414,2026-08-06,Dropped Out,,No,,Not Applicable,,,,,,,
PART_01984,Preeti Chopra 9,44,Male,Graduate,Jalgaon,Taluka_2,5-10 Lakhs,No,Automotive Mechanic,TC_0429,2026-07-21,Completed,90.0,No,,Not Placed,,,,,,3.0,Yes
PART_01985,Anil Kamble 55,27,Other,Post Graduate,Aurangabad,Taluka_8,1-3 Lakhs,Yes,Automotive Mechanic,TC_0480,2025-12-19,Dropped Out,,No,,Not Applicable,,,,,,,
PART_01986,Sneha Deshmukh 79,27,Male,Graduate,Pune,Taluka_3,Below 1 Lakh,Yes,Welding Technology,TC_0302,2026-08-24,Ongoing,,No,,Not Applicable,,,,,,4.0,Maybe
PART_01987,Deepa Iyer 71,37,Male,10th Pass,Nagpur,Taluka_7,5-10 Lakhs,Yes,Accounting & GST,TC_0105,2025-12-13,Certified,80.0,Yes,2026-03-31,Placed,Cognizant,Logistics Coordinator,25923.0,2026-05-31,Yavatmal,,
PART_01988,Geeta Sawant 64,35,Female,10th Pass,Thane,Taluka_7,Above 10 Lakhs,No,CNC Operation,TC_0352,2026-04-03,Ongoing,,No,,Not Applicable,,,,,,3.0,No
PART_01989,Amit Patel 29,30,Female,12th Pass,Dhule,Taluka_3,Above 10 Lakhs,No,Medical Lab Technology,TC_0152,2025-10-16,Ongoing,,No,,Not Applicable,,,,,,4.0,Yes
PART_01990,Amit Patel 73,39,Other,12th Pass,Nagpur,Taluka_2,1-3 Lakhs,Yes,Customer Service,TC_0431,2026-06-02,Certified,77.0,Yes,2026-09-01,Not Placed,,,,,,,
PART_01991,Sneha Deshmukh 18,45,Female,10th Pass,Nashik,Taluka_6,1-3 Lakhs,Yes,Warehouse Management,TC_0283,2025-10-24,Completed,77.0,No,,Not Placed,,,,,,1.0,No
PART_01992,Rekha Pillai 4,36,Male,Graduate,Akola,Taluka_1,5-10 Lakhs,No,CNC Operation,TC_0479,2025-07-24,Dropped Out,,No,,Not Applicable,,,,,,,
PART_01993,Sunita Kaur 49,21,Other,12th Pass,Akola,Taluka_8,Above 10 Lakhs,Yes,Mobile Repair,TC_0378,2025-03-29,Dropped Out,,No,,Not Applicable,,,,,,,
PART_01994,Prakash More 72,24,Male,Post Graduate,Sangli,Taluka_2,Below 1 Lakh,Yes,Mobile Repair,TC_0271,2026-03-09,Ongoing,,No,,Not Applicable,,,,,,5.0,Maybe
PART_01995,Preeti Chopra 78,18,Other,Diploma,Nanded,Taluka_6,Below 1 Lakh,No,Data Analytics,TC_0419,2025-11-03,Completed,42.0,No,,Further Studies,,,,,,5.0,Yes
PART_01996,Dinesh Shinde 21,33,Female,12th Pass,Jalna,Taluka_7,5-10 Lakhs,Yes,Electrician Training,TC_0181,2025-08-24,Certified,40.0,Yes,2025-12-27,Not Placed,,,,,,,
PART_01997,Pooja Joshi 16,40,Other,Diploma,Thane,Taluka_7,3-5 Lakhs,No,Warehouse Management,TC_0487,2025-07-19,Completed,93.0,No,,Placed,Crompton Greaves,UI/UX Designer,34716.0,,Ahmednagar,4.0,Maybe
PART_01998,Priya Sharma 71,26,Other,Diploma,Mumbai,Taluka_5,1-3 Lakhs,No,Medical Lab Technology,TC_0469,2026-05-10,Completed,48.0,No,,Placed,Accenture,Cloud Engineer,15717.0,,Osmanabad,3.0,No
PART_01999,Ashok Pawar 38,43,Other,Diploma,Amravati,Taluka_2,Above 10 Lakhs,Yes,Electrician Training,TC_0357,2026-03-02,Assessed,92.0,No,,Not Applicable,,,,,,,
PART_02000,Rekha Pillai 8,21,Female,Post Graduate,Jalna,Taluka_2,1-3 Lakhs,No,Warehouse Management,TC_0112,2025-05-20,Completed,94.0,No,,Not Placed,,,,,,2.0,No
PART_02001,Meera Nair 15,29,Male,Graduate,Nanded,Taluka_6,5-10 Lakhs,No,Beauty & Wellness,TC_0325,2026-04-20,Ongoing,,No,,Not Applicable,,,,,,1.0,Maybe
PART_02002,Anjali Reddy 6,21,Male,Diploma,Parbhani,Taluka_4,3-5 Lakhs,Yes,CNC Operation,TC_0449,2026-08-09,Ongoing,,No,,Not Applicable,,,,,,4.0,Maybe
PART_02003,Sunita Kaur 53,21,Other,Diploma,Aurangabad,Taluka_6,3-5 Lakhs,No,Accounting & GST,TC_0072,2026-06-04,Completed,67.0,No,,Placed,Amazon,HR Coordinator,77143.0,,Ahmednagar,4.0,Maybe
PART_02004,Anjali Reddy 58,40,Other,10th Pass,Jalgaon,Taluka_5,Below 1 Lakh,Yes,Medical Lab Technology,TC_0060,2026-03-26,Dropped Out,,No,,Not Applicable,,,,,,,
PART_02005,Meera Nair 96,31,Male,12th Pass,Parbhani,Taluka_4,5-10 Lakhs,Yes,Mobile Repair,TC_0296,2025-01-03,Ongoing,,No,,Not Applicable,,,,,,4.0,Yes
PART_02006,Amit Patel 40,26,Other,10th Pass,Nashik,Taluka_1,3-5 Lakhs,No,Electrician Training,TC_0207,2025-09-13,Dropped Out,,No,,Not Applicable,,,,,,,
PART_02007,Anjali Reddy 33,45,Female,Graduate,Solapur,Taluka_3,Below 1 Lakh,No,Full Stack Development,TC_0107,2026-05-30,Completed,96.0,No,,Placed,ICICI Bank,Nurse,40799.0,,Beed,3.0,Yes
PART_02008,Amit Patel 27,24,Male,Graduate,Kolhapur,Taluka_5,Above 10 Lakhs,No,Beauty & Wellness,TC_0021,2025-05-03,Certified,73.0,Yes,2025-08-24,Further Studies,,,,,,,
PART_02009,Mohan Rao 12,41,Other,Post Graduate,Pune,Taluka_10,5-10 Lakhs,Yes,Cloud Computing,TC_0139,2025-09-07,Certified,71.0,Yes,2026-01-06,Further Studies,,,,,,,
PART_02010,Mohan Rao 47,32,Female,10th Pass,Mumbai,Taluka_2,1-3 Lakhs,Yes,Mobile Repair,TC_0116,2025-08-27,Assessed,96.0,No,,Not Applicable,,,,,,,
PART_02011,Priya Sharma 4,42,Male,Post Graduate,Aurangabad,Taluka_10,Above 10 Lakhs,Yes,CNC Operation,TC_0283,2026-06-10,Dropped Out,,No,,Not Applicable,,,,,,,
PART_02012,Prakash More 17,19,Male,Diploma,Jalgaon,Taluka_1,Above 10 Lakhs,No,Food Processing,TC_0315,2025-04-04,Ongoing,,No,,Not Applicable,,,,,,3.0,Maybe
PART_02013,Ashok Pawar 34,30,Male,Graduate,Nagpur,Taluka_4,1-3 Lakhs,Yes,Digital Marketing,TC_0223,2026-06-25,Completed,40.0,No,,Further Studies,,,,,,5.0,Yes
PART_02014,Manoj Tiwari 23,21,Female,12th Pass,Mumbai,Taluka_1,1-3 Lakhs,No,Cloud Computing,TC_0418,2025-08-30,Completed,88.0,No,,Self Employed,,,,,,4.0,Yes
PART_02015,Preeti Chopra 43,25,Other,Diploma,Sangli,Taluka_4,5-10 Lakhs,No,Automotive Mechanic,TC_0436,2025-05-31,Assessed,56.0,No,,Not Applicable,,,,,,,
PART_02016,Sneha Deshmukh 1,42,Male,Graduate,Parbhani,Taluka_1,1-3 Lakhs,Yes,Data Analytics,TC_0326,2026-04-12,Assessed,86.0,No,,Not Applicable,,,,,,,
PART_02017,Sunita Kaur 46,19,Male,Post Graduate,Ahmednagar,Taluka_3,1-3 Lakhs,Yes,Beauty & Wellness,TC_0054,2026-05-02,Ongoing,,No,,Not Applicable,,,,,,5.0,Yes
PART_02018,Preeti Chopra 9,26,Male,10th Pass,Aurangabad,Taluka_3,1-3 Lakhs,Yes,CNC Operation,TC_0399,2026-02-11,Certified,85.0,Yes,2026-05-28,Placed,Amazon,Accountant,24821.0,2026-07-03,Sangli,,
PART_02019,Laxmi Hegde 100,34,Female,12th Pass,Nanded,Taluka_9,5-10 Lakhs,No,Digital Marketing,TC_0162,2026-01-21,Ongoing,,No,,Not Applicable,,,,,,1.0,Yes
PART_02020,Anil Kamble 16,34,Male,12th Pass,Jalgaon,Taluka_7,5-10 Lakhs,Yes,Cloud Computing,TC_0170,2025-07-07,Completed,76.0,No,,Self Employed,,,,,,5.0,Yes
PART_02021,Shweta Bhatt 46,22,Female,Diploma,Latur,Taluka_2,5-10 Lakhs,Yes,Medical Lab Technology,TC_0294,2026-04-16,Certified,96.0,Yes,2026-10-10,Not Placed,,,,,,,
PART_02022,Manoj Tiwari 63,22,Female,Graduate,Mumbai,Taluka_5,Below 1 Lakh,Yes,Automotive Mechanic,TC_0497,2026-02-16,Completed,56.0,No,,Self Employed,,,,,,5.0,No
PART_02023,Geeta Sawant 67,20,Other,Post Graduate,Solapur,Taluka_6,5-10 Lakhs,Yes,Beauty & Wellness,TC_0212,2025-09-07,Ongoing,,No,,Not Applicable,,,,,,1.0,Yes
PART_02024,Nitin Bhosale 20,28,Male,12th Pass,Solapur,Taluka_9,Below 1 Lakh,No,Welding Technology,TC_0407,2026-03-12,Assessed,81.0,No,,Not Applicable,,,,,,,
PART_02025,Pooja Joshi 55,29,Other,12th Pass,Parbhani,Taluka_5,5-10 Lakhs,No,Accounting & GST,TC_0121,2025-09-05,Dropped Out,,No,,Not Applicable,,,,,,,
PART_02026,Anjali Reddy 27,27,Male,Diploma,Nashik,Taluka_9,Above 10 Lakhs,No,Mobile Repair,TC_0379,2025-01-01,Ongoing,,No,,Not Applicable,,,,,,4.0,Maybe
PART_02027,Arun Kulkarni 28,22,Female,Diploma,Ahmednagar,Taluka_4,Above 10 Lakhs,Yes,Electrician Training,TC_0011,2026-04-07,Dropped Out,,No,,Not Applicable,,,,,,,
PART_02028,Dinesh Shinde 25,43,Female,Diploma,Aurangabad,Taluka_9,Above 10 Lakhs,No,Automotive Mechanic,TC_0021,2026-01-04,Assessed,50.0,No,,Not Applicable,,,,,,,
PART_02029,Laxmi Hegde 6,30,Other,12th Pass,Amravati,Taluka_8,Below 1 Lakh,No,Accounting & GST,TC_0317,2025-04-29,Completed,48.0,No,,Not Placed,,,,,,3.0,No
PART_02030,Geeta Sawant 63,37,Other,Graduate,Solapur,Taluka_3,Below 1 Lakh,No,CNC Operation,TC_0392,2026-07-30,Completed,41.0,No,,Not Placed,,,,,,5.0,Maybe
PART_02031,Priya Sharma 91,25,Female,Diploma,Nanded,Taluka_9,Above 10 Lakhs,No,Cloud Computing,TC_0136,2025-06-25,Completed,50.0,No,,Placed,Byju's,Machine Learning Engineer,40349.0,,Dhule,4.0,Yes
PART_02032,Meera Nair 89,29,Other,Post Graduate,Kolhapur,Taluka_6,1-3 Lakhs,Yes,Warehouse Management,TC_0370,2025-08-20,Ongoing,,No,,Not Applicable,,,,,,5.0,Maybe
PART_02033,Nitin Bhosale 34,32,Other,10th Pass,Akola,Taluka_5,Below 1 Lakh,No,Customer Service,TC_0001,2025-12-28,Certified,56.0,Yes,2026-04-07,Self Employed,,,,,,,
PART_02034,Meera Nair 45,25,Male,Diploma,Akola,Taluka_4,1-3 Lakhs,No,Mobile Repair,TC_0216,2026-01-13,Assessed,89.0,No,,Not Applicable,,,,,,,
PART_02035,Shweta Bhatt 19,31,Other,12th Pass,Akola,Taluka_7,1-3 Lakhs,No,Beauty & Wellness,TC_0276,2025-12-07,Dropped Out,,No,,Not Applicable,,,,,,,
PART_02036,Manoj Tiwari 19,39,Female,Graduate,Pune,Taluka_9,Below 1 Lakh,Yes,Automotive Mechanic,TC_0227,2026-07-22,Assessed,43.0,No,,Not Applicable,,,,,,,
PART_02037,Rajesh Kumar 40,29,Other,Post Graduate,Parbhani,Taluka_10,1-3 Lakhs,No,Cloud Computing,TC_0307,2026-02-09,Assessed,68.0,No,,Not Applicable,,,,,,,
PART_02038,Laxmi Hegde 53,27,Female,12th Pass,Nashik,Taluka_10,Below 1 Lakh,No,Mobile Repair,TC_0166,2026-07-28,Completed,96.0,No,,Not Placed,,,,,,5.0,Maybe
PART_02039,Anil Kamble 66,33,Female,Diploma,Bhiwandi,Taluka_9,3-5 Lakhs,No,Beauty & Wellness,TC_0030,2026-02-13,Certified,82.0,Yes,2026-07-18,Not Placed,,,,,,,
PART_02040,Suresh Yadav 38,31,Female,Post Graduate,Sangli,Taluka_6,Above 10 Lakhs,Yes,Warehouse Management,TC_0281,2025-12-20,Dropped Out,,No,,Not Applicable,,,,,,,
PART_02041,Dinesh Shinde 86,44,Other,10th Pass,Pune,Taluka_7,Below 1 Lakh,No,Retail Management,TC_0414,2025-10-15,Completed,65.0,No,,Placed,Cognizant,Technician,26472.0,,Bhiwandi,5.0,Yes
PART_02042,Neha Dubey 7,39,Female,Post Graduate,Nagpur,Taluka_1,Above 10 Lakhs,No,CNC Operation,TC_0155,2025-04-21,Ongoing,,No,,Not Applicable,,,,,,3.0,No
PART_02043,Laxmi Hegde 97,29,Male,12th Pass,Akola,Taluka_7,5-10 Lakhs,Yes,Beauty & Wellness,TC_0089,2025-08-01,Assessed,84.0,No,,Not Applicable,,,,,,,
PART_02044,Deepa Iyer 29,18,Female,10th Pass,Amravati,Taluka_3,5-10 Lakhs,Yes,Customer Service,TC_0424,2025-07-08,Ongoing,,No,,Not Applicable,,,,,,3.0,No
PART_02045,Manoj Tiwari 20,23,Male,10th Pass,Jalna,Taluka_9,5-10 Lakhs,Yes,Automotive Mechanic,TC_0266,2026-08-07,Completed,43.0,No,,Not Placed,,,,,,2.0,Yes
PART_02046,Rahul Verma 77,42,Female,Post Graduate,Ahmednagar,Taluka_6,1-3 Lakhs,Yes,Beauty & Wellness,TC_0389,2026-04-10,Dropped Out,,No,,Not Applicable,,,,,,,
PART_02047,Deepa Iyer 75,24,Male,Diploma,Nanded,Taluka_2,5-10 Lakhs,Yes,Accounting & GST,TC_0243,2026-01-02,Dropped Out,,No,,Not Applicable,,,,,,,
PART_02048,Preeti Chopra 36,19,Other,12th Pass,Latur,Taluka_1,1-3 Lakhs,No,CNC Operation,TC_0017,2025-03-18,Completed,68.0,No,,Not Placed,,,,,,2.0,No
PART_02049,Mohan Rao 50,22,Male,Graduate,Sangli,Taluka_1,5-10 Lakhs,Yes,Mobile Repair,TC_0484,2025-07-31,Ongoing,,No,,Not Applicable,,,,,,3.0,No
PART_02050,Meera Nair 61,44,Male,Graduate,Dhule,Taluka_8,Below 1 Lakh,Yes,Cloud Computing,TC_0021,2025-02-14,Assessed,47.0,No,,Not Applicable,,,,,,,
PART_02051,Sneha Deshmukh 11,39,Male,Graduate,Ahmednagar,Taluka_7,Below 1 Lakh,Yes,Food Processing,TC_0397,2026-04-11,Completed,54.0,No,,Not Placed,,,,,,2.0,Maybe
PART_02052,Laxmi Hegde 46,35,Female,Diploma,Akola,Taluka_9,Below 1 Lakh,Yes,Warehouse Management,TC_0275,2025-12-02,Assessed,42.0,No,,Not Applicable,,,,,,,
PART_02053,Anil Kamble 42,31,Male,Diploma,Amravati,Taluka_1,5-10 Lakhs,No,Accounting & GST,TC_0114,2026-07-28,Completed,44.0,No,,Placed,Unacademy,Business Analyst,58397.0,,Jalgaon,2.0,Maybe
PART_02054,Suresh Yadav 49,42,Female,10th Pass,Nagpur,Taluka_8,Below 1 Lakh,Yes,Medical Lab Technology,TC_0279,2026-02-05,Completed,43.0,No,,Self Employed,,,,,,5.0,Maybe
PART_02055,Deepa Iyer 65,22,Other,Diploma,Bhiwandi,Taluka_3,Above 10 Lakhs,Yes,Digital Marketing,TC_0084,2025-05-25,Ongoing,,No,,Not Applicable,,,,,,4.0,Maybe
PART_02056,Sneha Deshmukh 87,35,Male,12th Pass,Solapur,Taluka_3,Above 10 Lakhs,No,Digital Marketing,TC_0295,2025-10-12,Certified,93.0,Yes,2026-01-10,Not Placed,,,,,,,
PART_02057,Prakash More 62,35,Other,Diploma,Thane,Taluka_9,Below 1 Lakh,No,Accounting & GST,TC_0371,2026-05-12,Ongoing,,No,,Not Applicable,,,,,,3.0,Yes
PART_02058,Sneha Deshmukh 80,18,Female,10th Pass,Chandrapur,Taluka_9,1-3 Lakhs,Yes,Welding Technology,TC_0203,2025-06-22,Completed,52.0,No,,Not Placed,,,,,,4.0,No
PART_02059,Usha Menon 62,39,Male,Post Graduate,Solapur,Taluka_7,1-3 Lakhs,Yes,Customer Service,TC_0263,2026-03-24,Certified,43.0,Yes,2026-08-31,Not Placed,,,,,,,
PART_02060,Dinesh Shinde 67,35,Male,12th Pass,Nanded,Taluka_1,Below 1 Lakh,No,CNC Operation,TC_0081,2025-08-29,Ongoing,,No,,Not Applicable,,,,,,2.0,No
PART_02061,Amit Patel 95,23,Other,Diploma,Dhule,Taluka_4,5-10 Lakhs,No,Customer Service,TC_0478,2026-02-20,Assessed,67.0,No,,Not Applicable,,,,,,,
PART_02062,Kavita Rao 9,34,Female,10th Pass,Chandrapur,Taluka_1,Above 10 Lakhs,No,Medical Lab Technology,TC_0236,2025-03-11,Completed,44.0,No,,Not Placed,,,,,,1.0,Yes
PART_02063,Deepa Iyer 89,38,Male,Graduate,Mumbai,Taluka_1,Above 10 Lakhs,No,Full Stack Development,TC_0439,2025-08-07,Completed,40.0,No,,Not Placed,,,,,,5.0,No
PART_02064,Anil Kamble 14,31,Male,Post Graduate,Amravati,Taluka_5,5-10 Lakhs,No,Electrician Training,TC_0274,2025-01-21,Completed,98.0,No,,Further Studies,,,,,,2.0,Maybe
PART_02065,Amit Patel 35,43,Female,Graduate,Aurangabad,Taluka_7,Below 1 Lakh,No,Data Analytics,TC_0040,2026-02-04,Completed,100.0,No,,Placed,ICICI Bank,Quality Analyst,65510.0,,Satara,4.0,Yes
PART_02066,Usha Menon 80,41,Female,12th Pass,Pune,Taluka_10,Above 10 Lakhs,Yes,Digital Marketing,TC_0462,2025-11-12,Dropped Out,,No,,Not Applicable,,,,,,,
PART_02067,Priya Sharma 83,19,Male,Post Graduate,Ahmednagar,Taluka_2,Below 1 Lakh,Yes,Welding Technology,TC_0325,2026-03-05,Assessed,68.0,No,,Not Applicable,,,,,,,
PART_02068,Manoj Tiwari 10,35,Male,Post Graduate,Aurangabad,Taluka_9,1-3 Lakhs,Yes,Full Stack Development,TC_0356,2025-07-30,Completed,53.0,No,,Not Placed,,,,,,5.0,Maybe
PART_02069,Ashok Pawar 10,18,Other,12th Pass,Jalgaon,Taluka_8,3-5 Lakhs,Yes,Welding Technology,TC_0110,2025-03-06,Ongoing,,No,,Not Applicable,,,,,,4.0,No
PART_02070,Rajesh Kumar 63,25,Male,10th Pass,Nagpur,Taluka_10,1-3 Lakhs,No,CNC Operation,TC_0315,2025-03-14,Completed,47.0,No,,Not Placed,,,,,,2.0,Yes
PART_02071,Manoj Tiwari 25,18,Other,Post Graduate,Jalna,Taluka_5,Below 1 Lakh,No,Medical Lab Technology,TC_0021,2025-09-09,Ongoing,,No,,Not Applicable,,,,,,3.0,Maybe
PART_02072,Arun Kulkarni 72,43,Other,Diploma,Dhule,Taluka_10,1-3 Lakhs,No,Warehouse Management,TC_0420,2025-02-08,Ongoing,,No,,Not Applicable,,,,,,5.0,No
PART_02073,Usha Menon 54,39,Male,Post Graduate,Nanded,Taluka_4,Below 1 Lakh,Yes,Medical Lab Technology,TC_0041,2026-08-17,Certified,72.0,Yes,2026-12-01,Placed,ICICI Bank,Data Analyst,27381.0,2027-01-14,Satara,,
PART_02074,Ramesh Jadhav 34,39,Male,10th Pass,Nashik,Taluka_4,5-10 Lakhs,Yes,Mobile Repair,TC_0202,2025-02-08,Completed,55.0,No,,Further Studies,,,,,,4.0,Maybe
PART_02075,Ramesh Jadhav 88,18,Other,Diploma,Parbhani,Taluka_9,5-10 Lakhs,Yes,Automotive Mechanic,TC_0215,2025-12-07,Completed,46.0,No,,Placed,Godrej Industries,Digital Marketing Executive,36694.0,,Parbhani,4.0,No
PART_02076,Shweta Bhatt 96,45,Male,10th Pass,Kolhapur,Taluka_5,Below 1 Lakh,No,Retail Management,TC_0020,2026-04-06,Assessed,84.0,No,,Not Applicable,,,,,,,
PART_02077,Amit Patel 22,24,Male,10th Pass,Aurangabad,Taluka_8,3-5 Lakhs,Yes,CNC Operation,TC_0456,2025-10-07,Assessed,72.0,No,,Not Applicable,,,,,,,
PART_02078,Rekha Pillai 83,39,Other,12th Pass,Chandrapur,Taluka_3,1-3 Lakhs,No,Customer Service,TC_0330,2025-02-13,Dropped Out,,No,,Not Applicable,,,,,,,
PART_02079,Prakash More 42,29,Other,10th Pass,Pune,Taluka_6,1-3 Lakhs,No,Mobile Repair,TC_0332,2025-04-12,Completed,87.0,No,,Not Placed,,,,,,1.0,No
PART_02080,Sanjay Gupta 63,39,Male,10th Pass,Parbhani,Taluka_1,Above 10 Lakhs,No,Warehouse Management,TC_0296,2025-06-17,Dropped Out,,No,,Not Applicable,,,,,,,
PART_02081,Rekha Pillai 13,30,Female,12th Pass,Nanded,Taluka_7,Above 10 Lakhs,Yes,Retail Management,TC_0390,2026-01-31,Completed,60.0,No,,Not Placed,,,,,,5.0,Yes
PART_02082,Suresh Yadav 78,23,Male,10th Pass,Latur,Taluka_8,Above 10 Lakhs,No,Mobile Repair,TC_0495,2026-04-09,Completed,44.0,No,,Placed,Tech Mahindra,Machine Operator,52851.0,,Bhiwandi,5.0,No
PART_02083,Manoj Tiwari 54,21,Male,12th Pass,Bhiwandi,Taluka_3,5-10 Lakhs,Yes,Digital Marketing,TC_0367,2026-06-16,Completed,70.0,No,,Self Employed,,,,,,5.0,Maybe
PART_02084,Arun Kulkarni 24,30,Female,Post Graduate,Nashik,Taluka_6,3-5 Lakhs,No,Welding Technology,TC_0360,2025-12-31,Completed,44.0,No,,Placed,Fortis Healthcare,Logistics Coordinator,69378.0,,Dhule,2.0,Maybe
PART_02085,Rekha Pillai 24,43,Male,Post Graduate,Akola,Taluka_2,5-10 Lakhs,No,Automotive Mechanic,TC_0321,2025-03-12,Assessed,57.0,No,,Not Applicable,,,,,,,
PART_02086,Nitin Bhosale 10,25,Male,Graduate,Ahmednagar,Taluka_4,1-3 Lakhs,No,Electrician Training,TC_0441,2025-05-08,Ongoing,,No,,Not Applicable,,,,,,2.0,No
PART_02087,Usha Menon 82,36,Male,Graduate,Akola,Taluka_5,Above 10 Lakhs,No,Welding Technology,TC_0252,2026-08-21,Ongoing,,No,,Not Applicable,,,,,,2.0,Yes
PART_02088,Rajesh Kumar 88,24,Male,12th Pass,Amravati,Taluka_2,Below 1 Lakh,Yes,Medical Lab Technology,TC_0232,2025-09-11,Assessed,54.0,No,,Not Applicable,,,,,,,
PART_02089,Mohan Rao 50,20,Other,10th Pass,Solapur,Taluka_5,1-3 Lakhs,Yes,Mobile Repair,TC_0474,2025-04-30,Assessed,91.0,No,,Not Applicable,,,,,,,
PART_02090,Rahul Verma 25,36,Other,Post Graduate,Amravati,Taluka_3,3-5 Lakhs,No,Data Analytics,TC_0052,2025-03-19,Dropped Out,,No,,Not Applicable,,,,,,,
PART_02091,Laxmi Hegde 48,22,Other,Graduate,Chandrapur,Taluka_7,1-3 Lakhs,Yes,Automotive Mechanic,TC_0104,2025-02-05,Ongoing,,No,,Not Applicable,,,,,,4.0,Maybe
PART_02092,Dinesh Shinde 95,31,Male,10th Pass,Amravati,Taluka_3,5-10 Lakhs,No,Retail Management,TC_0055,2025-03-22,Certified,57.0,Yes,2025-09-04,Further Studies,,,,,,,
PART_02093,Rajesh Kumar 54,43,Male,Diploma,Latur,Taluka_8,Above 10 Lakhs,Yes,Welding Technology,TC_0476,2025-07-19,Ongoing,,No,,Not Applicable,,,,,,1.0,No
PART_02094,Pooja Joshi 54,40,Other,10th Pass,Mumbai,Taluka_6,Below 1 Lakh,No,Cloud Computing,TC_0373,2025-07-23,Completed,43.0,No,,Self Employed,,,,,,2.0,Maybe
PART_02095,Neha Dubey 22,29,Female,10th Pass,Sangli,Taluka_7,Above 10 Lakhs,Yes,Mobile Repair,TC_0048,2025-12-09,Dropped Out,,No,,Not Applicable,,,,,,,
PART_02096,Neha Dubey 31,24,Other,Post Graduate,Nanded,Taluka_7,Below 1 Lakh,Yes,Retail Management,TC_0051,2026-04-12,Certified,61.0,Yes,2026-08-05,Placed,Paytm,Machine Operator,22534.0,2026-10-17,Pune,,
PART_02097,Vikram Singh 90,22,Other,12th Pass,Solapur,Taluka_4,3-5 Lakhs,No,Mobile Repair,TC_0010,2025-03-05,Certified,42.0,Yes,2025-06-29,Placed,TCS,Electrician,40373.0,2025-07-28,Jalna,,
PART_02098,Kavita Rao 34,36,Other,Post Graduate,Bhiwandi,Taluka_3,5-10 Lakhs,Yes,Warehouse Management,TC_0068,2026-06-23,Dropped Out,,No,,Not Applicable,,,,,,,
PART_02099,Dinesh Shinde 92,35,Male,Post Graduate,Akola,Taluka_7,Below 1 Lakh,Yes,Warehouse Management,TC_0134,2025-07-03,Completed,76.0,No,,Placed,Apollo Hospitals,Content Writer,38931.0,,Aurangabad,5.0,Yes
PART_02100,Ramesh Jadhav 26,18,Female,Graduate,Chandrapur,Taluka_6,Below 1 Lakh,No,Accounting & GST,TC_0091,2026-03-12,Dropped Out,,No,,Not Applicable,,,,,,,
PART_02101,Usha Menon 92,36,Male,Diploma,Kolhapur,Taluka_3,1-3 Lakhs,Yes,Accounting & GST,TC_0393,2026-02-12,Dropped Out,,No,,Not Applicable,,,,,,,
PART_02102,Suresh Yadav 66,43,Male,Post Graduate,Mumbai,Taluka_4,1-3 Lakhs,Yes,Accounting & GST,TC_0357,2025-04-22,Assessed,86.0,No,,Not Applicable,,,,,,,
PART_02103,Priya Sharma 25,45,Other,Diploma,Thane,Taluka_7,3-5 Lakhs,No,Warehouse Management,TC_0203,2025-12-02,Certified,54.0,Yes,2026-03-30,Not Placed,,,,,,,
PART_02104,Ashok Pawar 84,36,Male,Graduate,Mumbai,Taluka_4,5-10 Lakhs,Yes,Digital Marketing,TC_0008,2025-06-30,Certified,82.0,Yes,2025-10-13,Placed,Unacademy,Logistics Coordinator,28484.0,2025-11-23,Amravati,,
PART_02105,Rekha Pillai 64,33,Other,10th Pass,Aurangabad,Taluka_5,Above 10 Lakhs,Yes,Data Analytics,TC_0365,2026-06-12,Ongoing,,No,,Not Applicable,,,,,,3.0,No
PART_02106,Deepa Iyer 79,29,Male,Diploma,Nagpur,Taluka_9,Below 1 Lakh,Yes,Customer Service,TC_0419,2026-01-19,Completed,55.0,No,,Not Placed,,,,,,4.0,Maybe
PART_02107,Rajesh Kumar 75,44,Other,12th Pass,Chandrapur,Taluka_9,1-3 Lakhs,Yes,Cloud Computing,TC_0296,2026-07-08,Certified,41.0,Yes,2026-12-22,Placed,Axis Bank,Quality Analyst,58632.0,2027-03-13,Pune,,
PART_02108,Pooja Joshi 32,42,Other,12th Pass,Chandrapur,Taluka_2,1-3 Lakhs,Yes,Customer Service,TC_0290,2025-02-10,Certified,84.0,Yes,2025-08-06,Placed,Flipkart,Sales Executive,59614.0,2025-09-03,Beed,,
PART_02109,Geeta Sawant 6,27,Other,10th Pass,Pune,Taluka_1,Above 10 Lakhs,Yes,Electrician Training,TC_0341,2026-01-08,Ongoing,,No,,Not Applicable,,,,,,2.0,Yes
PART_02110,Rajesh Kumar 86,39,Other,Graduate,Mumbai,Taluka_7,3-5 Lakhs,Yes,Accounting & GST,TC_0246,2025-05-29,Ongoing,,No,,Not Applicable,,,,,,3.0,No
PART_02111,Anjali Reddy 10,27,Male,12th Pass,Chandrapur,Taluka_1,1-3 Lakhs,Yes,Beauty & Wellness,TC_0340,2026-04-21,Certified,81.0,Yes,2026-08-06,Self Employed,,,,,,,
PART_02112,Manoj Tiwari 43,28,Other,10th Pass,Aurangabad,Taluka_8,5-10 Lakhs,No,Digital Marketing,TC_0457,2026-02-23,Ongoing,,No,,Not Applicable,,,,,,5.0,Yes
PART_02113,Usha Menon 37,45,Other,Post Graduate,Nanded,Taluka_2,5-10 Lakhs,Yes,Food Processing,TC_0137,2026-01-12,Ongoing,,No,,Not Applicable,,,,,,5.0,Maybe
PART_02114,Neha Dubey 9,27,Other,12th Pass,Nagpur,Taluka_4,1-3 Lakhs,Yes,CNC Operation,TC_0318,2025-03-31,Dropped Out,,No,,Not Applicable,,,,,,,
PART_02115,Ashok Pawar 10,38,Female,10th Pass,Pune,Taluka_8,1-3 Lakhs,Yes,Automotive Mechanic,TC_0175,2026-01-19,Ongoing,,No,,Not Applicable,,,,,,1.0,Maybe
PART_02116,Anil Kamble 32,36,Other,10th Pass,Chandrapur,Taluka_2,3-5 Lakhs,No,Warehouse Management,TC_0086,2025-04-03,Assessed,78.0,No,,Not Applicable,,,,,,,
PART_02117,Sanjay Gupta 100,27,Male,Diploma,Akola,Taluka_9,Above 10 Lakhs,Yes,CNC Operation,TC_0437,2026-03-28,Certified,83.0,Yes,2026-07-03,Not Placed,,,,,,,
PART_02118,Rekha Pillai 29,26,Male,12th Pass,Aurangabad,Taluka_8,1-3 Lakhs,Yes,CNC Operation,TC_0018,2025-09-13,Dropped Out,,No,,Not Applicable,,,,,,,
PART_02119,Laxmi Hegde 68,43,Other,Graduate,Latur,Taluka_8,1-3 Lakhs,No,Electrician Training,TC_0346,2025-11-13,Dropped Out,,No,,Not Applicable,,,,,,,
PART_02120,Prakash More 57,44,Other,12th Pass,Nashik,Taluka_9,Below 1 Lakh,Yes,Beauty & Wellness,TC_0382,2025-04-20,Certified,62.0,Yes,2025-09-27,Placed,Godrej Industries,HR Coordinator,70537.0,2025-11-08,Raigad,,
PART_02121,Sanjay Gupta 34,18,Other,Graduate,Thane,Taluka_7,Above 10 Lakhs,No,Welding Technology,TC_0362,2026-03-25,Dropped Out,,No,,Not Applicable,,,,,,,
PART_02122,Deepa Iyer 81,31,Female,12th Pass,Kolhapur,Taluka_7,Above 10 Lakhs,Yes,Full Stack Development,TC_0227,2025-06-11,Ongoing,,No,,Not Applicable,,,,,,1.0,No
PART_02123,Rahul Verma 33,43,Other,Graduate,Jalna,Taluka_5,3-5 Lakhs,No,Food Processing,TC_0011,2025-01-02,Assessed,48.0,No,,Not Applicable,,,,,,,
PART_02124,Sanjay Gupta 34,37,Other,Post Graduate,Dhule,Taluka_2,1-3 Lakhs,Yes,Accounting & GST,TC_0014,2026-06-11,Dropped Out,,No,,Not Applicable,,,,,,,
PART_02125,Geeta Sawant 4,26,Other,10th Pass,Kolhapur,Taluka_6,Below 1 Lakh,No,Customer Service,TC_0118,2026-02-28,Completed,94.0,No,,Self Employed,,,,,,3.0,Maybe
PART_02126,Shweta Bhatt 24,18,Male,Graduate,Latur,Taluka_8,Below 1 Lakh,No,CNC Operation,TC_0017,2025-03-12,Assessed,98.0,No,,Not Applicable,,,,,,,
PART_02127,Kavita Rao 83,28,Female,Graduate,Aurangabad,Taluka_9,3-5 Lakhs,No,Customer Service,TC_0229,2025-07-23,Dropped Out,,No,,Not Applicable,,,,,,,
PART_02128,Dinesh Shinde 10,39,Male,Diploma,Thane,Taluka_7,3-5 Lakhs,Yes,Customer Service,TC_0063,2026-02-24,Assessed,98.0,No,,Not Applicable,,,,,,,
PART_02129,Ashok Pawar 62,44,Male,Post Graduate,Solapur,Taluka_3,Above 10 Lakhs,No,Electrician Training,TC_0103,2026-07-14,Completed,74.0,No,,Placed,Fortis Healthcare,Quality Analyst,30224.0,,Nagpur,4.0,No
PART_02130,Usha Menon 21,33,Female,Post Graduate,Thane,Taluka_1,Below 1 Lakh,No,CNC Operation,TC_0458,2025-01-06,Completed,61.0,No,,Not Placed,,,,,,4.0,Maybe
PART_02131,Dinesh Shinde 89,37,Female,Graduate,Akola,Taluka_2,Above 10 Lakhs,No,Cloud Computing,TC_0214,2026-01-24,Assessed,52.0,No,,Not Applicable,,,,,,,
PART_02132,Geeta Sawant 33,39,Male,Diploma,Jalgaon,Taluka_5,1-3 Lakhs,No,Cloud Computing,TC_0250,2025-01-07,Certified,99.0,Yes,2025-05-20,Placed,Razorpay,Supply Chain Analyst,28649.0,2025-05-23,Nagpur,,
PART_02133,Neha Dubey 35,41,Female,Post Graduate,Aurangabad,Taluka_2,1-3 Lakhs,No,Medical Lab Technology,TC_0340,2025-06-02,Completed,100.0,No,,Placed,Vedantu,Business Analyst,50376.0,,Osmanabad,5.0,Yes
PART_02134,Vikram Singh 85,22,Male,Graduate,Parbhani,Taluka_7,Above 10 Lakhs,Yes,CNC Operation,TC_0310,2025-06-14,Completed,42.0,No,,Self Employed,,,,,,2.0,Maybe
PART_02135,Preeti Chopra 13,37,Male,10th Pass,Aurangabad,Taluka_7,3-5 Lakhs,No,CNC Operation,TC_0034,2025-11-08,Ongoing,,No,,Not Applicable,,,,,,4.0,Yes
PART_02136,Manoj Tiwari 84,26,Female,12th Pass,Nanded,Taluka_6,1-3 Lakhs,Yes,Warehouse Management,TC_0089,2026-01-20,Certified,99.0,Yes,2026-05-26,Placed,PhonePe,Quality Analyst,65923.0,2026-07-27,Yavatmal,,
PART_02137,Prakash More 79,20,Female,Diploma,Aurangabad,Taluka_1,5-10 Lakhs,No,Welding Technology,TC_0419,2025-12-01,Ongoing,,No,,Not Applicable,,,,,,2.0,No
PART_02138,Rahul Verma 91,34,Other,10th Pass,Solapur,Taluka_2,Below 1 Lakh,No,Welding Technology,TC_0423,2025-04-04,Completed,84.0,No,,Self Employed,,,,,,1.0,Maybe
PART_02139,Sunita Kaur 82,43,Female,Graduate,Aurangabad,Taluka_3,Above 10 Lakhs,Yes,Mobile Repair,TC_0119,2025-11-04,Assessed,84.0,No,,Not Applicable,,,,,,,
PART_02140,Rajesh Kumar 16,39,Other,12th Pass,Latur,Taluka_4,3-5 Lakhs,Yes,Customer Service,TC_0342,2026-05-03,Assessed,57.0,No,,Not Applicable,,,,,,,
PART_02141,Anjali Reddy 56,26,Other,12th Pass,Bhiwandi,Taluka_1,5-10 Lakhs,Yes,Retail Management,TC_0067,2026-05-09,Ongoing,,No,,Not Applicable,,,,,,2.0,Maybe
PART_02142,Preeti Chopra 30,28,Female,12th Pass,Latur,Taluka_2,Below 1 Lakh,No,Full Stack Development,TC_0275,2025-11-03,Certified,56.0,Yes,2026-02-07,Placed,Crompton Greaves,Full Stack Developer,28583.0,2026-03-24,Nagpur,,
PART_02143,Priya Sharma 72,31,Other,Post Graduate,Amravati,Taluka_9,3-5 Lakhs,No,Digital Marketing,TC_0081,2025-01-23,Ongoing,,No,,Not Applicable,,,,,,1.0,Yes
PART_02144,Amit Patel 43,44,Other,Post Graduate,Jalgaon,Taluka_9,Above 10 Lakhs,Yes,Mobile Repair,TC_0223,2025-03-02,Dropped Out,,No,,Not Applicable,,,,,,,
PART_02145,Neha Dubey 49,23,Female,Post Graduate,Parbhani,Taluka_4,3-5 Lakhs,No,Food Processing,TC_0215,2026-02-28,Completed,51.0,No,,Placed,HCL,Warehouse Supervisor,36044.0,,Yavatmal,5.0,Yes
PART_02146,Ashok Pawar 25,32,Female,Graduate,Akola,Taluka_1,5-10 Lakhs,Yes,Electrician Training,TC_0466,2025-09-07,Completed,52.0,No,,Not Placed,,,,,,2.0,No
PART_02147,Preeti Chopra 92,34,Male,10th Pass,Amravati,Taluka_8,Below 1 Lakh,Yes,Automotive Mechanic,TC_0404,2026-07-27,Assessed,58.0,No,,Not Applicable,,,,,,,
PART_02148,Dinesh Shinde 46,44,Other,Diploma,Amravati,Taluka_2,1-3 Lakhs,No,Warehouse Management,TC_0096,2025-03-03,Completed,94.0,No,,Not Placed,,,,,,5.0,Yes
PART_02149,Nitin Bhosale 11,45,Other,10th Pass,Parbhani,Taluka_9,3-5 Lakhs,Yes,Retail Management,TC_0090,2025-04-04,Assessed,85.0,No,,Not Applicable,,,,,,,
PART_02150,Rahul Verma 19,20,Male,10th Pass,Bhiwandi,Taluka_2,Below 1 Lakh,No,Beauty & Wellness,TC_0096,2026-05-09,Dropped Out,,No,,Not Applicable,,,,,,,
PART_02151,Mohan Rao 51,22,Other,Post Graduate,Sangli,Taluka_8,Above 10 Lakhs,Yes,Automotive Mechanic,TC_0475,2026-06-23,Dropped Out,,No,,Not Applicable,,,,,,,
PART_02152,Manoj Tiwari 72,29,Other,Diploma,Nashik,Taluka_2,5-10 Lakhs,Yes,Mobile Repair,TC_0363,2025-02-06,Ongoing,,No,,Not Applicable,,,,,,1.0,Yes
PART_02153,Ashok Pawar 41,37,Male,12th Pass,Bhiwandi,Taluka_3,1-3 Lakhs,Yes,Full Stack Development,TC_0236,2026-06-01,Completed,67.0,No,,Not Placed,,,,,,3.0,No
PART_02154,Dinesh Shinde 14,32,Other,10th Pass,Jalna,Taluka_3,1-3 Lakhs,Yes,Customer Service,TC_0108,2026-07-15,Dropped Out,,No,,Not Applicable,,,,,,,
PART_02155,Vikram Singh 84,33,Other,Post Graduate,Chandrapur,Taluka_5,Below 1 Lakh,Yes,Accounting & GST,TC_0118,2025-03-20,Dropped Out,,No,,Not Applicable,,,,,,,
PART_02156,Rekha Pillai 64,18,Female,Graduate,Jalgaon,Taluka_7,Below 1 Lakh,No,Data Analytics,TC_0146,2026-06-07,Ongoing,,No,,Not Applicable,,,,,,3.0,No
PART_02157,Laxmi Hegde 18,21,Male,12th Pass,Nanded,Taluka_5,3-5 Lakhs,Yes,Beauty & Wellness,TC_0137,2025-01-27,Completed,50.0,No,,Not Placed,,,,,,4.0,No
PART_02158,Mohan Rao 69,34,Male,Post Graduate,Mumbai,Taluka_10,5-10 Lakhs,Yes,Customer Service,TC_0457,2026-02-11,Assessed,43.0,No,,Not Applicable,,,,,,,
PART_02159,Preeti Chopra 38,44,Other,Diploma,Dhule,Taluka_6,Below 1 Lakh,Yes,Food Processing,TC_0126,2026-07-17,Certified,99.0,Yes,2027-01-08,Not Placed,,,,,,,
PART_02160,Preeti Chopra 61,25,Male,Post Graduate,Dhule,Taluka_9,3-5 Lakhs,No,Full Stack Development,TC_0283,2025-04-16,Completed,62.0,No,,Placed,IBM,Technician,29281.0,,Chandrapur,5.0,Yes
PART_02161,Nitin Bhosale 47,42,Male,Graduate,Solapur,Taluka_6,1-3 Lakhs,Yes,Beauty & Wellness,TC_0223,2025-12-17,Ongoing,,No,,Not Applicable,,,,,,5.0,Maybe
PART_02162,Rahul Verma 100,39,Male,Graduate,Solapur,Taluka_1,Above 10 Lakhs,Yes,Cloud Computing,TC_0363,2025-03-17,Completed,59.0,No,,Self Employed,,,,,,5.0,Maybe
PART_02163,Shweta Bhatt 2,19,Other,12th Pass,Dhule,Taluka_10,Below 1 Lakh,No,Automotive Mechanic,TC_0141,2025-05-31,Assessed,43.0,No,,Not Applicable,,,,,,,
PART_02164,Anjali Reddy 56,33,Female,10th Pass,Jalgaon,Taluka_2,Above 10 Lakhs,Yes,Retail Management,TC_0127,2025-04-02,Dropped Out,,No,,Not Applicable,,,,,,,
PART_02165,Suresh Yadav 30,43,Female,Graduate,Kolhapur,Taluka_7,3-5 Lakhs,Yes,Medical Lab Technology,TC_0048,2026-03-05,Assessed,72.0,No,,Not Applicable,,,,,,,
PART_02166,Shweta Bhatt 12,23,Other,Post Graduate,Dhule,Taluka_2,3-5 Lakhs,Yes,CNC Operation,TC_0156,2026-07-19,Dropped Out,,No,,Not Applicable,,,,,,,
PART_02167,Arun Kulkarni 34,29,Female,Diploma,Bhiwandi,Taluka_10,Above 10 Lakhs,No,Accounting & GST,TC_0490,2025-09-04,Ongoing,,No,,Not Applicable,,,,,,5.0,Yes
PART_02168,Laxmi Hegde 99,23,Female,Diploma,Kolhapur,Taluka_5,Below 1 Lakh,No,Cloud Computing,TC_0461,2026-05-11,Assessed,68.0,No,,Not Applicable,,,,,,,
PART_02169,Shweta Bhatt 92,44,Female,Diploma,Jalgaon,Taluka_7,5-10 Lakhs,No,Warehouse Management,TC_0071,2025-02-01,Certified,76.0,Yes,2025-05-05,Not Placed,,,,,,,
PART_02170,Prakash More 80,29,Other,Diploma,Sangli,Taluka_5,3-5 Lakhs,Yes,Beauty & Wellness,TC_0222,2026-01-17,Ongoing,,No,,Not Applicable,,,,,,3.0,Yes
PART_02171,Sunita Kaur 64,44,Male,Graduate,Thane,Taluka_9,1-3 Lakhs,Yes,Digital Marketing,TC_0100,2025-01-21,Completed,74.0,No,,Self Employed,,,,,,3.0,Maybe
PART_02172,Vikram Singh 63,32,Other,Post Graduate,Chandrapur,Taluka_1,1-3 Lakhs,Yes,Food Processing,TC_0330,2026-06-28,Dropped Out,,No,,Not Applicable,,,,,,,
PART_02173,Suresh Yadav 8,22,Female,Graduate,Nashik,Taluka_4,3-5 Lakhs,Yes,CNC Operation,TC_0196,2025-06-09,Completed,44.0,No,,Self Employed,,,,,,5.0,Maybe
PART_02174,Anjali Reddy 39,18,Other,Graduate,Chandrapur,Taluka_9,5-10 Lakhs,No,Medical Lab Technology,TC_0284,2026-02-04,Dropped Out,,No,,Not Applicable,,,,,,,
PART_02175,Shweta Bhatt 54,27,Female,Post Graduate,Nanded,Taluka_6,3-5 Lakhs,No,Customer Service,TC_0058,2026-02-17,Completed,79.0,No,,Placed,Tata Motors,Supply Chain Analyst,68403.0,,Aurangabad,3.0,Maybe
PART_02176,Neha Dubey 19,22,Other,10th Pass,Amravati,Taluka_2,3-5 Lakhs,No,Full Stack Development,TC_0428,2026-08-03,Completed,52.0,No,,Not Placed,,,,,,1.0,No
PART_02177,Mohan Rao 95,29,Male,Diploma,Nanded,Taluka_2,5-10 Lakhs,No,CNC Operation,TC_0220,2025-02-22,Completed,74.0,No,,Not Placed,,,,,,5.0,Maybe
PART_02178,Shweta Bhatt 60,29,Male,12th Pass,Dhule,Taluka_6,Above 10 Lakhs,No,Electrician Training,TC_0355,2025-09-06,Completed,89.0,No,,Self Employed,,,,,,5.0,Yes
PART_02179,Anil Kamble 9,32,Other,12th Pass,Latur,Taluka_4,3-5 Lakhs,No,Accounting & GST,TC_0022,2025-10-31,Completed,43.0,No,,Placed,IBM,Technician,48291.0,,Solapur,2.0,Maybe
PART_02180,Anjali Reddy 52,31,Female,Graduate,Aurangabad,Taluka_2,1-3 Lakhs,No,Warehouse Management,TC_0483,2025-11-30,Completed,87.0,No,,Self Employed,,,,,,5.0,No
PART_02181,Laxmi Hegde 97,37,Male,12th Pass,Nanded,Taluka_7,3-5 Lakhs,Yes,Customer Service,TC_0466,2026-03-07,Completed,48.0,No,,Further Studies,,,,,,3.0,Yes
PART_02182,Priya Sharma 1,43,Male,Post Graduate,Solapur,Taluka_1,5-10 Lakhs,No,Mobile Repair,TC_0356,2025-06-19,Dropped Out,,No,,Not Applicable,,,,,,,
PART_02183,Pooja Joshi 65,21,Male,Graduate,Ahmednagar,Taluka_6,Above 10 Lakhs,No,Medical Lab Technology,TC_0014,2026-06-18,Ongoing,,No,,Not Applicable,,,,,,3.0,Yes
PART_02184,Suresh Yadav 97,21,Male,Graduate,Nanded,Taluka_10,Above 10 Lakhs,No,Full Stack Development,TC_0338,2025-09-21,Ongoing,,No,,Not Applicable,,,,,,3.0,No
PART_02185,Meera Nair 25,33,Other,12th Pass,Parbhani,Taluka_2,5-10 Lakhs,No,Electrician Training,TC_0253,2025-11-10,Completed,64.0,No,,Not Placed,,,,,,3.0,Yes
PART_02186,Meera Nair 49,40,Male,12th Pass,Sangli,Taluka_5,5-10 Lakhs,No,Full Stack Development,TC_0260,2026-03-18,Ongoing,,No,,Not Applicable,,,,,,1.0,No
PART_02187,Ashok Pawar 92,21,Male,Diploma,Aurangabad,Taluka_7,3-5 Lakhs,Yes,Beauty & Wellness,TC_0314,2025-04-16,Ongoing,,No,,Not Applicable,,,,,,3.0,Yes
PART_02188,Rahul Verma 75,33,Female,Post Graduate,Mumbai,Taluka_9,5-10 Lakhs,No,Full Stack Development,TC_0355,2025-02-06,Ongoing,,No,,Not Applicable,,,,,,1.0,Maybe
PART_02189,Nitin Bhosale 35,42,Male,Diploma,Jalgaon,Taluka_2,5-10 Lakhs,Yes,Mobile Repair,TC_0274,2026-05-12,Ongoing,,No,,Not Applicable,,,,,,2.0,Maybe
PART_02190,Amit Patel 71,44,Other,Post Graduate,Sangli,Taluka_5,1-3 Lakhs,No,Food Processing,TC_0195,2025-06-03,Ongoing,,No,,Not Applicable,,,,,,2.0,Maybe
PART_02191,Manoj Tiwari 38,41,Male,Post Graduate,Solapur,Taluka_3,1-3 Lakhs,Yes,Electrician Training,TC_0317,2025-05-25,Certified,91.0,Yes,2025-10-26,Further Studies,,,,,,,
PART_02192,Geeta Sawant 28,22,Male,Diploma,Nagpur,Taluka_2,Above 10 Lakhs,Yes,CNC Operation,TC_0150,2025-12-15,Certified,80.0,Yes,2026-05-03,Placed,Flipkart,Quality Analyst,35081.0,2026-05-08,Jalna,,
PART_02193,Usha Menon 59,31,Other,Diploma,Chandrapur,Taluka_5,Above 10 Lakhs,No,Mobile Repair,TC_0176,2025-12-30,Dropped Out,,No,,Not Applicable,,,,,,,
PART_02194,Rahul Verma 8,19,Female,Post Graduate,Parbhani,Taluka_6,Above 10 Lakhs,No,Digital Marketing,TC_0439,2025-08-07,Ongoing,,No,,Not Applicable,,,,,,1.0,Yes
PART_02195,Nitin Bhosale 38,26,Other,12th Pass,Solapur,Taluka_4,5-10 Lakhs,No,Automotive Mechanic,TC_0470,2025-02-06,Ongoing,,No,,Not Applicable,,,,,,3.0,Yes
PART_02196,Suresh Yadav 16,24,Male,10th Pass,Latur,Taluka_8,1-3 Lakhs,No,Data Analytics,TC_0469,2026-04-24,Certified,54.0,Yes,2026-10-12,Not Placed,,,,,,,
PART_02197,Amit Patel 91,34,Male,Graduate,Jalgaon,Taluka_2,3-5 Lakhs,No,CNC Operation,TC_0107,2026-06-26,Ongoing,,No,,Not Applicable,,,,,,4.0,Maybe
PART_02198,Geeta Sawant 1,24,Male,Graduate,Bhiwandi,Taluka_3,1-3 Lakhs,No,Electrician Training,TC_0230,2025-06-04,Ongoing,,No,,Not Applicable,,,,,,4.0,No
PART_02199,Mohan Rao 1,21,Other,Post Graduate,Jalna,Taluka_6,Below 1 Lakh,No,Retail Management,TC_0190,2025-10-03,Ongoing,,No,,Not Applicable,,,,,,2.0,No
PART_02200,Deepa Iyer 27,30,Male,12th Pass,Jalna,Taluka_1,Above 10 Lakhs,Yes,Accounting & GST,TC_0187,2025-03-26,Completed,94.0,No,,Placed,Razorpay,Machine Operator,56816.0,,Yavatmal,4.0,Yes
PART_02201,Deepa Iyer 35,23,Other,10th Pass,Ahmednagar,Taluka_5,1-3 Lakhs,Yes,CNC Operation,TC_0408,2026-02-08,Ongoing,,No,,Not Applicable,,,,,,4.0,Yes
PART_02202,Rahul Verma 16,36,Male,Post Graduate,Nanded,Taluka_3,Below 1 Lakh,Yes,Automotive Mechanic,TC_0374,2025-02-24,Dropped Out,,No,,Not Applicable,,,,,,,
PART_02203,Suresh Yadav 11,22,Other,10th Pass,Jalgaon,Taluka_1,5-10 Lakhs,No,Welding Technology,TC_0356,2025-04-13,Ongoing,,No,,Not Applicable,,,,,,3.0,Yes
PART_02204,Prakash More 24,36,Female,12th Pass,Nashik,Taluka_7,5-10 Lakhs,Yes,Food Processing,TC_0087,2026-02-28,Completed,61.0,No,,Not Placed,,,,,,5.0,Yes
PART_02205,Nitin Bhosale 22,31,Female,Diploma,Pune,Taluka_10,1-3 Lakhs,No,CNC Operation,TC_0246,2025-04-27,Ongoing,,No,,Not Applicable,,,,,,4.0,Maybe
PART_02206,Rekha Pillai 8,33,Other,12th Pass,Ahmednagar,Taluka_3,Above 10 Lakhs,No,Electrician Training,TC_0335,2025-10-25,Completed,44.0,No,,Placed,Tech Mahindra,Accountant,19133.0,,Mumbai,4.0,Yes
PART_02207,Laxmi Hegde 56,28,Female,Post Graduate,Bhiwandi,Taluka_9,Above 10 Lakhs,No,Full Stack Development,TC_0382,2026-01-28,Dropped Out,,No,,Not Applicable,,,,,,,
PART_02208,Ashok Pawar 36,22,Other,12th Pass,Nagpur,Taluka_9,Below 1 Lakh,Yes,Warehouse Management,TC_0033,2025-01-12,Ongoing,,No,,Not Applicable,,,,,,5.0,No
PART_02209,Rajesh Kumar 68,34,Male,12th Pass,Solapur,Taluka_7,1-3 Lakhs,No,Beauty & Wellness,TC_0067,2026-04-06,Assessed,88.0,No,,Not Applicable,,,,,,,
PART_02210,Kavita Rao 9,18,Female,Diploma,Mumbai,Taluka_9,5-10 Lakhs,Yes,Data Analytics,TC_0450,2025-01-03,Dropped Out,,No,,Not Applicable,,,,,,,
PART_02211,Dinesh Shinde 27,36,Other,Post Graduate,Solapur,Taluka_5,3-5 Lakhs,No,Welding Technology,TC_0308,2026-08-14,Dropped Out,,No,,Not Applicable,,,,,,,
PART_02212,Rahul Verma 26,42,Female,12th Pass,Latur,Taluka_5,1-3 Lakhs,No,Cloud Computing,TC_0419,2025-02-09,Assessed,50.0,No,,Not Applicable,,,,,,,
PART_02213,Prakash More 24,28,Female,Diploma,Parbhani,Taluka_4,5-10 Lakhs,No,Medical Lab Technology,TC_0246,2025-03-16,Dropped Out,,No,,Not Applicable,,,,,,,
PART_02214,Meera Nair 5,30,Other,10th Pass,Nashik,Taluka_10,3-5 Lakhs,No,Digital Marketing,TC_0001,2025-12-28,Ongoing,,No,,Not Applicable,,,,,,1.0,No
PART_02215,Preeti Chopra 62,43,Other,Diploma,Chandrapur,Taluka_6,1-3 Lakhs,No,Digital Marketing,TC_0170,2026-03-22,Ongoing,,No,,Not Applicable,,,,,,4.0,Yes
PART_02216,Nitin Bhosale 20,22,Male,Post Graduate,Thane,Taluka_1,5-10 Lakhs,Yes,Medical Lab Technology,TC_0220,2026-05-25,Completed,54.0,No,,Placed,Tech Mahindra,DevOps Engineer,26588.0,,Raigad,2.0,No
PART_02217,Manoj Tiwari 98,23,Female,10th Pass,Jalna,Taluka_2,Below 1 Lakh,Yes,Data Analytics,TC_0444,2026-04-28,Completed,71.0,No,,Not Placed,,,,,,4.0,Yes
PART_02218,Rekha Pillai 79,29,Other,12th Pass,Dhule,Taluka_9,5-10 Lakhs,Yes,CNC Operation,TC_0372,2026-06-23,Assessed,77.0,No,,Not Applicable,,,,,,,
PART_02219,Rekha Pillai 60,33,Other,Graduate,Latur,Taluka_8,3-5 Lakhs,Yes,Automotive Mechanic,TC_0219,2026-05-22,Ongoing,,No,,Not Applicable,,,,,,2.0,Maybe
PART_02220,Sunita Kaur 48,22,Female,Diploma,Jalgaon,Taluka_1,1-3 Lakhs,No,Medical Lab Technology,TC_0364,2025-12-16,Completed,51.0,No,,Placed,Mahindra & Mahindra,Sales Executive,45010.0,,Nashik,1.0,No
PART_02221,Shweta Bhatt 25,33,Other,10th Pass,Amravati,Taluka_10,3-5 Lakhs,No,Medical Lab Technology,TC_0495,2025-07-01,Certified,59.0,Yes,2025-12-11,Further Studies,,,,,,,
PART_02222,Rahul Verma 55,32,Other,10th Pass,Jalna,Taluka_3,Below 1 Lakh,Yes,Welding Technology,TC_0226,2025-06-02,Dropped Out,,No,,Not Applicable,,,,,,,
PART_02223,Ramesh Jadhav 33,21,Female,Graduate,Nashik,Taluka_8,5-10 Lakhs,Yes,Welding Technology,TC_0283,2025-01-01,Dropped Out,,No,,Not Applicable,,,,,,,
PART_02224,Rahul Verma 96,18,Female,Graduate,Amravati,Taluka_9,Below 1 Lakh,No,Accounting & GST,TC_0278,2025-03-06,Ongoing,,No,,Not Applicable,,,,,,1.0,Yes
PART_02225,Laxmi Hegde 12,26,Female,10th Pass,Parbhani,Taluka_10,Below 1 Lakh,No,Mobile Repair,TC_0246,2026-01-24,Ongoing,,No,,Not Applicable,,,,,,2.0,Yes
PART_02226,Shweta Bhatt 90,29,Female,12th Pass,Nanded,Taluka_3,Above 10 Lakhs,Yes,Retail Management,TC_0339,2026-05-12,Completed,97.0,No,,Placed,TCS,Cybersecurity Analyst,54524.0,,Beed,3.0,Maybe
PART_02227,Anjali Reddy 41,35,Male,Post Graduate,Thane,Taluka_9,Below 1 Lakh,No,Retail Management,TC_0452,2025-05-17,Completed,78.0,No,,Not Placed,,,,,,1.0,Maybe
PART_02228,Laxmi Hegde 60,20,Female,Post Graduate,Jalna,Taluka_5,5-10 Lakhs,No,Full Stack Development,TC_0219,2025-03-31,Assessed,50.0,No,,Not Applicable,,,,,,,
PART_02229,Suresh Yadav 91,18,Female,Graduate,Parbhani,Taluka_8,5-10 Lakhs,Yes,Warehouse Management,TC_0241,2025-11-12,Completed,82.0,No,,Placed,Larsen & Toubro,Machine Learning Engineer,70118.0,,Yavatmal,4.0,Yes
PART_02230,Neha Dubey 96,36,Female,10th Pass,Nanded,Taluka_8,Above 10 Lakhs,No,CNC Operation,TC_0399,2026-01-06,Certified,51.0,Yes,2026-04-15,Placed,Flipkart,Warehouse Supervisor,75168.0,2026-06-13,Jalna,,
PART_02231,Deepa Iyer 16,22,Female,Post Graduate,Mumbai,Taluka_1,5-10 Lakhs,Yes,Data Analytics,TC_0306,2026-05-26,Completed,99.0,No,,Placed,Paytm,Cybersecurity Analyst,40129.0,,Aurangabad,5.0,Yes
PART_02232,Arun Kulkarni 28,39,Other,12th Pass,Sangli,Taluka_4,Above 10 Lakhs,Yes,Data Analytics,TC_0149,2026-02-19,Dropped Out,,No,,Not Applicable,,,,,,,
PART_02233,Rekha Pillai 45,38,Female,10th Pass,Bhiwandi,Taluka_7,Above 10 Lakhs,No,Digital Marketing,TC_0229,2026-03-02,Assessed,42.0,No,,Not Applicable,,,,,,,
PART_02234,Suresh Yadav 30,37,Other,10th Pass,Solapur,Taluka_3,3-5 Lakhs,No,Customer Service,TC_0404,2026-02-17,Assessed,72.0,No,,Not Applicable,,,,,,,
PART_02235,Amit Patel 60,36,Other,Diploma,Parbhani,Taluka_10,Above 10 Lakhs,No,Warehouse Management,TC_0177,2025-10-21,Certified,91.0,Yes,2026-03-18,Not Placed,,,,,,,
PART_02236,Mohan Rao 20,41,Female,12th Pass,Nagpur,Taluka_5,Below 1 Lakh,Yes,CNC Operation,TC_0406,2025-10-14,Ongoing,,No,,Not Applicable,,,,,,5.0,No
PART_02237,Geeta Sawant 35,36,Female,Post Graduate,Latur,Taluka_8,1-3 Lakhs,Yes,Customer Service,TC_0271,2025-03-14,Completed,44.0,No,,Not Placed,,,,,,1.0,Yes
PART_02238,Deepa Iyer 16,34,Female,10th Pass,Latur,Taluka_4,3-5 Lakhs,Yes,Customer Service,TC_0286,2026-03-08,Assessed,68.0,No,,Not Applicable,,,,,,,
PART_02239,Nitin Bhosale 93,43,Female,Post Graduate,Nanded,Taluka_6,1-3 Lakhs,No,Automotive Mechanic,TC_0173,2026-05-15,Completed,81.0,No,,Placed,Axis Bank,Business Analyst,54586.0,,Amravati,1.0,Maybe
PART_02240,Rahul Verma 54,32,Female,10th Pass,Ahmednagar,Taluka_9,1-3 Lakhs,No,Welding Technology,TC_0316,2025-11-10,Completed,52.0,No,,Placed,ICICI Bank,Full Stack Developer,41582.0,,Yavatmal,5.0,Yes
PART_02241,Kavita Rao 18,32,Male,10th Pass,Jalna,Taluka_4,Below 1 Lakh,Yes,Full Stack Development,TC_0399,2026-02-20,Certified,71.0,Yes,2026-05-29,Self Employed,,,,,,,
PART_02242,Deepa Iyer 17,32,Male,12th Pass,Dhule,Taluka_2,Above 10 Lakhs,No,Cloud Computing,TC_0041,2025-05-27,Completed,52.0,No,,Placed,ICICI Bank,Full Stack Developer,36298.0,,Aurangabad,4.0,Yes
PART_02243,Shweta Bhatt 96,40,Female,12th Pass,Kolhapur,Taluka_4,1-3 Lakhs,No,Beauty & Wellness,TC_0121,2025-08-10,Certified,78.0,Yes,2025-11-09,Not Placed,,,,,,,
PART_02244,Anil Kamble 21,37,Female,Diploma,Nagpur,Taluka_5,5-10 Lakhs,Yes,Digital Marketing,TC_0116,2025-08-24,Ongoing,,No,,Not Applicable,,,,,,2.0,Yes
PART_02245,Geeta Sawant 54,42,Other,Diploma,Parbhani,Taluka_6,3-5 Lakhs,No,Retail Management,TC_0292,2025-01-16,Assessed,87.0,No,,Not Applicable,,,,,,,
PART_02246,Pooja Joshi 82,24,Other,Diploma,Parbhani,Taluka_3,5-10 Lakhs,No,Automotive Mechanic,TC_0411,2025-06-30,Completed,40.0,No,,Self Employed,,,,,,3.0,No
PART_02247,Prakash More 28,40,Female,Graduate,Solapur,Taluka_8,Above 10 Lakhs,No,CNC Operation,TC_0237,2025-01-29,Certified,79.0,Yes,2025-06-11,Placed,Siemens,UI/UX Designer,60014.0,2025-08-10,Pune,,
PART_02248,Laxmi Hegde 74,34,Male,12th Pass,Parbhani,Taluka_1,5-10 Lakhs,No,Medical Lab Technology,TC_0188,2026-07-23,Completed,66.0,No,,Not Placed,,,,,,4.0,Maybe
PART_02249,Anil Kamble 47,32,Female,10th Pass,Thane,Taluka_9,Above 10 Lakhs,No,Customer Service,TC_0285,2025-06-30,Dropped Out,,No,,Not Applicable,,,,,,,
PART_02250,Prakash More 53,28,Male,Diploma,Mumbai,Taluka_6,Above 10 Lakhs,Yes,Beauty & Wellness,TC_0031,2026-08-16,Assessed,98.0,No,,Not Applicable,,,,,,,
PART_02251,Pooja Joshi 79,32,Male,10th Pass,Kolhapur,Taluka_8,5-10 Lakhs,No,Mobile Repair,TC_0265,2025-10-26,Ongoing,,No,,Not Applicable,,,,,,3.0,Maybe
PART_02252,Ashok Pawar 23,33,Female,12th Pass,Aurangabad,Taluka_2,3-5 Lakhs,No,Electrician Training,TC_0407,2025-07-29,Ongoing,,No,,Not Applicable,,,,,,3.0,No
PART_02253,Arun Kulkarni 86,38,Male,Graduate,Aurangabad,Taluka_6,3-5 Lakhs,No,Digital Marketing,TC_0495,2025-05-30,Dropped Out,,No,,Not Applicable,,,,,,,
PART_02254,Sunita Kaur 27,22,Other,Post Graduate,Bhiwandi,Taluka_10,Above 10 Lakhs,Yes,Electrician Training,TC_0301,2025-12-19,Dropped Out,,No,,Not Applicable,,,,,,,
PART_02255,Sunita Kaur 19,26,Female,10th Pass,Bhiwandi,Taluka_7,Below 1 Lakh,No,Digital Marketing,TC_0232,2026-03-07,Ongoing,,No,,Not Applicable,,,,,,3.0,Yes
PART_02256,Arun Kulkarni 9,32,Male,10th Pass,Mumbai,Taluka_7,Above 10 Lakhs,No,Welding Technology,TC_0219,2026-06-10,Ongoing,,No,,Not Applicable,,,,,,1.0,Maybe
PART_02257,Mohan Rao 40,27,Male,10th Pass,Thane,Taluka_7,5-10 Lakhs,Yes,Welding Technology,TC_0413,2025-05-15,Completed,67.0,No,,Placed,Godrej Industries,Quality Analyst,45621.0,,Jalna,4.0,Maybe
PART_02258,Suresh Yadav 81,30,Female,Post Graduate,Nagpur,Taluka_6,Above 10 Lakhs,No,Food Processing,TC_0428,2026-07-30,Completed,50.0,No,,Not Placed,,,,,,3.0,No
PART_02259,Anjali Reddy 21,28,Female,Graduate,Pune,Taluka_8,3-5 Lakhs,Yes,Automotive Mechanic,TC_0499,2025-05-13,Assessed,69.0,No,,Not Applicable,,,,,,,
PART_02260,Usha Menon 76,18,Female,Graduate,Aurangabad,Taluka_6,Above 10 Lakhs,No,CNC Operation,TC_0427,2025-03-30,Certified,88.0,Yes,2025-07-30,Placed,PhonePe,Warehouse Supervisor,43645.0,2025-09-18,Nanded,,
PART_02261,Pooja Joshi 39,20,Female,Diploma,Nashik,Taluka_8,Above 10 Lakhs,No,Welding Technology,TC_0182,2025-04-16,Dropped Out,,No,,Not Applicable,,,,,,,
PART_02262,Neha Dubey 88,31,Other,12th Pass,Ahmednagar,Taluka_9,5-10 Lakhs,Yes,Cloud Computing,TC_0424,2025-12-04,Certified,94.0,Yes,2026-05-12,Further Studies,,,,,,,
PART_02263,Amit Patel 38,33,Female,Diploma,Ahmednagar,Taluka_4,5-10 Lakhs,No,Electrician Training,TC_0082,2026-04-06,Ongoing,,No,,Not Applicable,,,,,,2.0,Yes
PART_02264,Geeta Sawant 99,19,Male,10th Pass,Thane,Taluka_1,Below 1 Lakh,No,Digital Marketing,TC_0214,2025-08-13,Completed,54.0,No,,Placed,HDFC Bank,Customer Support Specialist,79479.0,,Ahmednagar,4.0,No
PART_02265,Rekha Pillai 9,20,Other,12th Pass,Amravati,Taluka_3,Below 1 Lakh,No,CNC Operation,TC_0288,2026-03-29,Completed,76.0,No,,Placed,Fortis Healthcare,Cybersecurity Analyst,30313.0,,Aurangabad,4.0,No
PART_02266,Vikram Singh 3,29,Male,Diploma,Latur,Taluka_3,1-3 Lakhs,No,Automotive Mechanic,TC_0042,2025-12-13,Certified,94.0,Yes,2026-06-04,Not Placed,,,,,,,
PART_02267,Vikram Singh 66,19,Female,10th Pass,Akola,Taluka_10,Below 1 Lakh,No,Mobile Repair,TC_0213,2025-04-27,Dropped Out,,No,,Not Applicable,,,,,,,
PART_02268,Shweta Bhatt 17,35,Female,Diploma,Pune,Taluka_3,Above 10 Lakhs,No,Data Analytics,TC_0212,2025-06-05,Assessed,72.0,No,,Not Applicable,,,,,,,
PART_02269,Sunita Kaur 88,44,Other,12th Pass,Kolhapur,Taluka_1,3-5 Lakhs,Yes,Beauty & Wellness,TC_0365,2025-04-20,Ongoing,,No,,Not Applicable,,,,,,4.0,No
PART_02270,Kavita Rao 27,42,Female,Post Graduate,Ahmednagar,Taluka_6,1-3 Lakhs,No,Retail Management,TC_0235,2025-10-17,Dropped Out,,No,,Not Applicable,,,,,,,
PART_02271,Arun Kulkarni 17,29,Male,Diploma,Dhule,Taluka_1,Above 10 Lakhs,No,Customer Service,TC_0351,2025-01-03,Ongoing,,No,,Not Applicable,,,,,,1.0,Yes
PART_02272,Sanjay Gupta 51,24,Male,Graduate,Latur,Taluka_2,Above 10 Lakhs,Yes,Beauty & Wellness,TC_0034,2025-12-11,Dropped Out,,No,,Not Applicable,,,,,,,
PART_02273,Meera Nair 62,22,Other,Diploma,Nagpur,Taluka_3,Above 10 Lakhs,No,Beauty & Wellness,TC_0171,2025-08-03,Completed,44.0,No,,Not Placed,,,,,,2.0,No
PART_02274,Rahul Verma 57,30,Male,10th Pass,Jalgaon,Taluka_9,Above 10 Lakhs,No,Beauty & Wellness,TC_0481,2025-12-26,Assessed,66.0,No,,Not Applicable,,,,,,,
PART_02275,Rajesh Kumar 74,20,Male,Graduate,Nanded,Taluka_5,Above 10 Lakhs,Yes,Welding Technology,TC_0099,2025-06-12,Assessed,68.0,No,,Not Applicable,,,,,,,
PART_02276,Anil Kamble 13,29,Other,Diploma,Akola,Taluka_5,5-10 Lakhs,Yes,Customer Service,TC_0176,2026-07-03,Ongoing,,No,,Not Applicable,,,,,,4.0,Yes
PART_02277,Amit Patel 75,42,Female,Post Graduate,Jalna,Taluka_2,Below 1 Lakh,Yes,Full Stack Development,TC_0364,2025-01-13,Assessed,59.0,No,,Not Applicable,,,,,,,
PART_02278,Rahul Verma 32,33,Male,Graduate,Nagpur,Taluka_10,5-10 Lakhs,No,Welding Technology,TC_0285,2025-06-27,Dropped Out,,No,,Not Applicable,,,,,,,
PART_02279,Sanjay Gupta 37,33,Female,Post Graduate,Amravati,Taluka_4,5-10 Lakhs,No,Mobile Repair,TC_0046,2025-04-23,Dropped Out,,No,,Not Applicable,,,,,,,
PART_02280,Ramesh Jadhav 90,31,Male,Graduate,Ahmednagar,Taluka_7,5-10 Lakhs,No,Digital Marketing,TC_0183,2026-04-28,Completed,91.0,No,,Further Studies,,,,,,4.0,Yes
PART_02281,Usha Menon 19,19,Male,Graduate,Jalna,Taluka_9,1-3 Lakhs,No,Automotive Mechanic,TC_0281,2026-05-17,Ongoing,,No,,Not Applicable,,,,,,3.0,Maybe
PART_02282,Manoj Tiwari 11,39,Other,10th Pass,Aurangabad,Taluka_3,5-10 Lakhs,Yes,Electrician Training,TC_0362,2026-03-12,Ongoing,,No,,Not Applicable,,,,,,3.0,Maybe
PART_02283,Dinesh Shinde 68,28,Male,Post Graduate,Parbhani,Taluka_6,Below 1 Lakh,Yes,Food Processing,TC_0114,2026-03-08,Certified,50.0,Yes,2026-06-15,Placed,Narayana Health,Welder,28290.0,2026-06-28,Nashik,,
PART_02284,Rekha Pillai 62,43,Male,Diploma,Jalgaon,Taluka_6,5-10 Lakhs,Yes,Food Processing,TC_0292,2025-08-02,Certified,70.0,Yes,2026-01-29,Further Studies,,,,,,,
PART_02285,Laxmi Hegde 35,26,Male,12th Pass,Solapur,Taluka_4,5-10 Lakhs,No,Data Analytics,TC_0087,2026-01-30,Completed,52.0,No,,Self Employed,,,,,,4.0,No
PART_02286,Amit Patel 8,45,Male,Diploma,Aurangabad,Taluka_4,1-3 Lakhs,Yes,Full Stack Development,TC_0253,2025-06-26,Certified,69.0,Yes,2025-09-24,Placed,Wipro,Cybersecurity Analyst,65225.0,2025-12-19,Kolhapur,,
PART_02287,Shweta Bhatt 66,36,Female,Post Graduate,Mumbai,Taluka_4,5-10 Lakhs,Yes,Food Processing,TC_0034,2025-01-06,Completed,43.0,No,,Placed,Byju's,DevOps Engineer,25188.0,,Ahmednagar,1.0,Maybe
PART_02288,Prakash More 96,35,Male,Post Graduate,Jalgaon,Taluka_10,Above 10 Lakhs,No,Digital Marketing,TC_0265,2026-03-24,Assessed,88.0,No,,Not Applicable,,,,,,,
PART_02289,Manoj Tiwari 52,33,Female,Post Graduate,Jalgaon,Taluka_2,1-3 Lakhs,No,Automotive Mechanic,TC_0408,2026-07-02,Certified,69.0,Yes,2026-12-20,Placed,ICICI Bank,HR Coordinator,44192.0,2027-02-12,Yavatmal,,
PART_02290,Dinesh Shinde 71,44,Male,12th Pass,Latur,Taluka_9,Above 10 Lakhs,No,Welding Technology,TC_0063,2026-08-13,Assessed,93.0,No,,Not Applicable,,,,,,,
PART_02291,Suresh Yadav 50,21,Other,10th Pass,Mumbai,Taluka_7,3-5 Lakhs,Yes,Welding Technology,TC_0179,2026-04-15,Completed,65.0,No,,Not Placed,,,,,,4.0,No
PART_02292,Meera Nair 43,31,Female,Post Graduate,Bhiwandi,Taluka_10,5-10 Lakhs,Yes,Retail Management,TC_0402,2025-07-30,Ongoing,,No,,Not Applicable,,,,,,2.0,No
PART_02293,Usha Menon 28,32,Other,Diploma,Aurangabad,Taluka_4,1-3 Lakhs,No,Accounting & GST,TC_0477,2025-04-06,Ongoing,,No,,Not Applicable,,,,,,3.0,No
PART_02294,Rajesh Kumar 30,25,Female,Graduate,Nagpur,Taluka_8,5-10 Lakhs,Yes,Mobile Repair,TC_0463,2026-01-22,Certified,46.0,Yes,2026-06-11,Self Employed,,,,,,,
PART_02295,Prakash More 49,23,Male,10th Pass,Jalgaon,Taluka_7,Below 1 Lakh,No,Data Analytics,TC_0329,2025-08-15,Ongoing,,No,,Not Applicable,,,,,,2.0,Yes
PART_02296,Preeti Chopra 8,40,Male,Post Graduate,Solapur,Taluka_2,Below 1 Lakh,Yes,CNC Operation,TC_0197,2025-09-15,Completed,100.0,No,,Placed,Apollo Hospitals,Project Coordinator,59953.0,,Bhiwandi,2.0,Maybe
PART_02297,Mohan Rao 45,45,Male,12th Pass,Aurangabad,Taluka_10,Above 10 Lakhs,Yes,Digital Marketing,TC_0496,2026-07-02,Dropped Out,,No,,Not Applicable,,,,,,,
PART_02298,Geeta Sawant 7,18,Male,Diploma,Nashik,Taluka_1,5-10 Lakhs,No,Medical Lab Technology,TC_0382,2025-10-20,Ongoing,,No,,Not Applicable,,,,,,5.0,Maybe
PART_02299,Sneha Deshmukh 65,30,Other,Post Graduate,Kolhapur,Taluka_3,3-5 Lakhs,No,Medical Lab Technology,TC_0228,2026-08-19,Certified,69.0,Yes,2026-12-17,Not Placed,,,,,,,
PART_02300,Rajesh Kumar 46,23,Other,Diploma,Mumbai,Taluka_10,5-10 Lakhs,No,Food Processing,TC_0277,2026-01-24,Ongoing,,No,,Not Applicable,,,,,,5.0,Maybe
PART_02301,Rajesh Kumar 17,42,Other,Diploma,Ahmednagar,Taluka_3,1-3 Lakhs,Yes,Retail Management,TC_0266,2026-06-30,Assessed,68.0,No,,Not Applicable,,,,,,,
PART_02302,Kavita Rao 74,25,Other,Post Graduate,Parbhani,Taluka_1,5-10 Lakhs,Yes,Cloud Computing,TC_0110,2025-06-01,Certified,100.0,Yes,2025-10-11,Placed,Vedantu,Software Developer,52334.0,2025-10-27,Latur,,
PART_02303,Ramesh Jadhav 86,24,Male,Graduate,Sangli,Taluka_10,1-3 Lakhs,No,Data Analytics,TC_0272,2026-01-02,Completed,78.0,No,,Self Employed,,,,,,1.0,Maybe
PART_02304,Ashok Pawar 75,40,Female,10th Pass,Jalgaon,Taluka_8,1-3 Lakhs,Yes,Digital Marketing,TC_0318,2026-03-08,Certified,52.0,Yes,2026-08-16,Self Employed,,,,,,,
PART_02305,Laxmi Hegde 2,23,Male,10th Pass,Aurangabad,Taluka_6,Below 1 Lakh,No,Welding Technology,TC_0403,2025-08-22,Ongoing,,No,,Not Applicable,,,,,,1.0,Maybe
PART_02306,Geeta Sawant 47,35,Female,Graduate,Ahmednagar,Taluka_9,3-5 Lakhs,Yes,Customer Service,TC_0479,2025-06-12,Completed,68.0,No,,Not Placed,,,,,,5.0,Yes
PART_02307,Anil Kamble 44,45,Male,Graduate,Jalgaon,Taluka_4,1-3 Lakhs,Yes,Cloud Computing,TC_0161,2025-08-16,Dropped Out,,No,,Not Applicable,,,,,,,
PART_02308,Rahul Verma 35,19,Male,12th Pass,Amravati,Taluka_6,5-10 Lakhs,No,Mobile Repair,TC_0169,2025-08-02,Assessed,66.0,No,,Not Applicable,,,,,,,
PART_02309,Anil Kamble 48,23,Other,10th Pass,Jalgaon,Taluka_4,Above 10 Lakhs,Yes,Beauty & Wellness,TC_0024,2025-10-02,Dropped Out,,No,,Not Applicable,,,,,,,
PART_02310,Nitin Bhosale 2,27,Female,10th Pass,Bhiwandi,Taluka_3,Above 10 Lakhs,Yes,Data Analytics,TC_0163,2026-08-22,Certified,68.0,Yes,2027-01-05,Placed,Larsen & Toubro,Logistics Coordinator,56150.0,2027-01-14,Aurangabad,,
PART_02311,Amit Patel 100,23,Other,Graduate,Bhiwandi,Taluka_9,1-3 Lakhs,Yes,Welding Technology,TC_0186,2025-10-26,Completed,41.0,No,,Placed,ABB India,Software Developer,47468.0,,Jalna,1.0,Yes
PART_02312,Mohan Rao 44,30,Male,Graduate,Kolhapur,Taluka_2,1-3 Lakhs,Yes,Warehouse Management,TC_0258,2025-02-07,Completed,72.0,No,,Placed,Godrej Industries,Nurse,74725.0,,Aurangabad,4.0,No
PART_02313,Usha Menon 11,19,Other,Diploma,Dhule,Taluka_9,3-5 Lakhs,Yes,Automotive Mechanic,TC_0056,2026-01-28,Ongoing,,No,,Not Applicable,,,,,,1.0,Yes
PART_02314,Shweta Bhatt 71,27,Female,Diploma,Latur,Taluka_5,1-3 Lakhs,Yes,Welding Technology,TC_0159,2026-01-14,Certified,98.0,Yes,2026-05-25,Self Employed,,,,,,,
PART_02315,Amit Patel 91,43,Other,10th Pass,Solapur,Taluka_6,3-5 Lakhs,No,Electrician Training,TC_0095,2025-07-11,Ongoing,,No,,Not Applicable,,,,,,4.0,Yes
PART_02316,Usha Menon 32,22,Other,Diploma,Jalna,Taluka_10,1-3 Lakhs,No,Beauty & Wellness,TC_0058,2025-03-03,Assessed,69.0,No,,Not Applicable,,,,,,,
PART_02317,Rekha Pillai 9,21,Female,Graduate,Ahmednagar,Taluka_3,5-10 Lakhs,No,Customer Service,TC_0310,2025-07-14,Ongoing,,No,,Not Applicable,,,,,,1.0,Maybe
PART_02318,Preeti Chopra 62,45,Other,Graduate,Amravati,Taluka_6,Above 10 Lakhs,No,Full Stack Development,TC_0260,2025-10-11,Assessed,84.0,No,,Not Applicable,,,,,,,
PART_02319,Sunita Kaur 29,45,Female,Diploma,Dhule,Taluka_7,Above 10 Lakhs,No,Data Analytics,TC_0059,2026-05-06,Ongoing,,No,,Not Applicable,,,,,,1.0,Maybe
PART_02320,Manoj Tiwari 49,31,Male,12th Pass,Amravati,Taluka_5,5-10 Lakhs,Yes,Accounting & GST,TC_0305,2025-04-26,Ongoing,,No,,Not Applicable,,,,,,3.0,Yes
PART_02321,Rajesh Kumar 78,41,Male,Graduate,Ahmednagar,Taluka_9,Above 10 Lakhs,No,Full Stack Development,TC_0004,2025-08-02,Dropped Out,,No,,Not Applicable,,,,,,,
PART_02322,Ashok Pawar 55,21,Female,Post Graduate,Dhule,Taluka_2,Below 1 Lakh,No,Warehouse Management,TC_0304,2026-01-02,Ongoing,,No,,Not Applicable,,,,,,1.0,No
PART_02323,Ramesh Jadhav 24,43,Male,Post Graduate,Nagpur,Taluka_3,Above 10 Lakhs,Yes,Warehouse Management,TC_0072,2025-04-11,Completed,43.0,No,,Self Employed,,,,,,1.0,Yes
PART_02324,Sanjay Gupta 40,34,Male,Post Graduate,Solapur,Taluka_7,Below 1 Lakh,Yes,Digital Marketing,TC_0113,2025-05-24,Ongoing,,No,,Not Applicable,,,,,,3.0,Maybe
PART_02325,Laxmi Hegde 67,19,Female,12th Pass,Mumbai,Taluka_5,5-10 Lakhs,Yes,Customer Service,TC_0158,2026-04-15,Ongoing,,No,,Not Applicable,,,,,,3.0,Maybe
PART_02326,Rahul Verma 42,33,Female,10th Pass,Akola,Taluka_5,Below 1 Lakh,Yes,Beauty & Wellness,TC_0011,2025-07-29,Ongoing,,No,,Not Applicable,,,,,,5.0,No
PART_02327,Shweta Bhatt 89,41,Male,12th Pass,Parbhani,Taluka_5,Below 1 Lakh,No,Automotive Mechanic,TC_0486,2026-02-27,Completed,71.0,No,,Self Employed,,,,,,1.0,No
PART_02328,Meera Nair 47,20,Female,Post Graduate,Jalna,Taluka_7,3-5 Lakhs,No,Retail Management,TC_0435,2025-03-25,Ongoing,,No,,Not Applicable,,,,,,5.0,Maybe
PART_02329,Usha Menon 94,29,Male,Diploma,Ahmednagar,Taluka_7,1-3 Lakhs,Yes,Welding Technology,TC_0092,2026-07-25,Certified,65.0,Yes,2026-12-05,Further Studies,,,,,,,
PART_02330,Kavita Rao 13,31,Female,10th Pass,Nagpur,Taluka_10,1-3 Lakhs,Yes,Food Processing,TC_0121,2026-02-05,Completed,43.0,No,,Placed,IBM,Digital Marketing Executive,66741.0,,Mumbai,2.0,Yes
PART_02331,Manoj Tiwari 68,38,Other,Post Graduate,Nagpur,Taluka_9,Above 10 Lakhs,Yes,Customer Service,TC_0421,2026-05-13,Ongoing,,No,,Not Applicable,,,,,,4.0,Maybe
PART_02332,Rajesh Kumar 84,44,Female,10th Pass,Solapur,Taluka_3,Below 1 Lakh,Yes,Automotive Mechanic,TC_0415,2025-06-13,Completed,76.0,No,,Further Studies,,,,,,4.0,No
PART_02333,Manoj Tiwari 5,44,Other,Post Graduate,Nashik,Taluka_4,Above 10 Lakhs,No,Beauty & Wellness,TC_0452,2025-07-16,Completed,83.0,No,,Self Employed,,,,,,2.0,Yes
PART_02334,Nitin Bhosale 49,26,Female,10th Pass,Kolhapur,Taluka_2,Above 10 Lakhs,Yes,Warehouse Management,TC_0490,2026-02-17,Ongoing,,No,,Not Applicable,,,,,,3.0,Maybe
PART_02335,Rajesh Kumar 65,27,Male,Post Graduate,Sangli,Taluka_4,5-10 Lakhs,Yes,Food Processing,TC_0388,2025-11-06,Completed,42.0,No,,Not Placed,,,,,,2.0,No
PART_02336,Meera Nair 27,29,Male,Post Graduate,Solapur,Taluka_5,Below 1 Lakh,Yes,Retail Management,TC_0388,2025-01-26,Ongoing,,No,,Not Applicable,,,,,,1.0,Yes
PART_02337,Mohan Rao 38,41,Male,Post Graduate,Jalna,Taluka_10,3-5 Lakhs,No,CNC Operation,TC_0171,2026-06-23,Dropped Out,,No,,Not Applicable,,,,,,,
PART_02338,Suresh Yadav 34,42,Female,Diploma,Jalgaon,Taluka_4,Below 1 Lakh,Yes,Beauty & Wellness,TC_0179,2026-07-04,Completed,72.0,No,,Placed,Crompton Greaves,Machine Learning Engineer,68514.0,,Raigad,3.0,Maybe
PART_02339,Mohan Rao 48,42,Other,10th Pass,Mumbai,Taluka_8,1-3 Lakhs,No,Warehouse Management,TC_0467,2026-08-08,Ongoing,,No,,Not Applicable,,,,,,5.0,Yes
PART_02340,Kavita Rao 75,31,Male,Post Graduate,Sangli,Taluka_2,Below 1 Lakh,Yes,Electrician Training,TC_0143,2025-02-25,Dropped Out,,No,,Not Applicable,,,,,,,
PART_02341,Meera Nair 4,28,Male,12th Pass,Akola,Taluka_8,1-3 Lakhs,No,Cloud Computing,TC_0380,2025-09-03,Assessed,88.0,No,,Not Applicable,,,,,,,
PART_02342,Rajesh Kumar 3,41,Male,Graduate,Jalgaon,Taluka_3,Above 10 Lakhs,No,Automotive Mechanic,TC_0171,2026-06-21,Completed,60.0,No,,Placed,Byju's,Logistics Coordinator,25366.0,,Kolhapur,4.0,Maybe
PART_02343,Geeta Sawant 9,23,Female,Diploma,Thane,Taluka_10,Above 10 Lakhs,Yes,Mobile Repair,TC_0314,2026-01-03,Ongoing,,No,,Not Applicable,,,,,,3.0,Yes
PART_02344,Kavita Rao 100,24,Female,Post Graduate,Dhule,Taluka_8,Above 10 Lakhs,No,Food Processing,TC_0039,2025-12-22,Completed,78.0,No,,Placed,Wipro,DevOps Engineer,24160.0,,Bhiwandi,3.0,Maybe
PART_02345,Sanjay Gupta 79,25,Male,Graduate,Kolhapur,Taluka_9,1-3 Lakhs,No,Accounting & GST,TC_0500,2026-01-28,Ongoing,,No,,Not Applicable,,,,,,1.0,Yes
PART_02346,Pooja Joshi 24,45,Female,Graduate,Nagpur,Taluka_8,1-3 Lakhs,No,Food Processing,TC_0167,2026-07-03,Ongoing,,No,,Not Applicable,,,,,,1.0,Maybe
PART_02347,Prakash More 93,35,Male,12th Pass,Solapur,Taluka_6,Below 1 Lakh,No,Customer Service,TC_0026,2025-06-16,Ongoing,,No,,Not Applicable,,,,,,4.0,No
PART_02348,Geeta Sawant 30,27,Female,Diploma,Parbhani,Taluka_10,Below 1 Lakh,No,Digital Marketing,TC_0376,2026-05-20,Completed,97.0,No,,Not Placed,,,,,,1.0,Maybe
PART_02349,Pooja Joshi 27,28,Male,Post Graduate,Mumbai,Taluka_10,Above 10 Lakhs,No,Mobile Repair,TC_0302,2025-05-08,Ongoing,,No,,Not Applicable,,,,,,5.0,No
PART_02350,Anil Kamble 2,30,Female,12th Pass,Ahmednagar,Taluka_10,5-10 Lakhs,Yes,CNC Operation,TC_0129,2025-06-22,Completed,40.0,No,,Placed,IBM,Training Coordinator,21049.0,,Pune,1.0,Maybe
PART_02351,Manoj Tiwari 12,27,Other,10th Pass,Thane,Taluka_8,5-10 Lakhs,No,Automotive Mechanic,TC_0341,2025-06-19,Ongoing,,No,,Not Applicable,,,,,,2.0,Yes
PART_02352,Sunita Kaur 54,29,Male,10th Pass,Sangli,Taluka_1,Below 1 Lakh,Yes,Mobile Repair,TC_0152,2025-12-26,Ongoing,,No,,Not Applicable,,,,,,1.0,No
PART_02353,Ashok Pawar 94,37,Female,Post Graduate,Nashik,Taluka_3,Above 10 Lakhs,No,Digital Marketing,TC_0141,2025-01-20,Ongoing,,No,,Not Applicable,,,,,,2.0,Maybe
PART_02354,Laxmi Hegde 27,38,Male,Diploma,Nashik,Taluka_5,Below 1 Lakh,Yes,Full Stack Development,TC_0480,2025-09-02,Ongoing,,No,,Not Applicable,,,,,,4.0,No
PART_02355,Pooja Joshi 14,23,Female,Diploma,Mumbai,Taluka_1,5-10 Lakhs,No,Electrician Training,TC_0022,2026-03-04,Assessed,46.0,No,,Not Applicable,,,,,,,
PART_02356,Vikram Singh 20,28,Female,Diploma,Thane,Taluka_2,Above 10 Lakhs,No,Welding Technology,TC_0213,2025-08-08,Completed,82.0,No,,Placed,Unacademy,Project Coordinator,24072.0,,Mumbai,4.0,No
PART_02357,Ashok Pawar 45,44,Male,Post Graduate,Sangli,Taluka_10,5-10 Lakhs,Yes,Mobile Repair,TC_0100,2026-03-11,Completed,43.0,No,,Placed,Cognizant,Business Analyst,68606.0,,Bhiwandi,4.0,No
PART_02358,Anil Kamble 84,40,Male,Diploma,Aurangabad,Taluka_9,1-3 Lakhs,Yes,Accounting & GST,TC_0428,2025-02-02,Certified,58.0,Yes,2025-06-19,Placed,HDFC Bank,Nurse,68456.0,2025-08-22,Osmanabad,,
PART_02359,Anil Kamble 38,42,Male,12th Pass,Kolhapur,Taluka_8,5-10 Lakhs,Yes,Medical Lab Technology,TC_0382,2025-11-05,Ongoing,,No,,Not Applicable,,,,,,3.0,Maybe
PART_02360,Sunita Kaur 85,27,Other,Post Graduate,Solapur,Taluka_4,1-3 Lakhs,Yes,Mobile Repair,TC_0309,2026-02-24,Ongoing,,No,,Not Applicable,,,,,,2.0,Maybe
PART_02361,Prakash More 23,39,Male,Diploma,Nashik,Taluka_8,Below 1 Lakh,Yes,Data Analytics,TC_0278,2026-02-12,Ongoing,,No,,Not Applicable,,,,,,3.0,Yes
PART_02362,Anil Kamble 53,37,Other,Diploma,Parbhani,Taluka_9,1-3 Lakhs,No,Beauty & Wellness,TC_0062,2026-08-07,Completed,44.0,No,,Placed,Capgemini,Cloud Engineer,17724.0,,Yavatmal,3.0,Maybe
PART_02363,Prakash More 32,19,Female,Post Graduate,Amravati,Taluka_1,Below 1 Lakh,No,Welding Technology,TC_0305,2026-06-08,Ongoing,,No,,Not Applicable,,,,,,4.0,No
PART_02364,Suresh Yadav 39,35,Other,12th Pass,Mumbai,Taluka_8,3-5 Lakhs,No,Electrician Training,TC_0339,2026-05-30,Assessed,76.0,No,,Not Applicable,,,,,,,
PART_02365,Anjali Reddy 94,24,Male,12th Pass,Jalna,Taluka_8,Below 1 Lakh,No,Welding Technology,TC_0191,2025-05-08,Assessed,60.0,No,,Not Applicable,,,,,,,
PART_02366,Usha Menon 63,19,Other,Post Graduate,Ahmednagar,Taluka_9,5-10 Lakhs,Yes,CNC Operation,TC_0110,2025-11-30,Ongoing,,No,,Not Applicable,,,,,,1.0,No
PART_02367,Laxmi Hegde 6,37,Male,Graduate,Akola,Taluka_2,Below 1 Lakh,Yes,Full Stack Development,TC_0159,2026-01-05,Completed,45.0,No,,Placed,Vedantu,Machine Operator,67702.0,,Mumbai,2.0,Yes
PART_02368,Anil Kamble 75,40,Male,10th Pass,Kolhapur,Taluka_7,3-5 Lakhs,No,Mobile Repair,TC_0439,2026-05-04,Dropped Out,,No,,Not Applicable,,,,,,,
PART_02369,Sunita Kaur 99,33,Female,Diploma,Latur,Taluka_5,Below 1 Lakh,Yes,Full Stack Development,TC_0439,2025-09-08,Certified,93.0,Yes,2026-03-07,Placed,Max Healthcare,Training Coordinator,39844.0,2026-04-04,Nanded,,
PART_02370,Sanjay Gupta 44,37,Other,Post Graduate,Sangli,Taluka_4,1-3 Lakhs,Yes,Mobile Repair,TC_0284,2026-08-15,Completed,78.0,No,,Placed,Godrej Industries,Pharmacy Assistant,15733.0,,Akola,5.0,Maybe
PART_02371,Rekha Pillai 60,24,Female,Diploma,Jalgaon,Taluka_10,Below 1 Lakh,Yes,Data Analytics,TC_0338,2025-05-31,Completed,77.0,No,,Self Employed,,,,,,3.0,Maybe
PART_02372,Amit Patel 52,40,Other,Post Graduate,Chandrapur,Taluka_6,5-10 Lakhs,No,Welding Technology,TC_0077,2025-05-15,Completed,96.0,No,,Not Placed,,,,,,3.0,No
PART_02373,Anil Kamble 13,30,Other,Graduate,Kolhapur,Taluka_6,5-10 Lakhs,No,Food Processing,TC_0454,2026-03-08,Ongoing,,No,,Not Applicable,,,,,,5.0,Yes
PART_02374,Mohan Rao 42,29,Female,Post Graduate,Chandrapur,Taluka_3,Above 10 Lakhs,Yes,Electrician Training,TC_0342,2026-03-16,Ongoing,,No,,Not Applicable,,,,,,4.0,No
PART_02375,Preeti Chopra 98,31,Female,Post Graduate,Jalna,Taluka_5,5-10 Lakhs,No,Full Stack Development,TC_0257,2026-06-13,Completed,57.0,No,,Placed,Reliance Jio,Cloud Engineer,43449.0,,Akola,4.0,Yes
PART_02376,Priya Sharma 81,35,Male,10th Pass,Nagpur,Taluka_9,1-3 Lakhs,Yes,Customer Service,TC_0088,2025-07-10,Completed,44.0,No,,Not Placed,,,,,,3.0,No
PART_02377,Mohan Rao 83,40,Male,12th Pass,Sangli,Taluka_9,1-3 Lakhs,No,Food Processing,TC_0476,2026-03-30,Dropped Out,,No,,Not Applicable,,,,,,,
PART_02378,Kavita Rao 74,38,Other,Diploma,Nagpur,Taluka_8,Below 1 Lakh,No,Data Analytics,TC_0307,2026-03-14,Certified,77.0,Yes,2026-08-08,Placed,TCS,Supply Chain Analyst,47808.0,2026-08-26,Yavatmal,,
PART_02379,Ramesh Jadhav 76,45,Male,Graduate,Latur,Taluka_8,Below 1 Lakh,Yes,Electrician Training,TC_0022,2026-01-13,Completed,96.0,No,,Placed,Tata Motors,Project Coordinator,59805.0,,Nagpur,5.0,No
PART_02380,Prakash More 24,44,Male,Post Graduate,Nanded,Taluka_7,Above 10 Lakhs,No,Mobile Repair,TC_0037,2025-12-20,Certified,95.0,Yes,2026-04-10,Further Studies,,,,,,,
PART_02381,Rajesh Kumar 53,44,Other,Diploma,Aurangabad,Taluka_4,1-3 Lakhs,Yes,Data Analytics,TC_0283,2025-04-23,Dropped Out,,No,,Not Applicable,,,,,,,
PART_02382,Sneha Deshmukh 52,31,Other,10th Pass,Nanded,Taluka_7,3-5 Lakhs,No,Full Stack Development,TC_0475,2025-09-05,Assessed,83.0,No,,Not Applicable,,,,,,,
PART_02383,Rahul Verma 20,22,Male,Diploma,Bhiwandi,Taluka_8,1-3 Lakhs,No,Full Stack Development,TC_0262,2025-09-13,Completed,90.0,No,,Not Placed,,,,,,5.0,Yes
PART_02384,Neha Dubey 37,43,Male,Post Graduate,Jalna,Taluka_7,Below 1 Lakh,Yes,Data Analytics,TC_0429,2025-09-11,Certified,88.0,Yes,2026-02-24,Placed,Reliance Jio,Cybersecurity Analyst,63059.0,2026-03-24,Pune,,
PART_02385,Arun Kulkarni 96,30,Other,12th Pass,Thane,Taluka_2,Below 1 Lakh,Yes,Medical Lab Technology,TC_0034,2025-02-08,Assessed,55.0,No,,Not Applicable,,,,,,,
PART_02386,Laxmi Hegde 70,18,Other,Graduate,Nanded,Taluka_2,Above 10 Lakhs,Yes,Mobile Repair,TC_0146,2026-08-22,Completed,100.0,No,,Not Placed,,,,,,4.0,No
PART_02387,Priya Sharma 89,22,Male,10th Pass,Parbhani,Taluka_3,3-5 Lakhs,No,Cloud Computing,TC_0023,2025-02-18,Dropped Out,,No,,Not Applicable,,,,,,,
PART_02388,Kavita Rao 23,41,Male,10th Pass,Nashik,Taluka_7,5-10 Lakhs,No,Retail Management,TC_0207,2025-05-22,Ongoing,,No,,Not Applicable,,,,,,4.0,Maybe
PART_02389,Neha Dubey 35,34,Female,Graduate,Thane,Taluka_3,Above 10 Lakhs,No,Electrician Training,TC_0299,2025-04-02,Ongoing,,No,,Not Applicable,,,,,,4.0,Yes
PART_02390,Kavita Rao 56,24,Female,Diploma,Kolhapur,Taluka_3,Below 1 Lakh,Yes,Digital Marketing,TC_0243,2025-07-29,Ongoing,,No,,Not Applicable,,,,,,5.0,Yes
PART_02391,Amit Patel 36,31,Male,10th Pass,Bhiwandi,Taluka_2,Above 10 Lakhs,Yes,Digital Marketing,TC_0471,2025-08-11,Certified,50.0,Yes,2026-02-01,Self Employed,,,,,,,
PART_02392,Pooja Joshi 16,28,Male,10th Pass,Dhule,Taluka_2,Below 1 Lakh,No,Medical Lab Technology,TC_0397,2025-06-12,Completed,94.0,No,,Not Placed,,,,,,2.0,Yes
PART_02393,Amit Patel 39,34,Female,12th Pass,Akola,Taluka_5,3-5 Lakhs,No,CNC Operation,TC_0192,2026-04-06,Certified,57.0,Yes,2026-07-07,Placed,Siemens,Cloud Engineer,47215.0,2026-09-27,Nashik,,
PART_02394,Meera Nair 90,24,Female,Graduate,Nashik,Taluka_9,1-3 Lakhs,No,Cloud Computing,TC_0186,2025-10-08,Completed,55.0,No,,Placed,ICICI Bank,Data Analyst,63712.0,,Nashik,3.0,Maybe
PART_02395,Ashok Pawar 45,21,Female,Diploma,Nanded,Taluka_9,5-10 Lakhs,No,Accounting & GST,TC_0137,2026-03-18,Ongoing,,No,,Not Applicable,,,,,,4.0,Maybe
PART_02396,Sunita Kaur 79,19,Female,12th Pass,Akola,Taluka_2,3-5 Lakhs,No,Medical Lab Technology,TC_0379,2025-01-29,Dropped Out,,No,,Not Applicable,,,,,,,
PART_02397,Nitin Bhosale 37,45,Other,Post Graduate,Parbhani,Taluka_3,3-5 Lakhs,Yes,Cloud Computing,TC_0038,2025-01-24,Ongoing,,No,,Not Applicable,,,,,,1.0,Yes
PART_02398,Usha Menon 67,25,Female,10th Pass,Bhiwandi,Taluka_6,5-10 Lakhs,Yes,Retail Management,TC_0357,2026-01-20,Completed,99.0,No,,Not Placed,,,,,,5.0,No
PART_02399,Anil Kamble 3,43,Other,12th Pass,Sangli,Taluka_4,Below 1 Lakh,No,Cloud Computing,TC_0282,2026-03-22,Completed,80.0,No,,Not Placed,,,,,,1.0,Maybe
PART_02400,Manoj Tiwari 24,29,Male,10th Pass,Kolhapur,Taluka_2,1-3 Lakhs,Yes,Accounting & GST,TC_0243,2025-11-13,Completed,93.0,No,,Placed,Flipkart,UI/UX Designer,22630.0,,Nashik,1.0,Maybe
PART_02401,Sneha Deshmukh 16,21,Other,12th Pass,Thane,Taluka_6,1-3 Lakhs,Yes,Full Stack Development,TC_0008,2025-04-27,Assessed,67.0,No,,Not Applicable,,,,,,,
PART_02402,Deepa Iyer 98,31,Other,Post Graduate,Jalgaon,Taluka_5,5-10 Lakhs,Yes,Electrician Training,TC_0142,2026-04-29,Ongoing,,No,,Not Applicable,,,,,,5.0,No
PART_02403,Sneha Deshmukh 24,33,Female,Graduate,Ahmednagar,Taluka_3,5-10 Lakhs,Yes,Data Analytics,TC_0321,2026-03-12,Ongoing,,No,,Not Applicable,,,,,,5.0,No
PART_02404,Rahul Verma 57,31,Other,12th Pass,Latur,Taluka_2,5-10 Lakhs,No,Food Processing,TC_0436,2025-06-09,Completed,70.0,No,,Not Placed,,,,,,5.0,Yes
PART_02405,Preeti Chopra 61,32,Female,Diploma,Sangli,Taluka_3,Below 1 Lakh,No,Welding Technology,TC_0114,2026-03-02,Assessed,60.0,No,,Not Applicable,,,,,,,
PART_02406,Nitin Bhosale 58,35,Female,Graduate,Ahmednagar,Taluka_9,5-10 Lakhs,Yes,Retail Management,TC_0134,2025-02-02,Ongoing,,No,,Not Applicable,,,,,,2.0,Yes
PART_02407,Meera Nair 13,18,Other,10th Pass,Nashik,Taluka_2,Below 1 Lakh,Yes,Mobile Repair,TC_0446,2025-02-08,Completed,85.0,No,,Further Studies,,,,,,5.0,Maybe
PART_02408,Pooja Joshi 92,43,Other,Post Graduate,Akola,Taluka_1,1-3 Lakhs,No,Electrician Training,TC_0339,2025-01-06,Dropped Out,,No,,Not Applicable,,,,,,,
PART_02409,Laxmi Hegde 39,18,Other,Graduate,Nashik,Taluka_1,3-5 Lakhs,No,Food Processing,TC_0368,2026-01-05,Assessed,76.0,No,,Not Applicable,,,,,,,
PART_02410,Rajesh Kumar 72,35,Other,Post Graduate,Aurangabad,Taluka_6,Below 1 Lakh,No,Food Processing,TC_0024,2026-03-15,Completed,65.0,No,,Self Employed,,,,,,5.0,Maybe
PART_02411,Vikram Singh 52,34,Male,12th Pass,Chandrapur,Taluka_10,3-5 Lakhs,Yes,Accounting & GST,TC_0456,2025-09-22,Assessed,63.0,No,,Not Applicable,,,,,,,
PART_02412,Rahul Verma 73,24,Other,Diploma,Akola,Taluka_9,Above 10 Lakhs,Yes,Electrician Training,TC_0118,2025-08-11,Assessed,57.0,No,,Not Applicable,,,,,,,
PART_02413,Amit Patel 48,38,Female,12th Pass,Parbhani,Taluka_2,1-3 Lakhs,Yes,Mobile Repair,TC_0135,2026-04-17,Ongoing,,No,,Not Applicable,,,,,,3.0,Maybe
PART_02414,Anil Kamble 57,30,Male,12th Pass,Nanded,Taluka_5,1-3 Lakhs,No,Customer Service,TC_0479,2025-11-07,Assessed,79.0,No,,Not Applicable,,,,,,,
PART_02415,Pooja Joshi 92,35,Other,12th Pass,Ahmednagar,Taluka_10,5-10 Lakhs,Yes,Cloud Computing,TC_0488,2025-01-02,Completed,54.0,No,,Placed,Apollo Hospitals,Project Coordinator,35090.0,,Solapur,3.0,Maybe
PART_02416,Deepa Iyer 45,37,Male,Graduate,Bhiwandi,Taluka_5,5-10 Lakhs,No,Mobile Repair,TC_0280,2025-09-12,Completed,77.0,No,,Not Placed,,,,,,1.0,Yes
PART_02417,Neha Dubey 14,20,Female,Post Graduate,Thane,Taluka_4,3-5 Lakhs,Yes,Mobile Repair,TC_0211,2025-12-22,Dropped Out,,No,,Not Applicable,,,,,,,
PART_02418,Amit Patel 65,27,Female,10th Pass,Chandrapur,Taluka_2,Below 1 Lakh,No,Automotive Mechanic,TC_0184,2025-09-23,Completed,90.0,No,,Not Placed,,,,,,4.0,No
PART_02419,Rahul Verma 99,27,Other,Graduate,Ahmednagar,Taluka_10,Below 1 Lakh,Yes,Food Processing,TC_0128,2025-09-16,Assessed,94.0,No,,Not Applicable,,,,,,,
PART_02420,Manoj Tiwari 20,44,Female,Graduate,Aurangabad,Taluka_3,5-10 Lakhs,No,Cloud Computing,TC_0476,2025-04-21,Dropped Out,,No,,Not Applicable,,,,,,,
PART_02421,Manoj Tiwari 54,20,Other,Post Graduate,Jalna,Taluka_4,Below 1 Lakh,Yes,Accounting & GST,TC_0327,2025-10-08,Completed,82.0,No,,Self Employed,,,,,,3.0,Yes
PART_02422,Rahul Verma 100,36,Male,Graduate,Mumbai,Taluka_9,5-10 Lakhs,Yes,CNC Operation,TC_0214,2026-05-22,Ongoing,,No,,Not Applicable,,,,,,4.0,Yes
PART_02423,Ramesh Jadhav 4,21,Other,10th Pass,Jalna,Taluka_2,5-10 Lakhs,Yes,Mobile Repair,TC_0018,2025-01-23,Ongoing,,No,,Not Applicable,,,,,,3.0,Maybe
PART_02424,Laxmi Hegde 74,24,Other,12th Pass,Akola,Taluka_1,Above 10 Lakhs,Yes,Medical Lab Technology,TC_0257,2025-06-24,Completed,63.0,No,,Self Employed,,,,,,4.0,Yes
PART_02425,Laxmi Hegde 43,21,Male,10th Pass,Amravati,Taluka_3,Below 1 Lakh,No,Automotive Mechanic,TC_0243,2025-07-21,Completed,70.0,No,,Not Placed,,,,,,1.0,Maybe
PART_02426,Ashok Pawar 61,19,Female,10th Pass,Kolhapur,Taluka_6,Above 10 Lakhs,Yes,Welding Technology,TC_0107,2025-08-08,Ongoing,,No,,Not Applicable,,,,,,2.0,Maybe
PART_02427,Rajesh Kumar 77,29,Male,Post Graduate,Mumbai,Taluka_8,Below 1 Lakh,Yes,Digital Marketing,TC_0423,2025-12-29,Dropped Out,,No,,Not Applicable,,,,,,,
PART_02428,Arun Kulkarni 79,21,Other,Post Graduate,Jalgaon,Taluka_10,5-10 Lakhs,Yes,Medical Lab Technology,TC_0240,2025-06-13,Completed,81.0,No,,Further Studies,,,,,,3.0,Yes
PART_02429,Nitin Bhosale 18,43,Other,Diploma,Nanded,Taluka_5,5-10 Lakhs,Yes,Food Processing,TC_0389,2025-10-16,Certified,77.0,Yes,2026-02-13,Self Employed,,,,,,,
PART_02430,Neha Dubey 99,32,Other,Diploma,Jalgaon,Taluka_3,Below 1 Lakh,No,Beauty & Wellness,TC_0029,2025-06-24,Ongoing,,No,,Not Applicable,,,,,,4.0,Yes
PART_02431,Rahul Verma 50,37,Other,Graduate,Nagpur,Taluka_10,Above 10 Lakhs,No,Automotive Mechanic,TC_0038,2025-08-05,Certified,45.0,Yes,2025-12-01,Placed,ICICI Bank,Business Analyst,41484.0,2026-02-09,Jalna,,
PART_02432,Anil Kamble 26,38,Other,12th Pass,Bhiwandi,Taluka_7,1-3 Lakhs,Yes,Warehouse Management,TC_0136,2026-01-20,Completed,63.0,No,,Further Studies,,,,,,4.0,Yes
PART_02433,Rekha Pillai 94,19,Male,Graduate,Chandrapur,Taluka_1,1-3 Lakhs,No,Retail Management,TC_0257,2025-04-07,Certified,50.0,Yes,2025-09-12,Not Placed,,,,,,,
PART_02434,Sanjay Gupta 55,21,Other,Diploma,Chandrapur,Taluka_5,5-10 Lakhs,Yes,Welding Technology,TC_0225,2025-12-07,Completed,41.0,No,,Not Placed,,,,,,2.0,No
PART_02435,Priya Sharma 78,24,Female,10th Pass,Aurangabad,Taluka_4,Below 1 Lakh,Yes,Customer Service,TC_0217,2026-01-04,Completed,96.0,No,,Not Placed,,,,,,5.0,Maybe
PART_02436,Priya Sharma 82,32,Other,Graduate,Aurangabad,Taluka_2,1-3 Lakhs,Yes,CNC Operation,TC_0436,2025-05-11,Ongoing,,No,,Not Applicable,,,,,,3.0,Yes
PART_02437,Arun Kulkarni 11,23,Female,12th Pass,Dhule,Taluka_8,1-3 Lakhs,Yes,Warehouse Management,TC_0401,2025-04-24,Completed,81.0,No,,Placed,IBM,Retail Associate,33396.0,,Dhule,1.0,No
PART_02438,Meera Nair 93,30,Other,Post Graduate,Dhule,Taluka_8,Below 1 Lakh,No,Full Stack Development,TC_0106,2025-12-06,Ongoing,,No,,Not Applicable,,,,,,4.0,No
PART_02439,Amit Patel 93,28,Female,Graduate,Nashik,Taluka_3,Above 10 Lakhs,No,Digital Marketing,TC_0158,2025-04-07,Certified,50.0,Yes,2025-09-21,Not Placed,,,,,,,
PART_02440,Sanjay Gupta 47,30,Female,Graduate,Thane,Taluka_2,Above 10 Lakhs,No,Accounting & GST,TC_0342,2025-02-18,Completed,53.0,No,,Placed,Larsen & Toubro,Machine Operator,18647.0,,Dhule,4.0,Maybe
PART_02441,Dinesh Shinde 51,26,Other,12th Pass,Solapur,Taluka_6,Above 10 Lakhs,Yes,Medical Lab Technology,TC_0367,2026-01-06,Ongoing,,No,,Not Applicable,,,,,,5.0,No
PART_02442,Anil Kamble 63,20,Female,12th Pass,Ahmednagar,Taluka_10,5-10 Lakhs,Yes,Data Analytics,TC_0245,2025-03-08,Ongoing,,No,,Not Applicable,,,,,,3.0,Yes
PART_02443,Kavita Rao 77,39,Female,Post Graduate,Solapur,Taluka_5,3-5 Lakhs,No,Medical Lab Technology,TC_0199,2025-03-28,Certified,41.0,Yes,2025-08-05,Placed,Accenture,Software Developer,21719.0,2025-09-17,Raigad,,
PART_02444,Deepa Iyer 15,30,Male,Diploma,Nagpur,Taluka_6,3-5 Lakhs,No,Digital Marketing,TC_0066,2025-07-24,Assessed,50.0,No,,Not Applicable,,,,,,,
PART_02445,Geeta Sawant 24,43,Other,Graduate,Kolhapur,Taluka_3,Above 10 Lakhs,Yes,Digital Marketing,TC_0216,2025-12-07,Completed,92.0,No,,Placed,ABB India,Software Developer,44518.0,,Sangli,1.0,Maybe
PART_02446,Deepa Iyer 1,32,Male,12th Pass,Parbhani,Taluka_10,3-5 Lakhs,No,Welding Technology,TC_0279,2026-03-29,Ongoing,,No,,Not Applicable,,,,,,5.0,Yes
PART_02447,Ramesh Jadhav 95,45,Male,10th Pass,Sangli,Taluka_3,Below 1 Lakh,No,Cloud Computing,TC_0007,2025-09-10,Completed,57.0,No,,Placed,Wipro,Content Writer,37730.0,,Kolhapur,5.0,Yes
PART_02448,Pooja Joshi 77,20,Female,Post Graduate,Jalgaon,Taluka_10,5-10 Lakhs,Yes,Retail Management,TC_0391,2026-07-06,Completed,62.0,No,,Not Placed,,,,,,1.0,Maybe
PART_02449,Arun Kulkarni 41,34,Other,Post Graduate,Amravati,Taluka_6,Below 1 Lakh,No,Accounting & GST,TC_0176,2025-01-20,Completed,97.0,No,,Placed,Max Healthcare,Teacher,20489.0,,Dhule,4.0,No
PART_02450,Usha Menon 59,24,Other,Diploma,Solapur,Taluka_3,3-5 Lakhs,Yes,Retail Management,TC_0490,2026-07-09,Ongoing,,No,,Not Applicable,,,,,,5.0,Yes
PART_02451,Shweta Bhatt 46,18,Other,10th Pass,Mumbai,Taluka_1,3-5 Lakhs,No,Medical Lab Technology,TC_0210,2026-04-24,Completed,57.0,No,,Placed,Paytm,Quality Analyst,56227.0,,Nanded,4.0,Yes
PART_02452,Anjali Reddy 7,31,Female,Graduate,Thane,Taluka_6,Below 1 Lakh,No,Cloud Computing,TC_0214,2025-05-20,Ongoing,,No,,Not Applicable,,,,,,2.0,Yes
PART_02453,Anjali Reddy 92,28,Female,12th Pass,Nanded,Taluka_9,1-3 Lakhs,Yes,Beauty & Wellness,TC_0005,2025-02-12,Ongoing,,No,,Not Applicable,,,,,,4.0,Maybe
PART_02454,Dinesh Shinde 94,30,Male,10th Pass,Aurangabad,Taluka_1,3-5 Lakhs,Yes,Food Processing,TC_0085,2026-06-26,Ongoing,,No,,Not Applicable,,,,,,4.0,Yes
PART_02455,Sanjay Gupta 41,30,Other,Diploma,Dhule,Taluka_10,5-10 Lakhs,Yes,Beauty & Wellness,TC_0043,2025-07-10,Completed,81.0,No,,Self Employed,,,,,,2.0,No
PART_02456,Rajesh Kumar 41,38,Other,10th Pass,Dhule,Taluka_3,3-5 Lakhs,Yes,CNC Operation,TC_0237,2025-04-13,Dropped Out,,No,,Not Applicable,,,,,,,
PART_02457,Sunita Kaur 26,22,Other,10th Pass,Bhiwandi,Taluka_1,3-5 Lakhs,No,Mobile Repair,TC_0355,2025-02-23,Certified,49.0,Yes,2025-07-27,Not Placed,,,,,,,
PART_02458,Rekha Pillai 75,18,Male,12th Pass,Thane,Taluka_5,Above 10 Lakhs,No,Digital Marketing,TC_0361,2026-04-18,Ongoing,,No,,Not Applicable,,,,,,4.0,No
PART_02459,Rekha Pillai 92,18,Male,12th Pass,Nagpur,Taluka_7,1-3 Lakhs,Yes,Welding Technology,TC_0319,2026-07-01,Dropped Out,,No,,Not Applicable,,,,,,,
PART_02460,Sneha Deshmukh 90,23,Male,Diploma,Jalna,Taluka_6,1-3 Lakhs,Yes,Cloud Computing,TC_0036,2026-04-18,Dropped Out,,No,,Not Applicable,,,,,,,
PART_02461,Geeta Sawant 44,18,Female,Diploma,Jalna,Taluka_1,Above 10 Lakhs,No,Customer Service,TC_0498,2025-08-30,Ongoing,,No,,Not Applicable,,,,,,5.0,Maybe
PART_02462,Prakash More 86,22,Other,Diploma,Sangli,Taluka_2,5-10 Lakhs,No,CNC Operation,TC_0303,2026-05-31,Dropped Out,,No,,Not Applicable,,,,,,,
PART_02463,Pooja Joshi 94,41,Other,Diploma,Pune,Taluka_6,1-3 Lakhs,No,Accounting & GST,TC_0093,2025-05-10,Ongoing,,No,,Not Applicable,,,,,,3.0,Yes
PART_02464,Rahul Verma 51,32,Female,Post Graduate,Mumbai,Taluka_6,3-5 Lakhs,Yes,Data Analytics,TC_0333,2025-09-18,Assessed,90.0,No,,Not Applicable,,,,,,,
PART_02465,Sneha Deshmukh 75,43,Female,Post Graduate,Chandrapur,Taluka_6,5-10 Lakhs,No,Full Stack Development,TC_0496,2025-04-24,Completed,40.0,No,,Further Studies,,,,,,5.0,No
PART_02466,Vikram Singh 70,20,Other,Diploma,Latur,Taluka_6,Above 10 Lakhs,No,Full Stack Development,TC_0491,2025-05-26,Assessed,90.0,No,,Not Applicable,,,,,,,
PART_02467,Preeti Chopra 49,44,Male,Diploma,Amravati,Taluka_8,Below 1 Lakh,Yes,Welding Technology,TC_0190,2026-01-31,Dropped Out,,No,,Not Applicable,,,,,,,
PART_02468,Deepa Iyer 19,45,Female,Post Graduate,Dhule,Taluka_4,Below 1 Lakh,No,Mobile Repair,TC_0060,2026-02-11,Ongoing,,No,,Not Applicable,,,,,,1.0,Maybe
PART_02469,Suresh Yadav 67,25,Male,Diploma,Ahmednagar,Taluka_9,Below 1 Lakh,No,CNC Operation,TC_0214,2025-03-02,Assessed,59.0,No,,Not Applicable,,,,,,,
PART_02470,Suresh Yadav 78,19,Male,12th Pass,Jalna,Taluka_10,Below 1 Lakh,Yes,Accounting & GST,TC_0320,2025-10-20,Completed,68.0,No,,Not Placed,,,,,,3.0,Maybe
PART_02471,Sunita Kaur 56,20,Female,Graduate,Ahmednagar,Taluka_9,Below 1 Lakh,No,Mobile Repair,TC_0396,2026-08-14,Dropped Out,,No,,Not Applicable,,,,,,,
PART_02472,Vikram Singh 32,25,Male,Diploma,Aurangabad,Taluka_2,5-10 Lakhs,No,Medical Lab Technology,TC_0478,2025-06-07,Completed,69.0,No,,Not Placed,,,,,,4.0,No
PART_02473,Preeti Chopra 37,42,Other,12th Pass,Nagpur,Taluka_3,3-5 Lakhs,No,Data Analytics,TC_0423,2025-06-10,Ongoing,,No,,Not Applicable,,,,,,3.0,Maybe
PART_02474,Rajesh Kumar 85,39,Male,Graduate,Sangli,Taluka_9,5-10 Lakhs,Yes,Accounting & GST,TC_0269,2025-12-13,Certified,78.0,Yes,2026-05-21,Not Placed,,,,,,,
PART_02475,Manoj Tiwari 60,44,Other,12th Pass,Kolhapur,Taluka_9,Below 1 Lakh,No,Mobile Repair,TC_0273,2025-11-10,Assessed,78.0,No,,Not Applicable,,,,,,,
PART_02476,Neha Dubey 19,25,Other,10th Pass,Aurangabad,Taluka_3,1-3 Lakhs,No,Food Processing,TC_0110,2025-02-28,Dropped Out,,No,,Not Applicable,,,,,,,
PART_02477,Deepa Iyer 86,29,Other,Graduate,Bhiwandi,Taluka_1,5-10 Lakhs,Yes,Data Analytics,TC_0374,2026-02-17,Assessed,68.0,No,,Not Applicable,,,,,,,
PART_02478,Pooja Joshi 27,45,Other,10th Pass,Thane,Taluka_10,Above 10 Lakhs,Yes,Retail Management,TC_0487,2025-07-01,Ongoing,,No,,Not Applicable,,,,,,5.0,Maybe
PART_02479,Ashok Pawar 19,25,Female,Post Graduate,Parbhani,Taluka_4,Below 1 Lakh,Yes,Welding Technology,TC_0342,2026-08-21,Assessed,73.0,No,,Not Applicable,,,,,,,
PART_02480,Pooja Joshi 88,22,Male,Diploma,Kolhapur,Taluka_1,Above 10 Lakhs,Yes,Electrician Training,TC_0157,2026-05-14,Completed,74.0,No,,Placed,Byju's,Electrician,29772.0,,Satara,2.0,Maybe
PART_02481,Geeta Sawant 19,30,Other,Graduate,Thane,Taluka_4,3-5 Lakhs,Yes,Electrician Training,TC_0400,2026-06-19,Assessed,58.0,No,,Not Applicable,,,,,,,
PART_02482,Suresh Yadav 23,43,Male,Diploma,Aurangabad,Taluka_3,1-3 Lakhs,Yes,Mobile Repair,TC_0448,2026-05-11,Completed,40.0,No,,Placed,Infosys,Machine Learning Engineer,77241.0,,Osmanabad,2.0,No
PART_02483,Priya Sharma 43,19,Female,Graduate,Aurangabad,Taluka_6,Below 1 Lakh,No,Warehouse Management,TC_0133,2026-04-10,Dropped Out,,No,,Not Applicable,,,,,,,
PART_02484,Amit Patel 33,31,Other,12th Pass,Akola,Taluka_8,Below 1 Lakh,No,Automotive Mechanic,TC_0215,2025-09-07,Completed,41.0,No,,Placed,Godrej Industries,Teacher,73225.0,,Latur,2.0,Yes
PART_02485,Laxmi Hegde 80,38,Male,Diploma,Chandrapur,Taluka_10,Below 1 Lakh,Yes,Beauty & Wellness,TC_0261,2025-08-10,Assessed,48.0,No,,Not Applicable,,,,,,,
PART_02486,Laxmi Hegde 5,37,Male,12th Pass,Ahmednagar,Taluka_2,5-10 Lakhs,Yes,Electrician Training,TC_0131,2025-06-06,Completed,48.0,No,,Not Placed,,,,,,2.0,No
PART_02487,Prakash More 81,37,Male,Graduate,Bhiwandi,Taluka_2,5-10 Lakhs,Yes,Data Analytics,TC_0177,2025-08-06,Completed,87.0,No,,Placed,ABB India,Medical Lab Technician,58090.0,,Dhule,2.0,Maybe
PART_02488,Priya Sharma 24,24,Other,Diploma,Pune,Taluka_10,Above 10 Lakhs,Yes,Full Stack Development,TC_0037,2025-01-01,Assessed,61.0,No,,Not Applicable,,,,,,,
PART_02489,Ramesh Jadhav 56,39,Other,Graduate,Jalna,Taluka_9,Below 1 Lakh,No,CNC Operation,TC_0459,2025-11-18,Certified,76.0,Yes,2026-02-27,Not Placed,,,,,,,
PART_02490,Dinesh Shinde 57,24,Female,12th Pass,Nashik,Taluka_1,1-3 Lakhs,No,Customer Service,TC_0394,2025-02-07,Completed,76.0,No,,Placed,Zerodha,Pharmacy Assistant,15692.0,,Osmanabad,4.0,Maybe
PART_02491,Kavita Rao 57,40,Female,Diploma,Bhiwandi,Taluka_6,5-10 Lakhs,No,Full Stack Development,TC_0160,2026-06-23,Dropped Out,,No,,Not Applicable,,,,,,,
PART_02492,Neha Dubey 22,21,Female,Graduate,Solapur,Taluka_3,1-3 Lakhs,No,Retail Management,TC_0344,2025-03-09,Completed,95.0,No,,Placed,Byju's,DevOps Engineer,40421.0,,Beed,5.0,Yes
PART_02493,Rekha Pillai 22,30,Male,10th Pass,Pune,Taluka_7,Above 10 Lakhs,Yes,Automotive Mechanic,TC_0382,2025-11-15,Assessed,82.0,No,,Not Applicable,,,,,,,
PART_02494,Meera Nair 85,42,Female,Diploma,Akola,Taluka_3,1-3 Lakhs,No,Mobile Repair,TC_0457,2025-11-10,Certified,65.0,Yes,2026-04-20,Placed,Paytm,Cloud Engineer,24257.0,2026-06-04,Nashik,,
PART_02495,Manoj Tiwari 48,43,Female,Diploma,Amravati,Taluka_5,3-5 Lakhs,No,Data Analytics,TC_0299,2025-06-05,Assessed,40.0,No,,Not Applicable,,,,,,,
PART_02496,Anil Kamble 16,42,Male,12th Pass,Chandrapur,Taluka_1,Above 10 Lakhs,Yes,Data Analytics,TC_0432,2025-02-16,Ongoing,,No,,Not Applicable,,,,,,3.0,Yes
PART_02497,Meera Nair 40,42,Other,Graduate,Latur,Taluka_2,5-10 Lakhs,No,Full Stack Development,TC_0369,2025-09-20,Ongoing,,No,,Not Applicable,,,,,,4.0,No
PART_02498,Sunita Kaur 82,41,Male,Diploma,Kolhapur,Taluka_7,Below 1 Lakh,Yes,Food Processing,TC_0015,2025-07-31,Completed,73.0,No,,Self Employed,,,,,,1.0,Yes
PART_02499,Rahul Verma 33,33,Male,Post Graduate,Sangli,Taluka_8,3-5 Lakhs,Yes,Electrician Training,TC_0291,2025-04-27,Certified,75.0,Yes,2025-09-24,Placed,Unacademy,Machine Learning Engineer,66152.0,2025-11-23,Sangli,,
PART_02500,Prakash More 74,23,Female,Graduate,Thane,Taluka_4,1-3 Lakhs,Yes,Warehouse Management,TC_0061,2026-01-04,Ongoing,,No,,Not Applicable,,,,,,5.0,Yes
PART_02501,Meera Nair 22,27,Male,10th Pass,Pune,Taluka_6,Above 10 Lakhs,Yes,Customer Service,TC_0073,2025-09-23,Dropped Out,,No,,Not Applicable,,,,,,,
PART_02502,Prakash More 53,39,Female,Graduate,Dhule,Taluka_8,5-10 Lakhs,No,Full Stack Development,TC_0292,2025-08-13,Ongoing,,No,,Not Applicable,,,,,,1.0,Maybe
PART_02503,Preeti Chopra 24,31,Female,10th Pass,Thane,Taluka_9,1-3 Lakhs,No,Electrician Training,TC_0031,2025-07-26,Completed,62.0,No,,Placed,Apollo Hospitals,Machine Operator,61474.0,,Mumbai,2.0,Yes
PART_02504,Sunita Kaur 4,39,Female,Diploma,Aurangabad,Taluka_5,1-3 Lakhs,Yes,Full Stack Development,TC_0235,2025-03-03,Certified,56.0,Yes,2025-06-15,Placed,Unacademy,Quality Analyst,16710.0,2025-08-28,Parbhani,,
PART_02505,Anjali Reddy 66,21,Male,Post Graduate,Pune,Taluka_7,1-3 Lakhs,Yes,Retail Management,TC_0449,2025-06-10,Ongoing,,No,,Not Applicable,,,,,,1.0,No
PART_02506,Pooja Joshi 33,42,Female,12th Pass,Dhule,Taluka_3,Above 10 Lakhs,Yes,Medical Lab Technology,TC_0380,2026-08-22,Completed,47.0,No,,Placed,Accenture,UI/UX Designer,52636.0,,Parbhani,4.0,No
PART_02507,Rajesh Kumar 60,22,Male,Diploma,Thane,Taluka_6,Above 10 Lakhs,No,Retail Management,TC_0110,2025-03-07,Certified,60.0,Yes,2025-07-11,Not Placed,,,,,,,
PART_02508,Ramesh Jadhav 33,27,Female,Post Graduate,Jalna,Taluka_2,1-3 Lakhs,Yes,Digital Marketing,TC_0005,2025-02-16,Assessed,54.0,No,,Not Applicable,,,,,,,
PART_02509,Priya Sharma 68,31,Other,Post Graduate,Bhiwandi,Taluka_1,1-3 Lakhs,No,Medical Lab Technology,TC_0327,2026-04-16,Completed,53.0,No,,Not Placed,,,,,,4.0,Yes
PART_02510,Kavita Rao 20,22,Male,Diploma,Bhiwandi,Taluka_4,5-10 Lakhs,No,CNC Operation,TC_0294,2025-08-01,Dropped Out,,No,,Not Applicable,,,,,,,
PART_02511,Sunita Kaur 86,38,Other,Graduate,Kolhapur,Taluka_1,Above 10 Lakhs,Yes,CNC Operation,TC_0413,2025-02-16,Ongoing,,No,,Not Applicable,,,,,,3.0,Maybe
PART_02512,Anjali Reddy 48,27,Female,Graduate,Parbhani,Taluka_5,5-10 Lakhs,Yes,Customer Service,TC_0084,2026-04-21,Certified,73.0,Yes,2026-10-18,Placed,Vedantu,Nurse,25760.0,2026-11-20,Nagpur,,
PART_02513,Mohan Rao 75,34,Other,Graduate,Akola,Taluka_7,1-3 Lakhs,Yes,Automotive Mechanic,TC_0224,2026-05-01,Assessed,59.0,No,,Not Applicable,,,,,,,
PART_02514,Vikram Singh 11,26,Male,Graduate,Chandrapur,Taluka_8,3-5 Lakhs,No,Digital Marketing,TC_0447,2025-03-16,Dropped Out,,No,,Not Applicable,,,,,,,
PART_02515,Arun Kulkarni 62,32,Male,10th Pass,Parbhani,Taluka_6,Above 10 Lakhs,Yes,Warehouse Management,TC_0407,2025-08-17,Completed,63.0,No,,Not Placed,,,,,,5.0,Yes
PART_02516,Nitin Bhosale 51,24,Other,12th Pass,Akola,Taluka_5,1-3 Lakhs,No,Beauty & Wellness,TC_0479,2026-08-07,Ongoing,,No,,Not Applicable,,,,,,1.0,Yes
PART_02517,Rekha Pillai 48,30,Male,Graduate,Nanded,Taluka_3,1-3 Lakhs,No,Electrician Training,TC_0080,2025-01-27,Dropped Out,,No,,Not Applicable,,,,,,,
PART_02518,Vikram Singh 23,43,Other,10th Pass,Amravati,Taluka_7,Below 1 Lakh,No,Customer Service,TC_0343,2026-04-11,Dropped Out,,No,,Not Applicable,,,,,,,
PART_02519,Anjali Reddy 62,19,Male,12th Pass,Chandrapur,Taluka_3,Above 10 Lakhs,No,Medical Lab Technology,TC_0135,2025-08-10,Assessed,84.0,No,,Not Applicable,,,,,,,
PART_02520,Anjali Reddy 19,41,Male,Diploma,Ahmednagar,Taluka_7,1-3 Lakhs,No,Warehouse Management,TC_0191,2026-04-11,Completed,75.0,No,,Placed,Capgemini,Quality Analyst,41938.0,,Parbhani,5.0,No
PART_02521,Rekha Pillai 80,23,Female,12th Pass,Akola,Taluka_10,Above 10 Lakhs,No,Food Processing,TC_0002,2025-03-24,Ongoing,,No,,Not Applicable,,,,,,3.0,Maybe
PART_02522,Mohan Rao 91,44,Female,Graduate,Nashik,Taluka_3,Below 1 Lakh,No,Cloud Computing,TC_0152,2026-03-11,Ongoing,,No,,Not Applicable,,,,,,1.0,Maybe
PART_02523,Usha Menon 3,28,Male,Diploma,Parbhani,Taluka_4,Above 10 Lakhs,Yes,Warehouse Management,TC_0208,2025-06-12,Completed,72.0,No,,Further Studies,,,,,,3.0,Yes
PART_02524,Rekha Pillai 73,29,Female,Diploma,Parbhani,Taluka_2,Below 1 Lakh,No,Retail Management,TC_0220,2025-01-22,Ongoing,,No,,Not Applicable,,,,,,4.0,Maybe
PART_02525,Ramesh Jadhav 79,24,Other,Graduate,Thane,Taluka_8,1-3 Lakhs,Yes,Customer Service,TC_0052,2025-11-06,Ongoing,,No,,Not Applicable,,,,,,2.0,Maybe
PART_02526,Prakash More 11,35,Other,Graduate,Amravati,Taluka_3,3-5 Lakhs,Yes,Warehouse Management,TC_0165,2025-10-19,Ongoing,,No,,Not Applicable,,,,,,1.0,No
PART_02527,Laxmi Hegde 7,32,Female,Diploma,Nanded,Taluka_1,1-3 Lakhs,No,Cloud Computing,TC_0265,2025-11-16,Ongoing,,No,,Not Applicable,,,,,,5.0,No
PART_02528,Priya Sharma 59,18,Female,Diploma,Kolhapur,Taluka_9,1-3 Lakhs,Yes,Retail Management,TC_0168,2025-10-17,Dropped Out,,No,,Not Applicable,,,,,,,
PART_02529,Ramesh Jadhav 61,42,Other,Diploma,Bhiwandi,Taluka_10,1-3 Lakhs,No,Medical Lab Technology,TC_0257,2025-11-12,Dropped Out,,No,,Not Applicable,,,,,,,
PART_02530,Kavita Rao 98,20,Male,Diploma,Jalgaon,Taluka_6,Above 10 Lakhs,Yes,Welding Technology,TC_0038,2025-11-05,Ongoing,,No,,Not Applicable,,,,,,2.0,Maybe
PART_02531,Rekha Pillai 70,40,Male,10th Pass,Dhule,Taluka_3,3-5 Lakhs,Yes,Digital Marketing,TC_0112,2025-12-23,Completed,94.0,No,,Self Employed,,,,,,2.0,Maybe
PART_02532,Rahul Verma 19,25,Other,Diploma,Bhiwandi,Taluka_2,5-10 Lakhs,No,Digital Marketing,TC_0029,2026-04-24,Certified,58.0,Yes,2026-09-10,Placed,Mahindra & Mahindra,Business Analyst,55217.0,2026-11-29,Aurangabad,,
PART_02533,Rajesh Kumar 55,21,Male,10th Pass,Kolhapur,Taluka_9,5-10 Lakhs,No,Customer Service,TC_0275,2025-07-03,Dropped Out,,No,,Not Applicable,,,,,,,
PART_02534,Laxmi Hegde 41,32,Other,Graduate,Chandrapur,Taluka_6,3-5 Lakhs,Yes,Accounting & GST,TC_0054,2026-06-12,Completed,40.0,No,,Placed,ABB India,Machine Operator,61951.0,,Pune,5.0,No
PART_02535,Mohan Rao 30,23,Male,Diploma,Kolhapur,Taluka_10,5-10 Lakhs,Yes,Customer Service,TC_0420,2025-12-26,Dropped Out,,No,,Not Applicable,,,,,,,
PART_02536,Deepa Iyer 42,31,Female,10th Pass,Chandrapur,Taluka_1,Above 10 Lakhs,Yes,Mobile Repair,TC_0039,2026-05-09,Completed,90.0,No,,Not Placed,,,,,,3.0,No
PART_02537,Rajesh Kumar 78,27,Female,Graduate,Chandrapur,Taluka_6,Above 10 Lakhs,Yes,Electrician Training,TC_0458,2026-07-14,Completed,41.0,No,,Self Employed,,,,,,2.0,Yes
PART_02538,Sunita Kaur 44,36,Male,Graduate,Jalgaon,Taluka_5,Below 1 Lakh,Yes,Medical Lab Technology,TC_0079,2025-10-18,Completed,99.0,No,,Not Placed,,,,,,3.0,No
PART_02539,Meera Nair 2,30,Male,Diploma,Nanded,Taluka_9,Above 10 Lakhs,Yes,Warehouse Management,TC_0475,2025-03-07,Dropped Out,,No,,Not Applicable,,,,,,,
PART_02540,Preeti Chopra 18,29,Male,10th Pass,Bhiwandi,Taluka_1,1-3 Lakhs,No,Warehouse Management,TC_0424,2025-03-23,Completed,65.0,No,,Not Placed,,,,,,4.0,No
PART_02541,Vikram Singh 56,34,Other,Graduate,Chandrapur,Taluka_3,Below 1 Lakh,No,Retail Management,TC_0324,2025-05-12,Completed,74.0,No,,Placed,Max Healthcare,Nurse,22431.0,,Nashik,4.0,Maybe
PART_02542,Dinesh Shinde 81,21,Female,12th Pass,Amravati,Taluka_9,5-10 Lakhs,Yes,Digital Marketing,TC_0265,2025-09-03,Ongoing,,No,,Not Applicable,,,,,,4.0,Maybe
PART_02543,Pooja Joshi 25,23,Female,Post Graduate,Chandrapur,Taluka_7,1-3 Lakhs,No,Accounting & GST,TC_0123,2025-03-01,Ongoing,,No,,Not Applicable,,,,,,2.0,No
PART_02544,Dinesh Shinde 16,33,Other,12th Pass,Parbhani,Taluka_7,Below 1 Lakh,No,Accounting & GST,TC_0239,2025-09-01,Certified,71.0,Yes,2026-02-28,Placed,Razorpay,Machine Operator,62741.0,2026-05-06,Aurangabad,,
PART_02545,Mohan Rao 2,36,Female,10th Pass,Nanded,Taluka_8,3-5 Lakhs,Yes,Automotive Mechanic,TC_0260,2025-02-13,Dropped Out,,No,,Not Applicable,,,,,,,
PART_02546,Ashok Pawar 61,19,Other,Graduate,Nanded,Taluka_2,Above 10 Lakhs,Yes,Beauty & Wellness,TC_0384,2026-06-24,Dropped Out,,No,,Not Applicable,,,,,,,
PART_02547,Prakash More 33,29,Male,Diploma,Jalgaon,Taluka_5,5-10 Lakhs,No,Customer Service,TC_0173,2025-06-03,Completed,73.0,No,,Placed,Cognizant,Fitter,21760.0,,Jalgaon,2.0,Maybe
PART_02548,Usha Menon 83,18,Male,10th Pass,Jalna,Taluka_10,5-10 Lakhs,No,Digital Marketing,TC_0420,2025-04-09,Assessed,77.0,No,,Not Applicable,,,,,,,
PART_02549,Mohan Rao 14,31,Male,Post Graduate,Thane,Taluka_3,5-10 Lakhs,No,Automotive Mechanic,TC_0124,2026-08-19,Assessed,83.0,No,,Not Applicable,,,,,,,
PART_02550,Arun Kulkarni 28,22,Male,Graduate,Mumbai,Taluka_9,5-10 Lakhs,No,Welding Technology,TC_0240,2025-03-25,Assessed,85.0,No,,Not Applicable,,,,,,,
PART_02551,Pooja Joshi 53,33,Female,Post Graduate,Akola,Taluka_2,Above 10 Lakhs,No,Digital Marketing,TC_0498,2026-08-11,Assessed,79.0,No,,Not Applicable,,,,,,,
PART_02552,Kavita Rao 89,27,Other,Post Graduate,Thane,Taluka_10,Below 1 Lakh,No,Customer Service,TC_0255,2026-06-11,Completed,86.0,No,,Placed,Apollo Hospitals,Logistics Coordinator,75960.0,,Bhiwandi,5.0,No
PART_02553,Mohan Rao 27,32,Female,10th Pass,Ahmednagar,Taluka_1,Below 1 Lakh,No,Welding Technology,TC_0267,2025-04-27,Dropped Out,,No,,Not Applicable,,,,,,,
PART_02554,Rekha Pillai 43,37,Other,12th Pass,Solapur,Taluka_1,3-5 Lakhs,No,Automotive Mechanic,TC_0457,2026-06-30,Ongoing,,No,,Not Applicable,,,,,,2.0,Maybe
PART_02555,Pooja Joshi 12,23,Female,Post Graduate,Ahmednagar,Taluka_1,Above 10 Lakhs,No,Welding Technology,TC_0482,2025-02-05,Assessed,93.0,No,,Not Applicable,,,,,,,
PART_02556,Nitin Bhosale 69,41,Male,Diploma,Ahmednagar,Taluka_10,Above 10 Lakhs,No,Medical Lab Technology,TC_0423,2025-04-22,Dropped Out,,No,,Not Applicable,,,,,,,
PART_02557,Mohan Rao 51,27,Female,12th Pass,Jalna,Taluka_7,Above 10 Lakhs,Yes,Digital Marketing,TC_0065,2026-02-23,Assessed,45.0,No,,Not Applicable,,,,,,,
PART_02558,Nitin Bhosale 86,18,Female,Post Graduate,Pune,Taluka_1,5-10 Lakhs,No,Electrician Training,TC_0266,2025-12-24,Completed,81.0,No,,Placed,Unacademy,Technician,74007.0,,Akola,1.0,No
PART_02559,Shweta Bhatt 59,30,Other,Post Graduate,Amravati,Taluka_5,1-3 Lakhs,No,Full Stack Development,TC_0125,2026-01-09,Dropped Out,,No,,Not Applicable,,,,,,,
PART_02560,Amit Patel 7,20,Female,10th Pass,Jalgaon,Taluka_3,Below 1 Lakh,Yes,CNC Operation,TC_0292,2025-06-13,Ongoing,,No,,Not Applicable,,,,,,4.0,Yes
PART_02561,Neha Dubey 52,22,Male,12th Pass,Mumbai,Taluka_5,3-5 Lakhs,Yes,Electrician Training,TC_0264,2026-07-21,Certified,68.0,Yes,2026-11-25,Placed,Byju's,Cloud Engineer,66193.0,2026-11-26,Beed,,
PART_02562,Arun Kulkarni 76,37,Male,12th Pass,Amravati,Taluka_8,5-10 Lakhs,No,Customer Service,TC_0070,2026-05-26,Assessed,60.0,No,,Not Applicable,,,,,,,
PART_02563,Sanjay Gupta 67,41,Female,Diploma,Jalgaon,Taluka_3,Below 1 Lakh,No,Warehouse Management,TC_0466,2026-07-25,Completed,91.0,No,,Not Placed,,,,,,3.0,No
PART_02564,Neha Dubey 78,40,Other,10th Pass,Dhule,Taluka_5,5-10 Lakhs,No,Warehouse Management,TC_0031,2026-01-17,Dropped Out,,No,,Not Applicable,,,,,,,
PART_02565,Mohan Rao 82,40,Female,Diploma,Mumbai,Taluka_9,1-3 Lakhs,Yes,Food Processing,TC_0300,2025-06-01,Completed,93.0,No,,Not Placed,,,,,,4.0,Yes
PART_02566,Shweta Bhatt 84,30,Female,Diploma,Thane,Taluka_7,1-3 Lakhs,Yes,Full Stack Development,TC_0100,2025-09-25,Ongoing,,No,,Not Applicable,,,,,,3.0,Yes
PART_02567,Prakash More 67,39,Other,Diploma,Kolhapur,Taluka_8,5-10 Lakhs,Yes,Food Processing,TC_0500,2025-02-03,Completed,41.0,No,,Placed,Bajaj Finserv,Sales Executive,50667.0,,Jalna,3.0,No
PART_02568,Deepa Iyer 34,35,Male,12th Pass,Sangli,Taluka_7,Below 1 Lakh,No,Accounting & GST,TC_0024,2026-08-23,Ongoing,,No,,Not Applicable,,,,,,4.0,Yes
PART_02569,Ramesh Jadhav 1,34,Other,12th Pass,Bhiwandi,Taluka_1,1-3 Lakhs,Yes,Digital Marketing,TC_0097,2026-01-05,Ongoing,,No,,Not Applicable,,,,,,5.0,Maybe
PART_02570,Prakash More 13,18,Other,12th Pass,Bhiwandi,Taluka_1,Above 10 Lakhs,Yes,Retail Management,TC_0088,2026-01-03,Certified,50.0,Yes,2026-06-06,Placed,Crompton Greaves,Machine Operator,59695.0,2026-07-10,Sangli,,
PART_02571,Shweta Bhatt 79,43,Female,Graduate,Latur,Taluka_7,Below 1 Lakh,No,Welding Technology,TC_0170,2026-06-28,Ongoing,,No,,Not Applicable,,,,,,5.0,Yes
PART_02572,Meera Nair 59,19,Other,Graduate,Akola,Taluka_2,1-3 Lakhs,No,Cloud Computing,TC_0331,2026-03-29,Assessed,78.0,No,,Not Applicable,,,,,,,
PART_02573,Meera Nair 23,44,Female,Diploma,Pune,Taluka_10,1-3 Lakhs,Yes,Retail Management,TC_0032,2025-03-30,Assessed,62.0,No,,Not Applicable,,,,,,,
PART_02574,Anjali Reddy 18,35,Female,10th Pass,Nashik,Taluka_5,5-10 Lakhs,Yes,Beauty & Wellness,TC_0086,2026-05-22,Certified,64.0,Yes,2026-09-20,Not Placed,,,,,,,
PART_02575,Manoj Tiwari 68,44,Female,10th Pass,Bhiwandi,Taluka_9,Above 10 Lakhs,Yes,Electrician Training,TC_0182,2025-02-12,Ongoing,,No,,Not Applicable,,,,,,5.0,No
PART_02576,Prakash More 61,23,Male,Graduate,Dhule,Taluka_10,3-5 Lakhs,Yes,Food Processing,TC_0278,2025-06-04,Completed,73.0,No,,Not Placed,,,,,,5.0,No
PART_02577,Nitin Bhosale 25,43,Male,Graduate,Bhiwandi,Taluka_8,Below 1 Lakh,Yes,Food Processing,TC_0239,2026-01-01,Dropped Out,,No,,Not Applicable,,,,,,,
PART_02578,Nitin Bhosale 9,24,Female,12th Pass,Jalna,Taluka_6,Above 10 Lakhs,Yes,Customer Service,TC_0214,2025-12-31,Dropped Out,,No,,Not Applicable,,,,,,,
PART_02579,Neha Dubey 46,28,Other,10th Pass,Pune,Taluka_10,3-5 Lakhs,Yes,Electrician Training,TC_0329,2026-05-07,Completed,70.0,No,,Self Employed,,,,,,2.0,Maybe
PART_02580,Meera Nair 1,28,Male,Post Graduate,Kolhapur,Taluka_2,Above 10 Lakhs,Yes,Electrician Training,TC_0477,2025-12-08,Certified,91.0,Yes,2026-05-26,Placed,Unacademy,Software Developer,57163.0,2026-08-03,Solapur,,
PART_02581,Ashok Pawar 91,19,Female,Post Graduate,Pune,Taluka_9,5-10 Lakhs,Yes,Food Processing,TC_0480,2026-03-14,Completed,81.0,No,,Placed,Cognizant,Cybersecurity Analyst,17640.0,,Chandrapur,1.0,Maybe
PART_02582,Kavita Rao 77,29,Male,10th Pass,Akola,Taluka_7,Below 1 Lakh,No,Food Processing,TC_0297,2026-07-02,Ongoing,,No,,Not Applicable,,,,,,3.0,Maybe
PART_02583,Vikram Singh 53,36,Male,Post Graduate,Pune,Taluka_2,3-5 Lakhs,No,Beauty & Wellness,TC_0152,2026-05-31,Completed,46.0,No,,Not Placed,,,,,,3.0,No
PART_02584,Arun Kulkarni 56,25,Other,12th Pass,Parbhani,Taluka_8,Above 10 Lakhs,Yes,Medical Lab Technology,TC_0094,2025-08-19,Ongoing,,No,,Not Applicable,,,,,,5.0,Maybe
PART_02585,Shweta Bhatt 13,41,Male,Graduate,Thane,Taluka_1,5-10 Lakhs,Yes,Mobile Repair,TC_0130,2026-01-19,Ongoing,,No,,Not Applicable,,,,,,2.0,Maybe
PART_02586,Anjali Reddy 97,21,Male,12th Pass,Nagpur,Taluka_1,5-10 Lakhs,No,Medical Lab Technology,TC_0237,2026-01-25,Completed,43.0,No,,Placed,Tata Motors,Teacher,49088.0,,Parbhani,5.0,Yes
PART_02587,Sanjay Gupta 84,34,Female,12th Pass,Jalgaon,Taluka_9,5-10 Lakhs,No,Welding Technology,TC_0108,2026-01-21,Certified,92.0,Yes,2026-04-25,Self Employed,,,,,,,
PART_02588,Kavita Rao 17,32,Female,Graduate,Parbhani,Taluka_10,1-3 Lakhs,Yes,Digital Marketing,TC_0079,2026-07-03,Certified,64.0,Yes,2026-10-18,Placed,Accenture,Content Writer,39429.0,2026-12-13,Satara,,
PART_02589,Deepa Iyer 8,22,Male,Graduate,Chandrapur,Taluka_10,5-10 Lakhs,Yes,Accounting & GST,TC_0291,2025-03-15,Assessed,86.0,No,,Not Applicable,,,,,,,
PART_02590,Suresh Yadav 52,37,Female,Post Graduate,Chandrapur,Taluka_2,Below 1 Lakh,Yes,Automotive Mechanic,TC_0206,2026-04-05,Completed,74.0,No,,Placed,Vedantu,Supply Chain Analyst,34494.0,,Amravati,3.0,No
PART_02591,Kavita Rao 44,37,Male,Post Graduate,Dhule,Taluka_3,Below 1 Lakh,Yes,Automotive Mechanic,TC_0309,2025-05-28,Assessed,77.0,No,,Not Applicable,,,,,,,
PART_02592,Amit Patel 49,39,Male,Graduate,Nagpur,Taluka_3,5-10 Lakhs,No,Cloud Computing,TC_0265,2025-05-13,Completed,51.0,No,,Self Employed,,,,,,3.0,No
PART_02593,Manoj Tiwari 39,42,Other,12th Pass,Aurangabad,Taluka_10,1-3 Lakhs,Yes,Food Processing,TC_0227,2025-09-10,Certified,63.0,Yes,2026-02-10,Placed,Crompton Greaves,Data Analyst,35840.0,2026-03-11,Nanded,,
PART_02594,Shweta Bhatt 71,39,Other,Graduate,Jalgaon,Taluka_6,3-5 Lakhs,Yes,Full Stack Development,TC_0487,2026-02-07,Completed,67.0,No,,Placed,Godrej Industries,Medical Lab Technician,59744.0,,Sangli,5.0,No
PART_02595,Sneha Deshmukh 32,38,Male,12th Pass,Sangli,Taluka_10,1-3 Lakhs,No,CNC Operation,TC_0455,2026-03-11,Completed,81.0,No,,Not Placed,,,,,,5.0,Yes
PART_02596,Anjali Reddy 62,43,Female,12th Pass,Aurangabad,Taluka_7,1-3 Lakhs,No,Cloud Computing,TC_0462,2025-07-11,Completed,60.0,No,,Placed,HCL,Warehouse Supervisor,62982.0,,Chandrapur,4.0,No
PART_02597,Sanjay Gupta 50,39,Female,12th Pass,Aurangabad,Taluka_5,3-5 Lakhs,No,Electrician Training,TC_0204,2026-03-12,Completed,74.0,No,,Placed,Axis Bank,Data Analyst,59075.0,,Osmanabad,1.0,Yes
PART_02598,Vikram Singh 11,26,Male,12th Pass,Amravati,Taluka_5,3-5 Lakhs,Yes,Customer Service,TC_0407,2026-01-10,Completed,85.0,No,,Further Studies,,,,,,5.0,Yes
PART_02599,Pooja Joshi 19,26,Female,10th Pass,Amravati,Taluka_4,1-3 Lakhs,Yes,Warehouse Management,TC_0386,2025-12-02,Ongoing,,No,,Not Applicable,,,,,,5.0,Yes
PART_02600,Rahul Verma 63,36,Male,Graduate,Mumbai,Taluka_9,5-10 Lakhs,Yes,CNC Operation,TC_0300,2026-07-10,Ongoing,,No,,Not Applicable,,,,,,3.0,Yes
PART_02601,Anil Kamble 37,38,Other,Graduate,Ahmednagar,Taluka_3,Below 1 Lakh,Yes,Digital Marketing,TC_0104,2025-06-28,Completed,46.0,No,,Further Studies,,,,,,3.0,Yes
PART_02602,Manoj Tiwari 75,42,Female,10th Pass,Mumbai,Taluka_2,Above 10 Lakhs,No,Electrician Training,TC_0443,2026-03-14,Ongoing,,No,,Not Applicable,,,,,,4.0,Yes
PART_02603,Sanjay Gupta 97,28,Female,10th Pass,Dhule,Taluka_9,Below 1 Lakh,No,Medical Lab Technology,TC_0367,2026-04-21,Dropped Out,,No,,Not Applicable,,,,,,,
PART_02604,Suresh Yadav 98,32,Female,10th Pass,Thane,Taluka_5,Below 1 Lakh,No,CNC Operation,TC_0460,2025-12-13,Completed,49.0,No,,Placed,Apollo Hospitals,Pharmacy Assistant,71718.0,,Pune,5.0,Yes
PART_02605,Kavita Rao 27,30,Other,10th Pass,Amravati,Taluka_7,Above 10 Lakhs,Yes,Accounting & GST,TC_0245,2026-01-29,Completed,88.0,No,,Not Placed,,,,,,2.0,No
PART_02606,Sneha Deshmukh 68,40,Female,12th Pass,Jalna,Taluka_4,1-3 Lakhs,No,Beauty & Wellness,TC_0355,2025-01-09,Dropped Out,,No,,Not Applicable,,,,,,,
PART_02607,Ashok Pawar 6,35,Female,10th Pass,Sangli,Taluka_5,1-3 Lakhs,No,Food Processing,TC_0003,2025-08-07,Completed,46.0,No,,Not Placed,,,,,,4.0,Yes
PART_02608,Usha Menon 52,24,Other,Diploma,Jalgaon,Taluka_7,1-3 Lakhs,Yes,Beauty & Wellness,TC_0163,2025-07-15,Completed,44.0,No,,Not Placed,,,,,,4.0,Yes
PART_02609,Mohan Rao 4,44,Female,Graduate,Ahmednagar,Taluka_3,Above 10 Lakhs,Yes,Automotive Mechanic,TC_0026,2025-10-15,Assessed,92.0,No,,Not Applicable,,,,,,,
PART_02610,Shweta Bhatt 72,42,Male,Graduate,Nagpur,Taluka_2,1-3 Lakhs,Yes,Food Processing,TC_0122,2025-05-07,Completed,69.0,No,,Self Employed,,,,,,1.0,No
PART_02611,Pooja Joshi 75,26,Male,Diploma,Chandrapur,Taluka_8,3-5 Lakhs,Yes,Medical Lab Technology,TC_0267,2025-07-02,Assessed,95.0,No,,Not Applicable,,,,,,,
PART_02612,Geeta Sawant 37,27,Female,12th Pass,Nanded,Taluka_4,3-5 Lakhs,No,Warehouse Management,TC_0409,2026-02-22,Completed,89.0,No,,Placed,Max Healthcare,Project Coordinator,39331.0,,Parbhani,3.0,No
PART_02613,Rajesh Kumar 12,32,Male,10th Pass,Nanded,Taluka_5,3-5 Lakhs,Yes,Retail Management,TC_0025,2025-06-03,Assessed,60.0,No,,Not Applicable,,,,,,,
PART_02614,Deepa Iyer 78,27,Male,10th Pass,Sangli,Taluka_2,Below 1 Lakh,No,Customer Service,TC_0352,2026-08-18,Completed,54.0,No,,Placed,HCL,Cybersecurity Analyst,23009.0,,Beed,1.0,Yes
PART_02615,Preeti Chopra 51,38,Female,12th Pass,Solapur,Taluka_3,Below 1 Lakh,Yes,Retail Management,TC_0084,2025-09-10,Certified,58.0,Yes,2025-12-30,Placed,Tech Mahindra,Machine Learning Engineer,52557.0,2026-01-13,Chandrapur,,
PART_02616,Sneha Deshmukh 64,36,Male,12th Pass,Amravati,Taluka_10,1-3 Lakhs,Yes,Beauty & Wellness,TC_0103,2026-01-13,Certified,75.0,Yes,2026-04-26,Placed,Cognizant,Medical Lab Technician,53582.0,2026-05-18,Mumbai,,
PART_02617,Geeta Sawant 25,31,Female,Post Graduate,Kolhapur,Taluka_2,Below 1 Lakh,No,Beauty & Wellness,TC_0067,2026-06-19,Dropped Out,,No,,Not Applicable,,,,,,,
PART_02618,Preeti Chopra 85,44,Male,Graduate,Nashik,Taluka_7,Below 1 Lakh,Yes,Customer Service,TC_0045,2025-08-14,Completed,50.0,No,,Not Placed,,,,,,2.0,Maybe
PART_02619,Amit Patel 55,34,Other,Post Graduate,Akola,Taluka_2,Below 1 Lakh,No,Medical Lab Technology,TC_0076,2026-04-22,Completed,59.0,No,,Not Placed,,,,,,2.0,No
PART_02620,Kavita Rao 81,28,Male,Graduate,Pune,Taluka_4,3-5 Lakhs,Yes,Data Analytics,TC_0264,2026-02-15,Dropped Out,,No,,Not Applicable,,,,,,,
PART_02621,Meera Nair 39,31,Male,Diploma,Dhule,Taluka_6,1-3 Lakhs,Yes,Data Analytics,TC_0112,2026-06-13,Completed,53.0,No,,Not Placed,,,,,,3.0,No
PART_02622,Rajesh Kumar 73,32,Female,12th Pass,Sangli,Taluka_5,Below 1 Lakh,No,Full Stack Development,TC_0025,2026-05-12,Completed,98.0,No,,Not Placed,,,,,,2.0,Yes
PART_02623,Rajesh Kumar 58,21,Female,Post Graduate,Nagpur,Taluka_9,1-3 Lakhs,Yes,Mobile Repair,TC_0337,2025-02-10,Certified,95.0,Yes,2025-06-13,Placed,HCL,Teacher,19560.0,2025-08-26,Pune,,
PART_02624,Neha Dubey 3,31,Other,Diploma,Sangli,Taluka_8,1-3 Lakhs,No,Data Analytics,TC_0195,2025-03-31,Ongoing,,No,,Not Applicable,,,,,,5.0,Yes
PART_02625,Prakash More 66,34,Other,Post Graduate,Ahmednagar,Taluka_5,1-3 Lakhs,Yes,Automotive Mechanic,TC_0242,2026-04-11,Dropped Out,,No,,Not Applicable,,,,,,,
PART_02626,Anjali Reddy 26,35,Female,12th Pass,Nagpur,Taluka_4,1-3 Lakhs,Yes,Data Analytics,TC_0440,2026-02-18,Certified,79.0,Yes,2026-08-03,Placed,Zerodha,Sales Executive,55724.0,2026-09-04,Raigad,,
PART_02627,Mohan Rao 58,33,Other,Graduate,Akola,Taluka_8,1-3 Lakhs,Yes,Beauty & Wellness,TC_0297,2026-02-01,Assessed,98.0,No,,Not Applicable,,,,,,,
PART_02628,Amit Patel 89,42,Male,Diploma,Chandrapur,Taluka_8,Below 1 Lakh,No,Customer Service,TC_0458,2025-06-21,Certified,86.0,Yes,2025-10-18,Placed,IBM,Logistics Coordinator,76272.0,2025-11-26,Bhiwandi,,
PART_02629,Anjali Reddy 63,22,Male,10th Pass,Jalgaon,Taluka_9,5-10 Lakhs,Yes,Data Analytics,TC_0257,2025-05-12,Ongoing,,No,,Not Applicable,,,,,,1.0,Yes
PART_02630,Anil Kamble 45,29,Female,10th Pass,Nagpur,Taluka_6,3-5 Lakhs,Yes,Automotive Mechanic,TC_0107,2025-04-24,Certified,79.0,Yes,2025-08-16,Placed,Fortis Healthcare,Technician,71872.0,2025-09-25,Osmanabad,,
PART_02631,Rekha Pillai 86,30,Other,Post Graduate,Latur,Taluka_4,3-5 Lakhs,Yes,Accounting & GST,TC_0095,2025-04-20,Dropped Out,,No,,Not Applicable,,,,,,,
PART_02632,Arun Kulkarni 99,35,Female,Post Graduate,Aurangabad,Taluka_1,Below 1 Lakh,No,Accounting & GST,TC_0084,2026-02-09,Completed,78.0,No,,Not Placed,,,,,,1.0,Maybe
PART_02633,Sanjay Gupta 91,27,Male,Graduate,Aurangabad,Taluka_8,Below 1 Lakh,Yes,Cloud Computing,TC_0122,2026-04-30,Completed,63.0,No,,Not Placed,,,,,,1.0,Maybe
PART_02634,Rahul Verma 19,23,Female,Post Graduate,Parbhani,Taluka_6,Above 10 Lakhs,No,Cloud Computing,TC_0208,2026-02-17,Certified,81.0,Yes,2026-05-26,Placed,Tech Mahindra,Retail Associate,36777.0,2026-08-20,Ahmednagar,,
PART_02635,Neha Dubey 76,42,Male,10th Pass,Jalna,Taluka_6,Below 1 Lakh,Yes,Accounting & GST,TC_0411,2026-03-10,Dropped Out,,No,,Not Applicable,,,,,,,
PART_02636,Neha Dubey 89,26,Other,Graduate,Chandrapur,Taluka_2,Below 1 Lakh,No,Cloud Computing,TC_0151,2025-02-09,Assessed,59.0,No,,Not Applicable,,,,,,,
PART_02637,Arun Kulkarni 49,34,Male,Diploma,Ahmednagar,Taluka_5,1-3 Lakhs,No,Accounting & GST,TC_0498,2025-04-25,Ongoing,,No,,Not Applicable,,,,,,5.0,Maybe
PART_02638,Rahul Verma 83,22,Female,Diploma,Aurangabad,Taluka_7,Above 10 Lakhs,Yes,Welding Technology,TC_0196,2026-03-04,Completed,42.0,No,,Not Placed,,,,,,3.0,Yes
PART_02639,Rekha Pillai 52,23,Female,Graduate,Solapur,Taluka_3,Below 1 Lakh,Yes,Full Stack Development,TC_0035,2026-08-17,Completed,81.0,No,,Further Studies,,,,,,3.0,Maybe
PART_02640,Manoj Tiwari 63,30,Female,Post Graduate,Nashik,Taluka_10,5-10 Lakhs,No,Customer Service,TC_0055,2025-10-04,Certified,78.0,Yes,2026-02-21,Placed,Unacademy,Accountant,48601.0,2026-04-02,Akola,,
PART_02641,Rekha Pillai 37,43,Other,Diploma,Thane,Taluka_3,3-5 Lakhs,Yes,Accounting & GST,TC_0113,2025-01-10,Certified,82.0,Yes,2025-04-20,Not Placed,,,,,,,
PART_02642,Dinesh Shinde 93,44,Female,12th Pass,Akola,Taluka_7,1-3 Lakhs,Yes,Full Stack Development,TC_0309,2026-06-02,Assessed,81.0,No,,Not Applicable,,,,,,,
PART_02643,Priya Sharma 2,23,Female,Diploma,Pune,Taluka_2,Above 10 Lakhs,Yes,Data Analytics,TC_0166,2025-11-20,Dropped Out,,No,,Not Applicable,,,,,,,
PART_02644,Sunita Kaur 100,28,Other,Graduate,Amravati,Taluka_6,3-5 Lakhs,Yes,Accounting & GST,TC_0328,2025-07-04,Completed,69.0,No,,Not Placed,,,,,,1.0,Yes
PART_02645,Anil Kamble 100,45,Other,Post Graduate,Nashik,Taluka_9,5-10 Lakhs,Yes,Full Stack Development,TC_0012,2025-01-04,Certified,66.0,Yes,2025-06-28,Not Placed,,,,,,,
PART_02646,Suresh Yadav 60,26,Female,Post Graduate,Aurangabad,Taluka_2,1-3 Lakhs,Yes,Customer Service,TC_0428,2026-04-21,Ongoing,,No,,Not Applicable,,,,,,3.0,Maybe
PART_02647,Rahul Verma 6,21,Female,Graduate,Pune,Taluka_1,Above 10 Lakhs,Yes,Warehouse Management,TC_0185,2026-04-28,Completed,92.0,No,,Placed,Flipkart,Retail Associate,30883.0,,Solapur,1.0,Maybe
PART_02648,Mohan Rao 5,23,Other,Diploma,Dhule,Taluka_2,1-3 Lakhs,Yes,Medical Lab Technology,TC_0122,2026-01-28,Ongoing,,No,,Not Applicable,,,,,,4.0,No
PART_02649,Amit Patel 6,26,Male,Diploma,Jalna,Taluka_8,Below 1 Lakh,No,Digital Marketing,TC_0386,2025-08-15,Dropped Out,,No,,Not Applicable,,,,,,,
PART_02650,Vikram Singh 26,27,Male,Post Graduate,Dhule,Taluka_9,5-10 Lakhs,No,Warehouse Management,TC_0435,2025-07-09,Completed,77.0,No,,Self Employed,,,,,,3.0,No
PART_02651,Geeta Sawant 81,27,Male,Graduate,Jalgaon,Taluka_1,3-5 Lakhs,No,Cloud Computing,TC_0333,2025-11-02,Completed,70.0,No,,Placed,HDFC Bank,UI/UX Designer,25193.0,,Beed,3.0,No
PART_02652,Geeta Sawant 44,25,Other,10th Pass,Mumbai,Taluka_7,Above 10 Lakhs,No,Mobile Repair,TC_0195,2026-02-20,Ongoing,,No,,Not Applicable,,,,,,1.0,No
PART_02653,Rajesh Kumar 44,43,Other,Graduate,Nagpur,Taluka_9,Above 10 Lakhs,No,Food Processing,TC_0266,2025-06-04,Dropped Out,,No,,Not Applicable,,,,,,,
PART_02654,Deepa Iyer 66,37,Female,10th Pass,Chandrapur,Taluka_3,3-5 Lakhs,Yes,Data Analytics,TC_0095,2025-07-16,Ongoing,,No,,Not Applicable,,,,,,1.0,Maybe
PART_02655,Sneha Deshmukh 87,23,Male,Post Graduate,Dhule,Taluka_7,Above 10 Lakhs,Yes,Mobile Repair,TC_0133,2025-07-18,Assessed,93.0,No,,Not Applicable,,,,,,,
PART_02656,Laxmi Hegde 7,38,Male,12th Pass,Chandrapur,Taluka_3,Below 1 Lakh,No,Cloud Computing,TC_0089,2026-04-09,Completed,64.0,No,,Placed,Flipkart,DevOps Engineer,30281.0,,Akola,2.0,Yes
PART_02657,Preeti Chopra 94,37,Male,Post Graduate,Nashik,Taluka_9,Above 10 Lakhs,Yes,Electrician Training,TC_0293,2025-11-25,Assessed,74.0,No,,Not Applicable,,,,,,,
PART_02658,Rekha Pillai 52,19,Male,12th Pass,Nanded,Taluka_10,Below 1 Lakh,No,Data Analytics,TC_0076,2025-10-13,Certified,87.0,Yes,2026-04-07,Placed,Siemens,UI/UX Designer,47868.0,2026-06-21,Dhule,,
PART_02659,Manoj Tiwari 74,36,Other,Diploma,Akola,Taluka_9,Below 1 Lakh,Yes,CNC Operation,TC_0139,2025-08-21,Completed,84.0,No,,Placed,ABB India,Supply Chain Analyst,19889.0,,Dhule,4.0,Yes
PART_02660,Priya Sharma 82,25,Male,Graduate,Amravati,Taluka_4,Below 1 Lakh,No,Electrician Training,TC_0380,2025-03-24,Assessed,87.0,No,,Not Applicable,,,,,,,
PART_02661,Usha Menon 24,30,Male,Diploma,Parbhani,Taluka_6,Above 10 Lakhs,Yes,Retail Management,TC_0049,2025-09-12,Completed,73.0,No,,Self Employed,,,,,,5.0,Maybe
PART_02662,Kavita Rao 43,29,Other,Post Graduate,Ahmednagar,Taluka_7,5-10 Lakhs,Yes,Data Analytics,TC_0197,2025-07-01,Assessed,55.0,No,,Not Applicable,,,,,,,
PART_02663,Shweta Bhatt 54,27,Female,10th Pass,Pune,Taluka_10,Above 10 Lakhs,No,Customer Service,TC_0236,2025-09-01,Dropped Out,,No,,Not Applicable,,,,,,,
PART_02664,Deepa Iyer 53,42,Female,Diploma,Jalna,Taluka_5,Above 10 Lakhs,No,Beauty & Wellness,TC_0257,2026-06-18,Ongoing,,No,,Not Applicable,,,,,,2.0,Maybe
PART_02665,Dinesh Shinde 81,32,Other,10th Pass,Dhule,Taluka_5,3-5 Lakhs,No,Food Processing,TC_0204,2025-01-11,Assessed,67.0,No,,Not Applicable,,,,,,,
PART_02666,Neha Dubey 33,34,Female,Graduate,Kolhapur,Taluka_6,Below 1 Lakh,No,Mobile Repair,TC_0213,2025-02-28,Assessed,43.0,No,,Not Applicable,,,,,,,
PART_02667,Ramesh Jadhav 64,40,Other,Graduate,Jalgaon,Taluka_4,5-10 Lakhs,Yes,Medical Lab Technology,TC_0182,2025-03-01,Dropped Out,,No,,Not Applicable,,,,,,,
PART_02668,Shweta Bhatt 42,43,Female,Post Graduate,Latur,Taluka_5,Above 10 Lakhs,Yes,Full Stack Development,TC_0247,2025-08-01,Assessed,82.0,No,,Not Applicable,,,,,,,
PART_02669,Usha Menon 53,25,Other,Post Graduate,Latur,Taluka_10,Below 1 Lakh,Yes,Data Analytics,TC_0176,2026-04-11,Dropped Out,,No,,Not Applicable,,,,,,,
PART_02670,Meera Nair 70,25,Female,Diploma,Nagpur,Taluka_2,3-5 Lakhs,Yes,Retail Management,TC_0242,2026-03-24,Ongoing,,No,,Not Applicable,,,,,,5.0,Maybe
PART_02671,Dinesh Shinde 75,20,Female,Graduate,Nashik,Taluka_3,3-5 Lakhs,Yes,Customer Service,TC_0210,2025-06-15,Assessed,55.0,No,,Not Applicable,,,,,,,
PART_02672,Sunita Kaur 61,35,Male,10th Pass,Nagpur,Taluka_2,3-5 Lakhs,Yes,CNC Operation,TC_0125,2026-06-18,Certified,72.0,Yes,2026-10-25,Placed,Fortis Healthcare,HR Coordinator,71543.0,2026-12-11,Kolhapur,,
PART_02673,Rahul Verma 33,43,Male,Diploma,Kolhapur,Taluka_1,Below 1 Lakh,Yes,Welding Technology,TC_0345,2026-07-29,Ongoing,,No,,Not Applicable,,,,,,4.0,Maybe
PART_02674,Neha Dubey 81,30,Other,10th Pass,Kolhapur,Taluka_8,5-10 Lakhs,Yes,Electrician Training,TC_0413,2026-08-02,Completed,74.0,No,,Not Placed,,,,,,4.0,Yes
PART_02675,Rekha Pillai 69,40,Other,10th Pass,Sangli,Taluka_2,1-3 Lakhs,Yes,Customer Service,TC_0451,2026-07-20,Completed,56.0,No,,Placed,Apollo Hospitals,Sales Executive,36899.0,,Pune,5.0,Maybe
PART_02676,Arun Kulkarni 35,27,Female,Diploma,Bhiwandi,Taluka_10,3-5 Lakhs,Yes,Automotive Mechanic,TC_0297,2026-06-30,Ongoing,,No,,Not Applicable,,,,,,5.0,Maybe
PART_02677,Laxmi Hegde 17,26,Female,Post Graduate,Jalna,Taluka_4,Above 10 Lakhs,Yes,CNC Operation,TC_0393,2026-08-20,Completed,98.0,No,,Self Employed,,,,,,3.0,No
PART_02678,Shweta Bhatt 53,26,Other,Graduate,Jalgaon,Taluka_1,1-3 Lakhs,Yes,Beauty & Wellness,TC_0292,2025-11-14,Completed,56.0,No,,Placed,Larsen & Toubro,Supply Chain Analyst,37868.0,,Satara,5.0,No
PART_02679,Dinesh Shinde 41,37,Female,Diploma,Thane,Taluka_4,Below 1 Lakh,Yes,Data Analytics,TC_0468,2025-04-07,Certified,93.0,Yes,2025-08-19,Not Placed,,,,,,,
PART_02680,Sneha Deshmukh 41,24,Other,Diploma,Solapur,Taluka_7,Below 1 Lakh,Yes,Electrician Training,TC_0213,2026-04-30,Ongoing,,No,,Not Applicable,,,,,,4.0,No
PART_02681,Prakash More 82,21,Other,12th Pass,Kolhapur,Taluka_7,3-5 Lakhs,No,Cloud Computing,TC_0167,2025-03-20,Certified,44.0,Yes,2025-07-06,Placed,Flipkart,DevOps Engineer,61111.0,2025-09-18,Pune,,
PART_02682,Sunita Kaur 44,33,Female,10th Pass,Aurangabad,Taluka_3,5-10 Lakhs,Yes,Customer Service,TC_0394,2025-12-03,Assessed,81.0,No,,Not Applicable,,,,,,,
PART_02683,Prakash More 2,37,Male,12th Pass,Ahmednagar,Taluka_8,1-3 Lakhs,Yes,Mobile Repair,TC_0157,2026-03-27,Ongoing,,No,,Not Applicable,,,,,,4.0,Yes
PART_02684,Mohan Rao 73,41,Other,Graduate,Nagpur,Taluka_3,Above 10 Lakhs,No,Full Stack Development,TC_0168,2026-01-18,Ongoing,,No,,Not Applicable,,,,,,2.0,Yes
PART_02685,Vikram Singh 94,41,Female,12th Pass,Nanded,Taluka_8,Below 1 Lakh,Yes,Customer Service,TC_0273,2026-02-13,Completed,47.0,No,,Placed,Axis Bank,Training Coordinator,22598.0,,Raigad,4.0,Yes
PART_02686,Preeti Chopra 37,29,Male,Post Graduate,Ahmednagar,Taluka_5,5-10 Lakhs,Yes,Automotive Mechanic,TC_0170,2026-05-29,Dropped Out,,No,,Not Applicable,,,,,,,
PART_02687,Ramesh Jadhav 97,23,Female,Diploma,Pune,Taluka_3,5-10 Lakhs,No,CNC Operation,TC_0236,2025-04-03,Assessed,67.0,No,,Not Applicable,,,,,,,
PART_02688,Suresh Yadav 15,27,Female,12th Pass,Chandrapur,Taluka_4,1-3 Lakhs,No,Food Processing,TC_0026,2025-06-11,Completed,56.0,No,,Placed,IBM,Customer Support Specialist,19595.0,,Kolhapur,3.0,No
PART_02689,Sanjay Gupta 90,36,Female,Diploma,Jalna,Taluka_9,Above 10 Lakhs,No,Digital Marketing,TC_0318,2025-04-15,Dropped Out,,No,,Not Applicable,,,,,,,
PART_02690,Suresh Yadav 15,21,Male,10th Pass,Kolhapur,Taluka_6,Below 1 Lakh,No,Cloud Computing,TC_0206,2025-03-19,Ongoing,,No,,Not Applicable,,,,,,4.0,Yes
PART_02691,Dinesh Shinde 73,21,Other,Graduate,Pune,Taluka_7,Below 1 Lakh,No,Electrician Training,TC_0311,2025-10-26,Dropped Out,,No,,Not Applicable,,,,,,,
PART_02692,Vikram Singh 19,18,Male,Graduate,Ahmednagar,Taluka_6,3-5 Lakhs,No,Digital Marketing,TC_0419,2025-02-02,Dropped Out,,No,,Not Applicable,,,,,,,
PART_02693,Pooja Joshi 44,34,Female,12th Pass,Nashik,Taluka_8,3-5 Lakhs,Yes,Food Processing,TC_0129,2026-05-10,Completed,76.0,No,,Not Placed,,,,,,5.0,Yes
PART_02694,Amit Patel 18,40,Other,10th Pass,Parbhani,Taluka_6,5-10 Lakhs,Yes,Food Processing,TC_0473,2025-08-21,Assessed,42.0,No,,Not Applicable,,,,,,,
PART_02695,Pooja Joshi 3,21,Male,12th Pass,Solapur,Taluka_10,Above 10 Lakhs,No,Full Stack Development,TC_0113,2025-12-03,Assessed,98.0,No,,Not Applicable,,,,,,,
PART_02696,Deepa Iyer 47,33,Other,Diploma,Amravati,Taluka_7,3-5 Lakhs,Yes,Cloud Computing,TC_0374,2025-08-02,Dropped Out,,No,,Not Applicable,,,,,,,
PART_02697,Sunita Kaur 9,21,Other,Diploma,Latur,Taluka_10,Above 10 Lakhs,No,Cloud Computing,TC_0185,2025-02-05,Certified,99.0,Yes,2025-06-08,Placed,Max Healthcare,Accountant,68462.0,2025-08-27,Chandrapur,,
PART_02698,Sunita Kaur 92,43,Male,Graduate,Parbhani,Taluka_4,5-10 Lakhs,No,Food Processing,TC_0344,2025-11-16,Certified,72.0,Yes,2026-05-10,Self Employed,,,,,,,
PART_02699,Rajesh Kumar 28,31,Other,Graduate,Nashik,Taluka_4,Below 1 Lakh,Yes,Accounting & GST,TC_0314,2025-04-21,Ongoing,,No,,Not Applicable,,,,,,3.0,No
PART_02700,Neha Dubey 85,43,Male,Graduate,Mumbai,Taluka_2,3-5 Lakhs,No,Welding Technology,TC_0231,2025-06-10,Completed,41.0,No,,Placed,Vedantu,Retail Associate,69766.0,,Jalna,4.0,Maybe
PART_02701,Meera Nair 69,45,Other,Post Graduate,Pune,Taluka_1,Above 10 Lakhs,No,Warehouse Management,TC_0220,2026-05-07,Ongoing,,No,,Not Applicable,,,,,,5.0,Yes
PART_02702,Sanjay Gupta 41,27,Male,10th Pass,Thane,Taluka_5,1-3 Lakhs,No,Automotive Mechanic,TC_0237,2026-08-24,Certified,95.0,Yes,2026-12-19,Not Placed,,,,,,,
PART_02703,Geeta Sawant 29,26,Male,12th Pass,Jalna,Taluka_2,1-3 Lakhs,Yes,Electrician Training,TC_0014,2026-01-11,Certified,57.0,Yes,2026-05-26,Placed,Cognizant,UI/UX Designer,62146.0,2026-07-07,Satara,,
PART_02704,Ashok Pawar 34,19,Male,Post Graduate,Nanded,Taluka_9,Below 1 Lakh,No,Medical Lab Technology,TC_0263,2026-06-01,Completed,77.0,No,,Not Placed,,,,,,2.0,No
PART_02705,Amit Patel 16,35,Female,Graduate,Chandrapur,Taluka_8,Above 10 Lakhs,No,Digital Marketing,TC_0081,2025-10-30,Certified,70.0,Yes,2026-04-24,Further Studies,,,,,,,
PART_02706,Laxmi Hegde 71,43,Female,12th Pass,Solapur,Taluka_10,Above 10 Lakhs,Yes,Digital Marketing,TC_0332,2025-02-09,Ongoing,,No,,Not Applicable,,,,,,1.0,Maybe
PART_02707,Anjali Reddy 22,26,Other,Diploma,Mumbai,Taluka_7,3-5 Lakhs,No,Welding Technology,TC_0123,2025-11-13,Completed,75.0,No,,Not Placed,,,,,,1.0,Yes
PART_02708,Nitin Bhosale 13,20,Female,Graduate,Jalgaon,Taluka_1,1-3 Lakhs,Yes,Full Stack Development,TC_0390,2025-07-01,Completed,65.0,No,,Placed,Max Healthcare,UI/UX Designer,70731.0,,Ahmednagar,2.0,Yes
PART_02709,Sanjay Gupta 33,36,Male,Diploma,Latur,Taluka_2,1-3 Lakhs,No,Retail Management,TC_0300,2025-09-08,Completed,46.0,No,,Placed,HCL,Data Analyst,51857.0,,Aurangabad,1.0,Maybe
PART_02710,Dinesh Shinde 98,29,Other,10th Pass,Mumbai,Taluka_8,5-10 Lakhs,Yes,Cloud Computing,TC_0349,2025-09-12,Ongoing,,No,,Not Applicable,,,,,,2.0,Maybe
PART_02711,Sneha Deshmukh 80,31,Male,Graduate,Thane,Taluka_9,3-5 Lakhs,No,Food Processing,TC_0080,2025-11-07,Ongoing,,No,,Not Applicable,,,,,,2.0,Maybe
PART_02712,Dinesh Shinde 61,40,Female,Post Graduate,Nagpur,Taluka_10,Below 1 Lakh,Yes,Automotive Mechanic,TC_0398,2025-10-28,Ongoing,,No,,Not Applicable,,,,,,1.0,Maybe
PART_02713,Rajesh Kumar 27,20,Male,Post Graduate,Aurangabad,Taluka_8,5-10 Lakhs,Yes,Digital Marketing,TC_0199,2025-10-21,Certified,77.0,Yes,2026-03-23,Placed,Fortis Healthcare,Business Analyst,34461.0,2026-03-26,Mumbai,,
PART_02714,Neha Dubey 3,24,Female,10th Pass,Nanded,Taluka_5,Above 10 Lakhs,No,Electrician Training,TC_0375,2026-07-01,Dropped Out,,No,,Not Applicable,,,,,,,
PART_02715,Mohan Rao 34,38,Female,12th Pass,Nagpur,Taluka_10,5-10 Lakhs,No,Automotive Mechanic,TC_0108,2025-07-23,Dropped Out,,No,,Not Applicable,,,,,,,
PART_02716,Kavita Rao 67,23,Male,Graduate,Nagpur,Taluka_2,5-10 Lakhs,No,Customer Service,TC_0202,2025-08-13,Dropped Out,,No,,Not Applicable,,,,,,,
PART_02717,Deepa Iyer 27,39,Male,10th Pass,Thane,Taluka_6,Below 1 Lakh,Yes,Data Analytics,TC_0386,2025-05-28,Assessed,59.0,No,,Not Applicable,,,,,,,
PART_02718,Preeti Chopra 55,30,Female,Post Graduate,Bhiwandi,Taluka_9,Above 10 Lakhs,No,Automotive Mechanic,TC_0215,2025-06-05,Ongoing,,No,,Not Applicable,,,,,,3.0,Yes
PART_02719,Suresh Yadav 30,26,Male,Post Graduate,Dhule,Taluka_7,Below 1 Lakh,Yes,Digital Marketing,TC_0006,2025-06-29,Assessed,86.0,No,,Not Applicable,,,,,,,
PART_02720,Ramesh Jadhav 98,28,Female,12th Pass,Nashik,Taluka_10,1-3 Lakhs,No,Automotive Mechanic,TC_0104,2025-07-27,Assessed,83.0,No,,Not Applicable,,,,,,,
PART_02721,Rajesh Kumar 84,39,Female,12th Pass,Latur,Taluka_10,Above 10 Lakhs,No,Customer Service,TC_0419,2025-02-14,Certified,96.0,Yes,2025-06-20,Placed,IBM,Teacher,56882.0,2025-07-17,Bhiwandi,,
PART_02722,Deepa Iyer 39,28,Male,Diploma,Parbhani,Taluka_2,Above 10 Lakhs,Yes,Electrician Training,TC_0233,2026-08-06,Completed,100.0,No,,Placed,Byju's,Nurse,77675.0,,Mumbai,1.0,Maybe
PART_02723,Priya Sharma 92,40,Male,10th Pass,Solapur,Taluka_8,5-10 Lakhs,Yes,Full Stack Development,TC_0282,2026-03-31,Completed,57.0,No,,Self Employed,,,,,,2.0,No
PART_02724,Ashok Pawar 31,43,Other,12th Pass,Bhiwandi,Taluka_8,3-5 Lakhs,No,Beauty & Wellness,TC_0306,2026-03-20,Completed,71.0,No,,Further Studies,,,,,,3.0,Maybe
PART_02725,Anil Kamble 18,23,Male,Diploma,Solapur,Taluka_5,1-3 Lakhs,No,Warehouse Management,TC_0282,2025-08-17,Completed,49.0,No,,Placed,Wipro,Fitter,58640.0,,Amravati,1.0,No
PART_02726,Mohan Rao 83,22,Other,Graduate,Amravati,Taluka_5,5-10 Lakhs,Yes,Full Stack Development,TC_0486,2025-06-29,Completed,86.0,No,,Self Employed,,,,,,5.0,No
PART_02727,Ramesh Jadhav 30,33,Male,Graduate,Chandrapur,Taluka_5,3-5 Lakhs,Yes,Full Stack Development,TC_0280,2025-10-09,Completed,57.0,No,,Placed,HDFC Bank,HR Coordinator,20580.0,,Pune,2.0,No
PART_02728,Ramesh Jadhav 84,28,Other,Graduate,Nagpur,Taluka_3,Above 10 Lakhs,Yes,Cloud Computing,TC_0242,2025-07-30,Assessed,52.0,No,,Not Applicable,,,,,,,
PART_02729,Prakash More 34,45,Other,Diploma,Parbhani,Taluka_2,Below 1 Lakh,No,Mobile Repair,TC_0385,2025-12-07,Assessed,96.0,No,,Not Applicable,,,,,,,
PART_02730,Sanjay Gupta 80,23,Female,10th Pass,Jalna,Taluka_2,Below 1 Lakh,No,Electrician Training,TC_0482,2025-08-25,Dropped Out,,No,,Not Applicable,,,,,,,
PART_02731,Sunita Kaur 43,21,Male,12th Pass,Dhule,Taluka_7,1-3 Lakhs,Yes,Customer Service,TC_0139,2025-02-27,Completed,87.0,No,,Placed,Crompton Greaves,Sales Executive,46182.0,,Akola,4.0,Yes
PART_02732,Shweta Bhatt 46,38,Other,Graduate,Ahmednagar,Taluka_1,Below 1 Lakh,No,Medical Lab Technology,TC_0177,2025-04-13,Ongoing,,No,,Not Applicable,,,,,,1.0,Yes
PART_02733,Manoj Tiwari 70,25,Male,Post Graduate,Aurangabad,Taluka_3,1-3 Lakhs,No,Digital Marketing,TC_0406,2025-06-23,Assessed,84.0,No,,Not Applicable,,,,,,,
PART_02734,Rahul Verma 99,29,Male,10th Pass,Jalna,Taluka_6,3-5 Lakhs,No,Accounting & GST,TC_0500,2026-01-08,Completed,87.0,No,,Self Employed,,,,,,3.0,No
PART_02735,Rahul Verma 65,43,Other,12th Pass,Kolhapur,Taluka_9,3-5 Lakhs,Yes,Beauty & Wellness,TC_0270,2025-02-05,Ongoing,,No,,Not Applicable,,,,,,2.0,Yes
PART_02736,Ashok Pawar 64,29,Male,Diploma,Pune,Taluka_2,1-3 Lakhs,Yes,Electrician Training,TC_0248,2026-08-23,Certified,54.0,Yes,2027-02-16,Self Employed,,,,,,,
PART_02737,Ashok Pawar 33,45,Male,10th Pass,Akola,Taluka_2,5-10 Lakhs,No,Automotive Mechanic,TC_0445,2025-07-02,Ongoing,,No,,Not Applicable,,,,,,4.0,Yes
PART_02738,Priya Sharma 19,25,Female,Diploma,Solapur,Taluka_4,5-10 Lakhs,Yes,Medical Lab Technology,TC_0042,2025-11-21,Ongoing,,No,,Not Applicable,,,,,,1.0,Yes
PART_02739,Sunita Kaur 65,26,Male,Diploma,Mumbai,Taluka_10,Below 1 Lakh,Yes,Mobile Repair,TC_0049,2025-05-03,Assessed,53.0,No,,Not Applicable,,,,,,,
PART_02740,Rekha Pillai 30,36,Other,12th Pass,Mumbai,Taluka_2,5-10 Lakhs,Yes,Digital Marketing,TC_0132,2025-01-23,Completed,54.0,No,,Placed,Mahindra & Mahindra,Customer Support Specialist,70367.0,,Yavatmal,4.0,No
PART_02741,Laxmi Hegde 18,24,Other,12th Pass,Solapur,Taluka_3,5-10 Lakhs,Yes,Cloud Computing,TC_0227,2025-09-02,Certified,90.0,Yes,2025-12-08,Further Studies,,,,,,,
PART_02742,Nitin Bhosale 7,36,Female,Diploma,Pune,Taluka_3,3-5 Lakhs,No,Welding Technology,TC_0406,2026-08-01,Certified,91.0,Yes,2026-12-29,Not Placed,,,,,,,
PART_02743,Kavita Rao 81,20,Female,Diploma,Amravati,Taluka_8,3-5 Lakhs,Yes,Data Analytics,TC_0119,2025-01-09,Completed,81.0,No,,Not Placed,,,,,,1.0,Maybe
PART_02744,Rahul Verma 41,41,Other,Post Graduate,Nashik,Taluka_3,5-10 Lakhs,Yes,Beauty & Wellness,TC_0311,2025-12-19,Ongoing,,No,,Not Applicable,,,,,,4.0,Maybe
PART_02745,Kavita Rao 26,42,Other,Diploma,Sangli,Taluka_1,1-3 Lakhs,No,Welding Technology,TC_0152,2025-02-09,Ongoing,,No,,Not Applicable,,,,,,4.0,Maybe
PART_02746,Mohan Rao 21,25,Male,12th Pass,Ahmednagar,Taluka_2,3-5 Lakhs,Yes,Digital Marketing,TC_0017,2025-02-08,Ongoing,,No,,Not Applicable,,,,,,2.0,No
PART_02747,Deepa Iyer 4,23,Other,Diploma,Nanded,Taluka_2,1-3 Lakhs,No,Medical Lab Technology,TC_0272,2025-10-07,Completed,45.0,No,,Placed,Bajaj Finserv,Cloud Engineer,50491.0,,Jalna,3.0,No
PART_02748,Amit Patel 50,41,Other,Graduate,Thane,Taluka_3,3-5 Lakhs,No,Electrician Training,TC_0120,2025-08-17,Dropped Out,,No,,Not Applicable,,,,,,,
PART_02749,Nitin Bhosale 43,27,Female,Post Graduate,Aurangabad,Taluka_7,1-3 Lakhs,No,Cloud Computing,TC_0173,2026-07-13,Dropped Out,,No,,Not Applicable,,,,,,,
PART_02750,Geeta Sawant 88,37,Other,Graduate,Thane,Taluka_2,Above 10 Lakhs,No,Full Stack Development,TC_0096,2025-04-24,Ongoing,,No,,Not Applicable,,,,,,4.0,Yes
PART_02751,Dinesh Shinde 98,25,Male,Diploma,Kolhapur,Taluka_5,3-5 Lakhs,No,Full Stack Development,TC_0205,2025-10-22,Certified,47.0,Yes,2026-02-06,Placed,Cognizant,Machine Operator,34685.0,2026-03-15,Akola,,
PART_02752,Suresh Yadav 19,23,Male,12th Pass,Sangli,Taluka_1,3-5 Lakhs,Yes,Digital Marketing,TC_0034,2025-08-12,Assessed,59.0,No,,Not Applicable,,,,,,,
PART_02753,Sunita Kaur 79,33,Female,12th Pass,Nashik,Taluka_5,3-5 Lakhs,No,Customer Service,TC_0263,2025-04-11,Dropped Out,,No,,Not Applicable,,,,,,,
PART_02754,Dinesh Shinde 4,28,Female,10th Pass,Sangli,Taluka_8,Above 10 Lakhs,No,Medical Lab Technology,TC_0300,2025-07-03,Ongoing,,No,,Not Applicable,,,,,,5.0,Yes
PART_02755,Nitin Bhosale 43,44,Other,12th Pass,Parbhani,Taluka_8,Below 1 Lakh,Yes,Customer Service,TC_0162,2025-01-14,Certified,95.0,Yes,2025-06-11,Not Placed,,,,,,,
PART_02756,Anjali Reddy 63,36,Other,10th Pass,Jalna,Taluka_9,Below 1 Lakh,Yes,Digital Marketing,TC_0060,2026-03-26,Certified,48.0,Yes,2026-09-19,Placed,Bajaj Finserv,Warehouse Supervisor,46200.0,2026-11-24,Satara,,
PART_02757,Anjali Reddy 82,18,Male,10th Pass,Mumbai,Taluka_10,Below 1 Lakh,No,Full Stack Development,TC_0298,2025-07-15,Assessed,86.0,No,,Not Applicable,,,,,,,
PART_02758,Preeti Chopra 53,42,Other,Diploma,Thane,Taluka_4,3-5 Lakhs,Yes,Customer Service,TC_0103,2025-10-06,Dropped Out,,No,,Not Applicable,,,,,,,
PART_02759,Ashok Pawar 74,39,Female,Diploma,Dhule,Taluka_5,1-3 Lakhs,No,Electrician Training,TC_0445,2026-05-01,Certified,42.0,Yes,2026-09-04,Not Placed,,,,,,,
PART_02760,Amit Patel 2,37,Male,Diploma,Dhule,Taluka_6,3-5 Lakhs,No,Retail Management,TC_0213,2025-09-21,Completed,78.0,No,,Not Placed,,,,,,4.0,No
PART_02761,Ashok Pawar 38,29,Female,Diploma,Amravati,Taluka_7,5-10 Lakhs,Yes,Data Analytics,TC_0457,2026-05-24,Ongoing,,No,,Not Applicable,,,,,,1.0,No
PART_02762,Sanjay Gupta 8,20,Other,10th Pass,Aurangabad,Taluka_4,3-5 Lakhs,No,Mobile Repair,TC_0196,2025-12-08,Dropped Out,,No,,Not Applicable,,,,,,,
PART_02763,Amit Patel 23,24,Other,Post Graduate,Chandrapur,Taluka_2,Above 10 Lakhs,No,Welding Technology,TC_0233,2026-02-11,Assessed,69.0,No,,Not Applicable,,,,,,,
PART_02764,Manoj Tiwari 61,42,Other,Diploma,Thane,Taluka_3,1-3 Lakhs,Yes,Automotive Mechanic,TC_0193,2025-04-19,Completed,84.0,No,,Placed,Tata Motors,Project Coordinator,50027.0,,Jalgaon,4.0,Yes
PART_02765,Mohan Rao 58,19,Other,10th Pass,Kolhapur,Taluka_5,5-10 Lakhs,No,Digital Marketing,TC_0414,2026-08-16,Ongoing,,No,,Not Applicable,,,,,,1.0,Maybe
PART_02766,Amit Patel 47,30,Female,12th Pass,Bhiwandi,Taluka_3,Below 1 Lakh,Yes,Welding Technology,TC_0053,2025-07-31,Completed,79.0,No,,Placed,HCL,Content Writer,47034.0,,Chandrapur,3.0,No
PART_02767,Nitin Bhosale 92,19,Male,Post Graduate,Mumbai,Taluka_8,3-5 Lakhs,No,Digital Marketing,TC_0047,2025-08-13,Ongoing,,No,,Not Applicable,,,,,,5.0,Yes
PART_02768,Laxmi Hegde 86,27,Other,10th Pass,Dhule,Taluka_3,5-10 Lakhs,No,Electrician Training,TC_0391,2025-03-22,Ongoing,,No,,Not Applicable,,,,,,3.0,No
PART_02769,Meera Nair 53,34,Male,Diploma,Nanded,Taluka_6,5-10 Lakhs,No,Mobile Repair,TC_0456,2025-06-16,Ongoing,,No,,Not Applicable,,,,,,4.0,No
PART_02770,Laxmi Hegde 49,24,Other,10th Pass,Kolhapur,Taluka_10,5-10 Lakhs,No,Digital Marketing,TC_0273,2025-03-01,Completed,49.0,No,,Self Employed,,,,,,3.0,Yes
PART_02771,Preeti Chopra 7,30,Female,Post Graduate,Pune,Taluka_9,3-5 Lakhs,No,Warehouse Management,TC_0460,2025-04-04,Assessed,72.0,No,,Not Applicable,,,,,,,
PART_02772,Priya Sharma 4,34,Male,10th Pass,Nashik,Taluka_5,Above 10 Lakhs,No,Mobile Repair,TC_0152,2026-01-31,Completed,54.0,No,,Placed,Razorpay,Electrician,28865.0,,Amravati,2.0,No
PART_02773,Anil Kamble 16,31,Female,Post Graduate,Pune,Taluka_1,5-10 Lakhs,Yes,Cloud Computing,TC_0378,2026-05-06,Ongoing,,No,,Not Applicable,,,,,,3.0,Maybe
PART_02774,Rajesh Kumar 21,44,Other,10th Pass,Jalna,Taluka_9,1-3 Lakhs,No,Welding Technology,TC_0340,2026-08-06,Completed,53.0,No,,Not Placed,,,,,,4.0,Maybe
PART_02775,Geeta Sawant 48,43,Male,12th Pass,Nagpur,Taluka_10,Below 1 Lakh,Yes,Customer Service,TC_0405,2026-02-13,Dropped Out,,No,,Not Applicable,,,,,,,
PART_02776,Pooja Joshi 14,45,Male,10th Pass,Amravati,Taluka_2,Below 1 Lakh,Yes,Welding Technology,TC_0452,2026-02-04,Ongoing,,No,,Not Applicable,,,,,,5.0,Yes
PART_02777,Arun Kulkarni 89,32,Male,10th Pass,Ahmednagar,Taluka_7,1-3 Lakhs,Yes,Customer Service,TC_0488,2026-02-26,Completed,73.0,No,,Placed,HCL,Nurse,63391.0,,Dhule,1.0,Yes
PART_02778,Rekha Pillai 100,27,Male,Post Graduate,Pune,Taluka_7,1-3 Lakhs,Yes,Warehouse Management,TC_0487,2025-11-27,Completed,60.0,No,,Not Placed,,,,,,2.0,No
PART_02779,Suresh Yadav 85,27,Other,10th Pass,Jalna,Taluka_8,Above 10 Lakhs,Yes,Cloud Computing,TC_0163,2026-05-30,Ongoing,,No,,Not Applicable,,,,,,5.0,Yes
PART_02780,Shweta Bhatt 14,26,Male,Post Graduate,Mumbai,Taluka_10,Above 10 Lakhs,Yes,CNC Operation,TC_0344,2025-12-04,Completed,69.0,No,,Placed,ABB India,Data Analyst,39257.0,,Bhiwandi,1.0,Maybe
PART_02781,Usha Menon 8,21,Female,Diploma,Jalgaon,Taluka_6,Below 1 Lakh,No,Data Analytics,TC_0326,2025-07-22,Completed,98.0,No,,Self Employed,,,,,,3.0,No
PART_02782,Sanjay Gupta 49,26,Female,12th Pass,Chandrapur,Taluka_8,1-3 Lakhs,Yes,Customer Service,TC_0456,2025-10-17,Ongoing,,No,,Not Applicable,,,,,,1.0,Maybe
PART_02783,Geeta Sawant 60,32,Female,12th Pass,Pune,Taluka_5,Above 10 Lakhs,Yes,Cloud Computing,TC_0497,2025-12-11,Completed,45.0,No,,Placed,IBM,Machine Operator,30996.0,,Kolhapur,1.0,No
PART_02784,Laxmi Hegde 28,35,Other,12th Pass,Latur,Taluka_5,1-3 Lakhs,No,Automotive Mechanic,TC_0402,2025-03-23,Ongoing,,No,,Not Applicable,,,,,,1.0,No
PART_02785,Rahul Verma 25,43,Other,Graduate,Chandrapur,Taluka_4,Below 1 Lakh,Yes,Medical Lab Technology,TC_0345,2025-07-26,Certified,49.0,Yes,2025-12-31,Placed,Axis Bank,Quality Analyst,59711.0,2026-02-08,Mumbai,,
PART_02786,Prakash More 28,35,Male,Graduate,Sangli,Taluka_3,3-5 Lakhs,Yes,Cloud Computing,TC_0230,2025-01-12,Certified,87.0,Yes,2025-06-18,Self Employed,,,,,,,
PART_02787,Geeta Sawant 59,28,Female,Graduate,Chandrapur,Taluka_8,3-5 Lakhs,No,Food Processing,TC_0087,2025-01-07,Ongoing,,No,,Not Applicable,,,,,,5.0,Yes
PART_02788,Neha Dubey 11,18,Male,Post Graduate,Bhiwandi,Taluka_6,Above 10 Lakhs,No,Full Stack Development,TC_0295,2025-03-31,Assessed,60.0,No,,Not Applicable,,,,,,,
PART_02789,Shweta Bhatt 86,24,Male,12th Pass,Chandrapur,Taluka_7,Below 1 Lakh,Yes,Electrician Training,TC_0281,2025-10-04,Ongoing,,No,,Not Applicable,,,,,,5.0,Maybe
PART_02790,Nitin Bhosale 7,45,Male,Diploma,Ahmednagar,Taluka_3,3-5 Lakhs,No,Customer Service,TC_0037,2025-06-29,Dropped Out,,No,,Not Applicable,,,,,,,
PART_02791,Rekha Pillai 60,23,Other,10th Pass,Ahmednagar,Taluka_3,Below 1 Lakh,Yes,Data Analytics,TC_0033,2025-12-22,Certified,67.0,Yes,2026-05-09,Not Placed,,,,,,,
PART_02792,Usha Menon 5,33,Other,Graduate,Jalna,Taluka_5,1-3 Lakhs,No,Automotive Mechanic,TC_0107,2026-08-16,Dropped Out,,No,,Not Applicable,,,,,,,
PART_02793,Amit Patel 11,30,Other,Diploma,Ahmednagar,Taluka_9,Below 1 Lakh,No,Full Stack Development,TC_0182,2026-05-02,Completed,58.0,No,,Not Placed,,,,,,3.0,Maybe
PART_02794,Ramesh Jadhav 64,27,Other,10th Pass,Nanded,Taluka_7,3-5 Lakhs,No,Medical Lab Technology,TC_0242,2025-11-22,Ongoing,,No,,Not Applicable,,,,,,5.0,No
PART_02795,Vikram Singh 49,30,Male,10th Pass,Nanded,Taluka_10,3-5 Lakhs,Yes,Retail Management,TC_0003,2026-01-11,Dropped Out,,No,,Not Applicable,,,,,,,
PART_02796,Ramesh Jadhav 71,20,Other,Post Graduate,Solapur,Taluka_8,Below 1 Lakh,No,Beauty & Wellness,TC_0319,2026-08-13,Assessed,49.0,No,,Not Applicable,,,,,,,
PART_02797,Shweta Bhatt 87,33,Male,10th Pass,Sangli,Taluka_8,Above 10 Lakhs,Yes,Electrician Training,TC_0157,2025-06-11,Assessed,53.0,No,,Not Applicable,,,,,,,
PART_02798,Manoj Tiwari 95,31,Female,Post Graduate,Sangli,Taluka_3,1-3 Lakhs,Yes,Retail Management,TC_0197,2025-03-09,Dropped Out,,No,,Not Applicable,,,,,,,
PART_02799,Sanjay Gupta 96,34,Other,Graduate,Nagpur,Taluka_5,Below 1 Lakh,No,Electrician Training,TC_0223,2026-03-19,Completed,61.0,No,,Further Studies,,,,,,4.0,Yes
PART_02800,Ashok Pawar 63,29,Male,12th Pass,Thane,Taluka_9,3-5 Lakhs,Yes,Retail Management,TC_0387,2025-07-09,Completed,64.0,No,,Placed,Vedantu,Software Developer,57009.0,,Solapur,4.0,Yes
PART_02801,Geeta Sawant 64,43,Female,10th Pass,Kolhapur,Taluka_10,Above 10 Lakhs,Yes,Welding Technology,TC_0290,2025-04-02,Ongoing,,No,,Not Applicable,,,,,,5.0,Maybe
PART_02802,Usha Menon 76,19,Other,Post Graduate,Parbhani,Taluka_4,Above 10 Lakhs,Yes,Mobile Repair,TC_0353,2026-05-13,Assessed,80.0,No,,Not Applicable,,,,,,,
PART_02803,Kavita Rao 100,32,Male,Graduate,Pune,Taluka_7,1-3 Lakhs,Yes,Accounting & GST,TC_0349,2025-04-06,Ongoing,,No,,Not Applicable,,,,,,1.0,Yes
PART_02804,Vikram Singh 6,20,Female,Diploma,Mumbai,Taluka_6,Below 1 Lakh,No,Welding Technology,TC_0067,2026-07-04,Dropped Out,,No,,Not Applicable,,,,,,,
PART_02805,Laxmi Hegde 17,20,Female,10th Pass,Akola,Taluka_6,Above 10 Lakhs,No,Digital Marketing,TC_0403,2025-12-30,Completed,83.0,No,,Not Placed,,,,,,4.0,Yes
PART_02806,Laxmi Hegde 46,45,Other,10th Pass,Parbhani,Taluka_6,5-10 Lakhs,No,Cloud Computing,TC_0226,2025-12-19,Certified,58.0,Yes,2026-05-13,Placed,Tata Motors,HR Coordinator,36022.0,2026-05-25,Jalgaon,,
PART_02807,Vikram Singh 17,18,Male,10th Pass,Aurangabad,Taluka_10,Above 10 Lakhs,Yes,Customer Service,TC_0361,2025-11-23,Assessed,46.0,No,,Not Applicable,,,,,,,
PART_02808,Kavita Rao 22,31,Female,Graduate,Chandrapur,Taluka_2,1-3 Lakhs,Yes,Data Analytics,TC_0438,2026-04-26,Certified,41.0,Yes,2026-08-01,Placed,Razorpay,Teacher,37765.0,2026-09-14,Beed,,
PART_02809,Nitin Bhosale 18,44,Male,12th Pass,Amravati,Taluka_9,3-5 Lakhs,Yes,Food Processing,TC_0029,2025-04-26,Dropped Out,,No,,Not Applicable,,,,,,,
PART_02810,Rajesh Kumar 32,25,Male,Graduate,Nagpur,Taluka_8,5-10 Lakhs,No,Food Processing,TC_0143,2025-03-30,Certified,53.0,Yes,2025-08-05,Placed,ICICI Bank,Data Analyst,56132.0,2025-10-21,Chandrapur,,
PART_02811,Nitin Bhosale 16,21,Other,Diploma,Akola,Taluka_5,3-5 Lakhs,Yes,Customer Service,TC_0118,2026-02-01,Completed,100.0,No,,Not Placed,,,,,,1.0,Yes
PART_02812,Preeti Chopra 52,43,Male,Post Graduate,Parbhani,Taluka_4,1-3 Lakhs,No,Data Analytics,TC_0134,2025-08-15,Ongoing,,No,,Not Applicable,,,,,,4.0,No
PART_02813,Kavita Rao 28,41,Other,Post Graduate,Jalgaon,Taluka_8,1-3 Lakhs,No,CNC Operation,TC_0210,2025-02-18,Ongoing,,No,,Not Applicable,,,,,,1.0,No
PART_02814,Sneha Deshmukh 72,37,Male,12th Pass,Sangli,Taluka_2,Below 1 Lakh,Yes,Mobile Repair,TC_0365,2025-06-18,Dropped Out,,No,,Not Applicable,,,,,,,
PART_02815,Dinesh Shinde 75,23,Other,Diploma,Nashik,Taluka_6,Below 1 Lakh,No,Mobile Repair,TC_0120,2026-04-04,Assessed,81.0,No,,Not Applicable,,,,,,,
PART_02816,Sneha Deshmukh 79,40,Male,10th Pass,Amravati,Taluka_4,Above 10 Lakhs,Yes,Full Stack Development,TC_0256,2026-06-06,Completed,47.0,No,,Not Placed,,,,,,1.0,Yes
PART_02817,Dinesh Shinde 20,45,Other,Diploma,Jalgaon,Taluka_2,Above 10 Lakhs,Yes,Customer Service,TC_0119,2025-09-05,Completed,76.0,No,,Not Placed,,,,,,3.0,Maybe
PART_02818,Kavita Rao 92,23,Female,Post Graduate,Jalna,Taluka_9,5-10 Lakhs,No,Data Analytics,TC_0442,2026-08-10,Assessed,45.0,No,,Not Applicable,,,,,,,
PART_02819,Dinesh Shinde 65,41,Male,Diploma,Bhiwandi,Taluka_1,5-10 Lakhs,No,Food Processing,TC_0364,2025-12-10,Completed,90.0,No,,Placed,Bajaj Finserv,Pharmacy Assistant,16490.0,,Nagpur,5.0,Maybe
PART_02820,Sunita Kaur 55,29,Female,12th Pass,Sangli,Taluka_7,5-10 Lakhs,No,Food Processing,TC_0272,2026-06-09,Ongoing,,No,,Not Applicable,,,,,,1.0,No
PART_02821,Anjali Reddy 84,31,Male,Diploma,Parbhani,Taluka_2,3-5 Lakhs,Yes,Digital Marketing,TC_0128,2026-06-16,Certified,51.0,Yes,2026-10-06,Placed,Tech Mahindra,Supply Chain Analyst,38386.0,2026-10-13,Satara,,
PART_02822,Suresh Yadav 23,22,Male,Diploma,Mumbai,Taluka_6,5-10 Lakhs,No,Warehouse Management,TC_0497,2025-12-10,Ongoing,,No,,Not Applicable,,,,,,1.0,Maybe
PART_02823,Usha Menon 49,21,Other,10th Pass,Jalna,Taluka_9,Below 1 Lakh,Yes,Automotive Mechanic,TC_0396,2025-10-10,Certified,61.0,Yes,2026-03-07,Not Placed,,,,,,,
PART_02824,Geeta Sawant 62,39,Other,10th Pass,Jalgaon,Taluka_6,3-5 Lakhs,No,Data Analytics,TC_0415,2025-04-23,Ongoing,,No,,Not Applicable,,,,,,5.0,Maybe
PART_02825,Ramesh Jadhav 85,42,Male,Graduate,Pune,Taluka_6,Above 10 Lakhs,No,Warehouse Management,TC_0396,2025-09-06,Completed,52.0,No,,Placed,Max Healthcare,Sales Executive,59534.0,,Latur,5.0,No
PART_02826,Neha Dubey 83,34,Other,Diploma,Chandrapur,Taluka_6,3-5 Lakhs,No,Warehouse Management,TC_0050,2025-09-06,Assessed,51.0,No,,Not Applicable,,,,,,,
PART_02827,Shweta Bhatt 49,44,Male,Diploma,Nanded,Taluka_5,1-3 Lakhs,No,CNC Operation,TC_0318,2025-06-01,Completed,81.0,No,,Placed,Tech Mahindra,Retail Associate,56471.0,,Osmanabad,1.0,No
PART_02828,Anjali Reddy 63,22,Female,Graduate,Solapur,Taluka_9,1-3 Lakhs,Yes,CNC Operation,TC_0361,2026-02-14,Assessed,41.0,No,,Not Applicable,,,,,,,
PART_02829,Sanjay Gupta 53,45,Female,Diploma,Jalna,Taluka_1,1-3 Lakhs,No,Accounting & GST,TC_0086,2025-01-10,Certified,40.0,Yes,2025-04-10,Self Employed,,,,,,,
PART_02830,Rahul Verma 98,43,Other,Diploma,Nagpur,Taluka_5,1-3 Lakhs,Yes,Medical Lab Technology,TC_0178,2025-08-08,Certified,63.0,Yes,2025-12-21,Not Placed,,,,,,,
PART_02831,Deepa Iyer 46,21,Female,12th Pass,Mumbai,Taluka_4,1-3 Lakhs,Yes,Retail Management,TC_0248,2025-01-14,Ongoing,,No,,Not Applicable,,,,,,3.0,No
PART_02832,Rajesh Kumar 75,40,Male,Graduate,Ahmednagar,Taluka_6,Above 10 Lakhs,No,Automotive Mechanic,TC_0385,2026-05-20,Certified,99.0,Yes,2026-10-12,Not Placed,,,,,,,
PART_02833,Amit Patel 41,35,Female,Graduate,Dhule,Taluka_6,Below 1 Lakh,Yes,Cloud Computing,TC_0325,2026-05-14,Completed,75.0,No,,Not Placed,,,,,,2.0,Maybe
PART_02834,Nitin Bhosale 64,20,Female,Post Graduate,Kolhapur,Taluka_6,3-5 Lakhs,No,Warehouse Management,TC_0273,2025-04-10,Certified,48.0,Yes,2025-10-06,Placed,Bajaj Finserv,DevOps Engineer,25596.0,2025-10-28,Osmanabad,,
PART_02835,Laxmi Hegde 89,18,Other,Post Graduate,Chandrapur,Taluka_8,3-5 Lakhs,No,Food Processing,TC_0341,2025-05-09,Dropped Out,,No,,Not Applicable,,,,,,,
PART_02836,Sunita Kaur 28,44,Female,Graduate,Aurangabad,Taluka_2,3-5 Lakhs,Yes,Warehouse Management,TC_0076,2025-04-24,Completed,44.0,No,,Further Studies,,,,,,1.0,Maybe
PART_02837,Rekha Pillai 93,24,Female,12th Pass,Mumbai,Taluka_1,Below 1 Lakh,No,Medical Lab Technology,TC_0463,2025-07-22,Completed,82.0,No,,Further Studies,,,,,,4.0,Yes
PART_02838,Priya Sharma 6,33,Other,10th Pass,Nagpur,Taluka_4,Below 1 Lakh,No,Data Analytics,TC_0144,2026-01-17,Completed,41.0,No,,Self Employed,,,,,,4.0,Yes
PART_02839,Usha Menon 60,38,Other,Diploma,Nagpur,Taluka_9,3-5 Lakhs,Yes,Beauty & Wellness,TC_0151,2026-05-27,Ongoing,,No,,Not Applicable,,,,,,5.0,No
PART_02840,Rekha Pillai 32,43,Male,Graduate,Akola,Taluka_1,Above 10 Lakhs,No,Cloud Computing,TC_0030,2025-11-15,Completed,82.0,No,,Not Placed,,,,,,2.0,Yes
PART_02841,Anjali Reddy 95,32,Female,Graduate,Ahmednagar,Taluka_3,Below 1 Lakh,Yes,Retail Management,TC_0159,2026-05-29,Assessed,73.0,No,,Not Applicable,,,,,,,
PART_02842,Anil Kamble 79,37,Male,10th Pass,Jalna,Taluka_3,5-10 Lakhs,No,Accounting & GST,TC_0495,2025-06-28,Completed,57.0,No,,Not Placed,,,,,,1.0,Yes
PART_02843,Laxmi Hegde 76,25,Male,Post Graduate,Kolhapur,Taluka_5,5-10 Lakhs,Yes,Electrician Training,TC_0191,2025-05-23,Assessed,92.0,No,,Not Applicable,,,,,,,
PART_02844,Arun Kulkarni 30,43,Female,10th Pass,Kolhapur,Taluka_8,5-10 Lakhs,No,Welding Technology,TC_0274,2025-08-08,Assessed,75.0,No,,Not Applicable,,,,,,,
PART_02845,Usha Menon 25,18,Male,Diploma,Sangli,Taluka_4,1-3 Lakhs,No,Accounting & GST,TC_0003,2025-11-19,Completed,54.0,No,,Placed,Flipkart,Retail Associate,53268.0,,Solapur,4.0,Maybe
PART_02846,Manoj Tiwari 29,22,Male,10th Pass,Parbhani,Taluka_6,Below 1 Lakh,Yes,Retail Management,TC_0332,2025-08-12,Dropped Out,,No,,Not Applicable,,,,,,,
PART_02847,Rahul Verma 34,45,Male,Graduate,Parbhani,Taluka_5,3-5 Lakhs,Yes,Customer Service,TC_0153,2026-06-27,Completed,58.0,No,,Not Placed,,,,,,5.0,Yes
PART_02848,Meera Nair 44,40,Other,Post Graduate,Dhule,Taluka_2,Above 10 Lakhs,No,Full Stack Development,TC_0126,2026-06-14,Ongoing,,No,,Not Applicable,,,,,,2.0,Yes
PART_02849,Prakash More 60,22,Male,10th Pass,Aurangabad,Taluka_7,Above 10 Lakhs,No,Beauty & Wellness,TC_0004,2026-01-26,Ongoing,,No,,Not Applicable,,,,,,3.0,Maybe
PART_02850,Rajesh Kumar 43,32,Female,Post Graduate,Jalgaon,Taluka_4,3-5 Lakhs,No,Medical Lab Technology,TC_0492,2025-11-02,Ongoing,,No,,Not Applicable,,,,,,3.0,Maybe
PART_02851,Nitin Bhosale 83,19,Male,12th Pass,Nashik,Taluka_6,Above 10 Lakhs,No,Welding Technology,TC_0173,2026-02-05,Completed,70.0,No,,Placed,PhonePe,Content Writer,68893.0,,Yavatmal,2.0,No
PART_02852,Ramesh Jadhav 97,45,Other,12th Pass,Dhule,Taluka_8,5-10 Lakhs,No,Medical Lab Technology,TC_0299,2025-07-20,Dropped Out,,No,,Not Applicable,,,,,,,
PART_02853,Rajesh Kumar 93,18,Male,Diploma,Kolhapur,Taluka_7,3-5 Lakhs,No,Digital Marketing,TC_0323,2025-04-12,Dropped Out,,No,,Not Applicable,,,,,,,
PART_02854,Prakash More 20,26,Other,Graduate,Kolhapur,Taluka_8,3-5 Lakhs,Yes,Data Analytics,TC_0366,2025-01-17,Ongoing,,No,,Not Applicable,,,,,,1.0,No
PART_02855,Sneha Deshmukh 68,27,Female,Diploma,Parbhani,Taluka_8,Below 1 Lakh,No,Data Analytics,TC_0237,2026-07-15,Ongoing,,No,,Not Applicable,,,,,,4.0,Yes
PART_02856,Nitin Bhosale 48,43,Male,12th Pass,Amravati,Taluka_3,Above 10 Lakhs,No,Welding Technology,TC_0325,2025-08-15,Completed,99.0,No,,Placed,Capgemini,Software Developer,32137.0,,Dhule,2.0,Yes
PART_02857,Usha Menon 67,29,Other,10th Pass,Latur,Taluka_6,Below 1 Lakh,No,Retail Management,TC_0034,2025-02-01,Ongoing,,No,,Not Applicable,,,,,,1.0,No
PART_02858,Usha Menon 52,36,Male,Diploma,Chandrapur,Taluka_3,1-3 Lakhs,No,Accounting & GST,TC_0294,2026-02-15,Completed,65.0,No,,Self Employed,,,,,,1.0,Yes
PART_02859,Geeta Sawant 79,26,Female,Post Graduate,Jalgaon,Taluka_10,Above 10 Lakhs,Yes,Digital Marketing,TC_0112,2026-02-07,Dropped Out,,No,,Not Applicable,,,,,,,
PART_02860,Manoj Tiwari 18,31,Other,10th Pass,Bhiwandi,Taluka_4,1-3 Lakhs,Yes,Digital Marketing,TC_0226,2025-07-14,Ongoing,,No,,Not Applicable,,,,,,2.0,Yes
PART_02861,Rekha Pillai 58,34,Female,Diploma,Dhule,Taluka_2,Above 10 Lakhs,No,CNC Operation,TC_0387,2025-06-21,Dropped Out,,No,,Not Applicable,,,,,,,
PART_02862,Ramesh Jadhav 94,32,Other,Diploma,Jalna,Taluka_5,1-3 Lakhs,Yes,Welding Technology,TC_0104,2026-03-15,Certified,61.0,Yes,2026-08-03,Not Placed,,,,,,,
PART_02863,Ashok Pawar 42,45,Female,12th Pass,Mumbai,Taluka_1,3-5 Lakhs,Yes,Food Processing,TC_0271,2026-01-02,Assessed,56.0,No,,Not Applicable,,,,,,,
PART_02864,Deepa Iyer 13,23,Other,Post Graduate,Chandrapur,Taluka_8,1-3 Lakhs,No,Retail Management,TC_0023,2025-07-31,Certified,61.0,Yes,2026-01-09,Not Placed,,,,,,,
PART_02865,Deepa Iyer 28,38,Female,10th Pass,Nashik,Taluka_2,1-3 Lakhs,Yes,Cloud Computing,TC_0134,2025-02-16,Completed,51.0,No,,Placed,Tech Mahindra,Retail Associate,32815.0,,Dhule,4.0,Yes
PART_02866,Arun Kulkarni 56,28,Other,Graduate,Akola,Taluka_4,3-5 Lakhs,No,Retail Management,TC_0331,2025-05-31,Ongoing,,No,,Not Applicable,,,,,,5.0,Maybe
PART_02867,Geeta Sawant 24,35,Male,12th Pass,Latur,Taluka_9,1-3 Lakhs,Yes,Food Processing,TC_0427,2025-11-19,Completed,72.0,No,,Placed,Mahindra & Mahindra,Supply Chain Analyst,73636.0,,Latur,3.0,Maybe
PART_02868,Rajesh Kumar 12,33,Male,Graduate,Solapur,Taluka_8,Below 1 Lakh,Yes,Accounting & GST,TC_0374,2025-09-09,Certified,45.0,Yes,2026-03-06,Placed,Unacademy,Full Stack Developer,52576.0,2026-04-18,Satara,,
PART_02869,Manoj Tiwari 52,39,Male,Diploma,Amravati,Taluka_3,3-5 Lakhs,No,Beauty & Wellness,TC_0297,2026-02-11,Assessed,70.0,No,,Not Applicable,,,,,,,
PART_02870,Sanjay Gupta 94,38,Female,10th Pass,Dhule,Taluka_2,3-5 Lakhs,Yes,Medical Lab Technology,TC_0407,2025-04-29,Dropped Out,,No,,Not Applicable,,,,,,,
PART_02871,Deepa Iyer 91,23,Other,10th Pass,Bhiwandi,Taluka_8,1-3 Lakhs,No,Beauty & Wellness,TC_0468,2026-01-31,Ongoing,,No,,Not Applicable,,,,,,1.0,Yes
PART_02872,Manoj Tiwari 88,35,Male,Diploma,Pune,Taluka_9,Above 10 Lakhs,Yes,Digital Marketing,TC_0237,2026-06-12,Assessed,41.0,No,,Not Applicable,,,,,,,
PART_02873,Sanjay Gupta 6,38,Other,10th Pass,Latur,Taluka_1,3-5 Lakhs,No,Electrician Training,TC_0250,2025-09-14,Ongoing,,No,,Not Applicable,,,,,,1.0,Maybe
PART_02874,Vikram Singh 68,38,Male,Post Graduate,Nagpur,Taluka_1,1-3 Lakhs,No,Welding Technology,TC_0337,2026-01-22,Assessed,79.0,No,,Not Applicable,,,,,,,
PART_02875,Ramesh Jadhav 19,37,Female,10th Pass,Amravati,Taluka_10,Above 10 Lakhs,Yes,Full Stack Development,TC_0394,2025-01-10,Completed,59.0,No,,Placed,Tech Mahindra,Nurse,59849.0,,Kolhapur,2.0,Yes
PART_02876,Meera Nair 60,38,Male,12th Pass,Aurangabad,Taluka_5,1-3 Lakhs,Yes,Food Processing,TC_0123,2026-02-21,Ongoing,,No,,Not Applicable,,,,,,4.0,Maybe
PART_02877,Vikram Singh 58,18,Female,10th Pass,Kolhapur,Taluka_3,3-5 Lakhs,No,Cloud Computing,TC_0085,2025-01-24,Completed,71.0,No,,Placed,Byju's,Project Coordinator,53598.0,,Chandrapur,1.0,Yes
PART_02878,Pooja Joshi 97,42,Other,Diploma,Kolhapur,Taluka_6,3-5 Lakhs,Yes,Welding Technology,TC_0450,2025-08-03,Ongoing,,No,,Not Applicable,,,,,,2.0,Maybe
PART_02879,Prakash More 59,22,Other,Post Graduate,Nashik,Taluka_2,Above 10 Lakhs,Yes,Digital Marketing,TC_0310,2025-09-21,Completed,79.0,No,,Further Studies,,,,,,4.0,Maybe
PART_02880,Anjali Reddy 56,25,Other,10th Pass,Akola,Taluka_3,1-3 Lakhs,Yes,Full Stack Development,TC_0142,2026-04-26,Ongoing,,No,,Not Applicable,,,,,,2.0,Maybe
PART_02881,Priya Sharma 16,25,Female,Post Graduate,Kolhapur,Taluka_7,3-5 Lakhs,No,Digital Marketing,TC_0031,2026-02-10,Dropped Out,,No,,Not Applicable,,,,,,,
PART_02882,Anjali Reddy 59,30,Female,10th Pass,Bhiwandi,Taluka_10,Below 1 Lakh,Yes,Data Analytics,TC_0277,2026-03-30,Ongoing,,No,,Not Applicable,,,,,,2.0,No
PART_02883,Anil Kamble 87,21,Female,10th Pass,Bhiwandi,Taluka_8,1-3 Lakhs,Yes,Beauty & Wellness,TC_0061,2025-03-17,Ongoing,,No,,Not Applicable,,,,,,4.0,Yes
PART_02884,Shweta Bhatt 60,34,Male,Graduate,Nagpur,Taluka_9,3-5 Lakhs,No,Accounting & GST,TC_0367,2026-05-28,Assessed,46.0,No,,Not Applicable,,,,,,,
PART_02885,Suresh Yadav 14,22,Female,Diploma,Nanded,Taluka_3,3-5 Lakhs,No,Digital Marketing,TC_0140,2026-07-02,Assessed,54.0,No,,Not Applicable,,,,,,,
PART_02886,Anil Kamble 3,28,Other,10th Pass,Kolhapur,Taluka_5,3-5 Lakhs,No,Food Processing,TC_0477,2026-05-16,Certified,97.0,Yes,2026-09-14,Not Placed,,,,,,,
PART_02887,Ashok Pawar 11,45,Other,Post Graduate,Chandrapur,Taluka_8,Below 1 Lakh,Yes,Cloud Computing,TC_0068,2026-05-07,Completed,45.0,No,,Placed,Max Healthcare,Project Coordinator,46861.0,,Satara,3.0,Yes
PART_02888,Mohan Rao 61,35,Female,10th Pass,Nashik,Taluka_6,Above 10 Lakhs,Yes,Cloud Computing,TC_0018,2025-02-24,Ongoing,,No,,Not Applicable,,,,,,1.0,No
PART_02889,Deepa Iyer 50,30,Female,Graduate,Parbhani,Taluka_5,3-5 Lakhs,Yes,Digital Marketing,TC_0054,2026-01-10,Dropped Out,,No,,Not Applicable,,,,,,,
PART_02890,Laxmi Hegde 58,42,Female,Graduate,Aurangabad,Taluka_2,Below 1 Lakh,Yes,Digital Marketing,TC_0302,2026-03-15,Completed,83.0,No,,Further Studies,,,,,,3.0,Yes
PART_02891,Shweta Bhatt 77,35,Female,10th Pass,Nashik,Taluka_9,Above 10 Lakhs,No,Food Processing,TC_0133,2025-02-10,Ongoing,,No,,Not Applicable,,,,,,2.0,Yes
PART_02892,Deepa Iyer 1,30,Other,Post Graduate,Sangli,Taluka_7,3-5 Lakhs,Yes,Customer Service,TC_0253,2025-08-01,Completed,97.0,No,,Placed,Wipro,Accountant,23947.0,,Chandrapur,3.0,Maybe
PART_02893,Neha Dubey 32,22,Other,12th Pass,Nashik,Taluka_1,Below 1 Lakh,No,Beauty & Wellness,TC_0322,2025-07-31,Ongoing,,No,,Not Applicable,,,,,,3.0,No
PART_02894,Shweta Bhatt 84,20,Male,Diploma,Sangli,Taluka_4,5-10 Lakhs,No,Warehouse Management,TC_0335,2025-10-14,Dropped Out,,No,,Not Applicable,,,,,,,
PART_02895,Sunita Kaur 16,22,Female,Graduate,Jalna,Taluka_6,1-3 Lakhs,Yes,CNC Operation,TC_0006,2026-08-14,Dropped Out,,No,,Not Applicable,,,,,,,
PART_02896,Manoj Tiwari 39,26,Other,Graduate,Latur,Taluka_1,Below 1 Lakh,Yes,Full Stack Development,TC_0156,2026-03-09,Assessed,93.0,No,,Not Applicable,,,,,,,
PART_02897,Suresh Yadav 63,43,Male,10th Pass,Aurangabad,Taluka_1,5-10 Lakhs,No,Automotive Mechanic,TC_0318,2025-04-13,Completed,76.0,No,,Not Placed,,,,,,2.0,Yes
PART_02898,Anil Kamble 24,45,Other,10th Pass,Latur,Taluka_6,1-3 Lakhs,Yes,Full Stack Development,TC_0377,2025-02-08,Completed,94.0,No,,Not Placed,,,,,,1.0,No
PART_02899,Neha Dubey 81,44,Female,Graduate,Chandrapur,Taluka_1,3-5 Lakhs,Yes,Food Processing,TC_0141,2026-05-04,Certified,63.0,Yes,2026-09-25,Not Placed,,,,,,,
PART_02900,Manoj Tiwari 51,26,Other,10th Pass,Pune,Taluka_3,Below 1 Lakh,No,Electrician Training,TC_0090,2025-08-05,Ongoing,,No,,Not Applicable,,,,,,3.0,No
PART_02901,Manoj Tiwari 20,29,Female,12th Pass,Aurangabad,Taluka_7,3-5 Lakhs,Yes,Mobile Repair,TC_0114,2025-02-08,Ongoing,,No,,Not Applicable,,,,,,1.0,No
PART_02902,Prakash More 60,38,Male,Post Graduate,Sangli,Taluka_10,3-5 Lakhs,No,Medical Lab Technology,TC_0404,2026-01-06,Dropped Out,,No,,Not Applicable,,,,,,,
PART_02903,Ashok Pawar 43,31,Other,10th Pass,Pune,Taluka_4,5-10 Lakhs,Yes,Food Processing,TC_0411,2025-05-12,Ongoing,,No,,Not Applicable,,,,,,5.0,Maybe
PART_02904,Anil Kamble 57,29,Male,Post Graduate,Dhule,Taluka_6,Below 1 Lakh,No,Welding Technology,TC_0302,2026-06-05,Ongoing,,No,,Not Applicable,,,,,,5.0,Yes
PART_02905,Rahul Verma 81,22,Other,Post Graduate,Chandrapur,Taluka_6,Below 1 Lakh,Yes,Digital Marketing,TC_0001,2026-02-07,Dropped Out,,No,,Not Applicable,,,,,,,
PART_02906,Suresh Yadav 32,31,Female,Post Graduate,Latur,Taluka_8,5-10 Lakhs,Yes,Cloud Computing,TC_0176,2026-03-08,Ongoing,,No,,Not Applicable,,,,,,2.0,Yes
PART_02907,Meera Nair 5,45,Other,12th Pass,Nagpur,Taluka_9,Below 1 Lakh,Yes,Digital Marketing,TC_0166,2025-04-01,Ongoing,,No,,Not Applicable,,,,,,5.0,No
PART_02908,Rekha Pillai 40,41,Male,Post Graduate,Parbhani,Taluka_2,Below 1 Lakh,Yes,Mobile Repair,TC_0128,2026-08-16,Completed,78.0,No,,Not Placed,,,,,,2.0,Yes
PART_02909,Amit Patel 22,38,Female,Graduate,Dhule,Taluka_1,1-3 Lakhs,Yes,Warehouse Management,TC_0468,2025-09-09,Dropped Out,,No,,Not Applicable,,,,,,,
PART_02910,Deepa Iyer 59,28,Other,Diploma,Akola,Taluka_2,Below 1 Lakh,Yes,Warehouse Management,TC_0420,2025-08-03,Ongoing,,No,,Not Applicable,,,,,,1.0,Maybe
PART_02911,Preeti Chopra 49,18,Female,Graduate,Thane,Taluka_4,Below 1 Lakh,Yes,Cloud Computing,TC_0130,2025-07-25,Ongoing,,No,,Not Applicable,,,,,,2.0,Yes
PART_02912,Arun Kulkarni 56,41,Male,12th Pass,Ahmednagar,Taluka_3,3-5 Lakhs,Yes,Food Processing,TC_0219,2026-04-10,Ongoing,,No,,Not Applicable,,,,,,1.0,Yes
PART_02913,Anil Kamble 11,28,Male,10th Pass,Amravati,Taluka_1,Below 1 Lakh,No,Mobile Repair,TC_0227,2025-06-08,Completed,42.0,No,,Placed,Vedantu,Business Analyst,24278.0,,Parbhani,2.0,Yes
PART_02914,Preeti Chopra 35,22,Other,10th Pass,Solapur,Taluka_1,Above 10 Lakhs,No,Cloud Computing,TC_0069,2025-10-16,Ongoing,,No,,Not Applicable,,,,,,3.0,Yes
PART_02915,Laxmi Hegde 24,33,Female,Diploma,Amravati,Taluka_7,3-5 Lakhs,No,Welding Technology,TC_0434,2026-02-19,Dropped Out,,No,,Not Applicable,,,,,,,
PART_02916,Prakash More 79,36,Other,Diploma,Jalgaon,Taluka_1,Above 10 Lakhs,Yes,Accounting & GST,TC_0128,2026-03-30,Ongoing,,No,,Not Applicable,,,,,,5.0,Maybe
PART_02917,Geeta Sawant 45,31,Male,Post Graduate,Aurangabad,Taluka_5,5-10 Lakhs,No,Data Analytics,TC_0055,2025-01-23,Completed,51.0,No,,Placed,Amazon,Cloud Engineer,37117.0,,Jalna,3.0,Yes
PART_02918,Kavita Rao 43,44,Female,Diploma,Solapur,Taluka_6,Above 10 Lakhs,Yes,Food Processing,TC_0184,2025-08-30,Dropped Out,,No,,Not Applicable,,,,,,,
PART_02919,Preeti Chopra 54,27,Male,12th Pass,Amravati,Taluka_5,Below 1 Lakh,No,Warehouse Management,TC_0390,2025-07-16,Dropped Out,,No,,Not Applicable,,,,,,,
PART_02920,Sneha Deshmukh 16,42,Female,10th Pass,Thane,Taluka_5,1-3 Lakhs,Yes,Retail Management,TC_0335,2025-03-07,Assessed,90.0,No,,Not Applicable,,,,,,,
PART_02921,Laxmi Hegde 28,27,Male,Post Graduate,Parbhani,Taluka_4,Above 10 Lakhs,No,Medical Lab Technology,TC_0389,2025-10-31,Completed,52.0,No,,Placed,Apollo Hospitals,HR Coordinator,69856.0,,Chandrapur,5.0,No
PART_02922,Rajesh Kumar 98,36,Other,10th Pass,Jalgaon,Taluka_10,5-10 Lakhs,Yes,Retail Management,TC_0406,2026-04-16,Completed,86.0,No,,Not Placed,,,,,,1.0,No
PART_02923,Manoj Tiwari 65,25,Other,Diploma,Thane,Taluka_3,1-3 Lakhs,No,Digital Marketing,TC_0335,2025-03-23,Completed,53.0,No,,Placed,Zerodha,Fitter,28670.0,,Bhiwandi,1.0,No
PART_02924,Preeti Chopra 10,44,Other,10th Pass,Thane,Taluka_6,3-5 Lakhs,Yes,Automotive Mechanic,TC_0214,2025-11-09,Dropped Out,,No,,Not Applicable,,,,,,,
PART_02925,Preeti Chopra 61,31,Female,Diploma,Parbhani,Taluka_9,3-5 Lakhs,No,Warehouse Management,TC_0077,2025-03-18,Completed,69.0,No,,Placed,Razorpay,Fitter,38057.0,,Kolhapur,4.0,No
PART_02926,Mohan Rao 39,29,Female,Graduate,Latur,Taluka_3,1-3 Lakhs,Yes,Beauty & Wellness,TC_0449,2025-02-27,Completed,61.0,No,,Self Employed,,,,,,1.0,Yes
PART_02927,Priya Sharma 96,19,Male,10th Pass,Aurangabad,Taluka_6,1-3 Lakhs,Yes,Beauty & Wellness,TC_0275,2025-04-12,Completed,66.0,No,,Self Employed,,,,,,2.0,Yes
PART_02928,Rekha Pillai 97,33,Female,12th Pass,Amravati,Taluka_2,Below 1 Lakh,No,Digital Marketing,TC_0343,2025-10-25,Ongoing,,No,,Not Applicable,,,,,,2.0,Maybe
PART_02929,Nitin Bhosale 89,35,Male,Post Graduate,Mumbai,Taluka_3,3-5 Lakhs,No,Electrician Training,TC_0433,2026-07-16,Completed,64.0,No,,Placed,Tech Mahindra,HR Coordinator,31085.0,,Yavatmal,5.0,Maybe
PART_02930,Anjali Reddy 89,23,Male,10th Pass,Dhule,Taluka_6,Below 1 Lakh,No,Accounting & GST,TC_0289,2025-07-01,Completed,88.0,No,,Self Employed,,,,,,1.0,Yes
PART_02931,Rekha Pillai 7,45,Other,12th Pass,Parbhani,Taluka_5,Above 10 Lakhs,No,Cloud Computing,TC_0249,2025-09-22,Certified,71.0,Yes,2026-03-04,Not Placed,,,,,,,
PART_02932,Suresh Yadav 41,23,Female,12th Pass,Pune,Taluka_4,Below 1 Lakh,Yes,Warehouse Management,TC_0365,2025-03-17,Assessed,55.0,No,,Not Applicable,,,,,,,
PART_02933,Deepa Iyer 67,21,Other,Post Graduate,Pune,Taluka_2,5-10 Lakhs,No,Warehouse Management,TC_0255,2025-04-25,Dropped Out,,No,,Not Applicable,,,,,,,
PART_02934,Sanjay Gupta 78,43,Other,Diploma,Kolhapur,Taluka_1,3-5 Lakhs,Yes,Electrician Training,TC_0377,2026-06-10,Dropped Out,,No,,Not Applicable,,,,,,,
PART_02935,Rahul Verma 48,38,Female,Diploma,Aurangabad,Taluka_3,1-3 Lakhs,Yes,Accounting & GST,TC_0158,2025-05-13,Ongoing,,No,,Not Applicable,,,,,,2.0,No
PART_02936,Vikram Singh 82,23,Male,12th Pass,Pune,Taluka_7,Above 10 Lakhs,Yes,Food Processing,TC_0271,2026-03-14,Assessed,43.0,No,,Not Applicable,,,,,,,
PART_02937,Nitin Bhosale 100,40,Female,10th Pass,Nanded,Taluka_1,1-3 Lakhs,Yes,Digital Marketing,TC_0282,2026-02-19,Certified,48.0,Yes,2026-05-21,Placed,Razorpay,Full Stack Developer,19978.0,2026-07-29,Latur,,
PART_02938,Prakash More 33,22,Other,10th Pass,Nagpur,Taluka_9,Above 10 Lakhs,No,CNC Operation,TC_0210,2025-06-22,Ongoing,,No,,Not Applicable,,,,,,4.0,Yes
PART_02939,Manoj Tiwari 35,36,Female,10th Pass,Parbhani,Taluka_9,1-3 Lakhs,No,Automotive Mechanic,TC_0197,2025-08-15,Completed,81.0,No,,Placed,Tata Motors,Full Stack Developer,22171.0,,Nagpur,5.0,Maybe
PART_02940,Anil Kamble 42,31,Female,Post Graduate,Amravati,Taluka_1,Below 1 Lakh,No,Welding Technology,TC_0371,2025-08-12,Completed,58.0,No,,Not Placed,,,,,,2.0,Maybe
PART_02941,Anil Kamble 80,39,Female,12th Pass,Solapur,Taluka_5,Above 10 Lakhs,Yes,Warehouse Management,TC_0434,2025-03-31,Certified,88.0,Yes,2025-08-30,Placed,Larsen & Toubro,Project Coordinator,17956.0,2025-10-26,Bhiwandi,,
PART_02942,Kavita Rao 35,19,Other,Graduate,Chandrapur,Taluka_8,5-10 Lakhs,No,Warehouse Management,TC_0251,2025-05-07,Dropped Out,,No,,Not Applicable,,,,,,,
PART_02943,Meera Nair 23,22,Female,12th Pass,Kolhapur,Taluka_5,Above 10 Lakhs,Yes,Cloud Computing,TC_0317,2026-07-26,Completed,50.0,No,,Self Employed,,,,,,1.0,Maybe
PART_02944,Sneha Deshmukh 32,30,Female,Post Graduate,Sangli,Taluka_7,5-10 Lakhs,No,Customer Service,TC_0108,2026-01-05,Dropped Out,,No,,Not Applicable,,,,,,,
PART_02945,Meera Nair 8,44,Other,12th Pass,Chandrapur,Taluka_1,3-5 Lakhs,Yes,Warehouse Management,TC_0423,2025-04-12,Assessed,89.0,No,,Not Applicable,,,,,,,
PART_02946,Anil Kamble 10,31,Other,10th Pass,Amravati,Taluka_3,3-5 Lakhs,Yes,Food Processing,TC_0307,2025-02-18,Ongoing,,No,,Not Applicable,,,,,,1.0,Maybe
PART_02947,Rajesh Kumar 17,26,Other,12th Pass,Kolhapur,Taluka_6,Above 10 Lakhs,No,Accounting & GST,TC_0413,2026-07-21,Dropped Out,,No,,Not Applicable,,,,,,,
PART_02948,Rajesh Kumar 92,30,Male,10th Pass,Akola,Taluka_9,5-10 Lakhs,Yes,Beauty & Wellness,TC_0366,2025-08-24,Completed,55.0,No,,Placed,Accenture,Project Coordinator,53016.0,,Nagpur,4.0,No
PART_02949,Dinesh Shinde 35,31,Female,Graduate,Latur,Taluka_10,Above 10 Lakhs,Yes,CNC Operation,TC_0129,2025-02-10,Ongoing,,No,,Not Applicable,,,,,,3.0,Yes
PART_02950,Sneha Deshmukh 20,19,Male,Post Graduate,Jalgaon,Taluka_4,1-3 Lakhs,Yes,Full Stack Development,TC_0103,2025-06-25,Completed,59.0,No,,Not Placed,,,,,,2.0,No
PART_02951,Meera Nair 83,31,Female,12th Pass,Nanded,Taluka_10,Above 10 Lakhs,No,Medical Lab Technology,TC_0057,2026-01-21,Certified,90.0,Yes,2026-07-10,Placed,Reliance Jio,Machine Learning Engineer,37926.0,2026-09-15,Raigad,,
PART_02952,Kavita Rao 90,18,Female,Post Graduate,Parbhani,Taluka_6,5-10 Lakhs,No,Warehouse Management,TC_0444,2025-01-22,Dropped Out,,No,,Not Applicable,,,,,,,
PART_02953,Ashok Pawar 86,35,Other,Diploma,Amravati,Taluka_6,Below 1 Lakh,Yes,Data Analytics,TC_0309,2025-07-01,Assessed,60.0,No,,Not Applicable,,,,,,,
PART_02954,Sunita Kaur 67,37,Female,Graduate,Chandrapur,Taluka_10,1-3 Lakhs,Yes,Customer Service,TC_0359,2025-02-04,Dropped Out,,No,,Not Applicable,,,,,,,
PART_02955,Rajesh Kumar 95,43,Other,Graduate,Dhule,Taluka_1,Below 1 Lakh,No,Warehouse Management,TC_0473,2025-01-01,Certified,63.0,Yes,2025-05-28,Placed,Reliance Jio,Supply Chain Analyst,76120.0,2025-08-09,Ahmednagar,,
PART_02956,Ashok Pawar 13,21,Male,Post Graduate,Dhule,Taluka_10,1-3 Lakhs,Yes,Welding Technology,TC_0081,2025-02-01,Ongoing,,No,,Not Applicable,,,,,,2.0,Maybe
PART_02957,Vikram Singh 97,28,Female,Graduate,Jalna,Taluka_10,Above 10 Lakhs,Yes,Customer Service,TC_0214,2026-04-21,Ongoing,,No,,Not Applicable,,,,,,1.0,No
PART_02958,Meera Nair 6,43,Female,Post Graduate,Nagpur,Taluka_8,3-5 Lakhs,Yes,Food Processing,TC_0117,2026-07-03,Ongoing,,No,,Not Applicable,,,,,,3.0,Yes
PART_02959,Prakash More 40,28,Male,Diploma,Thane,Taluka_5,Below 1 Lakh,Yes,Accounting & GST,TC_0225,2025-02-08,Certified,77.0,Yes,2025-05-17,Not Placed,,,,,,,
PART_02960,Prakash More 94,31,Male,Post Graduate,Jalgaon,Taluka_7,1-3 Lakhs,Yes,Cloud Computing,TC_0275,2026-02-28,Completed,46.0,No,,Placed,Siemens,Cloud Engineer,63903.0,,Dhule,4.0,Yes
PART_02961,Shweta Bhatt 49,40,Male,Graduate,Akola,Taluka_10,5-10 Lakhs,Yes,Mobile Repair,TC_0104,2025-11-18,Completed,54.0,No,,Placed,Tech Mahindra,Machine Learning Engineer,25344.0,,Aurangabad,2.0,No
PART_02962,Meera Nair 69,19,Other,10th Pass,Kolhapur,Taluka_10,5-10 Lakhs,Yes,Digital Marketing,TC_0352,2025-11-08,Completed,73.0,No,,Placed,Razorpay,Software Developer,64346.0,,Akola,4.0,Maybe
PART_02963,Shweta Bhatt 36,20,Other,10th Pass,Amravati,Taluka_4,1-3 Lakhs,Yes,Warehouse Management,TC_0285,2025-10-18,Completed,77.0,No,,Self Employed,,,,,,2.0,No
PART_02964,Mohan Rao 10,35,Female,Post Graduate,Aurangabad,Taluka_1,Below 1 Lakh,No,Mobile Repair,TC_0176,2025-09-20,Ongoing,,No,,Not Applicable,,,,,,3.0,Yes
PART_02965,Kavita Rao 20,38,Female,Graduate,Mumbai,Taluka_4,3-5 Lakhs,No,CNC Operation,TC_0456,2026-07-14,Dropped Out,,No,,Not Applicable,,,,,,,
PART_02966,Anil Kamble 35,27,Female,Graduate,Jalna,Taluka_4,Below 1 Lakh,Yes,Digital Marketing,TC_0467,2025-04-04,Dropped Out,,No,,Not Applicable,,,,,,,
PART_02967,Neha Dubey 52,36,Other,12th Pass,Thane,Taluka_5,1-3 Lakhs,No,Customer Service,TC_0464,2025-07-17,Dropped Out,,No,,Not Applicable,,,,,,,
PART_02968,Ramesh Jadhav 13,18,Female,12th Pass,Sangli,Taluka_3,Below 1 Lakh,Yes,Welding Technology,TC_0365,2026-08-09,Certified,69.0,Yes,2026-11-24,Placed,Vedantu,Fitter,28278.0,2026-12-31,Ahmednagar,,
PART_02969,Usha Menon 11,26,Other,Diploma,Nanded,Taluka_4,Below 1 Lakh,Yes,Full Stack Development,TC_0079,2025-07-06,Dropped Out,,No,,Not Applicable,,,,,,,
PART_02970,Usha Menon 30,42,Other,Post Graduate,Latur,Taluka_1,5-10 Lakhs,No,Digital Marketing,TC_0280,2025-03-26,Completed,73.0,No,,Placed,Reliance Jio,Machine Operator,32916.0,,Sangli,5.0,Yes
PART_02971,Dinesh Shinde 36,27,Other,12th Pass,Sangli,Taluka_10,Below 1 Lakh,No,Food Processing,TC_0475,2025-08-13,Certified,67.0,Yes,2025-12-12,Not Placed,,,,,,,
PART_02972,Arun Kulkarni 53,23,Female,10th Pass,Aurangabad,Taluka_2,1-3 Lakhs,No,CNC Operation,TC_0322,2025-03-08,Completed,97.0,No,,Not Placed,,,,,,4.0,No
PART_02973,Shweta Bhatt 82,24,Female,Diploma,Chandrapur,Taluka_8,1-3 Lakhs,No,Automotive Mechanic,TC_0321,2025-05-31,Certified,49.0,Yes,2025-11-07,Not Placed,,,,,,,
PART_02974,Shweta Bhatt 49,24,Other,Graduate,Bhiwandi,Taluka_3,1-3 Lakhs,Yes,Digital Marketing,TC_0112,2026-04-09,Ongoing,,No,,Not Applicable,,,,,,5.0,No
PART_02975,Usha Menon 17,22,Male,Diploma,Amravati,Taluka_5,1-3 Lakhs,Yes,Food Processing,TC_0419,2025-11-14,Assessed,66.0,No,,Not Applicable,,,,,,,
PART_02976,Mohan Rao 4,38,Other,10th Pass,Nagpur,Taluka_4,1-3 Lakhs,Yes,Automotive Mechanic,TC_0430,2025-01-21,Certified,45.0,Yes,2025-05-18,Placed,IBM,Full Stack Developer,49483.0,2025-08-12,Latur,,
PART_02977,Shweta Bhatt 79,42,Other,10th Pass,Aurangabad,Taluka_8,1-3 Lakhs,No,Accounting & GST,TC_0214,2026-05-25,Assessed,96.0,No,,Not Applicable,,,,,,,
PART_02978,Usha Menon 82,31,Other,Diploma,Aurangabad,Taluka_1,5-10 Lakhs,Yes,CNC Operation,TC_0329,2026-06-09,Completed,70.0,No,,Placed,Siemens,Cybersecurity Analyst,15338.0,,Amravati,1.0,No
PART_02979,Arun Kulkarni 32,37,Male,12th Pass,Nagpur,Taluka_3,Below 1 Lakh,No,Cloud Computing,TC_0111,2026-06-09,Assessed,82.0,No,,Not Applicable,,,,,,,
PART_02980,Dinesh Shinde 46,24,Male,10th Pass,Parbhani,Taluka_9,Above 10 Lakhs,No,Beauty & Wellness,TC_0256,2025-10-20,Ongoing,,No,,Not Applicable,,,,,,4.0,No
PART_02981,Rajesh Kumar 45,18,Male,Graduate,Jalna,Taluka_7,1-3 Lakhs,No,Retail Management,TC_0255,2025-12-04,Dropped Out,,No,,Not Applicable,,,,,,,
PART_02982,Vikram Singh 1,41,Other,10th Pass,Dhule,Taluka_5,Below 1 Lakh,Yes,Food Processing,TC_0251,2026-08-02,Dropped Out,,No,,Not Applicable,,,,,,,
PART_02983,Anil Kamble 62,28,Female,10th Pass,Akola,Taluka_4,Below 1 Lakh,No,Data Analytics,TC_0316,2026-01-25,Ongoing,,No,,Not Applicable,,,,,,3.0,Maybe
PART_02984,Geeta Sawant 85,29,Other,12th Pass,Latur,Taluka_9,1-3 Lakhs,No,Retail Management,TC_0148,2025-07-15,Completed,40.0,No,,Placed,HDFC Bank,Software Developer,74356.0,,Yavatmal,5.0,Yes
PART_02985,Arun Kulkarni 56,31,Other,Graduate,Amravati,Taluka_2,5-10 Lakhs,No,Warehouse Management,TC_0124,2026-07-24,Dropped Out,,No,,Not Applicable,,,,,,,
PART_02986,Kavita Rao 6,33,Male,10th Pass,Solapur,Taluka_2,5-10 Lakhs,Yes,Beauty & Wellness,TC_0302,2025-04-29,Completed,72.0,No,,Not Placed,,,,,,4.0,Yes
PART_02987,Nitin Bhosale 39,35,Male,12th Pass,Aurangabad,Taluka_8,Above 10 Lakhs,Yes,Data Analytics,TC_0252,2026-07-09,Completed,43.0,No,,Placed,Larsen & Toubro,Medical Lab Technician,68327.0,,Amravati,2.0,No
PART_02988,Manoj Tiwari 85,33,Male,12th Pass,Sangli,Taluka_4,Above 10 Lakhs,Yes,Welding Technology,TC_0488,2025-09-22,Completed,76.0,No,,Placed,Cognizant,Warehouse Supervisor,41489.0,,Mumbai,5.0,Yes
PART_02989,Anil Kamble 38,29,Male,10th Pass,Nanded,Taluka_10,5-10 Lakhs,No,Warehouse Management,TC_0099,2025-04-07,Assessed,60.0,No,,Not Applicable,,,,,,,
PART_02990,Pooja Joshi 90,19,Female,Graduate,Chandrapur,Taluka_7,Above 10 Lakhs,No,Data Analytics,TC_0435,2025-02-19,Dropped Out,,No,,Not Applicable,,,,,,,
PART_02991,Rajesh Kumar 59,24,Female,Post Graduate,Mumbai,Taluka_1,5-10 Lakhs,No,Data Analytics,TC_0400,2025-04-29,Dropped Out,,No,,Not Applicable,,,,,,,
PART_02992,Pooja Joshi 55,30,Female,Diploma,Bhiwandi,Taluka_3,5-10 Lakhs,No,Welding Technology,TC_0024,2026-02-28,Certified,64.0,Yes,2026-07-21,Placed,Paytm,Digital Marketing Executive,48223.0,2026-09-17,Jalna,,
PART_02993,Ramesh Jadhav 34,30,Female,12th Pass,Bhiwandi,Taluka_10,Below 1 Lakh,No,Medical Lab Technology,TC_0218,2026-03-30,Dropped Out,,No,,Not Applicable,,,,,,,
PART_02994,Vikram Singh 8,30,Male,Graduate,Jalgaon,Taluka_7,Above 10 Lakhs,No,Mobile Repair,TC_0443,2025-07-24,Ongoing,,No,,Not Applicable,,,,,,1.0,No
PART_02995,Vikram Singh 40,21,Male,12th Pass,Sangli,Taluka_5,3-5 Lakhs,Yes,Customer Service,TC_0212,2025-02-26,Ongoing,,No,,Not Applicable,,,,,,3.0,No
PART_02996,Geeta Sawant 55,22,Male,Post Graduate,Aurangabad,Taluka_4,5-10 Lakhs,No,Welding Technology,TC_0484,2026-04-01,Certified,79.0,Yes,2026-08-25,Not Placed,,,,,,,
PART_02997,Geeta Sawant 41,34,Other,Graduate,Mumbai,Taluka_7,3-5 Lakhs,No,Cloud Computing,TC_0381,2025-08-26,Completed,90.0,No,,Self Employed,,,,,,2.0,Maybe
PART_02998,Pooja Joshi 63,40,Other,Diploma,Akola,Taluka_9,5-10 Lakhs,No,Accounting & GST,TC_0198,2025-01-14,Completed,68.0,No,,Self Employed,,,,,,1.0,Maybe
PART_02999,Usha Menon 20,20,Other,Post Graduate,Solapur,Taluka_10,5-10 Lakhs,Yes,Cloud Computing,TC_0497,2026-03-21,Ongoing,,No,,Not Applicable,,,,,,4.0,No
PART_03000,Nitin Bhosale 93,34,Other,Post Graduate,Jalna,Taluka_4,1-3 Lakhs,No,Beauty & Wellness,TC_0230,2026-02-09,Dropped Out,,No,,Not Applicable,,,,,,,
