center_id,center_name,district,course_category,course_name,center_type,total_capacity,current_enrollment,has_computer_lab,has_workshop,equipment_age_years,total_trainers,certified_trainers,batches_completed,students_placed,placement_rate_percent,duration_months,fee_amount,certification,industry_partners,months_since_curriculum_update,contact_email,contact_phone
TC_0001,Skill Development Center - Washim 10,Washim,Automotive,Denting,Private Training Provider,176,170,Yes,No,1,15,13,16,132,77.65,9,2722,No Certification,10,60,center1@skilldev.maharashtra.gov.in,+91-9572881443
TC_0002,Skill Development Center - Akola 10,Akola,IT & Software,Cybersecurity,NGO,110,64,Yes,Yes,3,14,4,13,8,12.5,3,357,State Government,1,40,center2@skilldev.maharashtra.gov.in,+91-9358952365
TC_0003,Skill Development Center - Sangli 7,Sangli,Banking & Finance,GST & Taxation,Industry Training Center,123,68,No,No,6,13,12,6,9,13.24,12,48174,Industry Certified,0,24,center3@skilldev.maharashtra.gov.in,+91-9327632341
TC_0004,Skill Development Center - Raigad 9,Raigad,Beauty & Wellness,Fitness Training,NSDC Partner,178,164,Yes,No,10,6,4,10,46,28.05,1,1864,State Government,8,37,center4@skilldev.maharashtra.gov.in,+91-9789874162
TC_0005,Skill Development Center - Sangli 4,Sangli,Electronics,PCB Design,Industry Training Center,271,105,No,Yes,9,5,5,17,7,6.67,1,16116,No Certification,2,43,center5@skilldev.maharashtra.gov.in,+91-9292643928
TC_0006,Skill Development Center - Jalgaon 10,Jalgaon,Food Processing,Food Safety,Industry Training Center,205,168,No,No,7,10,6,8,119,70.83,3,7150,State Government,2,1,center6@skilldev.maharashtra.gov.in,+91-9520525044
TC_0007,Skill Development Center - Kolhapur 10,Kolhapur,Healthcare,Nursing Assistant,NGO,212,75,No,No,0,4,2,5,17,22.67,6,42724,NSDC,3,11,center7@skilldev.maharashtra.gov.in,+91-9688148505
TC_0008,Skill Development Center - Aurangabad 8,Aurangabad,Electronics,Consumer Electronics Repair,NGO,274,86,Yes,No,9,2,2,9,18,20.93,9,15125,Industry Certified,5,24,center8@skilldev.maharashtra.gov.in,+91-9042208298
TC_0009,Skill Development Center - Washim 1,Washim,Automotive,Four Wheeler Mechanic,Government ITI,226,202,Yes,Yes,9,6,6,19,31,15.35,2,2589,No Certification,1,1,center9@skilldev.maharashtra.gov.in,+91-9549511003
TC_0010,Skill Development Center - Osmanabad 1,Osmanabad,Tourism & Hospitality,Housekeeping,NSDC Partner,81,61,Yes,No,8,2,2,9,6,9.84,3,7149,NSDC,8,9,center10@skilldev.maharashtra.gov.in,+91-9195057156
TC_0011,Skill Development Center - Jalgaon 4,Jalgaon,Food Processing,Food Safety,Private Training Provider,240,219,No,Yes,2,2,1,8,45,20.55,2,48461,State Government,1,14,center11@skilldev.maharashtra.gov.in,+91-9611054069
TC_0012,Skill Development Center - Kolhapur 2,Kolhapur,Tourism & Hospitality,Food & Beverage Service,NSDC Partner,97,92,Yes,No,1,4,2,4,34,36.96,9,5558,No Certification,1,4,center12@skilldev.maharashtra.gov.in,+91-9741339159
TC_0013,Skill Development Center - Aurangabad 3,Aurangabad,Tourism & Hospitality,Tour Guide,Government ITI,50,36,No,No,5,15,14,18,2,5.56,3,42792,State Government,10,21,center13@skilldev.maharashtra.gov.in,+91-9902656650
TC_0014,Skill Development Center - Amravati 10,Amravati,Food Processing,Food Safety,NGO,169,127,Yes,No,13,5,1,4,76,59.84,12,48974,NSDC,1,23,center14@skilldev.maharashtra.gov.in,+91-9296737264
TC_0015,Skill Development Center - Dhule 8,Dhule,Retail,Inventory Management,Government ITI,70,63,No,Yes,0,6,6,18,33,52.38,2,1794,No Certification,4,43,center15@skilldev.maharashtra.gov.in,+91-9373594005
TC_0016,Skill Development Center - Raigad 1,Raigad,Logistics,Warehouse Management,NGO,190,105,Yes,No,6,8,6,5,82,78.1,12,43798,State Government,9,30,center16@skilldev.maharashtra.gov.in,+91-9140459207
TC_0017,Skill Development Center - Osmanabad 6,Osmanabad,Logistics,Warehouse Management,Industry Training Center,139,93,No,Yes,13,9,2,5,59,63.44,9,20362,Industry Certified,0,7,center17@skilldev.maharashtra.gov.in,+91-9245114417
TC_0018,Skill Development Center - Pune 8,Pune,Agriculture,Food Processing,Private Training Provider,132,64,Yes,Yes,9,14,11,19,29,45.31,1,30026,State Government,0,26,center18@skilldev.maharashtra.gov.in,+91-9597158550
TC_0019,Skill Development Center - Wardha 7,Wardha,Telecommunications,Field Service,Government ITI,197,105,Yes,Yes,4,10,6,10,5,4.76,3,916,State Government,6,49,center19@skilldev.maharashtra.gov.in,+91-9099133658
TC_0020,Skill Development Center - Wardha 5,Wardha,Banking & Finance,Insurance,NSDC Partner,225,82,Yes,No,13,13,11,5,21,25.61,3,35435,Industry Certified,8,8,center20@skilldev.maharashtra.gov.in,+91-9668844954
TC_0021,Skill Development Center - Pune 5,Pune,Media,Video Editing,NSDC Partner,262,243,Yes,No,2,6,4,2,87,35.8,12,48650,No Certification,4,40,center21@skilldev.maharashtra.gov.in,+91-9833045724
TC_0022,Skill Development Center - Gondia 3,Gondia,Retail,Inventory Management,NGO,81,34,No,Yes,10,15,4,8,8,23.53,3,14766,State Government,8,20,center22@skilldev.maharashtra.gov.in,+91-9878483526
TC_0023,Skill Development Center - Dhule 3,Dhule,IT & Software,Digital Marketing,Industry Training Center,203,176,Yes,Yes,3,2,1,2,128,72.73,3,45061,State Government,0,42,center23@skilldev.maharashtra.gov.in,+91-9390011283
TC_0024,Skill Development Center - Ratnagiri 10,Ratnagiri,Textile,Fabric Design,NGO,52,27,No,No,1,7,5,12,13,48.15,3,48118,Industry Certified,1,38,center24@skilldev.maharashtra.gov.in,+91-9875502630
TC_0025,Skill Development Center - Bhandara 10,Bhandara,Textile,Textile Processing,NSDC Partner,291,95,No,No,9,15,14,19,17,17.89,12,1146,Industry Certified,4,21,center25@skilldev.maharashtra.gov.in,+91-9392196277
TC_0026,Skill Development Center - Jalna 9,Jalna,Healthcare,Pharmacy Assistant,Private Training Provider,68,26,No,No,9,6,2,6,16,61.54,2,9217,Industry Certified,10,33,center26@skilldev.maharashtra.gov.in,+91-9955815231
TC_0027,Skill Development Center - Gondia 8,Gondia,Food Processing,Packaging Technology,NGO,261,183,Yes,Yes,8,11,6,11,5,2.73,9,19934,No Certification,8,42,center27@skilldev.maharashtra.gov.in,+91-9723676821
TC_0028,Skill Development Center - Raigad 7,Raigad,Food Processing,Food Safety,Private Training Provider,189,99,Yes,Yes,10,13,10,6,44,44.44,1,10757,NSDC,1,56,center28@skilldev.maharashtra.gov.in,+91-9977008043
TC_0029,Skill Development Center - Hingoli 3,Hingoli,Food Processing,Processing Operations,Private Training Provider,76,27,No,No,11,15,15,12,12,44.44,2,41216,No Certification,3,1,center29@skilldev.maharashtra.gov.in,+91-9051929070
TC_0030,Skill Development Center - Bhiwandi 6,Bhiwandi,Automotive,Four Wheeler Mechanic,NGO,268,90,Yes,No,12,15,5,1,58,64.44,12,41259,Industry Certified,5,46,center30@skilldev.maharashtra.gov.in,+91-9433068720
TC_0031,Skill Development Center - Bhiwandi 7,Bhiwandi,Healthcare,Nursing Assistant,Industry Training Center,103,73,Yes,Yes,12,14,3,12,48,65.75,6,29964,Industry Certified,1,43,center31@skilldev.maharashtra.gov.in,+91-9422011027
TC_0032,Skill Development Center - Amravati 7,Amravati,Media,Content Creation,Industry Training Center,242,152,No,No,9,2,2,7,31,20.39,6,23433,Industry Certified,8,26,center32@skilldev.maharashtra.gov.in,+91-9123009028
TC_0033,Skill Development Center - Washim 1,Washim,Retail,Retail Management,Industry Training Center,196,162,No,No,7,11,3,9,104,64.2,2,14850,Industry Certified,4,13,center33@skilldev.maharashtra.gov.in,+91-9454294959
TC_0034,Skill Development Center - Akola 6,Akola,Tourism & Hospitality,Hotel Management,Industry Training Center,97,96,Yes,No,9,9,8,10,8,8.33,6,48291,State Government,3,45,center34@skilldev.maharashtra.gov.in,+91-9265527753
TC_0035,Skill Development Center - Sindhudurg 1,Sindhudurg,Manufacturing,CNC Operation,Industry Training Center,292,224,No,No,12,14,11,2,94,41.96,2,18530,Industry Certified,0,14,center35@skilldev.maharashtra.gov.in,+91-9352433140
TC_0036,Skill Development Center - Solapur 5,Solapur,Media,Content Creation,NGO,234,208,Yes,No,3,10,5,13,77,37.02,9,32375,No Certification,0,34,center36@skilldev.maharashtra.gov.in,+91-9717792167
TC_0037,Skill Development Center - Osmanabad 5,Osmanabad,Beauty & Wellness,Spa Therapy,Industry Training Center,254,82,Yes,No,6,12,3,10,16,19.51,9,28248,No Certification,2,10,center37@skilldev.maharashtra.gov.in,+91-9536145965
TC_0038,Skill Development Center - Solapur 8,Solapur,Logistics,Warehouse Management,Private Training Provider,154,95,No,No,13,9,4,20,7,7.37,6,44581,NSDC,7,58,center38@skilldev.maharashtra.gov.in,+91-9170468124
TC_0039,Skill Development Center - Gadchiroli 4,Gadchiroli,Telecommunications,Fiber Optics,Industry Training Center,145,134,No,No,2,6,4,14,52,38.81,3,45408,No Certification,10,8,center39@skilldev.maharashtra.gov.in,+91-9447400502
TC_0040,Skill Development Center - Parbhani 3,Parbhani,IT & Software,Data Analytics,Industry Training Center,78,68,Yes,Yes,8,15,15,19,45,66.18,3,22239,No Certification,2,18,center40@skilldev.maharashtra.gov.in,+91-9739946208
TC_0041,Skill Development Center - Parbhani 7,Parbhani,Healthcare,Patient Care,NSDC Partner,187,103,No,Yes,9,14,9,3,3,2.91,9,39023,Industry Certified,10,31,center41@skilldev.maharashtra.gov.in,+91-9550648240
TC_0042,Skill Development Center - Nashik 9,Nashik,Electronics,Consumer Electronics Repair,Government ITI,175,53,Yes,Yes,3,7,4,14,30,56.6,1,22294,State Government,3,42,center42@skilldev.maharashtra.gov.in,+91-9896513341
TC_0043,Skill Development Center - Nagpur 10,Nagpur,Tourism & Hospitality,Hotel Management,NGO,101,99,No,Yes,12,11,7,6,39,39.39,9,35881,Industry Certified,6,48,center43@skilldev.maharashtra.gov.in,+91-9614181850
TC_0044,Skill Development Center - Aurangabad 4,Aurangabad,Healthcare,Medical Lab Technology,Government ITI,291,225,No,No,12,5,5,1,66,29.33,1,19434,Industry Certified,1,60,center44@skilldev.maharashtra.gov.in,+91-9417341464
TC_0045,Skill Development Center - Nashik 2,Nashik,Banking & Finance,Financial Services,Private Training Provider,254,76,No,Yes,10,6,5,12,12,15.79,9,27483,NSDC,10,52,center45@skilldev.maharashtra.gov.in,+91-9807612725
TC_0046,Skill Development Center - Mumbai 1,Mumbai,Food Processing,Cold Chain Management,NGO,193,58,No,No,8,15,11,19,33,56.9,12,46633,No Certification,5,34,center46@skilldev.maharashtra.gov.in,+91-9760654780
TC_0047,Skill Development Center - Parbhani 5,Parbhani,Manufacturing,Welding Technology,NGO,112,97,No,Yes,6,10,10,20,18,18.56,6,37229,State Government,5,43,center47@skilldev.maharashtra.gov.in,+91-9302019509
TC_0048,Skill Development Center - Parbhani 9,Parbhani,Textile,Fabric Design,NGO,55,37,No,Yes,1,3,3,20,10,27.03,2,25939,NSDC,4,45,center48@skilldev.maharashtra.gov.in,+91-9378563848
TC_0049,Skill Development Center - Washim 6,Washim,Construction,Plumbing,Industry Training Center,158,76,No,Yes,1,7,1,5,33,43.42,1,26949,State Government,7,40,center49@skilldev.maharashtra.gov.in,+91-9628550894
TC_0050,Skill Development Center - Wardha 8,Wardha,Electronics,Mobile Repair,Private Training Provider,100,55,No,No,7,8,6,15,2,3.64,12,47764,NSDC,1,22,center50@skilldev.maharashtra.gov.in,+91-9726562608
TC_0051,Skill Development Center - Nagpur 4,Nagpur,Electronics,PCB Design,Government ITI,267,189,Yes,Yes,6,13,6,13,47,24.87,1,15638,Industry Certified,3,16,center51@skilldev.maharashtra.gov.in,+91-9396894110
TC_0052,Skill Development Center - Washim 1,Washim,Healthcare,Pharmacy Assistant,NSDC Partner,174,91,Yes,Yes,7,12,9,14,0,0.0,6,33044,State Government,8,40,center52@skilldev.maharashtra.gov.in,+91-9484080669
TC_0053,Skill Development Center - Kolhapur 3,Kolhapur,Beauty & Wellness,Hair Styling,NSDC Partner,144,94,No,No,7,3,3,2,60,63.83,6,41892,NSDC,7,2,center53@skilldev.maharashtra.gov.in,+91-9016120595
TC_0054,Skill Development Center - Raigad 10,Raigad,Manufacturing,Quality Control,Industry Training Center,169,89,No,Yes,10,14,10,8,35,39.33,3,42941,No Certification,1,27,center54@skilldev.maharashtra.gov.in,+91-9752710694
TC_0055,Skill Development Center - Amravati 4,Amravati,Agriculture,Agriculture Equipment,Private Training Provider,149,46,No,Yes,0,14,12,3,15,32.61,12,10723,State Government,1,12,center55@skilldev.maharashtra.gov.in,+91-9203942323
TC_0056,Skill Development Center - Pune 8,Pune,Electronics,Embedded Systems,Private Training Provider,159,111,No,No,7,2,1,14,76,68.47,1,12958,Industry Certified,0,14,center56@skilldev.maharashtra.gov.in,+91-9777988335
TC_0057,Skill Development Center - Jalna 7,Jalna,Logistics,Warehouse Management,Private Training Provider,179,145,No,Yes,8,4,3,18,42,28.97,1,41188,NSDC,10,28,center57@skilldev.maharashtra.gov.in,+91-9564146082
TC_0058,Skill Development Center - Ahmednagar 2,Ahmednagar,Construction,Masonry,NSDC Partner,252,138,No,No,11,10,8,8,24,17.39,12,44654,Industry Certified,6,25,center58@skilldev.maharashtra.gov.in,+91-9993693777
TC_0059,Skill Development Center - Bhandara 9,Bhandara,Media,Social Media Management,Private Training Provider,207,115,Yes,Yes,15,5,4,1,30,26.09,9,29686,No Certification,4,55,center59@skilldev.maharashtra.gov.in,+91-9464419263
TC_0060,Skill Development Center - Jalna 6,Jalna,Electronics,IoT Basics,Government ITI,184,97,No,No,0,6,3,11,44,45.36,3,10733,State Government,5,41,center60@skilldev.maharashtra.gov.in,+91-9549621482
TC_0061,Skill Development Center - Bhandara 2,Bhandara,Textile,Textile Processing,Government ITI,198,127,Yes,Yes,11,14,5,15,75,59.06,12,47702,Industry Certified,8,38,center61@skilldev.maharashtra.gov.in,+91-9548733258
TC_0062,Skill Development Center - Ahmednagar 9,Ahmednagar,IT & Software,Full Stack Development,Industry Training Center,260,90,Yes,No,11,14,12,8,29,32.22,12,46081,Industry Certified,6,29,center62@skilldev.maharashtra.gov.in,+91-9818860982
TC_0063,Skill Development Center - Wardha 5,Wardha,IT & Software,Full Stack Development,Private Training Provider,172,56,Yes,No,10,6,6,17,40,71.43,9,19648,State Government,10,49,center63@skilldev.maharashtra.gov.in,+91-9232154925
TC_0064,Skill Development Center - Hingoli 6,Hingoli,IT & Software,AI/ML Basics,Private Training Provider,288,191,Yes,No,14,14,11,3,99,51.83,6,32951,NSDC,4,50,center64@skilldev.maharashtra.gov.in,+91-9874781225
TC_0065,Skill Development Center - Washim 5,Washim,Manufacturing,Fitter Training,NSDC Partner,139,57,Yes,No,5,6,5,4,18,31.58,9,436,No Certification,4,21,center65@skilldev.maharashtra.gov.in,+91-9613979394
TC_0066,Skill Development Center - Akola 10,Akola,Retail,Cashier Operations,Private Training Provider,75,71,Yes,No,15,8,7,20,46,64.79,3,24898,NSDC,8,60,center66@skilldev.maharashtra.gov.in,+91-9300214577
TC_0067,Skill Development Center - Aurangabad 8,Aurangabad,Banking & Finance,GST & Taxation,Government ITI,116,47,No,No,9,14,11,4,1,2.13,3,26290,No Certification,3,57,center67@skilldev.maharashtra.gov.in,+91-9139265895
TC_0068,Skill Development Center - Sindhudurg 7,Sindhudurg,Construction,Plumbing,Private Training Provider,288,94,Yes,No,15,10,7,11,29,30.85,3,31493,No Certification,6,26,center68@skilldev.maharashtra.gov.in,+91-9494169532
TC_0069,Skill Development Center - Dhule 4,Dhule,Media,Video Editing,Private Training Provider,271,105,Yes,Yes,8,7,5,14,10,9.52,3,18004,No Certification,9,37,center69@skilldev.maharashtra.gov.in,+91-9544583105
TC_0070,Skill Development Center - Nanded 9,Nanded,Textile,Garment Making,NSDC Partner,66,57,No,Yes,5,9,7,5,34,59.65,9,41375,NSDC,8,10,center70@skilldev.maharashtra.gov.in,+91-9983478645
TC_0071,Skill Development Center - Ahmednagar 1,Ahmednagar,Telecommunications,Tower Technician,NSDC Partner,201,167,Yes,Yes,6,5,5,17,5,2.99,3,29209,State Government,2,60,center71@skilldev.maharashtra.gov.in,+91-9526923639
TC_0072,Skill Development Center - Akola 4,Akola,Logistics,Forklift Operation,Industry Training Center,286,165,Yes,Yes,13,4,3,19,99,60.0,12,40261,No Certification,1,33,center72@skilldev.maharashtra.gov.in,+91-9395475257
TC_0073,Skill Development Center - Nashik 8,Nashik,Retail,Sales Techniques,Industry Training Center,169,156,Yes,No,6,3,3,11,78,50.0,2,34315,NSDC,9,51,center73@skilldev.maharashtra.gov.in,+91-9431166652
TC_0074,Skill Development Center - Sangli 7,Sangli,Beauty & Wellness,Fitness Training,Government ITI,73,54,Yes,Yes,7,12,12,9,43,79.63,3,2402,State Government,6,42,center74@skilldev.maharashtra.gov.in,+91-9766089725
TC_0075,Skill Development Center - Nagpur 9,Nagpur,Electronics,PCB Design,NGO,241,217,No,No,6,7,6,10,15,6.91,9,20646,Industry Certified,2,55,center75@skilldev.maharashtra.gov.in,+91-9001529062
TC_0076,Skill Development Center - Nanded 10,Nanded,Agriculture,Poultry Farming,Private Training Provider,178,116,No,No,10,8,8,11,29,25.0,9,26825,No Certification,8,34,center76@skilldev.maharashtra.gov.in,+91-9081809566
TC_0077,Skill Development Center - Nanded 10,Nanded,Tourism & Hospitality,Tour Guide,Private Training Provider,222,144,Yes,Yes,6,9,4,7,102,70.83,2,25903,Industry Certified,0,34,center77@skilldev.maharashtra.gov.in,+91-9103798372
TC_0078,Skill Development Center - Nanded 9,Nanded,Food Processing,Quality Testing,NGO,296,103,Yes,Yes,9,4,4,8,45,43.69,9,38112,NSDC,9,9,center78@skilldev.maharashtra.gov.in,+91-9099934603
TC_0079,Skill Development Center - Satara 7,Satara,Telecommunications,Field Service,NSDC Partner,230,139,Yes,No,2,14,3,1,101,72.66,3,9712,No Certification,0,3,center79@skilldev.maharashtra.gov.in,+91-9129068885
TC_0080,Skill Development Center - Thane 5,Thane,Banking & Finance,Accounting,Industry Training Center,242,167,Yes,Yes,4,15,3,12,103,61.68,2,16542,Industry Certified,3,30,center80@skilldev.maharashtra.gov.in,+91-9445436565
TC_0081,Skill Development Center - Sangli 7,Sangli,Logistics,Warehouse Management,Industry Training Center,286,174,No,No,13,12,11,14,126,72.41,1,12428,No Certification,0,29,center81@skilldev.maharashtra.gov.in,+91-9050466044
TC_0082,Skill Development Center - Nashik 6,Nashik,Manufacturing,Quality Control,NSDC Partner,173,150,No,Yes,4,7,7,15,71,47.33,3,45074,State Government,7,6,center82@skilldev.maharashtra.gov.in,+91-9110407001
TC_0083,Skill Development Center - Bhandara 6,Bhandara,Healthcare,Medical Equipment Handling,Industry Training Center,208,89,Yes,No,2,10,9,16,42,47.19,9,49892,NSDC,5,36,center83@skilldev.maharashtra.gov.in,+91-9633063771
TC_0084,Skill Development Center - Amravati 4,Amravati,Media,Photography,NGO,102,89,No,Yes,14,3,3,12,61,68.54,1,22589,No Certification,2,49,center84@skilldev.maharashtra.gov.in,+91-9113977370
TC_0085,Skill Development Center - Mumbai 5,Mumbai,Manufacturing,CNC Operation,Industry Training Center,230,86,No,Yes,13,12,6,14,66,76.74,3,38778,NSDC,0,13,center85@skilldev.maharashtra.gov.in,+91-9967656378
TC_0086,Skill Development Center - Washim 7,Washim,IT & Software,Digital Marketing,Government ITI,287,163,No,Yes,2,2,1,15,75,46.01,2,14236,No Certification,8,13,center86@skilldev.maharashtra.gov.in,+91-9479024467
TC_0087,Skill Development Center - Wardha 2,Wardha,Logistics,Supply Chain Basics,NSDC Partner,170,51,Yes,Yes,12,12,1,12,26,50.98,12,45984,State Government,9,9,center87@skilldev.maharashtra.gov.in,+91-9432659420
TC_0088,Skill Development Center - Raigad 7,Raigad,Construction,Carpentry,Private Training Provider,63,24,Yes,No,4,15,2,9,16,66.67,6,28648,State Government,0,10,center88@skilldev.maharashtra.gov.in,+91-9756829995
TC_0089,Skill Development Center - Hingoli 9,Hingoli,Banking & Finance,Accounting,Government ITI,70,56,Yes,Yes,3,11,7,17,34,60.71,3,12589,Industry Certified,9,5,center89@skilldev.maharashtra.gov.in,+91-9206006578
TC_0090,Skill Development Center - Yavatmal 7,Yavatmal,Construction,Bar Bending,Private Training Provider,177,169,No,No,4,6,3,20,31,18.34,9,34125,No Certification,8,8,center90@skilldev.maharashtra.gov.in,+91-9777148921
TC_0091,Skill Development Center - Dhule 2,Dhule,Automotive,Denting,Industry Training Center,88,38,Yes,Yes,7,11,3,15,10,26.32,3,6073,State Government,8,31,center91@skilldev.maharashtra.gov.in,+91-9053202818
TC_0092,Skill Development Center - Osmanabad 5,Osmanabad,Tourism & Hospitality,Travel Agency Operations,Government ITI,254,161,No,No,10,7,2,6,75,46.58,1,13202,No Certification,9,3,center92@skilldev.maharashtra.gov.in,+91-9872364389
TC_0093,Skill Development Center - Bhandara 5,Bhandara,Manufacturing,Welding Technology,NGO,207,92,No,Yes,0,13,8,4,60,65.22,9,30089,No Certification,7,49,center93@skilldev.maharashtra.gov.in,+91-9382539779
TC_0094,Skill Development Center - Dhule 1,Dhule,Banking & Finance,Banking Operations,NSDC Partner,263,158,No,No,15,11,5,5,63,39.87,3,15088,No Certification,3,30,center94@skilldev.maharashtra.gov.in,+91-9222950332
TC_0095,Skill Development Center - Jalgaon 6,Jalgaon,Banking & Finance,Insurance,Private Training Provider,165,67,No,No,8,11,8,4,10,14.93,2,24750,Industry Certified,1,19,center95@skilldev.maharashtra.gov.in,+91-9697090634
TC_0096,Skill Development Center - Chandrapur 3,Chandrapur,Media,Graphic Design,Government ITI,65,56,Yes,Yes,11,13,13,17,23,41.07,2,20445,NSDC,2,39,center96@skilldev.maharashtra.gov.in,+91-9520192757
TC_0097,Skill Development Center - Pune 9,Pune,Agriculture,Dairy Management,NGO,170,53,No,No,1,3,1,16,17,32.08,9,37665,No Certification,7,36,center97@skilldev.maharashtra.gov.in,+91-9870103969
TC_0098,Skill Development Center - Kolhapur 8,Kolhapur,Media,Photography,Industry Training Center,205,93,No,No,2,2,2,19,31,33.33,1,35767,NSDC,4,43,center98@skilldev.maharashtra.gov.in,+91-9322247664
TC_0099,Skill Development Center - Gadchiroli 6,Gadchiroli,Food Processing,Food Safety,Government ITI,254,252,No,Yes,10,11,5,20,3,1.19,6,49895,NSDC,3,60,center99@skilldev.maharashtra.gov.in,+91-9354438036
TC_0100,Skill Development Center - Sindhudurg 1,Sindhudurg,Construction,Electrical Installation,Industry Training Center,69,21,No,Yes,1,14,10,4,15,71.43,1,40638,Industry Certified,3,29,center100@skilldev.maharashtra.gov.in,+91-9160300719
TC_0101,Skill Development Center - Solapur 5,Solapur,Beauty & Wellness,Spa Therapy,Government ITI,192,191,No,No,14,7,6,7,19,9.95,12,47139,NSDC,5,48,center101@skilldev.maharashtra.gov.in,+91-9921818024
TC_0102,Skill Development Center - Bhiwandi 7,Bhiwandi,Tourism & Hospitality,Hotel Management,NSDC Partner,104,62,Yes,Yes,12,15,13,15,0,0.0,1,38870,No Certification,4,55,center102@skilldev.maharashtra.gov.in,+91-9112788946
TC_0103,Skill Development Center - Sindhudurg 8,Sindhudurg,Logistics,Packaging Technology,NSDC Partner,175,170,Yes,No,5,12,11,7,13,7.65,12,28779,Industry Certified,5,54,center103@skilldev.maharashtra.gov.in,+91-9508270441
TC_0104,Skill Development Center - Sindhudurg 6,Sindhudurg,Retail,Inventory Management,NGO,114,46,Yes,Yes,1,13,10,7,10,21.74,2,1425,No Certification,4,26,center104@skilldev.maharashtra.gov.in,+91-9191027266
TC_0105,Skill Development Center - Pune 8,Pune,Media,Social Media Management,Private Training Provider,207,190,Yes,No,2,11,11,10,21,11.05,12,1898,State Government,8,45,center105@skilldev.maharashtra.gov.in,+91-9716310270
TC_0106,Skill Development Center - Akola 9,Akola,Banking & Finance,Accounting,Government ITI,95,83,No,Yes,1,5,1,12,13,15.66,12,10563,State Government,6,21,center106@skilldev.maharashtra.gov.in,+91-9689713316
TC_0107,Skill Development Center - Nandurbar 8,Nandurbar,Healthcare,Patient Care,Private Training Provider,198,106,No,No,6,8,4,14,67,63.21,1,8352,State Government,0,21,center107@skilldev.maharashtra.gov.in,+91-9741541783
TC_0108,Skill Development Center - Ahmednagar 3,Ahmednagar,Logistics,Forklift Operation,Industry Training Center,62,20,Yes,Yes,3,4,2,1,15,75.0,2,34401,NSDC,1,41,center108@skilldev.maharashtra.gov.in,+91-9152226028
TC_0109,Skill Development Center - Jalgaon 5,Jalgaon,Healthcare,Pharmacy Assistant,Private Training Provider,241,178,No,Yes,3,2,1,2,113,63.48,12,17875,Industry Certified,2,59,center109@skilldev.maharashtra.gov.in,+91-9927284663
TC_0110,Skill Development Center - Thane 1,Thane,Agriculture,Organic Farming,NGO,285,232,Yes,Yes,14,3,2,17,7,3.02,9,24345,NSDC,1,45,center110@skilldev.maharashtra.gov.in,+91-9067875851
TC_0111,Skill Development Center - Satara 5,Satara,IT & Software,AI/ML Basics,Government ITI,92,47,No,Yes,2,3,1,17,29,61.7,3,3930,State Government,6,30,center111@skilldev.maharashtra.gov.in,+91-9861232387
TC_0112,Skill Development Center - Nagpur 1,Nagpur,Automotive,Denting,NGO,174,83,Yes,No,3,6,5,8,63,75.9,1,39342,NSDC,0,18,center112@skilldev.maharashtra.gov.in,+91-9397149619
TC_0113,Skill Development Center - Amravati 5,Amravati,Food Processing,Food Safety,Industry Training Center,230,206,Yes,No,10,14,7,3,10,4.85,9,22894,State Government,4,35,center113@skilldev.maharashtra.gov.in,+91-9776092216
TC_0114,Skill Development Center - Chandrapur 2,Chandrapur,Tourism & Hospitality,Food & Beverage Service,Private Training Provider,169,92,Yes,No,5,6,4,20,7,7.61,3,12006,State Government,10,13,center114@skilldev.maharashtra.gov.in,+91-9785964509
TC_0115,Skill Development Center - Nanded 1,Nanded,Telecommunications,Network Installation,NGO,267,97,No,Yes,11,13,7,7,48,49.48,3,2299,Industry Certified,8,22,center115@skilldev.maharashtra.gov.in,+91-9543307296
TC_0116,Skill Development Center - Nashik 6,Nashik,Retail,Cashier Operations,NSDC Partner,165,109,Yes,No,0,9,8,12,60,55.05,6,28403,State Government,7,5,center116@skilldev.maharashtra.gov.in,+91-9062651663
TC_0117,Skill Development Center - Raigad 5,Raigad,Retail,Retail Management,Private Training Provider,249,82,Yes,Yes,15,5,3,8,49,59.76,9,9433,NSDC,5,40,center117@skilldev.maharashtra.gov.in,+91-9890735649
TC_0118,Skill Development Center - Gondia 8,Gondia,IT & Software,Full Stack Development,NGO,148,58,No,Yes,1,15,9,11,15,25.86,3,46801,No Certification,5,21,center118@skilldev.maharashtra.gov.in,+91-9065251452
TC_0119,Skill Development Center - Washim 2,Washim,Food Processing,Cold Chain Management,NSDC Partner,126,76,Yes,No,8,8,3,13,25,32.89,2,27136,State Government,9,58,center119@skilldev.maharashtra.gov.in,+91-9369169647
TC_0120,Skill Development Center - Solapur 9,Solapur,Retail,Customer Service,Private Training Provider,98,64,No,Yes,10,7,2,19,47,73.44,9,10432,No Certification,7,31,center120@skilldev.maharashtra.gov.in,+91-9728013943
TC_0121,Skill Development Center - Gondia 6,Gondia,Healthcare,Pharmacy Assistant,NGO,208,167,Yes,No,0,2,1,7,26,15.57,1,15892,No Certification,8,29,center121@skilldev.maharashtra.gov.in,+91-9072476767
TC_0122,Skill Development Center - Bhandara 10,Bhandara,Beauty & Wellness,Fitness Training,Private Training Provider,196,119,Yes,Yes,14,9,3,11,70,58.82,3,3187,NSDC,9,42,center122@skilldev.maharashtra.gov.in,+91-9005740127
TC_0123,Skill Development Center - Sindhudurg 6,Sindhudurg,Construction,Bar Bending,Government ITI,199,128,No,No,12,2,2,1,53,41.41,9,37162,NSDC,2,53,center123@skilldev.maharashtra.gov.in,+91-9390169859
TC_0124,Skill Development Center - Osmanabad 9,Osmanabad,Construction,Painting,NGO,166,74,No,No,0,9,1,9,56,75.68,1,38109,NSDC,2,18,center124@skilldev.maharashtra.gov.in,+91-9882734925
TC_0125,Skill Development Center - Amravati 8,Amravati,Media,Video Editing,Industry Training Center,84,37,No,No,7,2,1,11,28,75.68,2,12759,NSDC,1,44,center125@skilldev.maharashtra.gov.in,+91-9634506443
TC_0126,Skill Development Center - Jalgaon 9,Jalgaon,Tourism & Hospitality,Hotel Management,Industry Training Center,122,93,Yes,No,11,13,13,11,5,5.38,2,13379,NSDC,3,50,center126@skilldev.maharashtra.gov.in,+91-9482972175
TC_0127,Skill Development Center - Bhiwandi 2,Bhiwandi,Textile,Quality Inspection,NSDC Partner,283,180,No,Yes,6,15,8,4,82,45.56,12,46378,NSDC,0,31,center127@skilldev.maharashtra.gov.in,+91-9275577494
TC_0128,Skill Development Center - Hingoli 3,Hingoli,Electronics,IoT Basics,Industry Training Center,187,93,Yes,Yes,4,2,1,4,40,43.01,2,26511,State Government,0,31,center128@skilldev.maharashtra.gov.in,+91-9707967969
TC_0129,Skill Development Center - Wardha 6,Wardha,Telecommunications,Field Service,Industry Training Center,130,125,No,Yes,13,11,8,5,47,37.6,1,1777,No Certification,9,30,center129@skilldev.maharashtra.gov.in,+91-9262735331
TC_0130,Skill Development Center - Wardha 8,Wardha,Tourism & Hospitality,Food & Beverage Service,NGO,116,109,Yes,Yes,3,12,6,4,14,12.84,1,41472,NSDC,7,33,center130@skilldev.maharashtra.gov.in,+91-9212558499
TC_0131,Skill Development Center - Aurangabad 8,Aurangabad,Electronics,PCB Design,Government ITI,282,242,Yes,Yes,13,8,2,16,104,42.98,3,33233,NSDC,8,51,center131@skilldev.maharashtra.gov.in,+91-9547688538
TC_0132,Skill Development Center - Chandrapur 1,Chandrapur,Beauty & Wellness,Spa Therapy,Industry Training Center,67,61,No,Yes,4,7,3,2,28,45.9,3,35444,Industry Certified,9,13,center132@skilldev.maharashtra.gov.in,+91-9654367335
TC_0133,Skill Development Center - Amravati 3,Amravati,Telecommunications,Field Service,Industry Training Center,118,42,Yes,No,8,6,2,9,3,7.14,2,33912,Industry Certified,5,38,center133@skilldev.maharashtra.gov.in,+91-9638191591
TC_0134,Skill Development Center - Aurangabad 8,Aurangabad,Manufacturing,Quality Control,Industry Training Center,77,54,No,No,12,13,11,8,20,37.04,6,38130,NSDC,3,54,center134@skilldev.maharashtra.gov.in,+91-9795157760
TC_0135,Skill Development Center - Hingoli 7,Hingoli,Healthcare,Medical Equipment Handling,NGO,101,50,Yes,Yes,14,13,4,18,25,50.0,3,18996,State Government,7,1,center135@skilldev.maharashtra.gov.in,+91-9113329155
TC_0136,Skill Development Center - Amravati 10,Amravati,Logistics,Transportation Management,NGO,95,95,No,Yes,4,6,5,15,52,54.74,1,40030,State Government,4,53,center136@skilldev.maharashtra.gov.in,+91-9574399515
TC_0137,Skill Development Center - Gadchiroli 1,Gadchiroli,Telecommunications,Customer Support,Government ITI,106,44,Yes,No,4,6,3,7,5,11.36,1,20580,No Certification,1,35,center137@skilldev.maharashtra.gov.in,+91-9149587602
TC_0138,Skill Development Center - Raigad 3,Raigad,Tourism & Hospitality,Tour Guide,Industry Training Center,79,67,Yes,No,8,8,7,14,22,32.84,6,23997,Industry Certified,0,19,center138@skilldev.maharashtra.gov.in,+91-9197160675
TC_0139,Skill Development Center - Aurangabad 8,Aurangabad,Manufacturing,Welding Technology,NSDC Partner,199,174,Yes,No,9,7,4,16,18,10.34,2,5157,State Government,4,39,center139@skilldev.maharashtra.gov.in,+91-9593003947
TC_0140,Skill Development Center - Washim 2,Washim,Media,Content Creation,NSDC Partner,140,102,Yes,Yes,7,3,3,20,10,9.8,2,38184,No Certification,8,59,center140@skilldev.maharashtra.gov.in,+91-9259567551
TC_0141,Skill Development Center - Thane 3,Thane,Construction,Painting,NGO,165,104,No,Yes,5,14,1,16,10,9.62,12,5030,State Government,5,2,center141@skilldev.maharashtra.gov.in,+91-9873492463
TC_0142,Skill Development Center - Ahmednagar 7,Ahmednagar,Automotive,Vehicle Painting,NGO,242,223,No,No,4,9,9,7,109,48.88,6,31542,Industry Certified,4,32,center142@skilldev.maharashtra.gov.in,+91-9201358846
TC_0143,Skill Development Center - Jalgaon 8,Jalgaon,Food Processing,Quality Testing,Government ITI,293,233,No,No,8,11,7,18,64,27.47,6,10310,No Certification,10,26,center143@skilldev.maharashtra.gov.in,+91-9045611251
TC_0144,Skill Development Center - Parbhani 9,Parbhani,Healthcare,Pharmacy Assistant,Government ITI,172,114,Yes,No,2,8,5,9,39,34.21,2,42349,State Government,9,25,center144@skilldev.maharashtra.gov.in,+91-9228908020
TC_0145,Skill Development Center - Akola 1,Akola,Textile,Quality Inspection,Government ITI,129,59,No,No,8,9,2,6,3,5.08,1,28900,State Government,1,25,center145@skilldev.maharashtra.gov.in,+91-9596545604
TC_0146,Skill Development Center - Nagpur 9,Nagpur,Manufacturing,Machine Operation,Private Training Provider,119,53,Yes,No,14,8,8,11,12,22.64,2,40895,State Government,9,7,center146@skilldev.maharashtra.gov.in,+91-9591612977
TC_0147,Skill Development Center - Bhandara 10,Bhandara,Tourism & Hospitality,Food & Beverage Service,Government ITI,142,106,No,Yes,9,10,3,9,53,50.0,3,44737,NSDC,1,56,center147@skilldev.maharashtra.gov.in,+91-9568000264
TC_0148,Skill Development Center - Nandurbar 4,Nandurbar,IT & Software,Software Testing,NSDC Partner,152,102,Yes,Yes,13,3,2,20,27,26.47,9,17386,No Certification,3,33,center148@skilldev.maharashtra.gov.in,+91-9078317235
TC_0149,Skill Development Center - Pune 8,Pune,Banking & Finance,Accounting,Government ITI,288,261,No,Yes,2,10,6,2,143,54.79,2,8970,No Certification,1,26,center149@skilldev.maharashtra.gov.in,+91-9266465992
TC_0150,Skill Development Center - Nanded 5,Nanded,Manufacturing,Fitter Training,Industry Training Center,123,114,No,Yes,3,9,6,6,39,34.21,1,45766,NSDC,1,30,center150@skilldev.maharashtra.gov.in,+91-9393097412
TC_0151,Skill Development Center - Osmanabad 10,Osmanabad,IT & Software,Cloud Computing,Private Training Provider,133,96,Yes,No,2,4,4,16,3,3.12,1,48000,Industry Certified,3,13,center151@skilldev.maharashtra.gov.in,+91-9943175340
TC_0152,Skill Development Center - Nandurbar 3,Nandurbar,Telecommunications,Field Service,NGO,111,108,Yes,Yes,4,15,4,17,86,79.63,1,48087,NSDC,10,36,center152@skilldev.maharashtra.gov.in,+91-9526475784
TC_0153,Skill Development Center - Jalna 8,Jalna,Manufacturing,CNC Operation,NSDC Partner,107,50,No,Yes,8,5,2,8,31,62.0,6,2718,State Government,5,25,center153@skilldev.maharashtra.gov.in,+91-9508838627
TC_0154,Skill Development Center - Kolhapur 3,Kolhapur,Textile,Fabric Design,NSDC Partner,259,200,Yes,Yes,5,8,5,16,38,19.0,9,16215,State Government,3,20,center154@skilldev.maharashtra.gov.in,+91-9801683893
TC_0155,Skill Development Center - Chandrapur 7,Chandrapur,Construction,Bar Bending,Government ITI,247,246,Yes,Yes,4,4,4,11,96,39.02,1,32695,Industry Certified,8,14,center155@skilldev.maharashtra.gov.in,+91-9327710870
TC_0156,Skill Development Center - Jalna 4,Jalna,Healthcare,Patient Care,Government ITI,209,191,Yes,Yes,4,6,6,5,71,37.17,1,11177,No Certification,3,23,center156@skilldev.maharashtra.gov.in,+91-9870329419
TC_0157,Skill Development Center - Gadchiroli 3,Gadchiroli,Agriculture,Dairy Management,NGO,228,198,Yes,Yes,0,14,10,8,150,75.76,6,17153,NSDC,0,53,center157@skilldev.maharashtra.gov.in,+91-9847040091
TC_0158,Skill Development Center - Akola 8,Akola,Electronics,Embedded Systems,Industry Training Center,186,149,Yes,No,11,7,3,20,39,26.17,3,17915,Industry Certified,2,51,center158@skilldev.maharashtra.gov.in,+91-9644736396
TC_0159,Skill Development Center - Gondia 3,Gondia,Electronics,Embedded Systems,Industry Training Center,193,105,Yes,Yes,6,14,5,18,27,25.71,2,31797,Industry Certified,5,45,center159@skilldev.maharashtra.gov.in,+91-9480383016
TC_0160,Skill Development Center - Ahmednagar 6,Ahmednagar,Telecommunications,Field Service,Government ITI,109,108,Yes,Yes,3,15,15,13,42,38.89,2,7461,State Government,6,17,center160@skilldev.maharashtra.gov.in,+91-9371886339
TC_0161,Skill Development Center - Raigad 6,Raigad,Banking & Finance,Financial Services,Industry Training Center,58,39,No,Yes,15,3,2,20,5,12.82,12,35383,State Government,3,51,center161@skilldev.maharashtra.gov.in,+91-9969553986
TC_0162,Skill Development Center - Ahmednagar 7,Ahmednagar,Electronics,PCB Design,Private Training Provider,247,235,No,No,0,3,1,11,141,60.0,3,7421,NSDC,3,47,center162@skilldev.maharashtra.gov.in,+91-9279579388
TC_0163,Skill Development Center - Aurangabad 8,Aurangabad,Healthcare,Pharmacy Assistant,Private Training Provider,260,247,Yes,Yes,4,4,1,3,116,46.96,2,35393,State Government,2,41,center163@skilldev.maharashtra.gov.in,+91-9461813544
TC_0164,Skill Development Center - Nagpur 7,Nagpur,Banking & Finance,Insurance,NGO,228,173,No,Yes,0,14,8,1,105,60.69,3,35647,No Certification,3,60,center164@skilldev.maharashtra.gov.in,+91-9638812548
TC_0165,Skill Development Center - Hingoli 7,Hingoli,Beauty & Wellness,Skin Care,NGO,292,112,Yes,No,2,3,1,5,79,70.54,9,20001,State Government,8,56,center165@skilldev.maharashtra.gov.in,+91-9204051403
TC_0166,Skill Development Center - Satara 10,Satara,IT & Software,Software Testing,Private Training Provider,87,85,No,No,6,4,4,20,37,43.53,9,48779,No Certification,3,56,center166@skilldev.maharashtra.gov.in,+91-9737932054
TC_0167,Skill Development Center - Kolhapur 2,Kolhapur,Manufacturing,Industrial Safety,Private Training Provider,235,73,No,No,6,5,2,8,38,52.05,12,25691,NSDC,1,43,center167@skilldev.maharashtra.gov.in,+91-9599243380
TC_0168,Skill Development Center - Raigad 2,Raigad,Banking & Finance,GST & Taxation,Government ITI,136,51,No,No,8,8,6,20,9,17.65,2,40752,No Certification,5,60,center168@skilldev.maharashtra.gov.in,+91-9638795261
TC_0169,Skill Development Center - Bhandara 10,Bhandara,Logistics,Transportation Management,Government ITI,63,51,Yes,Yes,9,9,1,7,11,21.57,2,27276,NSDC,0,53,center169@skilldev.maharashtra.gov.in,+91-9567195189
TC_0170,Skill Development Center - Hingoli 10,Hingoli,Food Processing,Packaging Technology,Government ITI,101,64,No,Yes,3,15,1,12,13,20.31,9,33931,State Government,1,49,center170@skilldev.maharashtra.gov.in,+91-9172850012
TC_0171,Skill Development Center - Mumbai 3,Mumbai,Food Processing,Quality Testing,NGO,274,119,Yes,No,3,8,1,3,2,1.68,12,40730,No Certification,2,48,center171@skilldev.maharashtra.gov.in,+91-9902864330
TC_0172,Skill Development Center - Dhule 3,Dhule,Construction,Masonry,Government ITI,60,24,No,Yes,0,8,1,20,15,62.5,9,19823,No Certification,10,2,center172@skilldev.maharashtra.gov.in,+91-9302266818
TC_0173,Skill Development Center - Sangli 8,Sangli,Manufacturing,Quality Control,Industry Training Center,263,250,No,No,7,3,1,2,154,61.6,3,21893,State Government,1,39,center173@skilldev.maharashtra.gov.in,+91-9780920815
TC_0174,Skill Development Center - Jalna 4,Jalna,Logistics,Supply Chain Basics,Industry Training Center,133,69,Yes,No,2,6,4,6,41,59.42,12,22680,NSDC,7,25,center174@skilldev.maharashtra.gov.in,+91-9871009991
TC_0175,Skill Development Center - Sangli 3,Sangli,Automotive,Four Wheeler Mechanic,Industry Training Center,282,179,Yes,No,9,15,15,9,131,73.18,2,5450,No Certification,10,19,center175@skilldev.maharashtra.gov.in,+91-9802097852
TC_0176,Skill Development Center - Dhule 2,Dhule,Media,Video Editing,Industry Training Center,70,48,No,No,7,13,1,16,12,25.0,6,10658,State Government,10,21,center176@skilldev.maharashtra.gov.in,+91-9516522961
TC_0177,Skill Development Center - Osmanabad 4,Osmanabad,Textile,Machine Operation,Industry Training Center,103,45,No,Yes,3,15,4,17,35,77.78,9,6676,NSDC,2,37,center177@skilldev.maharashtra.gov.in,+91-9344989027
TC_0178,Skill Development Center - Washim 4,Washim,Logistics,Supply Chain Basics,Private Training Provider,223,152,No,Yes,6,6,2,5,29,19.08,3,49908,State Government,2,27,center178@skilldev.maharashtra.gov.in,+91-9324381648
TC_0179,Skill Development Center - Nashik 5,Nashik,IT & Software,Full Stack Development,NSDC Partner,293,291,Yes,Yes,0,7,4,13,200,68.73,3,49474,No Certification,7,27,center179@skilldev.maharashtra.gov.in,+91-9013490058
TC_0180,Skill Development Center - Ratnagiri 6,Ratnagiri,Retail,Customer Service,Government ITI,174,85,Yes,No,5,3,1,18,39,45.88,2,40447,State Government,9,2,center180@skilldev.maharashtra.gov.in,+91-9267287782
TC_0181,Skill Development Center - Solapur 7,Solapur,Media,Graphic Design,NSDC Partner,149,99,Yes,Yes,12,12,12,18,60,60.61,3,48684,Industry Certified,1,41,center181@skilldev.maharashtra.gov.in,+91-9672784884
TC_0182,Skill Development Center - Solapur 7,Solapur,Beauty & Wellness,Spa Therapy,Government ITI,87,43,No,No,10,14,12,19,29,67.44,6,27903,Industry Certified,6,37,center182@skilldev.maharashtra.gov.in,+91-9169224437
TC_0183,Skill Development Center - Wardha 1,Wardha,Agriculture,Food Processing,Private Training Provider,190,97,No,No,9,8,5,18,23,23.71,3,46788,Industry Certified,5,30,center183@skilldev.maharashtra.gov.in,+91-9406997920
TC_0184,Skill Development Center - Chandrapur 8,Chandrapur,Food Processing,Quality Testing,NGO,93,32,Yes,Yes,6,9,7,17,7,21.88,3,10435,NSDC,3,32,center184@skilldev.maharashtra.gov.in,+91-9138594111
TC_0185,Skill Development Center - Parbhani 5,Parbhani,Construction,Masonry,Industry Training Center,241,165,Yes,No,5,3,3,16,15,9.09,3,31147,State Government,6,51,center185@skilldev.maharashtra.gov.in,+91-9531464844
TC_0186,Skill Development Center - Gondia 1,Gondia,Automotive,Two Wheeler Mechanic,Private Training Provider,234,82,Yes,Yes,8,5,2,2,62,75.61,6,36998,NSDC,0,41,center186@skilldev.maharashtra.gov.in,+91-9098856424
TC_0187,Skill Development Center - Kolhapur 4,Kolhapur,Healthcare,Nursing Assistant,Private Training Provider,113,97,No,Yes,10,7,3,1,54,55.67,2,31819,NSDC,8,8,center187@skilldev.maharashtra.gov.in,+91-9054538843
TC_0188,Skill Development Center - Raigad 10,Raigad,Automotive,Two Wheeler Mechanic,NGO,143,78,No,Yes,13,8,8,13,17,21.79,12,28371,State Government,10,40,center188@skilldev.maharashtra.gov.in,+91-9854125907
TC_0189,Skill Development Center - Nagpur 2,Nagpur,Media,Content Creation,Industry Training Center,139,51,Yes,No,10,15,14,9,30,58.82,2,31619,NSDC,4,11,center189@skilldev.maharashtra.gov.in,+91-9842699062
TC_0190,Skill Development Center - Nashik 6,Nashik,Food Processing,Food Safety,Private Training Provider,110,104,No,No,15,14,1,1,0,0.0,9,34715,Industry Certified,4,59,center190@skilldev.maharashtra.gov.in,+91-9371393486
TC_0191,Skill Development Center - Thane 4,Thane,Media,Graphic Design,NSDC Partner,210,184,No,Yes,6,10,2,6,49,26.63,3,19470,State Government,10,14,center191@skilldev.maharashtra.gov.in,+91-9461888233
TC_0192,Skill Development Center - Nagpur 1,Nagpur,Banking & Finance,Accounting,Private Training Provider,176,104,Yes,Yes,1,12,8,2,57,54.81,2,30790,State Government,6,27,center192@skilldev.maharashtra.gov.in,+91-9888303869
TC_0193,Skill Development Center - Nagpur 7,Nagpur,Electronics,Mobile Repair,NGO,214,177,No,Yes,14,13,10,1,68,38.42,6,42204,No Certification,0,3,center193@skilldev.maharashtra.gov.in,+91-9361468684
TC_0194,Skill Development Center - Beed 10,Beed,Electronics,Mobile Repair,NGO,121,109,Yes,No,8,11,10,3,83,76.15,12,25477,NSDC,5,40,center194@skilldev.maharashtra.gov.in,+91-9046865892
TC_0195,Skill Development Center - Akola 9,Akola,Beauty & Wellness,Fitness Training,Private Training Provider,156,129,Yes,Yes,10,7,3,15,38,29.46,1,40630,Industry Certified,5,41,center195@skilldev.maharashtra.gov.in,+91-9910882416
TC_0196,Skill Development Center - Nagpur 7,Nagpur,Manufacturing,Machine Operation,Government ITI,109,85,Yes,No,0,11,11,3,48,56.47,1,27265,State Government,1,16,center196@skilldev.maharashtra.gov.in,+91-9997441341
TC_0197,Skill Development Center - Latur 4,Latur,Electronics,Embedded Systems,NSDC Partner,132,61,Yes,No,7,5,2,13,16,26.23,3,17489,Industry Certified,8,7,center197@skilldev.maharashtra.gov.in,+91-9435112651
TC_0198,Skill Development Center - Nanded 2,Nanded,Textile,Quality Inspection,NSDC Partner,274,122,No,Yes,10,11,2,12,52,42.62,6,19769,NSDC,10,32,center198@skilldev.maharashtra.gov.in,+91-9741975185
TC_0199,Skill Development Center - Parbhani 10,Parbhani,Retail,Inventory Management,Government ITI,158,49,Yes,Yes,11,9,1,13,1,2.04,2,45618,State Government,2,17,center199@skilldev.maharashtra.gov.in,+91-9980238945
TC_0200,Skill Development Center - Washim 8,Washim,Healthcare,Nursing Assistant,Government ITI,154,108,No,No,10,2,1,1,23,21.3,1,44526,No Certification,9,29,center200@skilldev.maharashtra.gov.in,+91-9985962893
TC_0201,Skill Development Center - Sindhudurg 1,Sindhudurg,Food Processing,Processing Operations,NSDC Partner,226,209,No,Yes,2,8,6,13,17,8.13,2,20342,No Certification,6,9,center201@skilldev.maharashtra.gov.in,+91-9356738591
TC_0202,Skill Development Center - Sindhudurg 3,Sindhudurg,Agriculture,Organic Farming,NSDC Partner,67,47,Yes,Yes,5,8,2,9,11,23.4,2,34463,Industry Certified,7,19,center202@skilldev.maharashtra.gov.in,+91-9412885098
TC_0203,Skill Development Center - Gadchiroli 4,Gadchiroli,Agriculture,Organic Farming,Industry Training Center,295,223,Yes,No,0,12,5,9,96,43.05,2,22061,NSDC,0,48,center203@skilldev.maharashtra.gov.in,+91-9684918220
TC_0204,Skill Development Center - Kolhapur 10,Kolhapur,Beauty & Wellness,Makeup Artistry,Government ITI,164,62,No,Yes,3,4,1,6,39,62.9,1,22717,Industry Certified,1,38,center204@skilldev.maharashtra.gov.in,+91-9210438123
TC_0205,Skill Development Center - Ratnagiri 4,Ratnagiri,Construction,Electrical Installation,Government ITI,248,130,No,No,13,2,2,17,8,6.15,12,33478,State Government,9,22,center205@skilldev.maharashtra.gov.in,+91-9960511969
TC_0206,Skill Development Center - Kolhapur 4,Kolhapur,Retail,Cashier Operations,NGO,294,175,Yes,Yes,5,11,4,4,16,9.14,3,12137,State Government,1,6,center206@skilldev.maharashtra.gov.in,+91-9389214809
TC_0207,Skill Development Center - Nanded 8,Nanded,Telecommunications,Field Service,Government ITI,115,113,Yes,Yes,5,2,2,2,40,35.4,2,38177,Industry Certified,4,16,center207@skilldev.maharashtra.gov.in,+91-9813274240
TC_0208,Skill Development Center - Jalgaon 2,Jalgaon,Textile,Fabric Design,Private Training Provider,263,230,Yes,No,8,5,1,1,112,48.7,3,37480,NSDC,4,34,center208@skilldev.maharashtra.gov.in,+91-9484430074
TC_0209,Skill Development Center - Sindhudurg 8,Sindhudurg,Textile,Textile Processing,Private Training Provider,51,15,Yes,Yes,3,10,9,16,0,0.0,6,41747,State Government,2,49,center209@skilldev.maharashtra.gov.in,+91-9612833213
TC_0210,Skill Development Center - Sangli 2,Sangli,Textile,Garment Making,Government ITI,146,65,Yes,Yes,13,10,1,15,15,23.08,2,33984,NSDC,9,30,center210@skilldev.maharashtra.gov.in,+91-9948152066
TC_0211,Skill Development Center - Osmanabad 8,Osmanabad,Manufacturing,Machine Operation,Private Training Provider,68,52,Yes,No,13,7,6,2,21,40.38,6,23702,Industry Certified,3,18,center211@skilldev.maharashtra.gov.in,+91-9962524911
TC_0212,Skill Development Center - Pune 7,Pune,Manufacturing,Welding Technology,Industry Training Center,71,47,Yes,No,4,14,8,15,20,42.55,2,44250,Industry Certified,4,57,center212@skilldev.maharashtra.gov.in,+91-9225531943
TC_0213,Skill Development Center - Aurangabad 2,Aurangabad,Media,Video Editing,NGO,154,121,Yes,No,5,12,2,17,47,38.84,9,11813,State Government,0,60,center213@skilldev.maharashtra.gov.in,+91-9026760087
TC_0214,Skill Development Center - Bhiwandi 3,Bhiwandi,Textile,Machine Operation,Private Training Provider,281,232,No,No,14,8,2,14,105,45.26,1,7634,Industry Certified,7,3,center214@skilldev.maharashtra.gov.in,+91-9801104890
TC_0215,Skill Development Center - Thane 10,Thane,Healthcare,Medical Lab Technology,Private Training Provider,65,49,Yes,No,13,8,6,12,30,61.22,1,39873,Industry Certified,5,31,center215@skilldev.maharashtra.gov.in,+91-9177307560
TC_0216,Skill Development Center - Nagpur 2,Nagpur,Automotive,Auto Electrician,Private Training Provider,189,163,No,Yes,14,8,8,8,122,74.85,2,31788,State Government,5,54,center216@skilldev.maharashtra.gov.in,+91-9632847241
TC_0217,Skill Development Center - Pune 6,Pune,Banking & Finance,Accounting,NGO,227,124,Yes,Yes,3,13,6,3,84,67.74,1,1987,NSDC,2,40,center217@skilldev.maharashtra.gov.in,+91-9925009065
TC_0218,Skill Development Center - Nandurbar 5,Nandurbar,Construction,Bar Bending,NGO,287,196,Yes,Yes,2,3,1,7,83,42.35,9,1720,No Certification,7,56,center218@skilldev.maharashtra.gov.in,+91-9738493461
TC_0219,Skill Development Center - Aurangabad 2,Aurangabad,Manufacturing,Quality Control,Private Training Provider,64,62,No,No,7,10,8,20,23,37.1,9,24681,State Government,8,43,center219@skilldev.maharashtra.gov.in,+91-9324863134
TC_0220,Skill Development Center - Satara 5,Satara,Electronics,PCB Design,Industry Training Center,189,85,No,No,5,15,4,2,1,1.18,2,29078,State Government,6,13,center220@skilldev.maharashtra.gov.in,+91-9499882400
TC_0221,Skill Development Center - Yavatmal 9,Yavatmal,Telecommunications,Tower Technician,Government ITI,134,48,Yes,No,15,10,4,7,27,56.25,9,12129,No Certification,1,19,center221@skilldev.maharashtra.gov.in,+91-9743826162
TC_0222,Skill Development Center - Nanded 6,Nanded,Banking & Finance,GST & Taxation,NSDC Partner,164,93,Yes,Yes,1,2,1,14,54,58.06,9,39916,No Certification,4,55,center222@skilldev.maharashtra.gov.in,+91-9196138761
TC_0223,Skill Development Center - Bhandara 2,Bhandara,Tourism & Hospitality,Housekeeping,NSDC Partner,183,70,Yes,No,11,4,1,13,22,31.43,2,39910,No Certification,9,17,center223@skilldev.maharashtra.gov.in,+91-9295915684
TC_0224,Skill Development Center - Washim 2,Washim,Textile,Garment Making,NSDC Partner,191,162,No,No,5,9,3,12,65,40.12,3,11090,State Government,2,18,center224@skilldev.maharashtra.gov.in,+91-9031361984
TC_0225,Skill Development Center - Kolhapur 9,Kolhapur,Automotive,Two Wheeler Mechanic,NGO,281,268,Yes,Yes,5,13,10,10,49,18.28,9,28836,NSDC,5,3,center225@skilldev.maharashtra.gov.in,+91-9114950010
TC_0226,Skill Development Center - Thane 10,Thane,Logistics,Supply Chain Basics,NSDC Partner,79,42,Yes,Yes,1,11,5,2,7,16.67,6,31644,Industry Certified,9,41,center226@skilldev.maharashtra.gov.in,+91-9974295149
TC_0227,Skill Development Center - Solapur 4,Solapur,Construction,Painting,Private Training Provider,125,109,No,Yes,3,2,2,15,3,2.75,12,11608,Industry Certified,9,5,center227@skilldev.maharashtra.gov.in,+91-9078668500
TC_0228,Skill Development Center - Sindhudurg 8,Sindhudurg,Electronics,PCB Design,NGO,246,188,No,No,4,11,8,9,99,52.66,6,39767,State Government,0,45,center228@skilldev.maharashtra.gov.in,+91-9956518907
TC_0229,Skill Development Center - Gondia 8,Gondia,Logistics,Warehouse Management,NGO,94,37,Yes,No,0,13,13,2,12,32.43,12,33618,Industry Certified,6,19,center229@skilldev.maharashtra.gov.in,+91-9190806301
TC_0230,Skill Development Center - Gadchiroli 6,Gadchiroli,Electronics,PCB Design,Industry Training Center,288,185,Yes,No,14,5,1,3,21,11.35,2,23973,Industry Certified,9,12,center230@skilldev.maharashtra.gov.in,+91-9336623328
TC_0231,Skill Development Center - Raigad 6,Raigad,Telecommunications,Network Installation,Industry Training Center,253,149,No,Yes,3,5,2,18,14,9.4,12,24480,No Certification,1,13,center231@skilldev.maharashtra.gov.in,+91-9450910864
TC_0232,Skill Development Center - Hingoli 4,Hingoli,Construction,Carpentry,Private Training Provider,209,70,No,No,0,15,9,10,24,34.29,12,44001,No Certification,4,3,center232@skilldev.maharashtra.gov.in,+91-9504862064
TC_0233,Skill Development Center - Kolhapur 1,Kolhapur,Food Processing,Cold Chain Management,Government ITI,181,176,No,Yes,15,11,1,18,65,36.93,9,5328,Industry Certified,2,32,center233@skilldev.maharashtra.gov.in,+91-9484969565
TC_0234,Skill Development Center - Solapur 3,Solapur,Healthcare,Nursing Assistant,Industry Training Center,132,128,Yes,No,6,14,7,3,30,23.44,2,2327,Industry Certified,0,52,center234@skilldev.maharashtra.gov.in,+91-9934713692
TC_0235,Skill Development Center - Ratnagiri 3,Ratnagiri,Electronics,Consumer Electronics Repair,Private Training Provider,149,66,Yes,No,2,14,2,3,13,19.7,1,31119,State Government,6,25,center235@skilldev.maharashtra.gov.in,+91-9096698236
TC_0236,Skill Development Center - Ratnagiri 10,Ratnagiri,Beauty & Wellness,Hair Styling,Industry Training Center,200,170,No,Yes,12,4,4,13,125,73.53,1,49656,Industry Certified,1,28,center236@skilldev.maharashtra.gov.in,+91-9853633893
TC_0237,Skill Development Center - Akola 10,Akola,Media,Content Creation,Industry Training Center,60,21,No,Yes,5,3,1,15,2,9.52,12,47612,State Government,1,52,center237@skilldev.maharashtra.gov.in,+91-9380445521
TC_0238,Skill Development Center - Amravati 10,Amravati,Beauty & Wellness,Hair Styling,Industry Training Center,243,111,No,Yes,3,14,7,16,26,23.42,3,37188,State Government,8,54,center238@skilldev.maharashtra.gov.in,+91-9278003536
TC_0239,Skill Development Center - Sangli 9,Sangli,Media,Social Media Management,Industry Training Center,238,94,No,No,0,7,3,18,44,46.81,12,7401,State Government,0,27,center239@skilldev.maharashtra.gov.in,+91-9113677045
TC_0240,Skill Development Center - Kolhapur 8,Kolhapur,Banking & Finance,Insurance,Private Training Provider,170,52,Yes,No,8,11,11,17,29,55.77,6,6634,Industry Certified,8,42,center240@skilldev.maharashtra.gov.in,+91-9921626960
TC_0241,Skill Development Center - Kolhapur 2,Kolhapur,Telecommunications,Field Service,Private Training Provider,225,158,Yes,Yes,2,11,8,19,27,17.09,6,32865,No Certification,4,11,center241@skilldev.maharashtra.gov.in,+91-9126254945
TC_0242,Skill Development Center - Satara 3,Satara,Healthcare,Medical Lab Technology,Industry Training Center,67,20,Yes,Yes,4,9,8,11,12,60.0,12,23029,State Government,9,37,center242@skilldev.maharashtra.gov.in,+91-9855933351
TC_0243,Skill Development Center - Dhule 8,Dhule,Telecommunications,Customer Support,Private Training Provider,290,127,No,No,5,8,7,15,56,44.09,2,1817,NSDC,4,60,center243@skilldev.maharashtra.gov.in,+91-9142766335
TC_0244,Skill Development Center - Latur 8,Latur,Tourism & Hospitality,Tour Guide,NGO,222,134,Yes,No,1,9,2,13,18,13.43,12,31802,No Certification,6,17,center244@skilldev.maharashtra.gov.in,+91-9516283719
TC_0245,Skill Development Center - Nandurbar 7,Nandurbar,Food Processing,Cold Chain Management,Government ITI,214,144,No,No,3,5,1,1,51,35.42,6,25779,NSDC,2,40,center245@skilldev.maharashtra.gov.in,+91-9753485417
TC_0246,Skill Development Center - Gadchiroli 5,Gadchiroli,Logistics,Packaging Technology,NSDC Partner,80,36,No,No,0,11,10,2,2,5.56,12,17071,NSDC,6,36,center246@skilldev.maharashtra.gov.in,+91-9077017881
TC_0247,Skill Development Center - Thane 10,Thane,Media,Content Creation,NSDC Partner,225,67,Yes,No,6,12,3,14,10,14.93,2,31118,Industry Certified,0,22,center247@skilldev.maharashtra.gov.in,+91-9792638040
TC_0248,Skill Development Center - Bhiwandi 3,Bhiwandi,Automotive,Four Wheeler Mechanic,Industry Training Center,52,25,No,No,12,13,3,10,1,4.0,6,45105,State Government,7,53,center248@skilldev.maharashtra.gov.in,+91-9360624544
TC_0249,Skill Development Center - Parbhani 8,Parbhani,Agriculture,Food Processing,Government ITI,254,112,Yes,Yes,15,12,2,2,42,37.5,6,20037,NSDC,0,27,center249@skilldev.maharashtra.gov.in,+91-9483378843
TC_0250,Skill Development Center - Nanded 9,Nanded,Retail,Sales Techniques,Industry Training Center,176,130,No,Yes,9,13,1,18,63,48.46,12,17905,NSDC,5,49,center250@skilldev.maharashtra.gov.in,+91-9916258216
TC_0251,Skill Development Center - Osmanabad 6,Osmanabad,IT & Software,Cybersecurity,Industry Training Center,298,195,No,No,12,12,4,19,46,23.59,1,19934,NSDC,9,26,center251@skilldev.maharashtra.gov.in,+91-9333480814
TC_0252,Skill Development Center - Jalgaon 5,Jalgaon,Textile,Garment Making,Private Training Provider,152,91,No,No,2,11,2,14,6,6.59,1,41980,State Government,2,10,center252@skilldev.maharashtra.gov.in,+91-9458505465
TC_0253,Skill Development Center - Beed 10,Beed,Media,Social Media Management,NGO,90,80,No,Yes,9,5,3,4,59,73.75,9,43075,NSDC,4,34,center253@skilldev.maharashtra.gov.in,+91-9727273828
TC_0254,Skill Development Center - Nagpur 9,Nagpur,Banking & Finance,GST & Taxation,Industry Training Center,76,41,No,Yes,3,13,2,19,14,34.15,12,24999,No Certification,5,31,center254@skilldev.maharashtra.gov.in,+91-9295561932
TC_0255,Skill Development Center - Aurangabad 9,Aurangabad,Construction,Carpentry,Industry Training Center,159,109,Yes,No,8,6,4,3,68,62.39,6,37011,Industry Certified,10,5,center255@skilldev.maharashtra.gov.in,+91-9244242673
TC_0256,Skill Development Center - Thane 9,Thane,Textile,Garment Making,Government ITI,179,170,No,Yes,7,7,6,11,123,72.35,1,18460,State Government,7,3,center256@skilldev.maharashtra.gov.in,+91-9629949685
TC_0257,Skill Development Center - Dhule 2,Dhule,Healthcare,Medical Equipment Handling,Private Training Provider,287,266,Yes,Yes,10,14,11,19,208,78.2,3,15018,Industry Certified,3,41,center257@skilldev.maharashtra.gov.in,+91-9144662484
TC_0258,Skill Development Center - Bhiwandi 7,Bhiwandi,Retail,Customer Service,Industry Training Center,153,134,Yes,Yes,13,10,6,13,52,38.81,1,49312,NSDC,2,33,center258@skilldev.maharashtra.gov.in,+91-9588457035
TC_0259,Skill Development Center - Beed 2,Beed,Food Processing,Food Safety,Government ITI,233,99,Yes,Yes,2,7,1,5,48,48.48,1,21972,Industry Certified,4,47,center259@skilldev.maharashtra.gov.in,+91-9162436696
TC_0260,Skill Development Center - Gondia 5,Gondia,Beauty & Wellness,Hair Styling,Government ITI,278,96,No,No,4,15,9,18,60,62.5,6,19020,No Certification,8,33,center260@skilldev.maharashtra.gov.in,+91-9022968306
TC_0261,Skill Development Center - Pune 6,Pune,Textile,Machine Operation,Private Training Provider,147,47,No,Yes,11,15,5,13,17,36.17,1,13234,No Certification,2,53,center261@skilldev.maharashtra.gov.in,+91-9822814877
TC_0262,Skill Development Center - Solapur 3,Solapur,Retail,Customer Service,Private Training Provider,69,39,No,No,7,8,7,17,2,5.13,2,39867,Industry Certified,5,18,center262@skilldev.maharashtra.gov.in,+91-9988776253
TC_0263,Skill Development Center - Beed 3,Beed,Beauty & Wellness,Skin Care,Industry Training Center,138,138,No,Yes,1,7,4,5,67,48.55,12,18984,Industry Certified,3,57,center263@skilldev.maharashtra.gov.in,+91-9839300243
TC_0264,Skill Development Center - Sangli 9,Sangli,Manufacturing,Industrial Safety,Government ITI,230,92,No,Yes,13,4,2,19,41,44.57,12,49043,No Certification,1,13,center264@skilldev.maharashtra.gov.in,+91-9410293543
TC_0265,Skill Development Center - Aurangabad 1,Aurangabad,Tourism & Hospitality,Hotel Management,Government ITI,102,93,No,Yes,3,14,3,1,53,56.99,9,33592,No Certification,0,4,center265@skilldev.maharashtra.gov.in,+91-9744752598
TC_0266,Skill Development Center - Gadchiroli 8,Gadchiroli,Beauty & Wellness,Skin Care,Government ITI,142,88,No,No,4,13,4,19,36,40.91,6,27265,Industry Certified,6,55,center266@skilldev.maharashtra.gov.in,+91-9755857183
TC_0267,Skill Development Center - Nashik 8,Nashik,Food Processing,Quality Testing,NGO,253,170,Yes,No,3,11,9,1,80,47.06,9,40567,NSDC,5,25,center267@skilldev.maharashtra.gov.in,+91-9018996624
TC_0268,Skill Development Center - Dhule 7,Dhule,Logistics,Transportation Management,Private Training Provider,236,157,Yes,Yes,7,3,2,8,3,1.91,9,30679,NSDC,3,15,center268@skilldev.maharashtra.gov.in,+91-9000834502
TC_0269,Skill Development Center - Jalgaon 8,Jalgaon,Textile,Quality Inspection,Industry Training Center,157,132,No,No,0,8,5,3,7,5.3,9,3503,NSDC,0,31,center269@skilldev.maharashtra.gov.in,+91-9704119432
TC_0270,Skill Development Center - Sangli 3,Sangli,Media,Social Media Management,Private Training Provider,122,103,No,No,3,7,7,15,4,3.88,2,16923,State Government,4,51,center270@skilldev.maharashtra.gov.in,+91-9615688685
TC_0271,Skill Development Center - Aurangabad 1,Aurangabad,Beauty & Wellness,Hair Styling,Government ITI,109,75,No,Yes,10,10,4,8,59,78.67,12,20188,Industry Certified,3,41,center271@skilldev.maharashtra.gov.in,+91-9523735114
TC_0272,Skill Development Center - Bhiwandi 1,Bhiwandi,Telecommunications,Network Installation,Industry Training Center,103,81,No,Yes,5,10,7,7,48,59.26,9,42746,State Government,4,44,center272@skilldev.maharashtra.gov.in,+91-9085889176
TC_0273,Skill Development Center - Nashik 6,Nashik,Agriculture,Dairy Management,Industry Training Center,118,47,No,No,1,8,5,7,14,29.79,1,22627,Industry Certified,0,49,center273@skilldev.maharashtra.gov.in,+91-9777664703
TC_0274,Skill Development Center - Ratnagiri 2,Ratnagiri,Media,Content Creation,NSDC Partner,180,72,No,Yes,14,4,3,14,48,66.67,2,40935,State Government,0,4,center274@skilldev.maharashtra.gov.in,+91-9624147446
TC_0275,Skill Development Center - Sangli 2,Sangli,Logistics,Forklift Operation,Government ITI,171,111,Yes,No,11,13,4,14,62,55.86,2,7382,No Certification,4,11,center275@skilldev.maharashtra.gov.in,+91-9843516238
TC_0276,Skill Development Center - Nashik 3,Nashik,Retail,Sales Techniques,Government ITI,246,221,Yes,No,7,8,1,19,150,67.87,6,2584,No Certification,3,56,center276@skilldev.maharashtra.gov.in,+91-9662390944
TC_0277,Skill Development Center - Osmanabad 4,Osmanabad,Agriculture,Organic Farming,Government ITI,56,31,No,No,6,7,5,10,3,9.68,2,14760,NSDC,10,51,center277@skilldev.maharashtra.gov.in,+91-9507188488
TC_0278,Skill Development Center - Yavatmal 5,Yavatmal,Banking & Finance,Financial Services,NSDC Partner,113,92,No,Yes,12,6,2,5,46,50.0,6,13657,Industry Certified,1,28,center278@skilldev.maharashtra.gov.in,+91-9030656381
TC_0279,Skill Development Center - Latur 2,Latur,Retail,Customer Service,NGO,70,40,No,Yes,6,10,2,10,21,52.5,3,3716,State Government,2,31,center279@skilldev.maharashtra.gov.in,+91-9767234679
TC_0280,Skill Development Center - Jalna 5,Jalna,Retail,Sales Techniques,Industry Training Center,114,57,Yes,No,11,11,3,5,31,54.39,1,40875,State Government,10,1,center280@skilldev.maharashtra.gov.in,+91-9504989309
TC_0281,Skill Development Center - Nanded 2,Nanded,Textile,Garment Making,NSDC Partner,222,198,No,Yes,15,10,4,5,129,65.15,3,21176,State Government,8,8,center281@skilldev.maharashtra.gov.in,+91-9813581180
TC_0282,Skill Development Center - Jalgaon 7,Jalgaon,Retail,Inventory Management,Government ITI,269,148,Yes,Yes,7,13,7,18,93,62.84,6,2745,NSDC,7,10,center282@skilldev.maharashtra.gov.in,+91-9081774417
TC_0283,Skill Development Center - Osmanabad 5,Osmanabad,Healthcare,Medical Equipment Handling,Industry Training Center,296,281,No,No,1,2,1,11,64,22.78,12,16375,NSDC,10,11,center283@skilldev.maharashtra.gov.in,+91-9136413494
TC_0284,Skill Development Center - Jalgaon 10,Jalgaon,Media,Content Creation,Private Training Provider,106,50,No,Yes,9,12,5,12,2,4.0,2,33007,State Government,4,31,center284@skilldev.maharashtra.gov.in,+91-9455710740
TC_0285,Skill Development Center - Jalna 4,Jalna,Tourism & Hospitality,Tour Guide,Private Training Provider,267,161,Yes,No,15,12,5,6,40,24.84,12,26950,No Certification,1,25,center285@skilldev.maharashtra.gov.in,+91-9309108003
TC_0286,Skill Development Center - Parbhani 2,Parbhani,Electronics,PCB Design,NSDC Partner,141,78,No,Yes,12,2,2,11,14,17.95,9,23806,Industry Certified,5,35,center286@skilldev.maharashtra.gov.in,+91-9537052383
TC_0287,Skill Development Center - Beed 10,Beed,Retail,Cashier Operations,Government ITI,106,65,No,No,8,6,6,20,36,55.38,3,36363,Industry Certified,3,46,center287@skilldev.maharashtra.gov.in,+91-9652477364
TC_0288,Skill Development Center - Solapur 4,Solapur,Retail,Retail Management,Government ITI,256,212,Yes,Yes,2,4,1,14,25,11.79,12,29651,No Certification,2,23,center288@skilldev.maharashtra.gov.in,+91-9098230876
TC_0289,Skill Development Center - Gondia 1,Gondia,Automotive,Two Wheeler Mechanic,Private Training Provider,253,238,Yes,Yes,3,4,4,11,36,15.13,12,32807,NSDC,0,4,center289@skilldev.maharashtra.gov.in,+91-9969466528
TC_0290,Skill Development Center - Washim 9,Washim,Food Processing,Cold Chain Management,NGO,219,202,No,Yes,0,7,3,17,74,36.63,1,17955,State Government,8,57,center290@skilldev.maharashtra.gov.in,+91-9056987250
TC_0291,Skill Development Center - Thane 7,Thane,Banking & Finance,Financial Services,NSDC Partner,182,73,No,Yes,7,8,3,5,56,76.71,2,15787,State Government,6,18,center291@skilldev.maharashtra.gov.in,+91-9830792968
TC_0292,Skill Development Center - Wardha 10,Wardha,Agriculture,Poultry Farming,NSDC Partner,160,94,Yes,Yes,11,6,5,18,67,71.28,3,3369,No Certification,3,10,center292@skilldev.maharashtra.gov.in,+91-9395369312
TC_0293,Skill Development Center - Gondia 3,Gondia,Healthcare,Patient Care,NGO,224,81,No,No,5,8,3,12,23,28.4,2,8476,NSDC,9,40,center293@skilldev.maharashtra.gov.in,+91-9698870997
TC_0294,Skill Development Center - Ratnagiri 8,Ratnagiri,Media,Photography,Private Training Provider,137,45,No,Yes,2,4,1,1,35,77.78,3,2997,No Certification,5,60,center294@skilldev.maharashtra.gov.in,+91-9974579490
TC_0295,Skill Development Center - Nandurbar 3,Nandurbar,Construction,Carpentry,Industry Training Center,82,67,No,No,7,3,2,17,21,31.34,9,30848,No Certification,3,18,center295@skilldev.maharashtra.gov.in,+91-9057032161
TC_0296,Skill Development Center - Yavatmal 7,Yavatmal,Electronics,IoT Basics,Industry Training Center,227,171,No,No,0,12,4,16,48,28.07,6,37071,No Certification,7,53,center296@skilldev.maharashtra.gov.in,+91-9152020942
TC_0297,Skill Development Center - Nagpur 8,Nagpur,Automotive,Vehicle Painting,Government ITI,231,216,No,No,11,15,1,3,47,21.76,2,22055,No Certification,8,10,center297@skilldev.maharashtra.gov.in,+91-9187214660
TC_0298,Skill Development Center - Latur 8,Latur,Textile,Machine Operation,Government ITI,286,223,Yes,No,1,8,3,13,36,16.14,9,24155,State Government,6,20,center298@skilldev.maharashtra.gov.in,+91-9331719525
TC_0299,Skill Development Center - Nashik 8,Nashik,Textile,Machine Operation,Industry Training Center,162,129,No,No,8,3,3,18,29,22.48,6,33777,NSDC,8,38,center299@skilldev.maharashtra.gov.in,+91-9882930488
TC_0300,Skill Development Center - Nandurbar 4,Nandurbar,Manufacturing,Quality Control,Private Training Provider,55,44,No,No,9,13,9,3,30,68.18,3,23260,State Government,5,54,center300@skilldev.maharashtra.gov.in,+91-9761873476
TC_0301,Skill Development Center - Ahmednagar 6,Ahmednagar,Healthcare,Pharmacy Assistant,NSDC Partner,85,83,No,Yes,0,14,14,7,6,7.23,9,37735,No Certification,3,47,center301@skilldev.maharashtra.gov.in,+91-9510671403
TC_0302,Skill Development Center - Sindhudurg 3,Sindhudurg,Manufacturing,Industrial Safety,Industry Training Center,296,220,No,Yes,6,15,4,5,29,13.18,12,22199,State Government,10,26,center302@skilldev.maharashtra.gov.in,+91-9223575030
TC_0303,Skill Development Center - Nagpur 3,Nagpur,Automotive,Denting,NGO,261,166,No,No,8,5,4,1,74,44.58,9,44886,State Government,3,26,center303@skilldev.maharashtra.gov.in,+91-9147571539
TC_0304,Skill Development Center - Amravati 1,Amravati,Beauty & Wellness,Skin Care,Industry Training Center,289,96,No,No,2,10,9,17,1,1.04,12,43818,No Certification,10,40,center304@skilldev.maharashtra.gov.in,+91-9688967457
TC_0305,Skill Development Center - Yavatmal 2,Yavatmal,Healthcare,Pharmacy Assistant,NGO,81,80,No,Yes,13,9,4,1,57,71.25,3,25628,No Certification,3,35,center305@skilldev.maharashtra.gov.in,+91-9405330328
TC_0306,Skill Development Center - Bhiwandi 1,Bhiwandi,Banking & Finance,Banking Operations,Industry Training Center,190,82,Yes,No,14,15,10,9,15,18.29,6,27823,Industry Certified,5,33,center306@skilldev.maharashtra.gov.in,+91-9957668281
TC_0307,Skill Development Center - Hingoli 10,Hingoli,Logistics,Supply Chain Basics,Government ITI,154,137,Yes,No,1,6,5,4,36,26.28,12,7796,Industry Certified,6,55,center307@skilldev.maharashtra.gov.in,+91-9137281855
TC_0308,Skill Development Center - Chandrapur 9,Chandrapur,Electronics,Consumer Electronics Repair,Private Training Provider,78,48,No,Yes,1,2,1,15,8,16.67,12,20105,No Certification,0,48,center308@skilldev.maharashtra.gov.in,+91-9710837668
TC_0309,Skill Development Center - Parbhani 6,Parbhani,Retail,Cashier Operations,Government ITI,100,36,No,No,10,7,2,20,1,2.78,12,526,State Government,5,40,center309@skilldev.maharashtra.gov.in,+91-9931978480
TC_0310,Skill Development Center - Jalgaon 8,Jalgaon,IT & Software,Cloud Computing,Government ITI,268,221,Yes,Yes,4,8,4,1,52,23.53,1,32550,State Government,10,32,center310@skilldev.maharashtra.gov.in,+91-9071164989
TC_0311,Skill Development Center - Sindhudurg 10,Sindhudurg,Textile,Textile Processing,NSDC Partner,249,177,Yes,Yes,11,12,8,20,137,77.4,12,43282,NSDC,2,13,center311@skilldev.maharashtra.gov.in,+91-9203886835
TC_0312,Skill Development Center - Amravati 4,Amravati,Media,Video Editing,Government ITI,188,103,No,No,7,12,2,3,37,35.92,1,11146,NSDC,5,14,center312@skilldev.maharashtra.gov.in,+91-9053557932
TC_0313,Skill Development Center - Hingoli 5,Hingoli,IT & Software,Software Testing,Government ITI,91,85,No,Yes,14,9,9,4,21,24.71,12,33606,State Government,3,9,center313@skilldev.maharashtra.gov.in,+91-9235354797
TC_0314,Skill Development Center - Jalna 3,Jalna,Agriculture,Poultry Farming,Private Training Provider,244,125,Yes,No,15,10,2,13,22,17.6,1,47763,Industry Certified,2,31,center314@skilldev.maharashtra.gov.in,+91-9445767046
TC_0315,Skill Development Center - Osmanabad 8,Osmanabad,Media,Content Creation,Government ITI,172,105,Yes,Yes,8,3,2,7,40,38.1,1,44457,State Government,1,19,center315@skilldev.maharashtra.gov.in,+91-9201065616
TC_0316,Skill Development Center - Aurangabad 2,Aurangabad,IT & Software,Cybersecurity,Government ITI,268,147,Yes,Yes,12,6,3,11,64,43.54,2,428,NSDC,10,37,center316@skilldev.maharashtra.gov.in,+91-9273499577
TC_0317,Skill Development Center - Nashik 5,Nashik,Logistics,Forklift Operation,NSDC Partner,81,48,Yes,No,13,7,2,15,0,0.0,9,9974,State Government,8,43,center317@skilldev.maharashtra.gov.in,+91-9505684763
TC_0318,Skill Development Center - Nandurbar 4,Nandurbar,Electronics,Consumer Electronics Repair,Private Training Provider,242,134,No,No,14,15,1,20,70,52.24,9,24289,State Government,4,10,center318@skilldev.maharashtra.gov.in,+91-9380187887
TC_0319,Skill Development Center - Nashik 2,Nashik,Telecommunications,Tower Technician,Private Training Provider,257,158,Yes,Yes,3,7,3,12,17,10.76,3,36647,State Government,0,57,center319@skilldev.maharashtra.gov.in,+91-9806960819
TC_0320,Skill Development Center - Hingoli 4,Hingoli,Telecommunications,Tower Technician,Government ITI,244,99,No,Yes,0,6,1,4,23,23.23,1,43291,State Government,6,8,center320@skilldev.maharashtra.gov.in,+91-9053606221
TC_0321,Skill Development Center - Mumbai 1,Mumbai,Media,Video Editing,Private Training Provider,235,216,No,No,8,8,8,15,130,60.19,1,12698,Industry Certified,9,51,center321@skilldev.maharashtra.gov.in,+91-9208716777
TC_0322,Skill Development Center - Solapur 10,Solapur,Media,Photography,Private Training Provider,228,145,Yes,No,11,9,5,19,3,2.07,9,22388,No Certification,4,57,center322@skilldev.maharashtra.gov.in,+91-9523564202
TC_0323,Skill Development Center - Aurangabad 2,Aurangabad,Telecommunications,Customer Support,NSDC Partner,135,92,No,No,8,5,2,5,33,35.87,6,38485,No Certification,3,7,center323@skilldev.maharashtra.gov.in,+91-9869717061
TC_0324,Skill Development Center - Solapur 10,Solapur,Tourism & Hospitality,Food & Beverage Service,NGO,157,47,Yes,Yes,12,5,3,7,3,6.38,9,9811,No Certification,2,2,center324@skilldev.maharashtra.gov.in,+91-9872844836
TC_0325,Skill Development Center - Bhiwandi 1,Bhiwandi,Logistics,Forklift Operation,Government ITI,256,164,Yes,Yes,14,14,4,18,28,17.07,1,4420,No Certification,3,48,center325@skilldev.maharashtra.gov.in,+91-9220871958
TC_0326,Skill Development Center - Akola 2,Akola,Food Processing,Processing Operations,NSDC Partner,218,106,No,No,15,15,4,20,7,6.6,2,6759,No Certification,9,29,center326@skilldev.maharashtra.gov.in,+91-9834962903
TC_0327,Skill Development Center - Akola 9,Akola,Retail,Cashier Operations,NSDC Partner,214,200,No,Yes,14,5,3,8,21,10.5,9,1338,Industry Certified,10,29,center327@skilldev.maharashtra.gov.in,+91-9752069787
TC_0328,Skill Development Center - Dhule 10,Dhule,Textile,Quality Inspection,NGO,274,263,No,No,10,12,9,20,121,46.01,1,6100,Industry Certified,4,60,center328@skilldev.maharashtra.gov.in,+91-9163075595
TC_0329,Skill Development Center - Kolhapur 10,Kolhapur,Telecommunications,Tower Technician,NSDC Partner,145,103,No,Yes,1,15,15,2,41,39.81,12,15357,No Certification,8,52,center329@skilldev.maharashtra.gov.in,+91-9563479842
TC_0330,Skill Development Center - Thane 4,Thane,Media,Content Creation,NSDC Partner,283,266,Yes,Yes,1,3,3,16,125,46.99,6,29610,NSDC,2,56,center330@skilldev.maharashtra.gov.in,+91-9842985201
TC_0331,Skill Development Center - Jalna 2,Jalna,Textile,Garment Making,NSDC Partner,106,31,Yes,Yes,15,13,1,15,6,19.35,6,26222,State Government,0,27,center331@skilldev.maharashtra.gov.in,+91-9693183240
TC_0332,Skill Development Center - Sangli 5,Sangli,Telecommunications,Fiber Optics,NSDC Partner,166,50,No,No,8,7,1,15,4,8.0,6,9512,State Government,9,10,center332@skilldev.maharashtra.gov.in,+91-9960178818
TC_0333,Skill Development Center - Yavatmal 6,Yavatmal,Logistics,Transportation Management,NSDC Partner,135,128,No,No,14,8,2,4,20,15.62,1,2376,Industry Certified,6,54,center333@skilldev.maharashtra.gov.in,+91-9344283178
TC_0334,Skill Development Center - Satara 1,Satara,Agriculture,Dairy Management,NSDC Partner,55,46,No,Yes,6,10,8,6,28,60.87,1,31156,Industry Certified,9,46,center334@skilldev.maharashtra.gov.in,+91-9230432374
TC_0335,Skill Development Center - Ahmednagar 3,Ahmednagar,Agriculture,Food Processing,NSDC Partner,92,51,No,No,4,5,2,18,37,72.55,1,6355,No Certification,1,3,center335@skilldev.maharashtra.gov.in,+91-9425770764
TC_0336,Skill Development Center - Latur 2,Latur,Telecommunications,Field Service,Government ITI,189,166,Yes,Yes,10,14,5,7,70,42.17,12,21836,No Certification,1,9,center336@skilldev.maharashtra.gov.in,+91-9896123418
TC_0337,Skill Development Center - Bhiwandi 9,Bhiwandi,Manufacturing,Welding Technology,NSDC Partner,243,87,No,No,0,6,5,3,25,28.74,1,35847,No Certification,3,9,center337@skilldev.maharashtra.gov.in,+91-9250336905
TC_0338,Skill Development Center - Latur 10,Latur,Tourism & Hospitality,Hotel Management,NSDC Partner,63,57,No,Yes,6,15,4,10,17,29.82,1,44240,Industry Certified,9,49,center338@skilldev.maharashtra.gov.in,+91-9802479388
TC_0339,Skill Development Center - Chandrapur 4,Chandrapur,Electronics,Consumer Electronics Repair,Private Training Provider,164,135,No,Yes,7,7,6,17,7,5.19,3,36009,State Government,9,41,center339@skilldev.maharashtra.gov.in,+91-9892559112
TC_0340,Skill Development Center - Nandurbar 9,Nandurbar,Tourism & Hospitality,Food & Beverage Service,Government ITI,122,102,Yes,No,10,3,2,11,52,50.98,6,17968,No Certification,4,9,center340@skilldev.maharashtra.gov.in,+91-9908011897
TC_0341,Skill Development Center - Akola 1,Akola,Beauty & Wellness,Makeup Artistry,Government ITI,156,76,No,No,14,2,2,17,30,39.47,1,19249,State Government,8,59,center341@skilldev.maharashtra.gov.in,+91-9672313867
TC_0342,Skill Development Center - Nagpur 10,Nagpur,Textile,Machine Operation,Government ITI,204,97,No,No,14,8,4,7,58,59.79,6,39480,State Government,8,2,center342@skilldev.maharashtra.gov.in,+91-9998349732
TC_0343,Skill Development Center - Parbhani 2,Parbhani,Beauty & Wellness,Hair Styling,Private Training Provider,265,81,Yes,No,13,15,1,9,13,16.05,9,6428,No Certification,9,37,center343@skilldev.maharashtra.gov.in,+91-9502450817
TC_0344,Skill Development Center - Pune 10,Pune,Tourism & Hospitality,Housekeeping,Industry Training Center,105,43,Yes,Yes,5,9,2,8,27,62.79,2,11931,Industry Certified,5,32,center344@skilldev.maharashtra.gov.in,+91-9558696648
TC_0345,Skill Development Center - Bhiwandi 1,Bhiwandi,Healthcare,Medical Equipment Handling,Private Training Provider,88,34,Yes,Yes,3,5,5,17,13,38.24,9,41987,NSDC,8,26,center345@skilldev.maharashtra.gov.in,+91-9465330497
TC_0346,Skill Development Center - Pune 10,Pune,Telecommunications,Tower Technician,NSDC Partner,70,65,No,No,5,14,5,3,26,40.0,9,22321,Industry Certified,5,45,center346@skilldev.maharashtra.gov.in,+91-9853977554
TC_0347,Skill Development Center - Dhule 9,Dhule,Banking & Finance,Insurance,Government ITI,210,72,No,Yes,9,2,2,8,18,25.0,6,18736,State Government,10,53,center347@skilldev.maharashtra.gov.in,+91-9867228150
TC_0348,Skill Development Center - Dhule 9,Dhule,Manufacturing,Industrial Safety,Government ITI,246,85,No,Yes,8,7,4,12,9,10.59,2,38650,NSDC,7,43,center348@skilldev.maharashtra.gov.in,+91-9180919525
TC_0349,Skill Development Center - Raigad 6,Raigad,Beauty & Wellness,Skin Care,Private Training Provider,237,128,No,Yes,10,13,10,19,72,56.25,1,28882,NSDC,10,46,center349@skilldev.maharashtra.gov.in,+91-9967502665
TC_0350,Skill Development Center - Akola 6,Akola,Telecommunications,Tower Technician,Private Training Provider,273,116,No,Yes,15,15,14,6,17,14.66,6,13079,No Certification,1,60,center350@skilldev.maharashtra.gov.in,+91-9502312707
TC_0351,Skill Development Center - Amravati 2,Amravati,Banking & Finance,Insurance,Private Training Provider,243,212,Yes,No,3,14,8,17,24,11.32,1,23522,State Government,4,42,center351@skilldev.maharashtra.gov.in,+91-9344329170
TC_0352,Skill Development Center - Mumbai 8,Mumbai,Automotive,Auto Electrician,NGO,104,77,No,Yes,2,14,2,7,56,72.73,12,41301,Industry Certified,7,40,center352@skilldev.maharashtra.gov.in,+91-9850594511
TC_0353,Skill Development Center - Ratnagiri 5,Ratnagiri,Healthcare,Nursing Assistant,NSDC Partner,55,19,No,No,15,11,9,10,7,36.84,1,22344,State Government,2,32,center353@skilldev.maharashtra.gov.in,+91-9763271767
TC_0354,Skill Development Center - Aurangabad 8,Aurangabad,Retail,Retail Management,NSDC Partner,161,92,No,Yes,12,7,7,8,1,1.09,2,42873,NSDC,0,28,center354@skilldev.maharashtra.gov.in,+91-9576956645
TC_0355,Skill Development Center - Ratnagiri 4,Ratnagiri,Agriculture,Dairy Management,Private Training Provider,62,37,Yes,Yes,9,4,2,9,14,37.84,1,17144,State Government,8,19,center355@skilldev.maharashtra.gov.in,+91-9538020799
TC_0356,Skill Development Center - Satara 4,Satara,Manufacturing,CNC Operation,Industry Training Center,173,68,No,No,0,10,10,8,9,13.24,12,3500,NSDC,8,21,center356@skilldev.maharashtra.gov.in,+91-9960879384
TC_0357,Skill Development Center - Washim 2,Washim,Tourism & Hospitality,Tour Guide,NGO,107,52,No,No,8,12,7,10,14,26.92,1,1285,State Government,9,8,center357@skilldev.maharashtra.gov.in,+91-9793226258
TC_0358,Skill Development Center - Kolhapur 8,Kolhapur,IT & Software,Digital Marketing,Industry Training Center,217,152,Yes,No,15,3,3,16,113,74.34,9,27749,State Government,0,34,center358@skilldev.maharashtra.gov.in,+91-9795112081
TC_0359,Skill Development Center - Akola 10,Akola,Beauty & Wellness,Fitness Training,Industry Training Center,207,111,No,Yes,5,11,5,17,2,1.8,6,17377,State Government,6,33,center359@skilldev.maharashtra.gov.in,+91-9670659871
TC_0360,Skill Development Center - Mumbai 6,Mumbai,Retail,Inventory Management,Government ITI,74,51,No,No,8,9,6,2,14,27.45,12,4991,No Certification,10,52,center360@skilldev.maharashtra.gov.in,+91-9745526968
TC_0361,Skill Development Center - Hingoli 8,Hingoli,Retail,Sales Techniques,Private Training Provider,159,101,No,Yes,13,10,1,4,22,21.78,1,1239,State Government,9,2,center361@skilldev.maharashtra.gov.in,+91-9927100819
TC_0362,Skill Development Center - Nandurbar 8,Nandurbar,Retail,Cashier Operations,Government ITI,221,144,No,No,10,11,6,10,111,77.08,3,2472,Industry Certified,0,13,center362@skilldev.maharashtra.gov.in,+91-9861816198
TC_0363,Skill Development Center - Gadchiroli 10,Gadchiroli,Construction,Masonry,Private Training Provider,56,35,Yes,Yes,9,10,3,19,24,68.57,6,1122,Industry Certified,6,11,center363@skilldev.maharashtra.gov.in,+91-9059853677
TC_0364,Skill Development Center - Gadchiroli 5,Gadchiroli,Electronics,IoT Basics,Private Training Provider,85,35,Yes,No,12,5,3,7,19,54.29,12,31862,No Certification,8,10,center364@skilldev.maharashtra.gov.in,+91-9674768027
TC_0365,Skill Development Center - Yavatmal 9,Yavatmal,Logistics,Supply Chain Basics,Government ITI,137,77,No,No,6,13,3,20,38,49.35,3,21324,No Certification,5,21,center365@skilldev.maharashtra.gov.in,+91-9255400046
TC_0366,Skill Development Center - Nandurbar 1,Nandurbar,Electronics,PCB Design,Industry Training Center,283,172,No,Yes,6,14,10,1,120,69.77,12,17966,Industry Certified,3,9,center366@skilldev.maharashtra.gov.in,+91-9613218654
TC_0367,Skill Development Center - Gadchiroli 3,Gadchiroli,Logistics,Warehouse Management,Private Training Provider,289,133,Yes,Yes,7,12,12,15,84,63.16,1,43077,State Government,2,41,center367@skilldev.maharashtra.gov.in,+91-9874853918
TC_0368,Skill Development Center - Kolhapur 3,Kolhapur,Telecommunications,Tower Technician,Industry Training Center,57,20,No,Yes,1,8,2,1,16,80.0,3,7159,NSDC,6,49,center368@skilldev.maharashtra.gov.in,+91-9626367747
TC_0369,Skill Development Center - Gadchiroli 6,Gadchiroli,Telecommunications,Customer Support,Private Training Provider,278,118,Yes,No,6,12,11,16,60,50.85,2,26418,Industry Certified,2,8,center369@skilldev.maharashtra.gov.in,+91-9474851880
TC_0370,Skill Development Center - Beed 3,Beed,Telecommunications,Fiber Optics,NGO,234,74,No,Yes,12,11,2,15,47,63.51,3,12268,State Government,8,59,center370@skilldev.maharashtra.gov.in,+91-9056925759
TC_0371,Skill Development Center - Wardha 2,Wardha,Healthcare,Medical Equipment Handling,NGO,63,54,Yes,No,9,7,3,5,28,51.85,3,41816,State Government,7,56,center371@skilldev.maharashtra.gov.in,+91-9010485062
TC_0372,Skill Development Center - Pune 1,Pune,Textile,Garment Making,Private Training Provider,238,122,Yes,No,5,10,7,10,10,8.2,1,25697,State Government,7,31,center372@skilldev.maharashtra.gov.in,+91-9700022976
TC_0373,Skill Development Center - Thane 10,Thane,Electronics,IoT Basics,Private Training Provider,223,84,Yes,No,8,11,1,8,55,65.48,12,21454,No Certification,1,28,center373@skilldev.maharashtra.gov.in,+91-9566604560
TC_0374,Skill Development Center - Nandurbar 10,Nandurbar,Telecommunications,Fiber Optics,Private Training Provider,68,58,Yes,Yes,1,3,3,12,22,37.93,3,739,Industry Certified,7,49,center374@skilldev.maharashtra.gov.in,+91-9278555051
TC_0375,Skill Development Center - Bhiwandi 4,Bhiwandi,Telecommunications,Tower Technician,NGO,71,65,No,Yes,15,15,5,16,18,27.69,9,1460,No Certification,9,12,center375@skilldev.maharashtra.gov.in,+91-9261690883
TC_0376,Skill Development Center - Sangli 4,Sangli,Agriculture,Dairy Management,Industry Training Center,113,83,Yes,Yes,0,13,6,15,51,61.45,2,45071,NSDC,7,11,center376@skilldev.maharashtra.gov.in,+91-9414327270
TC_0377,Skill Development Center - Sindhudurg 9,Sindhudurg,Electronics,Mobile Repair,NSDC Partner,254,204,No,Yes,3,10,7,5,94,46.08,2,39421,Industry Certified,6,14,center377@skilldev.maharashtra.gov.in,+91-9623833268
TC_0378,Skill Development Center - Parbhani 3,Parbhani,Telecommunications,Network Installation,Private Training Provider,115,60,No,Yes,6,14,5,5,24,40.0,9,10243,No Certification,3,57,center378@skilldev.maharashtra.gov.in,+91-9982961907
TC_0379,Skill Development Center - Nanded 9,Nanded,Textile,Fabric Design,Private Training Provider,51,31,Yes,Yes,11,6,3,17,19,61.29,6,712,NSDC,9,15,center379@skilldev.maharashtra.gov.in,+91-9683874295
TC_0380,Skill Development Center - Gondia 9,Gondia,Telecommunications,Fiber Optics,Industry Training Center,177,93,No,No,0,14,8,7,39,41.94,3,45660,No Certification,1,2,center380@skilldev.maharashtra.gov.in,+91-9498348522
TC_0381,Skill Development Center - Solapur 1,Solapur,Beauty & Wellness,Fitness Training,Industry Training Center,140,83,Yes,Yes,13,6,4,5,17,20.48,2,5032,Industry Certified,6,44,center381@skilldev.maharashtra.gov.in,+91-9314857210
TC_0382,Skill Development Center - Sangli 1,Sangli,Manufacturing,Welding Technology,Industry Training Center,151,90,No,No,12,14,8,12,66,73.33,1,45270,State Government,4,15,center382@skilldev.maharashtra.gov.in,+91-9822429919
TC_0383,Skill Development Center - Bhiwandi 8,Bhiwandi,Textile,Quality Inspection,Industry Training Center,241,115,Yes,No,12,8,4,15,70,60.87,6,7844,State Government,0,54,center383@skilldev.maharashtra.gov.in,+91-9280194268
TC_0384,Skill Development Center - Yavatmal 7,Yavatmal,Telecommunications,Customer Support,Industry Training Center,267,264,No,Yes,8,11,6,1,101,38.26,12,39208,State Government,5,54,center384@skilldev.maharashtra.gov.in,+91-9091349906
TC_0385,Skill Development Center - Amravati 6,Amravati,Healthcare,Nursing Assistant,Industry Training Center,137,63,Yes,No,3,12,4,13,9,14.29,3,44644,NSDC,4,28,center385@skilldev.maharashtra.gov.in,+91-9516817530
TC_0386,Skill Development Center - Bhandara 9,Bhandara,Electronics,Consumer Electronics Repair,Private Training Provider,199,145,Yes,Yes,14,10,7,6,86,59.31,6,13221,NSDC,4,59,center386@skilldev.maharashtra.gov.in,+91-9096401767
TC_0387,Skill Development Center - Ahmednagar 4,Ahmednagar,Tourism & Hospitality,Hotel Management,NGO,165,116,No,Yes,9,15,2,6,2,1.72,1,4850,NSDC,6,32,center387@skilldev.maharashtra.gov.in,+91-9522326008
TC_0388,Skill Development Center - Ahmednagar 6,Ahmednagar,Media,Graphic Design,Private Training Provider,223,126,No,No,14,8,2,4,42,33.33,3,34828,Industry Certified,9,43,center388@skilldev.maharashtra.gov.in,+91-9817122182
TC_0389,Skill Development Center - Bhandara 5,Bhandara,Automotive,Denting,Government ITI,50,48,Yes,Yes,1,7,7,5,5,10.42,2,17335,NSDC,10,58,center389@skilldev.maharashtra.gov.in,+91-9513823825
TC_0390,Skill Development Center - Wardha 9,Wardha,Media,Social Media Management,Industry Training Center,229,93,No,No,9,7,2,8,66,70.97,2,29870,State Government,3,8,center390@skilldev.maharashtra.gov.in,+91-9049075182
TC_0391,Skill Development Center - Washim 7,Washim,Food Processing,Processing Operations,Government ITI,99,40,Yes,No,14,9,4,12,15,37.5,2,37873,No Certification,4,6,center391@skilldev.maharashtra.gov.in,+91-9290008078
TC_0392,Skill Development Center - Nanded 8,Nanded,Healthcare,Pharmacy Assistant,NSDC Partner,172,155,Yes,Yes,14,14,3,2,78,50.32,9,44853,State Government,5,11,center392@skilldev.maharashtra.gov.in,+91-9968706760
TC_0393,Skill Development Center - Osmanabad 1,Osmanabad,Healthcare,Pharmacy Assistant,NGO,185,171,No,No,9,13,7,16,14,8.19,1,18756,No Certification,5,44,center393@skilldev.maharashtra.gov.in,+91-9588037215
TC_0394,Skill Development Center - Gondia 3,Gondia,Manufacturing,CNC Operation,NGO,54,51,No,Yes,6,6,1,4,25,49.02,2,35312,No Certification,1,3,center394@skilldev.maharashtra.gov.in,+91-9097766845
TC_0395,Skill Development Center - Mumbai 2,Mumbai,Automotive,Two Wheeler Mechanic,NSDC Partner,99,72,Yes,No,0,2,2,14,57,79.17,1,33345,No Certification,3,51,center395@skilldev.maharashtra.gov.in,+91-9598951017
TC_0396,Skill Development Center - Bhiwandi 7,Bhiwandi,Healthcare,Medical Equipment Handling,Private Training Provider,272,220,No,Yes,8,6,4,10,99,45.0,9,1899,Industry Certified,7,38,center396@skilldev.maharashtra.gov.in,+91-9178599120
TC_0397,Skill Development Center - Chandrapur 2,Chandrapur,Construction,Bar Bending,NGO,100,71,No,No,11,5,5,20,14,19.72,2,21444,No Certification,2,45,center397@skilldev.maharashtra.gov.in,+91-9287051119
TC_0398,Skill Development Center - Amravati 8,Amravati,Agriculture,Organic Farming,NGO,152,75,Yes,Yes,14,10,7,20,49,65.33,9,42290,Industry Certified,6,33,center398@skilldev.maharashtra.gov.in,+91-9503437627
TC_0399,Skill Development Center - Raigad 8,Raigad,Beauty & Wellness,Makeup Artistry,NGO,236,226,No,No,1,13,9,11,176,77.88,9,43167,No Certification,6,23,center399@skilldev.maharashtra.gov.in,+91-9153598710
TC_0400,Skill Development Center - Amravati 5,Amravati,Banking & Finance,Accounting,NGO,171,121,No,No,0,3,1,11,14,11.57,12,6082,Industry Certified,2,43,center400@skilldev.maharashtra.gov.in,+91-9799849208
TC_0401,Skill Development Center - Raigad 1,Raigad,Food Processing,Food Safety,Private Training Provider,87,77,Yes,No,7,7,5,11,40,51.95,6,36230,NSDC,8,15,center401@skilldev.maharashtra.gov.in,+91-9371962652
TC_0402,Skill Development Center - Kolhapur 8,Kolhapur,Banking & Finance,Accounting,Private Training Provider,294,258,Yes,No,12,15,1,14,181,70.16,12,29876,NSDC,6,10,center402@skilldev.maharashtra.gov.in,+91-9393161880
TC_0403,Skill Development Center - Mumbai 10,Mumbai,Healthcare,Patient Care,Private Training Provider,273,184,Yes,Yes,1,11,6,14,15,8.15,6,42470,State Government,2,16,center403@skilldev.maharashtra.gov.in,+91-9148699836
TC_0404,Skill Development Center - Latur 4,Latur,Media,Social Media Management,Industry Training Center,228,155,No,Yes,2,14,10,16,27,17.42,1,4569,NSDC,2,2,center404@skilldev.maharashtra.gov.in,+91-9906978519
TC_0405,Skill Development Center - Sangli 3,Sangli,Beauty & Wellness,Makeup Artistry,Government ITI,150,75,Yes,No,9,12,11,4,39,52.0,9,14593,State Government,10,29,center405@skilldev.maharashtra.gov.in,+91-9260449579
TC_0406,Skill Development Center - Ahmednagar 10,Ahmednagar,Textile,Garment Making,NSDC Partner,187,157,Yes,No,9,8,3,8,100,63.69,2,25123,No Certification,2,17,center406@skilldev.maharashtra.gov.in,+91-9163473544
TC_0407,Skill Development Center - Wardha 10,Wardha,Banking & Finance,Accounting,Government ITI,272,195,No,Yes,12,8,4,7,128,65.64,12,40902,NSDC,2,10,center407@skilldev.maharashtra.gov.in,+91-9566657115
TC_0408,Skill Development Center - Pune 4,Pune,IT & Software,Data Analytics,Industry Training Center,64,59,No,Yes,6,3,2,3,29,49.15,12,16074,State Government,6,8,center408@skilldev.maharashtra.gov.in,+91-9171823392
TC_0409,Skill Development Center - Ahmednagar 9,Ahmednagar,Automotive,Four Wheeler Mechanic,Government ITI,190,122,No,No,14,7,7,3,88,72.13,12,22059,State Government,3,50,center409@skilldev.maharashtra.gov.in,+91-9569113734
TC_0410,Skill Development Center - Beed 6,Beed,Beauty & Wellness,Makeup Artistry,Government ITI,296,290,No,No,2,5,2,5,221,76.21,12,49790,State Government,7,53,center410@skilldev.maharashtra.gov.in,+91-9995123050
TC_0411,Skill Development Center - Pune 2,Pune,IT & Software,Data Analytics,Private Training Provider,129,88,No,No,7,11,1,3,42,47.73,12,14866,State Government,9,58,center411@skilldev.maharashtra.gov.in,+91-9360172299
TC_0412,Skill Development Center - Ahmednagar 7,Ahmednagar,Automotive,Four Wheeler Mechanic,NSDC Partner,60,57,Yes,Yes,5,10,2,17,19,33.33,12,34948,State Government,10,25,center412@skilldev.maharashtra.gov.in,+91-9321755875
TC_0413,Skill Development Center - Beed 1,Beed,Manufacturing,Welding Technology,Government ITI,149,103,Yes,Yes,9,8,1,13,80,77.67,1,25161,Industry Certified,6,5,center413@skilldev.maharashtra.gov.in,+91-9155408033
TC_0414,Skill Development Center - Amravati 8,Amravati,Telecommunications,Network Installation,Private Training Provider,155,108,Yes,Yes,9,15,1,14,69,63.89,9,46982,No Certification,7,10,center414@skilldev.maharashtra.gov.in,+91-9516903978
TC_0415,Skill Development Center - Beed 7,Beed,Automotive,Denting,Industry Training Center,190,181,Yes,No,6,15,12,10,32,17.68,1,35219,NSDC,8,40,center415@skilldev.maharashtra.gov.in,+91-9729675696
TC_0416,Skill Development Center - Dhule 10,Dhule,Retail,Inventory Management,NGO,84,81,Yes,No,11,5,3,5,3,3.7,3,26920,No Certification,8,2,center416@skilldev.maharashtra.gov.in,+91-9490083027
TC_0417,Skill Development Center - Ahmednagar 7,Ahmednagar,Agriculture,Dairy Management,Industry Training Center,131,88,No,Yes,0,7,2,2,24,27.27,6,7763,NSDC,0,58,center417@skilldev.maharashtra.gov.in,+91-9288561282
TC_0418,Skill Development Center - Wardha 6,Wardha,IT & Software,Software Testing,Government ITI,50,16,Yes,No,0,2,2,6,6,37.5,3,27424,State Government,7,7,center418@skilldev.maharashtra.gov.in,+91-9448462870
TC_0419,Skill Development Center - Gondia 1,Gondia,Agriculture,Dairy Management,NSDC Partner,196,120,No,No,2,7,7,16,93,77.5,2,15399,No Certification,4,12,center419@skilldev.maharashtra.gov.in,+91-9270343666
TC_0420,Skill Development Center - Gondia 6,Gondia,Food Processing,Packaging Technology,NGO,200,84,No,No,9,8,6,3,37,44.05,6,44647,Industry Certified,6,14,center420@skilldev.maharashtra.gov.in,+91-9979590744
TC_0421,Skill Development Center - Amravati 4,Amravati,Banking & Finance,Banking Operations,Private Training Provider,214,207,No,No,9,3,3,16,32,15.46,6,14847,Industry Certified,2,34,center421@skilldev.maharashtra.gov.in,+91-9591407318
TC_0422,Skill Development Center - Kolhapur 9,Kolhapur,IT & Software,AI/ML Basics,Private Training Provider,270,135,Yes,No,6,12,12,2,84,62.22,2,22895,State Government,0,1,center422@skilldev.maharashtra.gov.in,+91-9701366815
TC_0423,Skill Development Center - Kolhapur 3,Kolhapur,IT & Software,Cloud Computing,Industry Training Center,196,69,No,Yes,10,5,3,13,31,44.93,12,31,No Certification,10,33,center423@skilldev.maharashtra.gov.in,+91-9803750419
TC_0424,Skill Development Center - Beed 2,Beed,Manufacturing,Machine Operation,Industry Training Center,67,35,Yes,Yes,3,9,9,18,21,60.0,12,35048,NSDC,6,42,center424@skilldev.maharashtra.gov.in,+91-9197332332
TC_0425,Skill Development Center - Ratnagiri 10,Ratnagiri,Media,Social Media Management,NGO,171,85,Yes,Yes,7,15,4,17,36,42.35,3,20422,No Certification,1,6,center425@skilldev.maharashtra.gov.in,+91-9494456583
TC_0426,Skill Development Center - Satara 6,Satara,Food Processing,Cold Chain Management,Industry Training Center,259,94,Yes,No,0,6,5,9,39,41.49,12,41580,NSDC,5,60,center426@skilldev.maharashtra.gov.in,+91-9206590176
TC_0427,Skill Development Center - Raigad 6,Raigad,Retail,Sales Techniques,Government ITI,225,205,Yes,Yes,7,4,1,17,28,13.66,12,24706,No Certification,0,20,center427@skilldev.maharashtra.gov.in,+91-9886715849
TC_0428,Skill Development Center - Solapur 2,Solapur,Agriculture,Agriculture Equipment,Government ITI,64,50,Yes,No,1,9,7,17,22,44.0,1,27585,Industry Certified,0,42,center428@skilldev.maharashtra.gov.in,+91-9900813239
TC_0429,Skill Development Center - Wardha 1,Wardha,Food Processing,Food Safety,NSDC Partner,191,130,No,No,3,13,13,5,64,49.23,2,31607,State Government,9,17,center429@skilldev.maharashtra.gov.in,+91-9851780068
TC_0430,Skill Development Center - Jalgaon 7,Jalgaon,Healthcare,Medical Lab Technology,Industry Training Center,256,148,No,Yes,8,10,4,5,40,27.03,9,21079,No Certification,4,45,center430@skilldev.maharashtra.gov.in,+91-9592112861
TC_0431,Skill Development Center - Osmanabad 4,Osmanabad,Retail,Customer Service,Industry Training Center,140,116,Yes,Yes,8,7,7,18,23,19.83,2,35933,NSDC,8,32,center431@skilldev.maharashtra.gov.in,+91-9120030384
TC_0432,Skill Development Center - Ratnagiri 8,Ratnagiri,Textile,Quality Inspection,NSDC Partner,160,119,Yes,Yes,9,12,8,14,66,55.46,1,30960,State Government,5,31,center432@skilldev.maharashtra.gov.in,+91-9711393445
TC_0433,Skill Development Center - Washim 4,Washim,Agriculture,Organic Farming,Government ITI,132,74,No,Yes,13,9,7,5,6,8.11,2,44937,No Certification,0,28,center433@skilldev.maharashtra.gov.in,+91-9158427840
TC_0434,Skill Development Center - Bhiwandi 8,Bhiwandi,Textile,Fabric Design,Private Training Provider,251,202,Yes,No,11,7,6,16,99,49.01,9,38489,No Certification,5,5,center434@skilldev.maharashtra.gov.in,+91-9112405515
TC_0435,Skill Development Center - Bhiwandi 4,Bhiwandi,Electronics,Consumer Electronics Repair,Industry Training Center,242,125,No,Yes,2,6,3,16,14,11.2,3,44899,No Certification,7,43,center435@skilldev.maharashtra.gov.in,+91-9887965170
TC_0436,Skill Development Center - Nashik 6,Nashik,Textile,Fabric Design,NGO,143,131,No,Yes,8,2,2,15,104,79.39,3,5520,Industry Certified,1,54,center436@skilldev.maharashtra.gov.in,+91-9962499483
TC_0437,Skill Development Center - Sangli 1,Sangli,Banking & Finance,GST & Taxation,NSDC Partner,267,143,No,Yes,7,15,3,5,59,41.26,6,38469,No Certification,3,45,center437@skilldev.maharashtra.gov.in,+91-9705789175
TC_0438,Skill Development Center - Thane 3,Thane,Tourism & Hospitality,Housekeeping,Government ITI,180,109,No,No,7,4,4,3,51,46.79,9,5008,No Certification,4,37,center438@skilldev.maharashtra.gov.in,+91-9606548641
TC_0439,Skill Development Center - Ahmednagar 3,Ahmednagar,Textile,Fabric Design,Private Training Provider,164,139,Yes,Yes,11,7,7,9,109,78.42,6,3330,NSDC,6,60,center439@skilldev.maharashtra.gov.in,+91-9904213633
TC_0440,Skill Development Center - Nandurbar 1,Nandurbar,Telecommunications,Fiber Optics,Private Training Provider,257,221,No,Yes,0,15,6,14,165,74.66,2,15240,No Certification,4,4,center440@skilldev.maharashtra.gov.in,+91-9828454292
TC_0441,Skill Development Center - Washim 9,Washim,Media,Photography,Private Training Provider,163,58,Yes,Yes,13,5,1,1,46,79.31,9,26603,No Certification,2,24,center441@skilldev.maharashtra.gov.in,+91-9321905771
TC_0442,Skill Development Center - Nagpur 5,Nagpur,Beauty & Wellness,Spa Therapy,NGO,288,221,Yes,No,4,2,2,7,41,18.55,9,6007,State Government,7,32,center442@skilldev.maharashtra.gov.in,+91-9233997109
TC_0443,Skill Development Center - Amravati 5,Amravati,Beauty & Wellness,Spa Therapy,Private Training Provider,223,189,No,Yes,15,10,9,16,40,21.16,3,9081,No Certification,5,33,center443@skilldev.maharashtra.gov.in,+91-9839009660
TC_0444,Skill Development Center - Aurangabad 7,Aurangabad,Textile,Garment Making,NSDC Partner,263,92,No,Yes,11,5,1,14,38,41.3,6,3110,Industry Certified,9,58,center444@skilldev.maharashtra.gov.in,+91-9679981458
TC_0445,Skill Development Center - Parbhani 4,Parbhani,Beauty & Wellness,Skin Care,NSDC Partner,59,47,Yes,Yes,9,7,4,18,32,68.09,12,37614,State Government,2,9,center445@skilldev.maharashtra.gov.in,+91-9904702626
TC_0446,Skill Development Center - Nandurbar 2,Nandurbar,Healthcare,Patient Care,Government ITI,190,104,Yes,Yes,8,2,1,7,32,30.77,9,45762,No Certification,7,23,center446@skilldev.maharashtra.gov.in,+91-9684992868
TC_0447,Skill Development Center - Chandrapur 8,Chandrapur,Automotive,Vehicle Painting,NGO,109,77,No,No,8,11,1,18,26,33.77,6,41521,NSDC,3,33,center447@skilldev.maharashtra.gov.in,+91-9725592918
TC_0448,Skill Development Center - Sangli 2,Sangli,Electronics,Mobile Repair,NGO,154,149,No,No,8,9,6,17,94,63.09,2,15961,Industry Certified,6,25,center448@skilldev.maharashtra.gov.in,+91-9264384769
TC_0449,Skill Development Center - Nandurbar 3,Nandurbar,Construction,Painting,Private Training Provider,164,50,No,No,15,9,8,8,2,4.0,9,20464,State Government,9,51,center449@skilldev.maharashtra.gov.in,+91-9543011732
TC_0450,Skill Development Center - Satara 8,Satara,Manufacturing,Machine Operation,Government ITI,212,98,Yes,No,2,12,1,9,54,55.1,2,25375,State Government,2,48,center450@skilldev.maharashtra.gov.in,+91-9020482097
TC_0451,Skill Development Center - Aurangabad 7,Aurangabad,Agriculture,Poultry Farming,Government ITI,83,28,No,Yes,5,12,3,18,20,71.43,12,27179,No Certification,3,7,center451@skilldev.maharashtra.gov.in,+91-9712541723
TC_0452,Skill Development Center - Parbhani 5,Parbhani,Retail,Cashier Operations,NGO,295,126,No,No,3,3,3,11,89,70.63,9,3640,State Government,0,12,center452@skilldev.maharashtra.gov.in,+91-9697294190
TC_0453,Skill Development Center - Dhule 3,Dhule,Healthcare,Nursing Assistant,Government ITI,220,205,Yes,No,2,4,3,20,39,19.02,1,7352,Industry Certified,3,21,center453@skilldev.maharashtra.gov.in,+91-9788473725
TC_0454,Skill Development Center - Bhandara 10,Bhandara,Electronics,Mobile Repair,NGO,63,44,No,No,4,9,4,17,3,6.82,1,27277,Industry Certified,8,20,center454@skilldev.maharashtra.gov.in,+91-9913764894
TC_0455,Skill Development Center - Osmanabad 3,Osmanabad,Media,Photography,NSDC Partner,263,166,No,Yes,11,5,4,1,102,61.45,3,27659,NSDC,5,17,center455@skilldev.maharashtra.gov.in,+91-9671924030
TC_0456,Skill Development Center - Mumbai 2,Mumbai,Agriculture,Dairy Management,Industry Training Center,230,189,Yes,No,4,4,2,8,72,38.1,12,27008,No Certification,1,35,center456@skilldev.maharashtra.gov.in,+91-9323031263
TC_0457,Skill Development Center - Jalna 8,Jalna,Media,Video Editing,Private Training Provider,85,53,No,Yes,0,12,8,13,42,79.25,12,43327,No Certification,7,55,center457@skilldev.maharashtra.gov.in,+91-9701971591
TC_0458,Skill Development Center - Parbhani 2,Parbhani,IT & Software,Full Stack Development,NGO,234,146,No,No,12,11,10,12,24,16.44,3,37476,No Certification,0,29,center458@skilldev.maharashtra.gov.in,+91-9093924262
TC_0459,Skill Development Center - Sangli 9,Sangli,Textile,Garment Making,NSDC Partner,221,187,No,No,4,2,2,13,44,23.53,2,44974,Industry Certified,7,8,center459@skilldev.maharashtra.gov.in,+91-9571808353
TC_0460,Skill Development Center - Thane 9,Thane,Automotive,Denting,Government ITI,256,236,No,Yes,14,3,1,10,183,77.54,3,42128,State Government,6,4,center460@skilldev.maharashtra.gov.in,+91-9635410278
TC_0461,Skill Development Center - Ratnagiri 8,Ratnagiri,Manufacturing,CNC Operation,NSDC Partner,64,48,No,No,4,4,1,15,32,66.67,1,27048,No Certification,7,29,center461@skilldev.maharashtra.gov.in,+91-9888677365
TC_0462,Skill Development Center - Nanded 10,Nanded,Healthcare,Medical Equipment Handling,Private Training Provider,52,19,No,Yes,13,10,5,5,13,68.42,2,13883,No Certification,1,36,center462@skilldev.maharashtra.gov.in,+91-9919531372
TC_0463,Skill Development Center - Solapur 6,Solapur,Electronics,PCB Design,NGO,278,276,No,No,14,4,4,5,140,50.72,6,36186,NSDC,10,47,center463@skilldev.maharashtra.gov.in,+91-9541354942
TC_0464,Skill Development Center - Parbhani 8,Parbhani,Retail,Sales Techniques,Industry Training Center,97,59,Yes,Yes,12,15,13,16,3,5.08,9,18966,No Certification,1,36,center464@skilldev.maharashtra.gov.in,+91-9457235770
TC_0465,Skill Development Center - Gondia 7,Gondia,Telecommunications,Tower Technician,NSDC Partner,68,53,Yes,No,13,2,2,19,37,69.81,1,9919,State Government,6,58,center465@skilldev.maharashtra.gov.in,+91-9214834354
TC_0466,Skill Development Center - Sangli 1,Sangli,Logistics,Packaging Technology,Private Training Provider,205,175,Yes,Yes,6,14,5,16,38,21.71,12,2774,No Certification,7,59,center466@skilldev.maharashtra.gov.in,+91-9262495992
TC_0467,Skill Development Center - Wardha 6,Wardha,Banking & Finance,Financial Services,Government ITI,209,172,No,Yes,14,15,7,15,6,3.49,2,40896,State Government,7,20,center467@skilldev.maharashtra.gov.in,+91-9666606615
TC_0468,Skill Development Center - Aurangabad 9,Aurangabad,Food Processing,Packaging Technology,Private Training Provider,207,175,No,Yes,10,5,1,18,49,28.0,2,24628,NSDC,1,19,center468@skilldev.maharashtra.gov.in,+91-9461087497
TC_0469,Skill Development Center - Gadchiroli 2,Gadchiroli,Retail,Sales Techniques,Government ITI,295,250,Yes,No,1,5,2,6,75,30.0,12,33143,NSDC,3,25,center469@skilldev.maharashtra.gov.in,+91-9041869388
TC_0470,Skill Development Center - Nanded 5,Nanded,Automotive,Vehicle Painting,NSDC Partner,144,100,No,No,7,11,5,1,68,68.0,1,37423,State Government,7,22,center470@skilldev.maharashtra.gov.in,+91-9544307958
TC_0471,Skill Development Center - Jalna 8,Jalna,Construction,Electrical Installation,NSDC Partner,201,137,No,Yes,5,9,1,3,75,54.74,2,16706,No Certification,7,23,center471@skilldev.maharashtra.gov.in,+91-9657417567
TC_0472,Skill Development Center - Satara 7,Satara,Telecommunications,Field Service,Private Training Provider,112,93,Yes,Yes,6,7,1,15,3,3.23,9,29869,NSDC,6,21,center472@skilldev.maharashtra.gov.in,+91-9056761704
TC_0473,Skill Development Center - Nandurbar 1,Nandurbar,Retail,Inventory Management,Private Training Provider,255,250,No,No,2,5,3,6,73,29.2,2,36114,NSDC,6,38,center473@skilldev.maharashtra.gov.in,+91-9949973132
TC_0474,Skill Development Center - Jalna 9,Jalna,Tourism & Hospitality,Tour Guide,NSDC Partner,130,82,No,Yes,14,4,3,9,56,68.29,3,49790,State Government,9,54,center474@skilldev.maharashtra.gov.in,+91-9674197625
TC_0475,Skill Development Center - Washim 2,Washim,Logistics,Warehouse Management,NSDC Partner,277,215,Yes,Yes,6,9,3,12,146,67.91,12,44203,No Certification,8,27,center475@skilldev.maharashtra.gov.in,+91-9715921000
TC_0476,Skill Development Center - Satara 7,Satara,IT & Software,Cybersecurity,Government ITI,80,78,Yes,No,11,7,5,13,22,28.21,1,5345,Industry Certified,0,16,center476@skilldev.maharashtra.gov.in,+91-9347858113
TC_0477,Skill Development Center - Osmanabad 2,Osmanabad,Agriculture,Food Processing,NGO,223,80,Yes,No,12,12,1,12,54,67.5,12,49918,No Certification,7,43,center477@skilldev.maharashtra.gov.in,+91-9856092281
TC_0478,Skill Development Center - Akola 7,Akola,Retail,Customer Service,Government ITI,60,52,No,Yes,1,2,2,8,38,73.08,9,15333,No Certification,8,9,center478@skilldev.maharashtra.gov.in,+91-9835944824
TC_0479,Skill Development Center - Chandrapur 2,Chandrapur,Media,Graphic Design,Government ITI,204,188,No,Yes,2,11,2,13,50,26.6,12,434,NSDC,6,22,center479@skilldev.maharashtra.gov.in,+91-9098068015
TC_0480,Skill Development Center - Sindhudurg 5,Sindhudurg,Manufacturing,CNC Operation,Industry Training Center,97,42,No,Yes,10,9,1,1,13,30.95,3,33331,No Certification,1,32,center480@skilldev.maharashtra.gov.in,+91-9972906182
TC_0481,Skill Development Center - Thane 1,Thane,Construction,Masonry,NSDC Partner,290,170,No,Yes,3,13,9,15,135,79.41,9,774,NSDC,10,21,center481@skilldev.maharashtra.gov.in,+91-9999019412
TC_0482,Skill Development Center - Akola 4,Akola,Textile,Textile Processing,Private Training Provider,140,86,No,Yes,6,6,5,6,26,30.23,2,42267,NSDC,2,44,center482@skilldev.maharashtra.gov.in,+91-9324632575
TC_0483,Skill Development Center - Latur 6,Latur,IT & Software,Data Analytics,NGO,218,116,Yes,Yes,6,8,2,8,17,14.66,2,32199,No Certification,9,1,center483@skilldev.maharashtra.gov.in,+91-9956529040
TC_0484,Skill Development Center - Parbhani 5,Parbhani,Telecommunications,Network Installation,Industry Training Center,280,251,Yes,Yes,3,3,1,15,163,64.94,12,36456,NSDC,8,32,center484@skilldev.maharashtra.gov.in,+91-9450119839
TC_0485,Skill Development Center - Raigad 5,Raigad,Telecommunications,Field Service,NSDC Partner,102,55,No,Yes,7,7,6,15,32,58.18,3,14359,No Certification,0,50,center485@skilldev.maharashtra.gov.in,+91-9074931916
TC_0486,Skill Development Center - Nashik 4,Nashik,Manufacturing,Welding Technology,Industry Training Center,272,102,Yes,No,6,9,6,1,53,51.96,1,20503,NSDC,3,16,center486@skilldev.maharashtra.gov.in,+91-9774764629
TC_0487,Skill Development Center - Osmanabad 7,Osmanabad,Retail,Retail Management,Private Training Provider,254,245,No,No,11,12,8,8,105,42.86,2,23015,State Government,0,16,center487@skilldev.maharashtra.gov.in,+91-9287107154
TC_0488,Skill Development Center - Kolhapur 3,Kolhapur,Media,Video Editing,Industry Training Center,263,138,Yes,Yes,12,11,10,5,57,41.3,2,41721,No Certification,0,9,center488@skilldev.maharashtra.gov.in,+91-9198035893
TC_0489,Skill Development Center - Nanded 10,Nanded,IT & Software,Full Stack Development,Industry Training Center,134,50,Yes,Yes,5,11,4,20,40,80.0,12,17333,NSDC,9,50,center489@skilldev.maharashtra.gov.in,+91-9848827570
TC_0490,Skill Development Center - Sindhudurg 8,Sindhudurg,Agriculture,Agriculture Equipment,NGO,195,149,No,No,11,11,11,17,84,56.38,1,49718,No Certification,1,14,center490@skilldev.maharashtra.gov.in,+91-9940910954
TC_0491,Skill Development Center - Nagpur 10,Nagpur,Electronics,Consumer Electronics Repair,Private Training Provider,250,218,No,No,5,13,3,4,54,24.77,9,19162,State Government,3,9,center491@skilldev.maharashtra.gov.in,+91-9100231493
TC_0492,Skill Development Center - Chandrapur 1,Chandrapur,Electronics,Mobile Repair,Government ITI,124,58,No,No,0,5,1,5,38,65.52,2,44729,NSDC,9,22,center492@skilldev.maharashtra.gov.in,+91-9935036915
TC_0493,Skill Development Center - Hingoli 1,Hingoli,Telecommunications,Fiber Optics,Private Training Provider,56,44,No,Yes,1,2,1,11,22,50.0,6,38928,State Government,1,33,center493@skilldev.maharashtra.gov.in,+91-9464170417
TC_0494,Skill Development Center - Mumbai 4,Mumbai,Media,Photography,Government ITI,118,65,No,No,9,5,4,8,0,0.0,3,14940,Industry Certified,9,27,center494@skilldev.maharashtra.gov.in,+91-9141831218
TC_0495,Skill Development Center - Gadchiroli 1,Gadchiroli,Media,Photography,Government ITI,238,221,No,No,7,14,11,6,83,37.56,2,30008,State Government,9,29,center495@skilldev.maharashtra.gov.in,+91-9970628728
TC_0496,Skill Development Center - Raigad 9,Raigad,Telecommunications,Network Installation,NGO,72,35,Yes,No,4,15,1,8,15,42.86,3,25753,Industry Certified,1,51,center496@skilldev.maharashtra.gov.in,+91-9332129939
TC_0497,Skill Development Center - Chandrapur 1,Chandrapur,Healthcare,Nursing Assistant,Government ITI,110,108,No,No,5,11,6,8,25,23.15,12,30274,NSDC,8,60,center497@skilldev.maharashtra.gov.in,+91-9629405190
TC_0498,Skill Development Center - Parbhani 5,Parbhani,Construction,Painting,Government ITI,252,212,No,No,7,10,1,6,168,79.25,9,21996,State Government,1,10,center498@skilldev.maharashtra.gov.in,+91-9815366364
TC_0499,Skill Development Center - Thane 2,Thane,Manufacturing,Fitter Training,Industry Training Center,118,105,No,Yes,11,7,5,13,33,31.43,9,31262,NSDC,3,56,center499@skilldev.maharashtra.gov.in,+91-9897305237
TC_0500,Skill Development Center - Kolhapur 8,Kolhapur,Retail,Cashier Operations,Government ITI,111,111,No,Yes,8,4,2,12,79,71.17,3,575,State Government,1,27,center500@skilldev.maharashtra.gov.in,+91-9617670981
