skill_name,district,posting_count,avg_salary,in_taxonomy,current_demand_score,growth_rate_percent,obsolescence_risk,demand_trend,district_growth_rate,district_skills_gap,static_emerging_bonus,trends_bonus,emerging_bonus,obsolescence_penalty,predicted_score_6m,confidence_6m,predicted_score_12m,confidence_12m,predicted_score_24m,confidence_24m,demand_band_6m,demand_band_12m,demand_band_24m
AWS,Ahmednagar,7,151373.42857142858,True,14.0,26.5675,High,Rapidly Growing,8.46,36.595,8.0,0.0,8.0,-15.0,26.7,64,35.5,64,53.0,64,Low,Medium,Medium
AWS,Akola,5,144408.0,True,8.5,26.5675,High,Rapidly Growing,9.0,33.019,8.0,0.0,8.0,-15.0,20.3,60,29.2,60,47.0,60,Low,Low,Medium
AWS,Amravati,9,158613.88888888888,True,25.8,26.5675,High,Rapidly Growing,8.8925,37.6035,8.0,0.0,8.0,-15.0,38.9,68,47.8,68,65.5,68,Medium,Medium,High
AWS,Aurangabad,8,187561.625,True,17.9,26.5675,High,Rapidly Growing,7.6,38.486000000000004,8.0,0.0,8.0,-15.0,31.0,66,39.5,66,56.6,66,Low,Medium,Medium
AWS,Beed,11,132714.27272727274,True,28.6,26.5675,High,Rapidly Growing,9.5965,42.417,8.0,0.0,8.0,-15.0,43.4,72,52.4,72,70.5,72,Medium,Medium,High
AWS,Bhiwandi,6,129777.5,True,13.9,26.5675,High,Rapidly Growing,8.895,40.1755,8.0,0.0,8.0,-15.0,27.8,62,36.7,62,54.4,62,Low,Medium,Medium
AWS,Chandrapur,7,151851.85714285713,True,14.3,26.5675,High,Rapidly Growing,8.7865,35.588,8.0,0.0,8.0,-15.0,26.8,64,35.7,64,53.3,64,Low,Medium,Medium
AWS,Dhule,6,147324.83333333334,True,15.2,26.5675,High,Rapidly Growing,10.1625,39.802,8.0,0.0,8.0,-15.0,29.3,62,38.5,62,56.9,62,Low,Medium,Medium
AWS,Jalgaon,8,85285.625,True,18.4,26.5675,High,Rapidly Growing,8.879999999999999,37.665,8.0,0.0,8.0,-15.0,31.6,66,40.4,66,58.1,66,Low,Medium,Medium
AWS,Jalna,6,86901.33333333333,True,10.9,26.5675,High,Rapidly Growing,8.616499999999998,33.054500000000004,8.0,0.0,8.0,-15.0,22.6,62,31.4,62,49.0,62,Low,Low,Medium
AWS,Kolhapur,6,62672.833333333336,True,12.5,26.5675,High,Rapidly Growing,9.7,40.227999999999994,8.0,0.0,8.0,-15.0,26.6,62,35.7,62,53.8,62,Low,Medium,Medium
AWS,Latur,4,263650.75,True,7.7,26.5675,High,Rapidly Growing,9.7515,39.448,8.0,0.0,8.0,-15.0,21.6,58,30.7,58,48.9,58,Low,Low,Medium
AWS,Mumbai,9,172780.33333333334,True,25.9,26.5675,High,Rapidly Growing,9.267,35.709500000000006,8.0,0.0,8.0,-15.0,38.6,68,47.5,68,65.4,68,Medium,Medium,High
AWS,Nagpur,8,157405.375,True,15.2,26.5675,High,Rapidly Growing,9.1105,38.835,8.0,0.0,8.0,-15.0,28.8,66,37.7,66,55.5,66,Low,Medium,Medium
AWS,Nanded,3,188357.66666666666,True,4.4,26.5675,High,Rapidly Growing,8.637,35.605000000000004,8.0,0.0,8.0,-15.0,16.9,56,25.7,56,43.3,56,Low,Low,Medium
AWS,Nashik,11,74955.72727272728,True,26.3,26.5675,High,Rapidly Growing,8.586,37.875,8.0,0.0,8.0,-15.0,39.5,72,48.2,72,65.8,72,Medium,Medium,High
AWS,Osmanabad,9,131051.33333333333,True,19.0,26.5675,High,Rapidly Growing,8.059999999999999,37.4765,8.0,0.0,8.0,-15.0,31.9,68,40.6,68,57.9,68,Low,Medium,Medium
AWS,Parbhani,9,158001.66666666666,True,16.3,26.5675,High,Rapidly Growing,9.2835,38.364,8.0,0.0,8.0,-15.0,29.8,68,38.7,68,56.7,68,Low,Medium,Medium
AWS,Pune,6,97594.83333333333,True,13.9,26.5675,High,Rapidly Growing,8.681999999999999,40.851,8.0,0.0,8.0,-15.0,28.0,62,36.8,62,54.4,62,Low,Medium,Medium
AWS,Raigad,11,116614.54545454546,True,28.6,26.5675,High,Rapidly Growing,9.9115,39.47,8.0,0.0,8.0,-15.0,42.6,72,51.7,72,69.9,72,Medium,Medium,High
AWS,Sangli,4,107710.0,True,9.4,26.5675,High,Rapidly Growing,9.5185,37.182,8.0,0.0,8.0,-15.0,22.6,58,31.6,58,49.6,58,Low,Low,Medium
AWS,Satara,3,141915.0,True,5.0,26.5675,High,Rapidly Growing,9.8795,40.648,8.0,0.0,8.0,-15.0,19.3,56,28.4,56,46.6,56,Low,Low,Medium
AWS,Solapur,12,126781.58333333333,True,26.2,26.5675,High,Rapidly Growing,9.0745,41.6085,8.0,0.0,8.0,-15.0,40.6,74,49.5,74,67.3,74,Medium,Medium,High
AWS,Yavatmal,7,124385.57142857143,True,14.3,26.5675,High,Rapidly Growing,9.310500000000001,37.6325,8.0,0.0,8.0,-15.0,27.6,64,36.5,64,54.5,64,Low,Medium,Medium
Accounting,Ahmednagar,2,117811.0,False,2.3,0.0,,,8.46,36.595,0.0,0.0,0.0,0.0,15.4,46,17.5,46,21.7,46,Low,Low,Low
Accounting,Akola,6,92855.5,False,10.6,0.0,,,9.0,33.019,0.0,0.0,0.0,0.0,22.8,54,25.0,54,29.5,54,Low,Low,Low
Accounting,Amravati,6,195596.5,False,16.1,0.0,,,8.8925,37.6035,0.0,0.0,0.0,0.0,29.6,54,31.8,54,36.3,54,Low,Low,Medium
Accounting,Aurangabad,8,61024.75,False,17.9,0.0,,,7.6,38.486000000000004,0.0,0.0,0.0,0.0,31.3,58,33.2,58,37.0,58,Low,Low,Medium
Accounting,Beed,4,117846.5,False,8.6,0.0,,,9.5965,42.417,0.0,0.0,0.0,0.0,23.7,50,26.1,50,30.9,50,Low,Low,Low
Accounting,Bhiwandi,1,239431.0,False,0.0,0.0,,,8.895,40.1755,0.0,0.0,0.0,0.0,14.3,44,16.5,44,20.9,44,Low,Low,Low
Accounting,Chandrapur,11,106144.54545454546,False,23.8,0.0,,,8.7865,35.588,0.0,0.0,0.0,0.0,36.7,64,38.9,64,43.3,64,Medium,Medium,Medium
Accounting,Dhule,5,186447.4,False,12.1,0.0,,,10.1625,39.802,0.0,0.0,0.0,0.0,26.6,52,29.1,52,34.2,52,Low,Low,Low
Accounting,Jalgaon,5,181518.8,False,10.5,0.0,,,8.879999999999999,37.665,0.0,0.0,0.0,0.0,24.0,52,26.2,52,30.7,52,Low,Low,Low
Accounting,Jalna,3,89411.66666666667,False,4.3,0.0,,,8.616499999999998,33.054500000000004,0.0,0.0,0.0,0.0,16.4,48,18.5,48,22.8,48,Low,Low,Low
Accounting,Kolhapur,2,114896.5,False,2.5,0.0,,,9.7,40.227999999999994,0.0,0.0,0.0,0.0,17.0,46,19.4,46,24.3,46,Low,Low,Low
Accounting,Latur,4,225317.25,False,7.7,0.0,,,9.7515,39.448,0.0,0.0,0.0,0.0,22.0,50,24.4,50,29.3,50,Low,Low,Low
Accounting,Mumbai,5,37881.2,False,11.1,0.0,,,9.267,35.709500000000006,0.0,0.0,0.0,0.0,24.1,52,26.4,52,31.1,52,Low,Low,Low
Accounting,Nagpur,7,116345.0,False,13.0,0.0,,,9.1105,38.835,0.0,0.0,0.0,0.0,26.9,56,29.2,56,33.8,56,Low,Low,Low
Accounting,Nanded,4,159742.0,False,6.7,0.0,,,8.637,35.605000000000004,0.0,0.0,0.0,0.0,19.5,50,21.7,50,26.0,50,Low,Low,Low
Accounting,Nashik,4,52277.0,False,7.9,0.0,,,8.586,37.875,0.0,0.0,0.0,0.0,21.4,50,23.6,50,27.8,50,Low,Low,Low
Accounting,Osmanabad,2,149323.5,False,2.4,0.0,,,8.059999999999999,37.4765,0.0,0.0,0.0,0.0,15.7,46,17.7,46,21.7,46,Low,Low,Low
Accounting,Parbhani,6,182521.66666666666,False,10.2,0.0,,,9.2835,38.364,0.0,0.0,0.0,0.0,24.0,54,26.4,54,31.0,54,Low,Low,Low
Accounting,Pune,6,85083.0,False,13.9,0.0,,,8.681999999999999,40.851,0.0,0.0,0.0,0.0,28.3,54,30.5,54,34.8,54,Low,Low,Low
Accounting,Raigad,3,170127.66666666666,False,5.7,0.0,,,9.9115,39.47,0.0,0.0,0.0,0.0,20.0,48,22.5,48,27.5,48,Low,Low,Low
Accounting,Sangli,5,115741.2,False,12.5,0.0,,,9.5185,37.182,0.0,0.0,0.0,0.0,26.0,52,28.4,52,33.2,52,Low,Low,Low
Accounting,Satara,2,94114.5,False,2.5,0.0,,,9.8795,40.648,0.0,0.0,0.0,0.0,17.2,46,19.6,46,24.6,46,Low,Low,Low
Accounting,Yavatmal,4,203150.5,False,7.1,0.0,,,9.310500000000001,37.6325,0.0,0.0,0.0,0.0,20.7,50,23.0,50,27.7,50,Low,Low,Low
Adobe XD,Ahmednagar,8,131740.75,False,16.3,0.0,,,8.46,36.595,0.0,0.0,0.0,0.0,29.4,58,31.5,58,35.7,58,Low,Low,Medium
Adobe XD,Akola,3,235412.66666666666,False,4.3,0.0,,,9.0,33.019,0.0,0.0,0.0,0.0,16.5,48,18.7,48,23.2,48,Low,Low,Low
Adobe XD,Amravati,2,122545.5,False,3.2,0.0,,,8.8925,37.6035,0.0,0.0,0.0,0.0,16.7,46,18.9,46,23.4,46,Low,Low,Low
Adobe XD,Aurangabad,5,125888.4,False,10.3,0.0,,,7.6,38.486000000000004,0.0,0.0,0.0,0.0,23.7,52,25.6,52,29.4,52,Low,Low,Low
Adobe XD,Beed,5,66868.2,False,11.4,0.0,,,9.5965,42.417,0.0,0.0,0.0,0.0,26.5,52,28.9,52,33.7,52,Low,Low,Low
Adobe XD,Bhiwandi,5,269293.0,False,11.1,0.0,,,8.895,40.1755,0.0,0.0,0.0,0.0,25.4,52,27.6,52,32.0,52,Low,Low,Low
Adobe XD,Chandrapur,3,132672.33333333334,False,4.8,0.0,,,8.7865,35.588,0.0,0.0,0.0,0.0,17.7,48,19.9,48,24.3,48,Low,Low,Low
Adobe XD,Dhule,4,106478.5,False,9.1,0.0,,,10.1625,39.802,0.0,0.0,0.0,0.0,23.6,50,26.1,50,31.2,50,Low,Low,Low
Adobe XD,Jalgaon,3,127938.33333333333,False,5.3,0.0,,,8.879999999999999,37.665,0.0,0.0,0.0,0.0,18.8,48,21.0,48,25.5,48,Low,Low,Low
Adobe XD,Jalna,3,144592.33333333334,False,4.3,0.0,,,8.616499999999998,33.054500000000004,0.0,0.0,0.0,0.0,16.4,48,18.5,48,22.8,48,Low,Low,Low
Adobe XD,Kolhapur,1,47702.0,False,0.0,0.0,,,9.7,40.227999999999994,0.0,0.0,0.0,0.0,14.5,44,16.9,44,21.8,44,Low,Low,Low
Adobe XD,Latur,4,161813.5,False,7.7,0.0,,,9.7515,39.448,0.0,0.0,0.0,0.0,22.0,50,24.4,50,29.3,50,Low,Low,Low
Adobe XD,Mumbai,5,189802.0,False,11.1,0.0,,,9.267,35.709500000000006,0.0,0.0,0.0,0.0,24.1,52,26.4,52,31.1,52,Low,Low,Low
Adobe XD,Nagpur,10,123540.3,False,19.6,0.0,,,9.1105,38.835,0.0,0.0,0.0,0.0,33.5,62,35.8,62,40.4,62,Low,Medium,Medium
Adobe XD,Nanded,2,55221.5,False,2.2,0.0,,,8.637,35.605000000000004,0.0,0.0,0.0,0.0,15.0,46,17.2,46,21.5,46,Low,Low,Low
Adobe XD,Nashik,5,78835.6,False,10.5,0.0,,,8.586,37.875,0.0,0.0,0.0,0.0,24.0,52,26.2,52,30.4,52,Low,Low,Low
Adobe XD,Osmanabad,7,78517.14285714286,False,14.3,0.0,,,8.059999999999999,37.4765,0.0,0.0,0.0,0.0,27.6,56,29.6,56,33.6,56,Low,Low,Low
Adobe XD,Parbhani,5,63450.6,False,8.2,0.0,,,9.2835,38.364,0.0,0.0,0.0,0.0,22.0,52,24.4,52,29.0,52,Low,Low,Low
Adobe XD,Pune,3,75122.0,False,5.6,0.0,,,8.681999999999999,40.851,0.0,0.0,0.0,0.0,20.0,48,22.2,48,26.5,48,Low,Low,Low
Adobe XD,Raigad,2,69560.5,False,2.9,0.0,,,9.9115,39.47,0.0,0.0,0.0,0.0,17.2,46,19.7,46,24.7,46,Low,Low,Low
Adobe XD,Sangli,3,119835.33333333333,False,6.2,0.0,,,9.5185,37.182,0.0,0.0,0.0,0.0,19.7,48,22.1,48,26.9,48,Low,Low,Low
Adobe XD,Satara,7,129123.57142857143,False,15.0,0.0,,,9.8795,40.648,0.0,0.0,0.0,0.0,29.7,56,32.1,56,37.1,56,Low,Low,Medium
Adobe XD,Solapur,4,281561.5,False,7.1,0.0,,,9.0745,41.6085,0.0,0.0,0.0,0.0,21.9,50,24.1,50,28.7,50,Low,Low,Low
Adobe XD,Yavatmal,5,188347.6,False,9.5,0.0,,,9.310500000000001,37.6325,0.0,0.0,0.0,0.0,23.1,52,25.4,52,30.1,52,Low,Low,Low
Agile,Ahmednagar,21,129547.71428571429,False,46.5,0.0,,,8.46,36.595,0.0,0.0,0.0,0.0,59.6,77,61.7,77,65.9,77,Medium,Medium,High
Agile,Akola,15,99264.46666666666,False,29.8,0.0,,,9.0,33.019,0.0,0.0,0.0,0.0,42.0,72,44.2,72,48.7,72,Medium,Medium,Medium
Agile,Amravati,20,146501.7,False,61.3,0.0,,,8.8925,37.6035,0.0,0.0,0.0,0.0,74.8,77,77.0,77,81.5,77,High,High,High
Agile,Aurangabad,17,163586.23529411765,False,41.0,0.0,,,7.6,38.486000000000004,0.0,0.0,0.0,0.0,54.4,76,56.3,76,60.1,76,Medium,Medium,Medium
Agile,Beed,17,189582.41176470587,False,45.7,0.0,,,9.5965,42.417,0.0,0.0,0.0,0.0,60.8,76,63.2,76,68.0,76,Medium,Medium,High
Agile,Bhiwandi,17,156952.29411764705,False,44.4,0.0,,,8.895,40.1755,0.0,0.0,0.0,0.0,58.7,76,60.9,76,65.3,76,Medium,Medium,High
Agile,Chandrapur,24,107798.45833333333,False,54.8,0.0,,,8.7865,35.588,0.0,0.0,0.0,0.0,67.7,77,69.9,77,74.3,77,High,High,High
Agile,Dhule,18,78578.72222222222,False,51.5,0.0,,,10.1625,39.802,0.0,0.0,0.0,0.0,66.0,77,68.5,77,73.6,77,High,High,High
Agile,Jalgaon,21,118699.90476190476,False,52.6,0.0,,,8.879999999999999,37.665,0.0,0.0,0.0,0.0,66.1,77,68.3,77,72.8,77,High,High,High
Agile,Jalna,22,119216.59090909091,False,45.7,0.0,,,8.616499999999998,33.054500000000004,0.0,0.0,0.0,0.0,57.8,77,59.9,77,64.2,77,Medium,Medium,Medium
Agile,Kolhapur,15,114386.06666666667,False,35.0,0.0,,,9.7,40.227999999999994,0.0,0.0,0.0,0.0,49.5,72,51.9,72,56.8,72,Medium,Medium,Medium
Agile,Latur,14,212413.7857142857,False,33.3,0.0,,,9.7515,39.448,0.0,0.0,0.0,0.0,47.6,70,50.0,70,54.9,70,Medium,Medium,Medium
Agile,Mumbai,18,138167.66666666666,False,59.3,0.0,,,9.267,35.709500000000006,0.0,0.0,0.0,0.0,72.3,77,74.6,77,79.3,77,High,High,High
Agile,Nagpur,17,124723.35294117648,False,34.8,0.0,,,9.1105,38.835,0.0,0.0,0.0,0.0,48.7,76,51.0,76,55.6,76,Medium,Medium,Medium
Agile,Nanded,16,173644.4375,False,33.3,0.0,,,8.637,35.605000000000004,0.0,0.0,0.0,0.0,46.1,74,48.3,74,52.6,74,Medium,Medium,Medium
Agile,Nashik,13,107570.76923076923,False,31.6,0.0,,,8.586,37.875,0.0,0.0,0.0,0.0,45.1,68,47.3,68,51.5,68,Medium,Medium,Medium
Agile,Osmanabad,17,121822.76470588235,False,38.1,0.0,,,8.059999999999999,37.4765,0.0,0.0,0.0,0.0,51.4,76,53.4,76,57.4,76,Medium,Medium,Medium
Agile,Parbhani,22,111301.63636363637,False,42.9,0.0,,,9.2835,38.364,0.0,0.0,0.0,0.0,56.7,77,59.1,77,63.7,77,Medium,Medium,Medium
Agile,Pune,18,116420.94444444444,False,47.2,0.0,,,8.681999999999999,40.851,0.0,0.0,0.0,0.0,61.6,77,63.8,77,68.1,77,Medium,Medium,High
Agile,Raigad,10,160407.4,False,25.7,0.0,,,9.9115,39.47,0.0,0.0,0.0,0.0,40.0,62,42.5,62,47.5,62,Medium,Medium,Medium
Agile,Sangli,21,155227.42857142858,False,62.5,0.0,,,9.5185,37.182,0.0,0.0,0.0,0.0,76.0,77,78.4,77,83.2,77,High,High,High
Agile,Satara,25,114798.24,False,60.0,0.0,,,9.8795,40.648,0.0,0.0,0.0,0.0,74.7,77,77.1,77,82.1,77,High,High,High
Agile,Solapur,13,138460.61538461538,False,28.6,0.0,,,9.0745,41.6085,0.0,0.0,0.0,0.0,43.4,68,45.6,68,50.2,68,Medium,Medium,Medium
Agile,Yavatmal,20,109562.8,False,45.2,0.0,,,9.310500000000001,37.6325,0.0,0.0,0.0,0.0,58.8,77,61.1,77,65.8,77,Medium,Medium,High
Ansible,Ahmednagar,4,96323.0,False,7.0,0.0,,,8.46,36.595,0.0,0.0,0.0,0.0,20.1,50,22.2,50,26.4,50,Low,Low,Low
Ansible,Akola,6,138964.83333333334,False,10.6,0.0,,,9.0,33.019,0.0,0.0,0.0,0.0,22.8,54,25.0,54,29.5,54,Low,Low,Low
Ansible,Amravati,4,147724.0,False,9.7,0.0,,,8.8925,37.6035,0.0,0.0,0.0,0.0,23.2,50,25.4,50,29.9,50,Low,Low,Low
Ansible,Aurangabad,5,314266.8,False,10.3,0.0,,,7.6,38.486000000000004,0.0,0.0,0.0,0.0,23.7,52,25.6,52,29.4,52,Low,Low,Low
Ansible,Beed,3,88994.33333333333,False,5.7,0.0,,,9.5965,42.417,0.0,0.0,0.0,0.0,20.8,48,23.2,48,28.0,48,Low,Low,Low
Ansible,Bhiwandi,3,157336.0,False,5.6,0.0,,,8.895,40.1755,0.0,0.0,0.0,0.0,19.9,48,22.1,48,26.5,48,Low,Low,Low
Ansible,Chandrapur,2,240313.0,False,2.4,0.0,,,8.7865,35.588,0.0,0.0,0.0,0.0,15.3,46,17.5,46,21.9,46,Low,Low,Low
Ansible,Dhule,3,113927.66666666667,False,6.1,0.0,,,10.1625,39.802,0.0,0.0,0.0,0.0,20.6,48,23.1,48,28.2,48,Low,Low,Low
Ansible,Jalgaon,3,77196.66666666667,False,5.3,0.0,,,8.879999999999999,37.665,0.0,0.0,0.0,0.0,18.8,48,21.0,48,25.5,48,Low,Low,Low
Ansible,Jalna,2,70063.5,False,2.2,0.0,,,8.616499999999998,33.054500000000004,0.0,0.0,0.0,0.0,14.3,46,16.4,46,20.7,46,Low,Low,Low
Ansible,Kolhapur,4,275810.0,False,7.5,0.0,,,9.7,40.227999999999994,0.0,0.0,0.0,0.0,22.0,50,24.4,50,29.3,50,Low,Low,Low
Ansible,Mumbai,3,118340.66666666667,False,3.7,0.0,,,9.267,35.709500000000006,0.0,0.0,0.0,0.0,16.7,48,19.0,48,23.7,48,Low,Low,Low
Ansible,Nagpur,1,189268.0,False,0.0,0.0,,,9.1105,38.835,0.0,0.0,0.0,0.0,13.9,44,16.2,44,20.8,44,Low,Low,Low
Ansible,Nanded,4,263193.5,False,6.7,0.0,,,8.637,35.605000000000004,0.0,0.0,0.0,0.0,19.5,50,21.7,50,26.0,50,Low,Low,Low
Ansible,Nashik,3,89856.33333333333,False,5.3,0.0,,,8.586,37.875,0.0,0.0,0.0,0.0,18.8,48,21.0,48,25.2,48,Low,Low,Low
Ansible,Osmanabad,5,79148.2,False,9.5,0.0,,,8.059999999999999,37.4765,0.0,0.0,0.0,0.0,22.8,52,24.8,52,28.8,52,Low,Low,Low
Ansible,Parbhani,5,157742.0,False,8.2,0.0,,,9.2835,38.364,0.0,0.0,0.0,0.0,22.0,52,24.4,52,29.0,52,Low,Low,Low
Ansible,Pune,2,22991.5,False,2.8,0.0,,,8.681999999999999,40.851,0.0,0.0,0.0,0.0,17.2,46,19.4,46,23.7,46,Low,Low,Low
Ansible,Raigad,3,83103.0,False,5.7,0.0,,,9.9115,39.47,0.0,0.0,0.0,0.0,20.0,48,22.5,48,27.5,48,Low,Low,Low
Ansible,Sangli,5,158245.2,False,12.5,0.0,,,9.5185,37.182,0.0,0.0,0.0,0.0,26.0,52,28.4,52,33.2,52,Low,Low,Low
Ansible,Satara,3,203889.66666666666,False,5.0,0.0,,,9.8795,40.648,0.0,0.0,0.0,0.0,19.7,48,22.1,48,27.1,48,Low,Low,Low
Ansible,Solapur,6,54742.833333333336,False,11.9,0.0,,,9.0745,41.6085,0.0,0.0,0.0,0.0,26.7,54,28.9,54,33.5,54,Low,Low,Low
Ansible,Yavatmal,5,74764.6,False,9.5,0.0,,,9.310500000000001,37.6325,0.0,0.0,0.0,0.0,23.1,52,25.4,52,30.1,52,Low,Low,Low
Arc Welding,Ahmednagar,4,82404.75,False,7.0,0.0,,,8.46,36.595,0.0,0.0,0.0,0.0,20.1,50,22.2,50,26.4,50,Low,Low,Low
Arc Welding,Akola,3,128419.0,False,4.3,0.0,,,9.0,33.019,0.0,0.0,0.0,0.0,16.5,48,18.7,48,23.2,48,Low,Low,Low
Arc Welding,Amravati,4,127474.5,False,9.7,0.0,,,8.8925,37.6035,0.0,0.0,0.0,0.0,23.2,50,25.4,50,29.9,50,Low,Low,Low
Arc Welding,Aurangabad,9,184182.44444444444,False,20.5,0.0,,,7.6,38.486000000000004,0.0,0.0,0.0,0.0,33.9,60,35.8,60,39.6,60,Low,Medium,Medium
Arc Welding,Beed,4,36127.0,False,8.6,0.0,,,9.5965,42.417,0.0,0.0,0.0,0.0,23.7,50,26.1,50,30.9,50,Low,Low,Low
Arc Welding,Bhiwandi,7,112998.57142857143,False,16.7,0.0,,,8.895,40.1755,0.0,0.0,0.0,0.0,31.0,56,33.2,56,37.6,56,Low,Low,Medium
Arc Welding,Chandrapur,3,127916.0,False,4.8,0.0,,,8.7865,35.588,0.0,0.0,0.0,0.0,17.7,48,19.9,48,24.3,48,Low,Low,Low
Arc Welding,Dhule,7,127475.28571428571,False,18.2,0.0,,,10.1625,39.802,0.0,0.0,0.0,0.0,32.7,56,35.2,56,40.3,56,Low,Medium,Medium
Arc Welding,Jalgaon,6,236133.33333333334,False,13.2,0.0,,,8.879999999999999,37.665,0.0,0.0,0.0,0.0,26.7,54,28.9,54,33.4,54,Low,Low,Low
Arc Welding,Jalna,9,151731.88888888888,False,17.4,0.0,,,8.616499999999998,33.054500000000004,0.0,0.0,0.0,0.0,29.5,60,31.6,60,35.9,60,Low,Low,Medium
Arc Welding,Kolhapur,7,206608.7142857143,False,15.0,0.0,,,9.7,40.227999999999994,0.0,0.0,0.0,0.0,29.5,56,31.9,56,36.8,56,Low,Low,Medium
Arc Welding,Latur,8,128883.375,False,17.9,0.0,,,9.7515,39.448,0.0,0.0,0.0,0.0,32.2,58,34.6,58,39.5,58,Low,Low,Medium
Arc Welding,Mumbai,3,85360.66666666667,False,3.7,0.0,,,9.267,35.709500000000006,0.0,0.0,0.0,0.0,16.7,48,19.0,48,23.7,48,Low,Low,Low
Arc Welding,Nagpur,8,328264.25,False,15.2,0.0,,,9.1105,38.835,0.0,0.0,0.0,0.0,29.1,58,31.4,58,36.0,58,Low,Low,Medium
Arc Welding,Nanded,2,21373.0,False,2.2,0.0,,,8.637,35.605000000000004,0.0,0.0,0.0,0.0,15.0,46,17.2,46,21.5,46,Low,Low,Low
Arc Welding,Nashik,10,168129.2,False,23.7,0.0,,,8.586,37.875,0.0,0.0,0.0,0.0,37.2,62,39.4,62,43.6,62,Medium,Medium,Medium
Arc Welding,Osmanabad,6,51349.666666666664,False,11.9,0.0,,,8.059999999999999,37.4765,0.0,0.0,0.0,0.0,25.2,54,27.2,54,31.2,54,Low,Low,Low
Arc Welding,Parbhani,5,200253.8,False,8.2,0.0,,,9.2835,38.364,0.0,0.0,0.0,0.0,22.0,52,24.4,52,29.0,52,Low,Low,Low
Arc Welding,Pune,10,188080.9,False,25.0,0.0,,,8.681999999999999,40.851,0.0,0.0,0.0,0.0,39.4,62,41.6,62,45.9,62,Medium,Medium,Medium
Arc Welding,Raigad,6,126262.66666666667,False,14.3,0.0,,,9.9115,39.47,0.0,0.0,0.0,0.0,28.6,54,31.1,54,36.1,54,Low,Low,Medium
Arc Welding,Sangli,3,86965.66666666667,False,6.2,0.0,,,9.5185,37.182,0.0,0.0,0.0,0.0,19.7,48,22.1,48,26.9,48,Low,Low,Low
Arc Welding,Satara,4,359306.5,False,7.5,0.0,,,9.8795,40.648,0.0,0.0,0.0,0.0,22.2,50,24.6,50,29.6,50,Low,Low,Low
Arc Welding,Solapur,9,98349.11111111111,False,19.0,0.0,,,9.0745,41.6085,0.0,0.0,0.0,0.0,33.8,60,36.0,60,40.6,60,Low,Medium,Medium
Arc Welding,Yavatmal,5,142796.4,False,9.5,0.0,,,9.310500000000001,37.6325,0.0,0.0,0.0,0.0,23.1,52,25.4,52,30.1,52,Low,Low,Low
Assembly,Ahmednagar,5,231174.0,False,9.3,0.0,,,8.46,36.595,0.0,0.0,0.0,0.0,22.4,52,24.5,52,28.7,52,Low,Low,Low
Assembly,Akola,2,34164.0,False,2.1,0.0,,,9.0,33.019,0.0,0.0,0.0,0.0,14.3,46,16.5,46,21.0,46,Low,Low,Low
Assembly,Amravati,5,155299.0,False,12.9,0.0,,,8.8925,37.6035,0.0,0.0,0.0,0.0,26.4,52,28.6,52,33.1,52,Low,Low,Low
Assembly,Aurangabad,9,160590.11111111112,False,20.5,0.0,,,7.6,38.486000000000004,0.0,0.0,0.0,0.0,33.9,60,35.8,60,39.6,60,Low,Medium,Medium
Assembly,Beed,4,128134.0,False,8.6,0.0,,,9.5965,42.417,0.0,0.0,0.0,0.0,23.7,50,26.1,50,30.9,50,Low,Low,Low
Assembly,Bhiwandi,6,130961.0,False,13.9,0.0,,,8.895,40.1755,0.0,0.0,0.0,0.0,28.2,54,30.4,54,34.8,54,Low,Low,Low
Assembly,Chandrapur,4,163210.0,False,7.1,0.0,,,8.7865,35.588,0.0,0.0,0.0,0.0,20.0,50,22.2,50,26.6,50,Low,Low,Low
Assembly,Dhule,4,252959.75,False,9.1,0.0,,,10.1625,39.802,0.0,0.0,0.0,0.0,23.6,50,26.1,50,31.2,50,Low,Low,Low
Assembly,Jalgaon,4,79835.0,False,7.9,0.0,,,8.879999999999999,37.665,0.0,0.0,0.0,0.0,21.4,50,23.6,50,28.1,50,Low,Low,Low
Assembly,Jalna,5,223216.2,False,8.7,0.0,,,8.616499999999998,33.054500000000004,0.0,0.0,0.0,0.0,20.8,52,22.9,52,27.2,52,Low,Low,Low
Assembly,Kolhapur,9,165402.77777777778,False,20.0,0.0,,,9.7,40.227999999999994,0.0,0.0,0.0,0.0,34.5,60,36.9,60,41.8,60,Low,Medium,Medium
Assembly,Latur,3,43545.333333333336,False,5.1,0.0,,,9.7515,39.448,0.0,0.0,0.0,0.0,19.4,48,21.8,48,26.7,48,Low,Low,Low
Assembly,Mumbai,5,194122.6,False,11.1,0.0,,,9.267,35.709500000000006,0.0,0.0,0.0,0.0,24.1,52,26.4,52,31.1,52,Low,Low,Low
Assembly,Nagpur,5,108399.6,False,8.7,0.0,,,9.1105,38.835,0.0,0.0,0.0,0.0,22.6,52,24.9,52,29.5,52,Low,Low,Low
Assembly,Nanded,7,153572.2857142857,False,13.3,0.0,,,8.637,35.605000000000004,0.0,0.0,0.0,0.0,26.1,56,28.3,56,32.6,56,Low,Low,Low
Assembly,Nashik,10,100734.7,False,23.7,0.0,,,8.586,37.875,0.0,0.0,0.0,0.0,37.2,62,39.4,62,43.6,62,Medium,Medium,Medium
Assembly,Osmanabad,4,223632.75,False,7.1,0.0,,,8.059999999999999,37.4765,0.0,0.0,0.0,0.0,20.4,50,22.4,50,26.4,50,Low,Low,Low
Assembly,Parbhani,4,90841.25,False,6.1,0.0,,,9.2835,38.364,0.0,0.0,0.0,0.0,19.9,50,22.3,50,26.9,50,Low,Low,Low
Assembly,Pune,7,146861.42857142858,False,16.7,0.0,,,8.681999999999999,40.851,0.0,0.0,0.0,0.0,31.1,56,33.3,56,37.6,56,Low,Low,Medium
Assembly,Raigad,2,190338.0,False,2.9,0.0,,,9.9115,39.47,0.0,0.0,0.0,0.0,17.2,46,19.7,46,24.7,46,Low,Low,Low
Assembly,Sangli,8,129092.375,False,21.9,0.0,,,9.5185,37.182,0.0,0.0,0.0,0.0,35.4,58,37.8,58,42.6,58,Medium,Medium,Medium
Assembly,Satara,1,249695.0,False,0.0,0.0,,,9.8795,40.648,0.0,0.0,0.0,0.0,14.7,44,17.1,44,22.1,44,Low,Low,Low
Assembly,Solapur,4,167568.5,False,7.1,0.0,,,9.0745,41.6085,0.0,0.0,0.0,0.0,21.9,50,24.1,50,28.7,50,Low,Low,Low
Assembly,Yavatmal,5,199577.0,False,9.5,0.0,,,9.310500000000001,37.6325,0.0,0.0,0.0,0.0,23.1,52,25.4,52,30.1,52,Low,Low,Low
Assessment,Ahmednagar,15,139683.86666666667,False,32.6,0.0,,,8.46,36.595,0.0,0.0,0.0,0.0,45.7,72,47.8,72,52.0,72,Medium,Medium,Medium
Assessment,Akola,9,111753.33333333333,False,17.0,0.0,,,9.0,33.019,0.0,0.0,0.0,0.0,29.2,60,31.4,60,35.9,60,Low,Low,Medium
Assessment,Amravati,11,167432.72727272726,False,32.3,0.0,,,8.8925,37.6035,0.0,0.0,0.0,0.0,45.8,64,48.0,64,52.5,64,Medium,Medium,Medium
Assessment,Aurangabad,12,201975.25,False,28.2,0.0,,,7.6,38.486000000000004,0.0,0.0,0.0,0.0,41.6,66,43.5,66,47.3,66,Medium,Medium,Medium
Assessment,Beed,15,214239.6,False,40.0,0.0,,,9.5965,42.417,0.0,0.0,0.0,0.0,55.1,72,57.5,72,62.3,72,Medium,Medium,Medium
Assessment,Bhiwandi,15,127317.73333333334,False,38.9,0.0,,,8.895,40.1755,0.0,0.0,0.0,0.0,53.2,72,55.4,72,59.8,72,Medium,Medium,Medium
Assessment,Chandrapur,12,135501.83333333334,False,26.2,0.0,,,8.7865,35.588,0.0,0.0,0.0,0.0,39.1,66,41.3,66,45.7,66,Medium,Medium,Medium
Assessment,Dhule,9,230983.11111111112,False,24.2,0.0,,,10.1625,39.802,0.0,0.0,0.0,0.0,38.7,60,41.2,60,46.3,60,Medium,Medium,Medium
Assessment,Jalgaon,11,140573.0,False,26.3,0.0,,,8.879999999999999,37.665,0.0,0.0,0.0,0.0,39.8,64,42.0,64,46.5,64,Medium,Medium,Medium
Assessment,Jalna,11,127484.63636363637,False,21.7,0.0,,,8.616499999999998,33.054500000000004,0.0,0.0,0.0,0.0,33.8,64,35.9,64,40.2,64,Low,Medium,Medium
Assessment,Kolhapur,6,142101.33333333334,False,12.5,0.0,,,9.7,40.227999999999994,0.0,0.0,0.0,0.0,27.0,54,29.4,54,34.3,54,Low,Low,Low
Assessment,Latur,12,134715.66666666666,False,28.2,0.0,,,9.7515,39.448,0.0,0.0,0.0,0.0,42.5,66,44.9,66,49.8,66,Medium,Medium,Medium
Assessment,Mumbai,6,169888.5,False,14.8,0.0,,,9.267,35.709500000000006,0.0,0.0,0.0,0.0,27.8,54,30.1,54,34.8,54,Low,Low,Low
Assessment,Nagpur,12,162120.16666666666,False,23.9,0.0,,,9.1105,38.835,0.0,0.0,0.0,0.0,37.8,66,40.1,66,44.7,66,Medium,Medium,Medium
Assessment,Nanded,13,144134.61538461538,False,26.7,0.0,,,8.637,35.605000000000004,0.0,0.0,0.0,0.0,39.5,68,41.7,68,46.0,68,Medium,Medium,Medium
Assessment,Nashik,13,118990.38461538461,False,31.6,0.0,,,8.586,37.875,0.0,0.0,0.0,0.0,45.1,68,47.3,68,51.5,68,Medium,Medium,Medium
Assessment,Osmanabad,3,202954.33333333334,False,4.8,0.0,,,8.059999999999999,37.4765,0.0,0.0,0.0,0.0,18.1,48,20.1,48,24.1,48,Low,Low,Low
Assessment,Parbhani,13,163404.6923076923,False,24.5,0.0,,,9.2835,38.364,0.0,0.0,0.0,0.0,38.3,68,40.7,68,45.3,68,Medium,Medium,Medium
Assessment,Pune,6,69943.66666666667,False,13.9,0.0,,,8.681999999999999,40.851,0.0,0.0,0.0,0.0,28.3,54,30.5,54,34.8,54,Low,Low,Low
Assessment,Raigad,6,130329.83333333333,False,14.3,0.0,,,9.9115,39.47,0.0,0.0,0.0,0.0,28.6,54,31.1,54,36.1,54,Low,Low,Medium
Assessment,Sangli,8,103289.0,False,21.9,0.0,,,9.5185,37.182,0.0,0.0,0.0,0.0,35.4,58,37.8,58,42.6,58,Medium,Medium,Medium
Assessment,Satara,15,123355.06666666667,False,35.0,0.0,,,9.8795,40.648,0.0,0.0,0.0,0.0,49.7,72,52.1,72,57.1,72,Medium,Medium,Medium
Assessment,Solapur,13,153260.92307692306,False,28.6,0.0,,,9.0745,41.6085,0.0,0.0,0.0,0.0,43.4,68,45.6,68,50.2,68,Medium,Medium,Medium
Assessment,Yavatmal,11,127386.45454545454,False,23.8,0.0,,,9.310500000000001,37.6325,0.0,0.0,0.0,0.0,37.4,64,39.7,64,44.4,64,Medium,Medium,Medium
Azure,Ahmednagar,3,215792.0,True,4.7,24.759999999999998,Medium,Rapidly Growing,8.46,36.595,8.0,0.0,8.0,-5.0,27.0,56,35.3,56,51.9,56,Low,Medium,Medium
Azure,Akola,4,132399.0,True,6.4,24.759999999999998,Medium,Rapidly Growing,9.0,33.019,8.0,0.0,8.0,-5.0,27.7,58,36.2,58,53.1,58,Low,Medium,Medium
Azure,Amravati,5,196519.0,True,12.9,24.759999999999998,Medium,Rapidly Growing,8.8925,37.6035,8.0,0.0,8.0,-5.0,35.6,60,44.0,60,60.8,60,Medium,Medium,Medium
Azure,Aurangabad,3,96107.0,True,5.1,24.759999999999998,Medium,Rapidly Growing,7.6,38.486000000000004,8.0,0.0,8.0,-5.0,27.7,56,35.8,56,52.0,56,Low,Medium,Medium
Azure,Beed,6,130372.83333333333,True,14.3,24.759999999999998,Medium,Rapidly Growing,9.5965,42.417,8.0,0.0,8.0,-5.0,38.6,62,47.2,62,64.4,62,Medium,Medium,Medium
Azure,Bhiwandi,7,229746.0,True,16.7,24.759999999999998,Medium,Rapidly Growing,8.895,40.1755,8.0,0.0,8.0,-5.0,40.2,64,48.6,64,65.4,64,Medium,Medium,High
Azure,Chandrapur,5,91362.4,True,9.5,24.759999999999998,Medium,Rapidly Growing,8.7865,35.588,8.0,0.0,8.0,-5.0,31.6,60,39.9,60,56.7,60,Low,Medium,Medium
Azure,Dhule,2,195646.0,True,3.0,24.759999999999998,Medium,Rapidly Growing,10.1625,39.802,8.0,0.0,8.0,-5.0,26.7,54,35.4,54,52.9,54,Low,Medium,Medium
Azure,Jalgaon,2,58801.5,True,2.6,24.759999999999998,Medium,Rapidly Growing,8.879999999999999,37.665,8.0,0.0,8.0,-5.0,25.3,54,33.7,54,50.5,54,Low,Low,Medium
Azure,Jalna,5,164434.2,True,8.7,24.759999999999998,Medium,Rapidly Growing,8.616499999999998,33.054500000000004,8.0,0.0,8.0,-5.0,30.0,60,38.3,60,55.0,60,Low,Medium,Medium
Azure,Kolhapur,3,68483.0,True,5.0,24.759999999999998,Medium,Rapidly Growing,9.7,40.227999999999994,8.0,0.0,8.0,-5.0,28.7,56,37.3,56,54.5,56,Low,Medium,Medium
Azure,Latur,3,166100.33333333334,True,5.1,24.759999999999998,Medium,Rapidly Growing,9.7515,39.448,8.0,0.0,8.0,-5.0,28.6,56,37.2,56,54.4,56,Low,Medium,Medium
Azure,Mumbai,3,115682.33333333333,True,3.7,24.759999999999998,Medium,Rapidly Growing,9.267,35.709500000000006,8.0,0.0,8.0,-5.0,25.9,56,34.4,56,51.4,56,Low,Low,Medium
Azure,Nagpur,6,239110.16666666666,True,10.9,24.759999999999998,Medium,Rapidly Growing,9.1105,38.835,8.0,0.0,8.0,-5.0,34.0,62,42.5,62,59.4,62,Low,Medium,Medium
Azure,Nashik,11,95509.45454545454,True,26.3,24.759999999999998,Medium,Rapidly Growing,8.586,37.875,8.0,0.0,8.0,-5.0,49.0,72,57.3,72,74.0,72,Medium,Medium,High
Azure,Osmanabad,2,86830.0,True,2.4,24.759999999999998,Medium,Rapidly Growing,8.059999999999999,37.4765,8.0,0.0,8.0,-5.0,24.8,54,33.1,54,49.5,54,Low,Low,Medium
Azure,Parbhani,5,88232.2,True,8.2,24.759999999999998,Medium,Rapidly Growing,9.2835,38.364,8.0,0.0,8.0,-5.0,31.2,60,39.7,60,56.8,60,Low,Medium,Medium
Azure,Pune,5,159012.2,True,11.1,24.759999999999998,Medium,Rapidly Growing,8.681999999999999,40.851,8.0,0.0,8.0,-5.0,34.7,60,43.1,60,59.8,60,Low,Medium,Medium
Azure,Raigad,5,60766.6,True,11.4,24.759999999999998,Medium,Rapidly Growing,9.9115,39.47,8.0,0.0,8.0,-5.0,34.9,60,43.6,60,60.9,60,Low,Medium,Medium
Azure,Sangli,1,181858.0,True,0.0,24.759999999999998,Medium,Rapidly Growing,9.5185,37.182,8.0,0.0,8.0,-5.0,22.7,52,31.3,52,48.4,52,Low,Low,Medium
Azure,Satara,2,54032.5,True,2.5,24.759999999999998,Medium,Rapidly Growing,9.8795,40.648,8.0,0.0,8.0,-5.0,26.4,54,35.0,54,52.3,54,Low,Medium,Medium
Azure,Solapur,6,89572.0,True,11.9,24.759999999999998,Medium,Rapidly Growing,9.0745,41.6085,8.0,0.0,8.0,-5.0,35.8,62,44.3,62,61.2,62,Medium,Medium,Medium
Azure,Yavatmal,2,56439.5,True,2.4,24.759999999999998,Medium,Rapidly Growing,9.310500000000001,37.6325,8.0,0.0,8.0,-5.0,25.2,54,33.7,54,50.8,54,Low,Low,Medium
Blueprint Reading,Ahmednagar,9,192308.0,True,18.6,0.6974999999999999,Low,Stable,8.46,36.595,0.0,0.0,0.0,0.0,31.9,68,34.2,68,38.7,68,Low,Low,Medium
Blueprint Reading,Akola,8,105644.0,True,14.9,0.6974999999999999,Low,Stable,9.0,33.019,0.0,0.0,0.0,0.0,27.2,66,29.7,66,34.5,66,Low,Low,Low
Blueprint Reading,Amravati,10,121358.7,True,29.0,0.6974999999999999,Low,Stable,8.8925,37.6035,0.0,0.0,0.0,0.0,42.7,70,45.1,70,49.9,70,Medium,Medium,Medium
Blueprint Reading,Aurangabad,20,177633.3,True,48.7,0.6974999999999999,Low,Stable,7.6,38.486000000000004,0.0,0.0,0.0,0.0,62.3,85,64.4,85,68.5,85,Medium,Medium,High
Blueprint Reading,Beed,9,80842.22222222222,True,22.9,0.6974999999999999,Low,Stable,9.5965,42.417,0.0,0.0,0.0,0.0,38.2,68,40.8,68,45.9,68,Medium,Medium,Medium
Blueprint Reading,Bhiwandi,12,103235.5,True,30.6,0.6974999999999999,Low,Stable,8.895,40.1755,0.0,0.0,0.0,0.0,45.1,74,47.4,74,52.2,74,Medium,Medium,Medium
Blueprint Reading,Chandrapur,8,142844.0,True,16.7,0.6974999999999999,Low,Stable,8.7865,35.588,0.0,0.0,0.0,0.0,29.7,66,32.1,66,36.9,66,Low,Low,Medium
Blueprint Reading,Dhule,14,172467.7857142857,True,39.4,0.6974999999999999,Low,Stable,10.1625,39.802,0.0,0.0,0.0,0.0,54.1,78,56.8,78,62.2,78,Medium,Medium,Medium
Blueprint Reading,Jalgaon,8,227787.25,True,18.4,0.6974999999999999,Low,Stable,8.879999999999999,37.665,0.0,0.0,0.0,0.0,32.1,66,34.5,66,39.3,66,Low,Low,Medium
Blueprint Reading,Jalna,12,188223.83333333334,True,23.9,0.6974999999999999,Low,Stable,8.616499999999998,33.054500000000004,0.0,0.0,0.0,0.0,36.1,74,38.5,74,43.1,74,Medium,Medium,Medium
Blueprint Reading,Kolhapur,15,182041.8,True,35.0,0.6974999999999999,Low,Stable,9.7,40.227999999999994,0.0,0.0,0.0,0.0,49.7,80,52.3,80,57.5,80,Medium,Medium,Medium
Blueprint Reading,Latur,8,149167.875,True,17.9,0.6974999999999999,Low,Stable,9.7515,39.448,0.0,0.0,0.0,0.0,32.3,66,35.0,66,40.2,66,Low,Medium,Medium
Blueprint Reading,Mumbai,5,167255.4,True,11.1,0.6974999999999999,Low,Stable,9.267,35.709500000000006,0.0,0.0,0.0,0.0,24.3,60,26.8,60,31.8,60,Low,Low,Low
Blueprint Reading,Nagpur,13,200335.46153846153,True,26.1,0.6974999999999999,Low,Stable,9.1105,38.835,0.0,0.0,0.0,0.0,40.2,76,42.7,76,47.6,76,Medium,Medium,Medium
Blueprint Reading,Nanded,10,95177.0,True,20.0,0.6974999999999999,Low,Stable,8.637,35.605000000000004,0.0,0.0,0.0,0.0,33.0,70,35.3,70,40.0,70,Low,Medium,Medium
Blueprint Reading,Nashik,17,140196.82352941178,True,42.1,0.6974999999999999,Low,Stable,8.586,37.875,0.0,0.0,0.0,0.0,55.8,84,58.1,84,62.7,84,Medium,Medium,Medium
Blueprint Reading,Osmanabad,9,125232.55555555556,True,19.0,0.6974999999999999,Low,Stable,8.059999999999999,37.4765,0.0,0.0,0.0,0.0,32.4,68,34.6,68,39.0,68,Low,Low,Medium
Blueprint Reading,Parbhani,11,155778.0909090909,True,20.4,0.6974999999999999,Low,Stable,9.2835,38.364,0.0,0.0,0.0,0.0,34.4,72,36.9,72,41.9,72,Low,Medium,Medium
Blueprint Reading,Pune,16,154166.0,True,41.7,0.6974999999999999,Low,Stable,8.681999999999999,40.851,0.0,0.0,0.0,0.0,56.3,82,58.6,82,63.3,82,Medium,Medium,Medium
Blueprint Reading,Raigad,9,169378.44444444444,True,22.9,0.6974999999999999,Low,Stable,9.9115,39.47,0.0,0.0,0.0,0.0,37.4,68,40.0,68,45.4,68,Medium,Medium,Medium
Blueprint Reading,Sangli,10,137357.4,True,28.1,0.6974999999999999,Low,Stable,9.5185,37.182,0.0,0.0,0.0,0.0,41.8,70,44.4,70,49.5,70,Medium,Medium,Medium
Blueprint Reading,Satara,6,359426.5,True,12.5,0.6974999999999999,Low,Stable,9.8795,40.648,0.0,0.0,0.0,0.0,27.3,62,30.0,62,35.3,62,Low,Low,Medium
Blueprint Reading,Solapur,11,159929.45454545456,True,23.8,0.6974999999999999,Low,Stable,9.0745,41.6085,0.0,0.0,0.0,0.0,38.7,72,41.2,72,46.1,72,Medium,Medium,Medium
Blueprint Reading,Yavatmal,9,134481.0,True,19.0,0.6974999999999999,Low,Stable,9.310500000000001,37.6325,0.0,0.0,0.0,0.0,32.8,68,35.3,68,40.3,68,Low,Medium,Medium
Bug Tracking,Ahmednagar,4,233358.75,False,7.0,0.0,,,8.46,36.595,0.0,0.0,0.0,0.0,20.1,50,22.2,50,26.4,50,Low,Low,Low
Bug Tracking,Akola,5,121836.4,False,8.5,0.0,,,9.0,33.019,0.0,0.0,0.0,0.0,20.7,52,22.9,52,27.4,52,Low,Low,Low
Bug Tracking,Amravati,1,23057.0,False,0.0,0.0,,,8.8925,37.6035,0.0,0.0,0.0,0.0,13.5,44,15.7,44,20.2,44,Low,Low,Low
Bug Tracking,Aurangabad,6,97434.83333333333,False,12.8,0.0,,,7.6,38.486000000000004,0.0,0.0,0.0,0.0,26.2,54,28.1,54,31.9,54,Low,Low,Low
Bug Tracking,Beed,3,235767.33333333334,False,5.7,0.0,,,9.5965,42.417,0.0,0.0,0.0,0.0,20.8,48,23.2,48,28.0,48,Low,Low,Low
Bug Tracking,Bhiwandi,5,173158.2,False,11.1,0.0,,,8.895,40.1755,0.0,0.0,0.0,0.0,25.4,52,27.6,52,32.0,52,Low,Low,Low
Bug Tracking,Chandrapur,1,23498.0,False,0.0,0.0,,,8.7865,35.588,0.0,0.0,0.0,0.0,12.9,44,15.1,44,19.5,44,Low,Low,Low
Bug Tracking,Dhule,3,148699.0,False,6.1,0.0,,,10.1625,39.802,0.0,0.0,0.0,0.0,20.6,48,23.1,48,28.2,48,Low,Low,Low
Bug Tracking,Jalgaon,7,181252.14285714287,False,15.8,0.0,,,8.879999999999999,37.665,0.0,0.0,0.0,0.0,29.3,56,31.5,56,36.0,56,Low,Low,Medium
Bug Tracking,Jalna,3,46065.333333333336,False,4.3,0.0,,,8.616499999999998,33.054500000000004,0.0,0.0,0.0,0.0,16.4,48,18.5,48,22.8,48,Low,Low,Low
Bug Tracking,Kolhapur,3,125172.66666666667,False,5.0,0.0,,,9.7,40.227999999999994,0.0,0.0,0.0,0.0,19.5,48,21.9,48,26.8,48,Low,Low,Low
Bug Tracking,Latur,2,415800.0,False,2.6,0.0,,,9.7515,39.448,0.0,0.0,0.0,0.0,16.9,46,19.3,46,24.2,46,Low,Low,Low
Bug Tracking,Mumbai,4,125469.0,False,7.4,0.0,,,9.267,35.709500000000006,0.0,0.0,0.0,0.0,20.4,50,22.7,50,27.4,50,Low,Low,Low
Bug Tracking,Nagpur,3,123124.0,False,4.3,0.0,,,9.1105,38.835,0.0,0.0,0.0,0.0,18.2,48,20.5,48,25.1,48,Low,Low,Low
Bug Tracking,Nanded,5,169505.8,False,8.9,0.0,,,8.637,35.605000000000004,0.0,0.0,0.0,0.0,21.7,52,23.9,52,28.2,52,Low,Low,Low
Bug Tracking,Nashik,4,40150.0,False,7.9,0.0,,,8.586,37.875,0.0,0.0,0.0,0.0,21.4,50,23.6,50,27.8,50,Low,Low,Low
Bug Tracking,Osmanabad,5,174314.6,False,9.5,0.0,,,8.059999999999999,37.4765,0.0,0.0,0.0,0.0,22.8,52,24.8,52,28.8,52,Low,Low,Low
Bug Tracking,Parbhani,5,85152.2,False,8.2,0.0,,,9.2835,38.364,0.0,0.0,0.0,0.0,22.0,52,24.4,52,29.0,52,Low,Low,Low
Bug Tracking,Pune,3,122180.33333333333,False,5.6,0.0,,,8.681999999999999,40.851,0.0,0.0,0.0,0.0,20.0,48,22.2,48,26.5,48,Low,Low,Low
Bug Tracking,Sangli,2,155537.5,False,3.1,0.0,,,9.5185,37.182,0.0,0.0,0.0,0.0,16.6,46,19.0,46,23.8,46,Low,Low,Low
Bug Tracking,Satara,5,99544.0,False,10.0,0.0,,,9.8795,40.648,0.0,0.0,0.0,0.0,24.7,52,27.1,52,32.1,52,Low,Low,Low
Bug Tracking,Solapur,2,184573.5,False,2.4,0.0,,,9.0745,41.6085,0.0,0.0,0.0,0.0,17.2,46,19.4,46,24.0,46,Low,Low,Low
Bug Tracking,Yavatmal,6,106866.33333333333,False,11.9,0.0,,,9.310500000000001,37.6325,0.0,0.0,0.0,0.0,25.5,54,27.8,54,32.5,54,Low,Low,Low
CI/CD,Ahmednagar,5,130466.0,True,9.3,26.4375,Medium,Rapidly Growing,8.46,36.595,0.0,0.0,0.0,-5.0,24.0,60,32.7,60,50.2,60,Low,Low,Medium
CI/CD,Akola,5,131192.0,True,8.5,26.4375,Medium,Rapidly Growing,9.0,33.019,0.0,0.0,0.0,-5.0,22.3,60,31.1,60,48.8,60,Low,Low,Medium
CI/CD,Amravati,3,93380.66666666667,True,6.5,26.4375,Medium,Rapidly Growing,8.8925,37.6035,0.0,0.0,0.0,-5.0,21.6,56,30.4,56,48.1,56,Low,Low,Medium
CI/CD,Aurangabad,5,200086.4,True,10.3,26.4375,Medium,Rapidly Growing,7.6,38.486000000000004,0.0,0.0,0.0,-5.0,25.4,60,33.9,60,50.9,60,Low,Low,Medium
CI/CD,Beed,2,73420.0,True,2.9,26.4375,Medium,Rapidly Growing,9.5965,42.417,0.0,0.0,0.0,-5.0,19.6,54,28.6,54,46.7,54,Low,Low,Medium
CI/CD,Bhiwandi,3,157336.0,True,5.6,26.4375,Medium,Rapidly Growing,8.895,40.1755,0.0,0.0,0.0,-5.0,21.5,56,30.3,56,48.0,56,Low,Low,Medium
CI/CD,Chandrapur,2,240313.0,True,2.4,26.4375,Medium,Rapidly Growing,8.7865,35.588,0.0,0.0,0.0,-5.0,16.9,54,25.7,54,43.3,54,Low,Low,Medium
CI/CD,Dhule,3,111059.66666666667,True,6.1,26.4375,Medium,Rapidly Growing,10.1625,39.802,0.0,0.0,0.0,-5.0,22.2,56,31.3,56,49.6,56,Low,Low,Medium
CI/CD,Jalgaon,5,67265.8,True,10.5,26.4375,Medium,Rapidly Growing,8.879999999999999,37.665,0.0,0.0,0.0,-5.0,25.6,60,34.5,60,52.1,60,Low,Low,Medium
CI/CD,Jalna,5,205386.0,True,8.7,26.4375,Medium,Rapidly Growing,8.616499999999998,33.054500000000004,0.0,0.0,0.0,-5.0,22.4,60,31.1,60,48.7,60,Low,Low,Medium
CI/CD,Kolhapur,4,134842.25,True,7.5,26.4375,Medium,Rapidly Growing,9.7,40.227999999999994,0.0,0.0,0.0,-5.0,23.6,58,32.6,58,50.7,58,Low,Low,Medium
CI/CD,Mumbai,5,126631.2,True,11.1,26.4375,Medium,Rapidly Growing,9.267,35.709500000000006,0.0,0.0,0.0,-5.0,25.7,60,34.7,60,52.5,60,Low,Low,Medium
CI/CD,Nagpur,2,97252.5,True,2.2,26.4375,Medium,Rapidly Growing,9.1105,38.835,0.0,0.0,0.0,-5.0,17.7,54,26.6,54,44.4,54,Low,Low,Medium
CI/CD,Nanded,1,22032.0,True,0.0,26.4375,Medium,Rapidly Growing,8.637,35.605000000000004,0.0,0.0,0.0,-5.0,14.5,52,23.2,52,40.8,52,Low,Low,Medium
CI/CD,Nashik,4,86826.0,True,7.9,26.4375,Medium,Rapidly Growing,8.586,37.875,0.0,0.0,0.0,-5.0,23.0,58,31.8,58,49.3,58,Low,Low,Medium
CI/CD,Osmanabad,6,82635.33333333333,True,11.9,26.4375,Medium,Rapidly Growing,8.059999999999999,37.4765,0.0,0.0,0.0,-5.0,26.8,62,35.4,62,52.6,62,Low,Medium,Medium
CI/CD,Parbhani,7,101833.42857142857,True,12.2,26.4375,Medium,Rapidly Growing,9.2835,38.364,0.0,0.0,0.0,-5.0,27.6,64,36.6,64,54.4,64,Low,Medium,Medium
CI/CD,Pune,1,20132.0,True,0.0,26.4375,Medium,Rapidly Growing,8.681999999999999,40.851,0.0,0.0,0.0,-5.0,16.0,52,24.8,52,42.4,52,Low,Low,Medium
CI/CD,Raigad,2,42758.5,True,2.9,26.4375,Medium,Rapidly Growing,9.9115,39.47,0.0,0.0,0.0,-5.0,18.8,54,27.9,54,46.1,54,Low,Low,Medium
CI/CD,Sangli,6,171988.5,True,15.6,26.4375,Medium,Rapidly Growing,9.5185,37.182,0.0,0.0,0.0,-5.0,30.7,62,39.7,62,57.7,62,Low,Medium,Medium
CI/CD,Satara,3,179866.0,True,5.0,26.4375,Medium,Rapidly Growing,9.8795,40.648,0.0,0.0,0.0,-5.0,21.3,56,30.4,56,48.5,56,Low,Low,Medium
CI/CD,Solapur,5,125098.4,True,9.5,26.4375,Medium,Rapidly Growing,9.0745,41.6085,0.0,0.0,0.0,-5.0,25.9,60,34.7,60,52.5,60,Low,Low,Medium
CI/CD,Yavatmal,5,104871.6,True,9.5,26.4375,Medium,Rapidly Growing,9.310500000000001,37.6325,0.0,0.0,0.0,-5.0,24.7,60,33.7,60,51.5,60,Low,Low,Medium
CNC Operation,Ahmednagar,5,90117.6,True,9.3,6.3175,Medium,Stable,8.46,36.595,0.0,0.0,0.0,-5.0,19.0,60,22.7,60,30.1,60,Low,Low,Low
CNC Operation,Akola,4,85518.5,True,6.4,6.3175,Medium,Stable,9.0,33.019,0.0,0.0,0.0,-5.0,15.1,58,19.0,58,26.6,58,Low,Low,Low
CNC Operation,Amravati,7,107904.14285714286,True,19.4,6.3175,Medium,Stable,8.8925,37.6035,0.0,0.0,0.0,-5.0,29.5,64,33.3,64,40.9,64,Low,Low,Medium
CNC Operation,Aurangabad,5,58711.2,True,10.3,6.3175,Medium,Stable,7.6,38.486000000000004,0.0,0.0,0.0,-5.0,20.3,60,23.8,60,30.8,60,Low,Low,Low
CNC Operation,Beed,7,172192.57142857142,True,17.1,6.3175,Medium,Stable,9.5965,42.417,0.0,0.0,0.0,-5.0,28.8,64,32.8,64,40.7,64,Low,Low,Medium
CNC Operation,Bhiwandi,2,242677.5,True,2.8,6.3175,Medium,Stable,8.895,40.1755,0.0,0.0,0.0,-5.0,13.7,54,17.5,54,25.1,54,Low,Low,Low
CNC Operation,Chandrapur,7,136727.0,True,14.3,6.3175,Medium,Stable,8.7865,35.588,0.0,0.0,0.0,-5.0,23.8,64,27.5,64,35.1,64,Low,Low,Medium
CNC Operation,Dhule,4,121040.5,True,9.1,6.3175,Medium,Stable,10.1625,39.802,0.0,0.0,0.0,-5.0,20.2,58,24.3,58,32.5,58,Low,Low,Low
CNC Operation,Jalgaon,5,30732.6,True,10.5,6.3175,Medium,Stable,8.879999999999999,37.665,0.0,0.0,0.0,-5.0,20.6,60,24.4,60,32.0,60,Low,Low,Low
CNC Operation,Jalna,3,104951.0,True,4.3,6.3175,Medium,Stable,8.616499999999998,33.054500000000004,0.0,0.0,0.0,-5.0,12.9,56,16.7,56,24.2,56,Low,Low,Low
CNC Operation,Kolhapur,6,173970.33333333334,True,12.5,6.3175,Medium,Stable,9.7,40.227999999999994,0.0,0.0,0.0,-5.0,23.6,62,27.6,62,35.6,62,Low,Low,Medium
CNC Operation,Latur,6,138855.83333333334,True,12.8,6.3175,Medium,Stable,9.7515,39.448,0.0,0.0,0.0,-5.0,23.7,62,27.7,62,35.7,62,Low,Low,Medium
CNC Operation,Mumbai,5,189204.8,True,11.1,6.3175,Medium,Stable,9.267,35.709500000000006,0.0,0.0,0.0,-5.0,20.7,60,24.6,60,32.4,60,Low,Low,Low
CNC Operation,Nagpur,8,71096.25,True,15.2,6.3175,Medium,Stable,9.1105,38.835,0.0,0.0,0.0,-5.0,25.7,66,29.6,66,37.3,66,Low,Low,Medium
CNC Operation,Nanded,1,53324.0,True,0.0,6.3175,Medium,Stable,8.637,35.605000000000004,0.0,0.0,0.0,-5.0,9.4,52,13.2,52,20.6,52,Low,Low,Low
CNC Operation,Nashik,6,193832.66666666666,True,13.2,6.3175,Medium,Stable,8.586,37.875,0.0,0.0,0.0,-5.0,23.3,62,27.0,62,34.5,62,Low,Low,Low
CNC Operation,Osmanabad,3,90207.66666666667,True,4.8,6.3175,Medium,Stable,8.059999999999999,37.4765,0.0,0.0,0.0,-5.0,14.6,56,18.2,56,25.4,56,Low,Low,Low
CNC Operation,Parbhani,10,111440.5,True,18.4,6.3175,Medium,Stable,9.2835,38.364,0.0,0.0,0.0,-5.0,28.8,70,32.7,70,40.5,70,Low,Low,Medium
CNC Operation,Pune,3,112391.66666666667,True,5.6,6.3175,Medium,Stable,8.681999999999999,40.851,0.0,0.0,0.0,-5.0,16.6,56,20.4,56,27.9,56,Low,Low,Low
CNC Operation,Raigad,6,80624.0,True,14.3,6.3175,Medium,Stable,9.9115,39.47,0.0,0.0,0.0,-5.0,25.2,62,29.3,62,37.4,62,Low,Low,Medium
CNC Operation,Sangli,3,135199.33333333334,True,6.2,6.3175,Medium,Stable,9.5185,37.182,0.0,0.0,0.0,-5.0,16.3,56,20.3,56,28.2,56,Low,Low,Low
CNC Operation,Satara,5,127397.2,True,10.0,6.3175,Medium,Stable,9.8795,40.648,0.0,0.0,0.0,-5.0,21.2,60,25.3,60,33.4,60,Low,Low,Low
CNC Operation,Solapur,4,185999.75,True,7.1,6.3175,Medium,Stable,9.0745,41.6085,0.0,0.0,0.0,-5.0,18.4,58,22.3,58,30.0,58,Low,Low,Low
CNC Operation,Yavatmal,8,98536.125,True,16.7,6.3175,Medium,Stable,9.310500000000001,37.6325,0.0,0.0,0.0,-5.0,26.9,66,30.8,66,38.6,66,Low,Low,Medium
CRM,Ahmednagar,10,109391.5,False,20.9,0.0,,,8.46,36.595,0.0,0.0,0.0,0.0,34.0,62,36.1,62,40.3,62,Low,Medium,Medium
CRM,Akola,12,119920.75,False,23.4,0.0,,,9.0,33.019,0.0,0.0,0.0,0.0,35.6,66,37.8,66,42.3,66,Medium,Medium,Medium
CRM,Amravati,13,162171.53846153847,False,38.7,0.0,,,8.8925,37.6035,0.0,0.0,0.0,0.0,52.2,68,54.4,68,58.9,68,Medium,Medium,Medium
CRM,Aurangabad,12,96907.16666666667,False,28.2,0.0,,,7.6,38.486000000000004,0.0,0.0,0.0,0.0,41.6,66,43.5,66,47.3,66,Medium,Medium,Medium
CRM,Beed,7,68348.28571428571,False,17.1,0.0,,,9.5965,42.417,0.0,0.0,0.0,0.0,32.2,56,34.6,56,39.4,56,Low,Low,Medium
CRM,Bhiwandi,11,198854.0909090909,False,27.8,0.0,,,8.895,40.1755,0.0,0.0,0.0,0.0,42.1,64,44.3,64,48.7,64,Medium,Medium,Medium
CRM,Chandrapur,9,147206.33333333334,False,19.0,0.0,,,8.7865,35.588,0.0,0.0,0.0,0.0,31.9,60,34.1,60,38.5,60,Low,Low,Medium
CRM,Dhule,9,94283.77777777778,False,24.2,0.0,,,10.1625,39.802,0.0,0.0,0.0,0.0,38.7,60,41.2,60,46.3,60,Medium,Medium,Medium
CRM,Jalgaon,10,158900.3,False,23.7,0.0,,,8.879999999999999,37.665,0.0,0.0,0.0,0.0,37.2,62,39.4,62,43.9,62,Medium,Medium,Medium
CRM,Jalna,7,101933.71428571429,False,13.0,0.0,,,8.616499999999998,33.054500000000004,0.0,0.0,0.0,0.0,25.1,56,27.2,56,31.5,56,Low,Low,Low
CRM,Kolhapur,11,113105.36363636363,False,25.0,0.0,,,9.7,40.227999999999994,0.0,0.0,0.0,0.0,39.5,64,41.9,64,46.8,64,Medium,Medium,Medium
CRM,Latur,9,105610.88888888889,False,20.5,0.0,,,9.7515,39.448,0.0,0.0,0.0,0.0,34.8,60,37.2,60,42.1,60,Low,Medium,Medium
CRM,Mumbai,4,135444.5,False,7.4,0.0,,,9.267,35.709500000000006,0.0,0.0,0.0,0.0,20.4,50,22.7,50,27.4,50,Low,Low,Low
CRM,Nagpur,9,104876.33333333333,False,17.4,0.0,,,9.1105,38.835,0.0,0.0,0.0,0.0,31.3,60,33.6,60,38.2,60,Low,Low,Medium
CRM,Nanded,10,118660.5,False,20.0,0.0,,,8.637,35.605000000000004,0.0,0.0,0.0,0.0,32.8,62,35.0,62,39.3,62,Low,Medium,Medium
CRM,Nashik,7,201065.2857142857,False,15.8,0.0,,,8.586,37.875,0.0,0.0,0.0,0.0,29.3,56,31.5,56,35.7,56,Low,Low,Medium
CRM,Osmanabad,14,116873.35714285714,False,31.0,0.0,,,8.059999999999999,37.4765,0.0,0.0,0.0,0.0,44.3,70,46.3,70,50.3,70,Medium,Medium,Medium
CRM,Parbhani,10,218412.6,False,18.4,0.0,,,9.2835,38.364,0.0,0.0,0.0,0.0,32.2,62,34.6,62,39.2,62,Low,Low,Medium
CRM,Pune,10,92277.9,False,25.0,0.0,,,8.681999999999999,40.851,0.0,0.0,0.0,0.0,39.4,62,41.6,62,45.9,62,Medium,Medium,Medium
CRM,Raigad,8,82834.875,False,20.0,0.0,,,9.9115,39.47,0.0,0.0,0.0,0.0,34.3,58,36.8,58,41.8,58,Low,Medium,Medium
CRM,Sangli,7,146366.42857142858,False,18.7,0.0,,,9.5185,37.182,0.0,0.0,0.0,0.0,32.2,56,34.6,56,39.4,56,Low,Low,Medium
CRM,Satara,7,91712.85714285714,False,15.0,0.0,,,9.8795,40.648,0.0,0.0,0.0,0.0,29.7,56,32.1,56,37.1,56,Low,Low,Medium
CRM,Solapur,13,83814.0,False,28.6,0.0,,,9.0745,41.6085,0.0,0.0,0.0,0.0,43.4,68,45.6,68,50.2,68,Medium,Medium,Medium
CRM,Yavatmal,11,84080.09090909091,False,23.8,0.0,,,9.310500000000001,37.6325,0.0,0.0,0.0,0.0,37.4,64,39.7,64,44.4,64,Medium,Medium,Medium
Cash Handling,Ahmednagar,4,198994.75,False,7.0,0.0,,,8.46,36.595,0.0,0.0,0.0,0.0,20.1,50,22.2,50,26.4,50,Low,Low,Low
Cash Handling,Akola,6,239413.83333333334,False,10.6,0.0,,,9.0,33.019,0.0,0.0,0.0,0.0,22.8,54,25.0,54,29.5,54,Low,Low,Low
Cash Handling,Amravati,6,67798.0,False,16.1,0.0,,,8.8925,37.6035,0.0,0.0,0.0,0.0,29.6,54,31.8,54,36.3,54,Low,Low,Medium
Cash Handling,Aurangabad,8,132157.75,False,17.9,0.0,,,7.6,38.486000000000004,0.0,0.0,0.0,0.0,31.3,58,33.2,58,37.0,58,Low,Low,Medium
Cash Handling,Beed,4,112778.5,False,8.6,0.0,,,9.5965,42.417,0.0,0.0,0.0,0.0,23.7,50,26.1,50,30.9,50,Low,Low,Low
Cash Handling,Bhiwandi,7,202077.0,False,16.7,0.0,,,8.895,40.1755,0.0,0.0,0.0,0.0,31.0,56,33.2,56,37.6,56,Low,Low,Medium
Cash Handling,Chandrapur,3,116544.66666666667,False,4.8,0.0,,,8.7865,35.588,0.0,0.0,0.0,0.0,17.7,48,19.9,48,24.3,48,Low,Low,Low
Cash Handling,Dhule,4,28208.5,False,9.1,0.0,,,10.1625,39.802,0.0,0.0,0.0,0.0,23.6,50,26.1,50,31.2,50,Low,Low,Low
Cash Handling,Jalgaon,4,210436.75,False,7.9,0.0,,,8.879999999999999,37.665,0.0,0.0,0.0,0.0,21.4,50,23.6,50,28.1,50,Low,Low,Low
Cash Handling,Jalna,4,226853.0,False,6.5,0.0,,,8.616499999999998,33.054500000000004,0.0,0.0,0.0,0.0,18.6,50,20.7,50,25.0,50,Low,Low,Low
Cash Handling,Kolhapur,6,216547.5,False,12.5,0.0,,,9.7,40.227999999999994,0.0,0.0,0.0,0.0,27.0,54,29.4,54,34.3,54,Low,Low,Low
Cash Handling,Latur,3,285765.3333333333,False,5.1,0.0,,,9.7515,39.448,0.0,0.0,0.0,0.0,19.4,48,21.8,48,26.7,48,Low,Low,Low
Cash Handling,Mumbai,7,115438.71428571429,False,18.5,0.0,,,9.267,35.709500000000006,0.0,0.0,0.0,0.0,31.5,56,33.8,56,38.5,56,Low,Low,Medium
Cash Handling,Nagpur,8,152944.75,False,15.2,0.0,,,9.1105,38.835,0.0,0.0,0.0,0.0,29.1,58,31.4,58,36.0,58,Low,Low,Medium
Cash Handling,Nanded,4,135513.75,False,6.7,0.0,,,8.637,35.605000000000004,0.0,0.0,0.0,0.0,19.5,50,21.7,50,26.0,50,Low,Low,Low
Cash Handling,Nashik,5,156882.6,False,10.5,0.0,,,8.586,37.875,0.0,0.0,0.0,0.0,24.0,52,26.2,52,30.4,52,Low,Low,Low
Cash Handling,Osmanabad,6,95209.66666666667,False,11.9,0.0,,,8.059999999999999,37.4765,0.0,0.0,0.0,0.0,25.2,54,27.2,54,31.2,54,Low,Low,Low
Cash Handling,Parbhani,7,72178.42857142857,False,12.2,0.0,,,9.2835,38.364,0.0,0.0,0.0,0.0,26.0,56,28.4,56,33.0,56,Low,Low,Low
Cash Handling,Pune,4,131919.25,False,8.3,0.0,,,8.681999999999999,40.851,0.0,0.0,0.0,0.0,22.7,50,24.9,50,29.2,50,Low,Low,Low
Cash Handling,Raigad,1,143757.0,False,0.0,0.0,,,9.9115,39.47,0.0,0.0,0.0,0.0,14.3,44,16.8,44,21.8,44,Low,Low,Low
Cash Handling,Sangli,2,46144.5,False,3.1,0.0,,,9.5185,37.182,0.0,0.0,0.0,0.0,16.6,46,19.0,46,23.8,46,Low,Low,Low
Cash Handling,Satara,2,172707.0,False,2.5,0.0,,,9.8795,40.648,0.0,0.0,0.0,0.0,17.2,46,19.6,46,24.6,46,Low,Low,Low
Cash Handling,Solapur,4,158786.0,False,7.1,0.0,,,9.0745,41.6085,0.0,0.0,0.0,0.0,21.9,50,24.1,50,28.7,50,Low,Low,Low
Cash Handling,Yavatmal,3,103327.0,False,4.8,0.0,,,9.310500000000001,37.6325,0.0,0.0,0.0,0.0,18.4,48,20.7,48,25.4,48,Low,Low,Low
Circuit Design,Ahmednagar,5,92993.2,True,9.3,13.295,Medium,Growing,8.46,36.595,0.0,0.0,0.0,-5.0,20.7,60,26.2,60,37.0,60,Low,Low,Medium
Circuit Design,Akola,8,109836.875,True,14.9,13.295,Medium,Growing,9.0,33.019,0.0,0.0,0.0,-5.0,25.4,66,31.0,66,42.1,66,Low,Low,Medium
Circuit Design,Amravati,4,133833.25,True,9.7,13.295,Medium,Growing,8.8925,37.6035,0.0,0.0,0.0,-5.0,21.5,58,27.1,58,38.2,58,Low,Low,Medium
Circuit Design,Aurangabad,8,179606.5,True,17.9,13.295,Medium,Growing,7.6,38.486000000000004,0.0,0.0,0.0,-5.0,29.7,66,34.9,66,45.3,66,Low,Low,Medium
Circuit Design,Beed,7,71818.42857142857,True,17.1,13.295,Medium,Growing,9.5965,42.417,0.0,0.0,0.0,-5.0,30.5,64,36.3,64,47.7,64,Low,Medium,Medium
Circuit Design,Bhiwandi,4,88095.5,True,8.3,13.295,Medium,Growing,8.895,40.1755,0.0,0.0,0.0,-5.0,20.9,58,26.4,58,37.5,58,Low,Low,Medium
Circuit Design,Chandrapur,5,159290.8,True,9.5,13.295,Medium,Growing,8.7865,35.588,0.0,0.0,0.0,-5.0,20.7,60,26.2,60,37.3,60,Low,Low,Medium
Circuit Design,Dhule,5,215466.8,True,12.1,13.295,Medium,Growing,10.1625,39.802,0.0,0.0,0.0,-5.0,24.9,60,30.8,60,42.5,60,Low,Low,Medium
Circuit Design,Jalgaon,4,127659.75,True,7.9,13.295,Medium,Growing,8.879999999999999,37.665,0.0,0.0,0.0,-5.0,19.7,58,25.3,58,36.4,58,Low,Low,Medium
Circuit Design,Jalna,7,130254.0,True,13.0,13.295,Medium,Growing,8.616499999999998,33.054500000000004,0.0,0.0,0.0,-5.0,23.4,64,28.9,64,39.8,64,Low,Low,Medium
Circuit Design,Kolhapur,6,160011.16666666666,True,12.5,13.295,Medium,Growing,9.7,40.227999999999994,0.0,0.0,0.0,-5.0,25.3,62,31.1,62,42.6,62,Low,Low,Medium
Circuit Design,Latur,3,125502.0,True,5.1,13.295,Medium,Growing,9.7515,39.448,0.0,0.0,0.0,-5.0,17.7,56,23.5,56,35.0,56,Low,Low,Medium
Circuit Design,Mumbai,6,144866.5,True,14.8,13.295,Medium,Growing,9.267,35.709500000000006,0.0,0.0,0.0,-5.0,26.2,62,31.8,62,43.1,62,Low,Low,Medium
Circuit Design,Nagpur,3,359443.3333333333,True,4.3,13.295,Medium,Growing,9.1105,38.835,0.0,0.0,0.0,-5.0,16.6,56,22.2,56,33.4,56,Low,Low,Low
Circuit Design,Nanded,2,269812.5,True,2.2,13.295,Medium,Growing,8.637,35.605000000000004,0.0,0.0,0.0,-5.0,13.4,54,18.8,54,29.8,54,Low,Low,Low
Circuit Design,Nashik,7,165558.57142857142,True,15.8,13.295,Medium,Growing,8.586,37.875,0.0,0.0,0.0,-5.0,27.6,64,33.1,64,44.0,64,Low,Low,Medium
Circuit Design,Osmanabad,6,180922.0,True,11.9,13.295,Medium,Growing,8.059999999999999,37.4765,0.0,0.0,0.0,-5.0,23.5,62,28.8,62,39.5,62,Low,Low,Medium
Circuit Design,Parbhani,4,110085.25,True,6.1,13.295,Medium,Growing,9.2835,38.364,0.0,0.0,0.0,-5.0,18.3,58,23.9,58,35.2,58,Low,Low,Medium
Circuit Design,Pune,5,160784.4,True,11.1,13.295,Medium,Growing,8.681999999999999,40.851,0.0,0.0,0.0,-5.0,23.8,60,29.3,60,40.3,60,Low,Low,Medium
Circuit Design,Raigad,5,131243.6,True,11.4,13.295,Medium,Growing,9.9115,39.47,0.0,0.0,0.0,-5.0,24.0,60,29.8,60,41.4,60,Low,Low,Medium
Circuit Design,Sangli,4,172898.25,True,9.4,13.295,Medium,Growing,9.5185,37.182,0.0,0.0,0.0,-5.0,21.3,58,27.0,58,38.4,58,Low,Low,Medium
Circuit Design,Satara,3,211917.33333333334,True,5.0,13.295,Medium,Growing,9.8795,40.648,0.0,0.0,0.0,-5.0,18.0,56,23.8,56,35.4,56,Low,Low,Medium
Circuit Design,Solapur,5,81584.0,True,9.5,13.295,Medium,Growing,9.0745,41.6085,0.0,0.0,0.0,-5.0,22.6,60,28.2,60,39.4,60,Low,Low,Medium
Circuit Design,Yavatmal,5,73209.6,True,9.5,13.295,Medium,Growing,9.310500000000001,37.6325,0.0,0.0,0.0,-5.0,21.4,60,27.1,60,38.4,60,Low,Low,Medium
Classroom Management,Ahmednagar,7,126386.14285714286,False,14.0,0.0,,,8.46,36.595,0.0,0.0,0.0,0.0,27.1,56,29.2,56,33.4,56,Low,Low,Low
Classroom Management,Akola,5,78751.6,False,8.5,0.0,,,9.0,33.019,0.0,0.0,0.0,0.0,20.7,52,22.9,52,27.4,52,Low,Low,Low
Classroom Management,Amravati,4,97171.0,False,9.7,0.0,,,8.8925,37.6035,0.0,0.0,0.0,0.0,23.2,50,25.4,50,29.9,50,Low,Low,Low
Classroom Management,Aurangabad,6,254919.16666666666,False,12.8,0.0,,,7.6,38.486000000000004,0.0,0.0,0.0,0.0,26.2,54,28.1,54,31.9,54,Low,Low,Low
Classroom Management,Beed,7,110805.14285714286,False,17.1,0.0,,,9.5965,42.417,0.0,0.0,0.0,0.0,32.2,56,34.6,56,39.4,56,Low,Low,Medium
Classroom Management,Bhiwandi,5,130577.2,False,11.1,0.0,,,8.895,40.1755,0.0,0.0,0.0,0.0,25.4,52,27.6,52,32.0,52,Low,Low,Low
Classroom Management,Chandrapur,3,94185.33333333333,False,4.8,0.0,,,8.7865,35.588,0.0,0.0,0.0,0.0,17.7,48,19.9,48,24.3,48,Low,Low,Low
Classroom Management,Dhule,2,343893.0,False,3.0,0.0,,,10.1625,39.802,0.0,0.0,0.0,0.0,17.5,46,20.0,46,25.1,46,Low,Low,Low
Classroom Management,Jalgaon,4,146876.25,False,7.9,0.0,,,8.879999999999999,37.665,0.0,0.0,0.0,0.0,21.4,50,23.6,50,28.1,50,Low,Low,Low
Classroom Management,Jalna,6,201262.33333333334,False,10.9,0.0,,,8.616499999999998,33.054500000000004,0.0,0.0,0.0,0.0,23.0,54,25.1,54,29.4,54,Low,Low,Low
Classroom Management,Kolhapur,4,192746.5,False,7.5,0.0,,,9.7,40.227999999999994,0.0,0.0,0.0,0.0,22.0,50,24.4,50,29.3,50,Low,Low,Low
Classroom Management,Latur,9,146293.77777777778,False,20.5,0.0,,,9.7515,39.448,0.0,0.0,0.0,0.0,34.8,60,37.2,60,42.1,60,Low,Medium,Medium
Classroom Management,Mumbai,2,211071.5,False,0.0,0.0,,,9.267,35.709500000000006,0.0,0.0,0.0,0.0,13.0,46,15.3,46,20.0,46,Low,Low,Low
Classroom Management,Nagpur,6,219270.66666666666,False,10.9,0.0,,,9.1105,38.835,0.0,0.0,0.0,0.0,24.8,54,27.1,54,31.7,54,Low,Low,Low
Classroom Management,Nanded,6,192980.0,False,11.1,0.0,,,8.637,35.605000000000004,0.0,0.0,0.0,0.0,23.9,54,26.1,54,30.4,54,Low,Low,Low
Classroom Management,Nashik,9,113353.11111111111,False,21.1,0.0,,,8.586,37.875,0.0,0.0,0.0,0.0,34.6,60,36.8,60,41.0,60,Low,Medium,Medium
Classroom Management,Osmanabad,1,40848.0,False,0.0,0.0,,,8.059999999999999,37.4765,0.0,0.0,0.0,0.0,13.3,44,15.3,44,19.3,44,Low,Low,Low
Classroom Management,Parbhani,7,85715.0,False,12.2,0.0,,,9.2835,38.364,0.0,0.0,0.0,0.0,26.0,56,28.4,56,33.0,56,Low,Low,Low
Classroom Management,Pune,1,202443.0,False,0.0,0.0,,,8.681999999999999,40.851,0.0,0.0,0.0,0.0,14.4,44,16.6,44,20.9,44,Low,Low,Low
Classroom Management,Raigad,4,117528.75,False,8.6,0.0,,,9.9115,39.47,0.0,0.0,0.0,0.0,22.9,50,25.4,50,30.4,50,Low,Low,Low
Classroom Management,Sangli,8,148909.25,False,21.9,0.0,,,9.5185,37.182,0.0,0.0,0.0,0.0,35.4,58,37.8,58,42.6,58,Medium,Medium,Medium
Classroom Management,Satara,6,174777.0,False,12.5,0.0,,,9.8795,40.648,0.0,0.0,0.0,0.0,27.2,54,29.6,54,34.6,54,Low,Low,Low
Classroom Management,Solapur,6,176417.5,False,11.9,0.0,,,9.0745,41.6085,0.0,0.0,0.0,0.0,26.7,54,28.9,54,33.5,54,Low,Low,Low
Classroom Management,Yavatmal,3,101559.0,False,4.8,0.0,,,9.310500000000001,37.6325,0.0,0.0,0.0,0.0,18.4,48,20.7,48,25.4,48,Low,Low,Low
Communication,Ahmednagar,44,129340.27272727272,False,100.0,0.0,,,8.46,36.595,0.0,0.0,0.0,0.0,113.1,77,115.2,77,119.4,77,Very High,Very High,Very High
Communication,Akola,48,118156.66666666667,False,100.0,0.0,,,9.0,33.019,0.0,0.0,0.0,0.0,112.2,77,114.4,77,118.9,77,Very High,Very High,Very High
Communication,Amravati,32,167354.96875,False,100.0,0.0,,,8.8925,37.6035,0.0,0.0,0.0,0.0,113.5,77,115.7,77,120.2,77,Very High,Very High,Very High
Communication,Aurangabad,40,155519.85,False,100.0,0.0,,,7.6,38.486000000000004,0.0,0.0,0.0,0.0,113.4,77,115.3,77,119.1,77,Very High,Very High,Very High
Communication,Beed,36,130808.19444444444,False,100.0,0.0,,,9.5965,42.417,0.0,0.0,0.0,0.0,115.1,77,117.5,77,122.3,77,Very High,Very High,Very High
Communication,Bhiwandi,37,137429.64864864864,False,100.0,0.0,,,8.895,40.1755,0.0,0.0,0.0,0.0,114.3,77,116.5,77,120.9,77,Very High,Very High,Very High
Communication,Chandrapur,43,150382.88372093023,False,100.0,0.0,,,8.7865,35.588,0.0,0.0,0.0,0.0,112.9,77,115.1,77,119.5,77,Very High,Very High,Very High
Communication,Dhule,34,114131.44117647059,False,100.0,0.0,,,10.1625,39.802,0.0,0.0,0.0,0.0,114.5,77,117.0,77,122.1,77,Very High,Very High,Very High
Communication,Jalgaon,39,127109.7435897436,False,100.0,0.0,,,8.879999999999999,37.665,0.0,0.0,0.0,0.0,113.5,77,115.7,77,120.2,77,Very High,Very High,Very High
Communication,Jalna,47,127125.12765957447,False,100.0,0.0,,,8.616499999999998,33.054500000000004,0.0,0.0,0.0,0.0,112.1,77,114.2,77,118.5,77,Very High,Very High,Very High
Communication,Kolhapur,41,115722.73170731707,False,100.0,0.0,,,9.7,40.227999999999994,0.0,0.0,0.0,0.0,114.5,77,116.9,77,121.8,77,Very High,Very High,Very High
Communication,Latur,40,114901.675,False,100.0,0.0,,,9.7515,39.448,0.0,0.0,0.0,0.0,114.3,77,116.7,77,121.6,77,Very High,Very High,Very High
Communication,Mumbai,29,139332.41379310345,False,100.0,0.0,,,9.267,35.709500000000006,0.0,0.0,0.0,0.0,113.0,77,115.3,77,120.0,77,Very High,Very High,Very High
Communication,Nagpur,47,134904.40425531915,False,100.0,0.0,,,9.1105,38.835,0.0,0.0,0.0,0.0,113.9,77,116.2,77,120.8,77,Very High,Very High,Very High
Communication,Nanded,46,132812.84782608695,False,100.0,0.0,,,8.637,35.605000000000004,0.0,0.0,0.0,0.0,112.8,77,115.0,77,119.3,77,Very High,Very High,Very High
Communication,Nashik,39,161969.97435897434,False,100.0,0.0,,,8.586,37.875,0.0,0.0,0.0,0.0,113.5,77,115.7,77,119.9,77,Very High,Very High,Very High
Communication,Osmanabad,43,144119.48837209304,False,100.0,0.0,,,8.059999999999999,37.4765,0.0,0.0,0.0,0.0,113.3,77,115.3,77,119.3,77,Very High,Very High,Very High
Communication,Parbhani,50,134724.26,False,100.0,0.0,,,9.2835,38.364,0.0,0.0,0.0,0.0,113.8,77,116.2,77,120.8,77,Very High,Very High,Very High
Communication,Pune,37,119659.72972972973,False,100.0,0.0,,,8.681999999999999,40.851,0.0,0.0,0.0,0.0,114.4,77,116.6,77,120.9,77,Very High,Very High,Very High
Communication,Raigad,36,107098.91666666667,False,100.0,0.0,,,9.9115,39.47,0.0,0.0,0.0,0.0,114.3,77,116.8,77,121.8,77,Very High,Very High,Very High
Communication,Sangli,31,89631.58064516129,False,93.7,0.0,,,9.5185,37.182,0.0,0.0,0.0,0.0,107.2,77,109.6,77,114.4,77,Very High,Very High,Very High
Communication,Satara,41,132496.60975609755,False,100.0,0.0,,,9.8795,40.648,0.0,0.0,0.0,0.0,114.7,77,117.1,77,122.1,77,Very High,Very High,Very High
Communication,Solapur,43,142387.6976744186,False,100.0,0.0,,,9.0745,41.6085,0.0,0.0,0.0,0.0,114.8,77,117.0,77,121.6,77,Very High,Very High,Very High
Communication,Yavatmal,43,116666.69767441861,False,100.0,0.0,,,9.310500000000001,37.6325,0.0,0.0,0.0,0.0,113.6,77,115.9,77,120.6,77,Very High,Very High,Very High
Compliance,Ahmednagar,10,169769.5,False,20.9,0.0,,,8.46,36.595,8.0,0.0,8.0,0.0,42.0,62,44.1,62,48.3,62,Medium,Medium,Medium
Compliance,Akola,7,167370.7142857143,False,12.8,0.0,,,9.0,33.019,8.0,0.0,8.0,0.0,33.0,56,35.2,56,39.7,56,Low,Medium,Medium
Compliance,Amravati,8,131680.75,False,22.6,0.0,,,8.8925,37.6035,8.0,0.0,8.0,0.0,44.1,58,46.3,58,50.8,58,Medium,Medium,Medium
Compliance,Aurangabad,11,193225.0,False,25.6,0.0,,,7.6,38.486000000000004,8.0,0.0,8.0,0.0,47.0,64,48.9,64,52.7,64,Medium,Medium,Medium
Compliance,Beed,10,71795.1,False,25.7,0.0,,,9.5965,42.417,8.0,0.0,8.0,0.0,48.8,62,51.2,62,56.0,62,Medium,Medium,Medium
Compliance,Bhiwandi,11,131586.36363636365,False,27.8,0.0,,,8.895,40.1755,8.0,0.0,8.0,0.0,50.1,64,52.3,64,56.7,64,Medium,Medium,Medium
Compliance,Chandrapur,9,164552.44444444444,False,19.0,0.0,,,8.7865,35.588,8.0,0.0,8.0,0.0,39.9,60,42.1,60,46.5,60,Medium,Medium,Medium
Compliance,Dhule,8,80091.125,False,21.2,0.0,,,10.1625,39.802,8.0,0.0,8.0,0.0,43.7,58,46.2,58,51.3,58,Medium,Medium,Medium
Compliance,Jalgaon,10,182248.4,False,23.7,0.0,,,8.879999999999999,37.665,8.0,0.0,8.0,0.0,45.2,62,47.4,62,51.9,62,Medium,Medium,Medium
Compliance,Jalna,9,83294.0,False,17.4,0.0,,,8.616499999999998,33.054500000000004,8.0,0.0,8.0,0.0,37.5,60,39.6,60,43.9,60,Medium,Medium,Medium
Compliance,Kolhapur,9,110312.33333333333,False,20.0,0.0,,,9.7,40.227999999999994,8.0,0.0,8.0,0.0,42.5,60,44.9,60,49.8,60,Medium,Medium,Medium
Compliance,Latur,13,87079.38461538461,False,30.8,0.0,,,9.7515,39.448,8.0,0.0,8.0,0.0,53.1,68,55.5,68,60.4,68,Medium,Medium,Medium
Compliance,Mumbai,7,189251.42857142858,False,18.5,0.0,,,9.267,35.709500000000006,8.0,0.0,8.0,0.0,39.5,56,41.8,56,46.5,56,Medium,Medium,Medium
Compliance,Nagpur,8,129762.75,False,15.2,0.0,,,9.1105,38.835,8.0,0.0,8.0,0.0,37.1,58,39.4,58,44.0,58,Medium,Medium,Medium
Compliance,Nanded,8,143777.5,False,15.6,0.0,,,8.637,35.605000000000004,8.0,0.0,8.0,0.0,36.4,58,38.6,58,42.9,58,Medium,Medium,Medium
Compliance,Nashik,13,131488.0,False,31.6,0.0,,,8.586,37.875,8.0,0.0,8.0,0.0,53.1,68,55.3,68,59.5,68,Medium,Medium,Medium
Compliance,Osmanabad,19,111535.52631578948,False,42.9,0.0,,,8.059999999999999,37.4765,8.0,0.0,8.0,0.0,64.2,77,66.2,77,70.2,77,Medium,High,High
Compliance,Parbhani,5,138746.0,False,8.2,0.0,,,9.2835,38.364,8.0,0.0,8.0,0.0,30.0,52,32.4,52,37.0,52,Low,Low,Medium
Compliance,Pune,16,150791.5,False,41.7,0.0,,,8.681999999999999,40.851,8.0,0.0,8.0,0.0,64.1,74,66.3,74,70.6,74,Medium,High,High
Compliance,Raigad,15,86839.26666666666,False,40.0,0.0,,,9.9115,39.47,8.0,0.0,8.0,0.0,62.3,72,64.8,72,69.8,72,Medium,Medium,High
Compliance,Sangli,14,96430.42857142857,False,40.6,0.0,,,9.5185,37.182,8.0,0.0,8.0,0.0,62.1,70,64.5,70,69.3,70,Medium,Medium,High
Compliance,Satara,9,99228.33333333333,False,20.0,0.0,,,9.8795,40.648,8.0,0.0,8.0,0.0,42.7,60,45.1,60,50.1,60,Medium,Medium,Medium
Compliance,Solapur,8,66361.375,False,16.7,0.0,,,9.0745,41.6085,8.0,0.0,8.0,0.0,39.5,58,41.7,58,46.3,58,Medium,Medium,Medium
Compliance,Yavatmal,6,90578.33333333333,False,11.9,0.0,,,9.310500000000001,37.6325,8.0,0.0,8.0,0.0,33.5,54,35.8,54,40.5,54,Low,Medium,Medium
Content Marketing,Ahmednagar,4,56547.5,True,7.0,15.72,Low,Growing,8.46,36.595,0.0,0.0,0.0,0.0,24.0,58,30.1,58,42.2,58,Low,Low,Medium
Content Marketing,Akola,3,200105.66666666666,True,4.3,15.72,Low,Growing,9.0,33.019,0.0,0.0,0.0,0.0,20.4,56,26.6,56,38.9,56,Low,Low,Medium
Content Marketing,Amravati,6,181911.33333333334,True,16.1,15.72,Low,Growing,8.8925,37.6035,0.0,0.0,0.0,0.0,33.5,62,39.7,62,52.0,62,Low,Medium,Medium
Content Marketing,Aurangabad,7,127203.42857142857,True,15.4,15.72,Low,Growing,7.6,38.486000000000004,0.0,0.0,0.0,0.0,32.8,64,38.6,64,50.3,64,Low,Medium,Medium
Content Marketing,Beed,6,164917.0,True,14.3,15.72,Low,Growing,9.5965,42.417,0.0,0.0,0.0,0.0,33.4,62,39.7,62,52.3,62,Low,Medium,Medium
Content Marketing,Bhiwandi,5,135832.4,True,11.1,15.72,Low,Growing,8.895,40.1755,0.0,0.0,0.0,0.0,29.3,60,35.5,60,47.8,60,Low,Medium,Medium
Content Marketing,Chandrapur,8,268148.25,True,16.7,15.72,Low,Growing,8.7865,35.588,0.0,0.0,0.0,0.0,33.5,66,39.6,66,51.9,66,Low,Medium,Medium
Content Marketing,Dhule,9,139857.66666666666,True,24.2,15.72,Low,Growing,10.1625,39.802,0.0,0.0,0.0,0.0,42.6,68,49.1,68,62.0,68,Medium,Medium,Medium
Content Marketing,Jalgaon,6,97226.0,True,13.2,15.72,Low,Growing,8.879999999999999,37.665,0.0,0.0,0.0,0.0,30.6,62,36.8,62,49.1,62,Low,Medium,Medium
Content Marketing,Jalna,3,104686.0,True,4.3,15.72,Low,Growing,8.616499999999998,33.054500000000004,0.0,0.0,0.0,0.0,20.3,56,26.4,56,38.6,56,Low,Low,Medium
Content Marketing,Kolhapur,3,165449.0,True,5.0,15.72,Low,Growing,9.7,40.227999999999994,0.0,0.0,0.0,0.0,23.4,56,29.8,56,42.5,56,Low,Low,Medium
Content Marketing,Latur,6,111410.83333333333,True,12.8,15.72,Low,Growing,9.7515,39.448,0.0,0.0,0.0,0.0,31.0,62,37.4,62,50.1,62,Low,Medium,Medium
Content Marketing,Mumbai,4,151780.25,True,7.4,15.72,Low,Growing,9.267,35.709500000000006,0.0,0.0,0.0,0.0,24.4,58,30.6,58,43.1,58,Low,Low,Medium
Content Marketing,Nagpur,3,43526.333333333336,True,4.3,15.72,Low,Growing,9.1105,38.835,0.0,0.0,0.0,0.0,22.2,56,28.4,56,40.8,56,Low,Low,Medium
Content Marketing,Nanded,9,194736.33333333334,True,17.8,15.72,Low,Growing,8.637,35.605000000000004,0.0,0.0,0.0,0.0,34.6,68,40.7,68,52.8,68,Low,Medium,Medium
Content Marketing,Nashik,7,195894.7142857143,True,15.8,15.72,Low,Growing,8.586,37.875,0.0,0.0,0.0,0.0,33.2,64,39.3,64,51.5,64,Low,Medium,Medium
Content Marketing,Osmanabad,6,199871.16666666666,True,11.9,15.72,Low,Growing,8.059999999999999,37.4765,0.0,0.0,0.0,0.0,29.1,62,35.0,62,46.9,62,Low,Medium,Medium
Content Marketing,Parbhani,3,264403.3333333333,True,4.1,15.72,Low,Growing,9.2835,38.364,0.0,0.0,0.0,0.0,21.9,56,28.1,56,40.6,56,Low,Low,Medium
Content Marketing,Pune,7,235711.57142857142,True,16.7,15.72,Low,Growing,8.681999999999999,40.851,0.0,0.0,0.0,0.0,35.1,64,41.2,64,53.4,64,Medium,Medium,Medium
Content Marketing,Raigad,6,241803.5,True,14.3,15.72,Low,Growing,9.9115,39.47,0.0,0.0,0.0,0.0,32.5,62,39.0,62,51.8,62,Low,Medium,Medium
Content Marketing,Sangli,5,104084.8,True,12.5,15.72,Low,Growing,9.5185,37.182,0.0,0.0,0.0,0.0,30.0,60,36.3,60,48.9,60,Low,Medium,Medium
Content Marketing,Satara,10,126660.8,True,22.5,15.72,Low,Growing,9.8795,40.648,0.0,0.0,0.0,0.0,41.1,70,47.5,70,60.3,70,Medium,Medium,Medium
Content Marketing,Solapur,4,59377.75,True,7.1,15.72,Low,Growing,9.0745,41.6085,0.0,0.0,0.0,0.0,25.8,58,32.0,58,44.4,58,Low,Low,Medium
Content Marketing,Yavatmal,6,172532.33333333334,True,11.9,15.72,Low,Growing,9.310500000000001,37.6325,0.0,0.0,0.0,0.0,29.4,62,35.7,62,48.2,62,Low,Medium,Medium
Content Writing,Ahmednagar,6,287880.1666666667,False,11.6,0.0,,,8.46,36.595,0.0,0.0,0.0,0.0,24.7,54,26.8,54,31.0,54,Low,Low,Low
Content Writing,Akola,8,186061.375,False,14.9,0.0,,,9.0,33.019,0.0,0.0,0.0,0.0,27.1,58,29.3,58,33.8,58,Low,Low,Low
Content Writing,Amravati,4,126989.75,False,9.7,0.0,,,8.8925,37.6035,0.0,0.0,0.0,0.0,23.2,50,25.4,50,29.9,50,Low,Low,Low
Content Writing,Aurangabad,5,41299.6,False,10.3,0.0,,,7.6,38.486000000000004,0.0,0.0,0.0,0.0,23.7,52,25.6,52,29.4,52,Low,Low,Low
Content Writing,Beed,6,297340.5,False,14.3,0.0,,,9.5965,42.417,0.0,0.0,0.0,0.0,29.4,54,31.8,54,36.6,54,Low,Low,Medium
Content Writing,Bhiwandi,3,63247.666666666664,False,5.6,0.0,,,8.895,40.1755,0.0,0.0,0.0,0.0,19.9,48,22.1,48,26.5,48,Low,Low,Low
Content Writing,Chandrapur,14,152695.64285714287,False,31.0,0.0,,,8.7865,35.588,0.0,0.0,0.0,0.0,43.9,70,46.1,70,50.5,70,Medium,Medium,Medium
Content Writing,Dhule,6,215787.66666666666,False,15.2,0.0,,,10.1625,39.802,0.0,0.0,0.0,0.0,29.7,54,32.2,54,37.3,54,Low,Low,Medium
Content Writing,Jalgaon,6,53173.833333333336,False,13.2,0.0,,,8.879999999999999,37.665,0.0,0.0,0.0,0.0,26.7,54,28.9,54,33.4,54,Low,Low,Low
Content Writing,Jalna,4,138203.75,False,6.5,0.0,,,8.616499999999998,33.054500000000004,0.0,0.0,0.0,0.0,18.6,50,20.7,50,25.0,50,Low,Low,Low
Content Writing,Kolhapur,7,184929.85714285713,False,15.0,0.0,,,9.7,40.227999999999994,0.0,0.0,0.0,0.0,29.5,56,31.9,56,36.8,56,Low,Low,Medium
Content Writing,Latur,3,57858.0,False,5.1,0.0,,,9.7515,39.448,0.0,0.0,0.0,0.0,19.4,48,21.8,48,26.7,48,Low,Low,Low
Content Writing,Mumbai,8,130609.125,False,22.2,0.0,,,9.267,35.709500000000006,0.0,0.0,0.0,0.0,35.2,58,37.5,58,42.2,58,Medium,Medium,Medium
Content Writing,Nagpur,2,36839.5,False,2.2,0.0,,,9.1105,38.835,0.0,0.0,0.0,0.0,16.1,46,18.4,46,23.0,46,Low,Low,Low
Content Writing,Nanded,3,114167.0,False,4.4,0.0,,,8.637,35.605000000000004,0.0,0.0,0.0,0.0,17.2,48,19.4,48,23.7,48,Low,Low,Low
Content Writing,Nashik,5,61252.4,False,10.5,0.0,,,8.586,37.875,0.0,0.0,0.0,0.0,24.0,52,26.2,52,30.4,52,Low,Low,Low
Content Writing,Osmanabad,7,190975.57142857142,False,14.3,0.0,,,8.059999999999999,37.4765,0.0,0.0,0.0,0.0,27.6,56,29.6,56,33.6,56,Low,Low,Low
Content Writing,Parbhani,3,102669.33333333333,False,4.1,0.0,,,9.2835,38.364,0.0,0.0,0.0,0.0,17.9,48,20.3,48,24.9,48,Low,Low,Low
Content Writing,Pune,8,226666.25,False,19.4,0.0,,,8.681999999999999,40.851,0.0,0.0,0.0,0.0,33.8,58,36.0,58,40.3,58,Low,Medium,Medium
Content Writing,Raigad,7,168967.2857142857,False,17.1,0.0,,,9.9115,39.47,0.0,0.0,0.0,0.0,31.4,56,33.9,56,38.9,56,Low,Low,Medium
Content Writing,Sangli,6,35220.333333333336,False,15.6,0.0,,,9.5185,37.182,0.0,0.0,0.0,0.0,29.1,54,31.5,54,36.3,54,Low,Low,Medium
Content Writing,Satara,4,70729.75,False,7.5,0.0,,,9.8795,40.648,0.0,0.0,0.0,0.0,22.2,50,24.6,50,29.6,50,Low,Low,Low
Content Writing,Solapur,4,242667.0,False,7.1,0.0,,,9.0745,41.6085,0.0,0.0,0.0,0.0,21.9,50,24.1,50,28.7,50,Low,Low,Low
Content Writing,Yavatmal,9,190606.33333333334,False,19.0,0.0,,,9.310500000000001,37.6325,0.0,0.0,0.0,0.0,32.6,60,34.9,60,39.6,60,Low,Low,Medium
Coordination,Ahmednagar,9,102539.55555555556,False,18.6,0.0,,,8.46,36.595,0.0,0.0,0.0,0.0,31.7,60,33.8,60,38.0,60,Low,Low,Medium
Coordination,Akola,17,113088.23529411765,False,34.0,0.0,,,9.0,33.019,0.0,0.0,0.0,0.0,46.2,76,48.4,76,52.9,76,Medium,Medium,Medium
Coordination,Amravati,10,158467.1,False,29.0,0.0,,,8.8925,37.6035,0.0,0.0,0.0,0.0,42.5,62,44.7,62,49.2,62,Medium,Medium,Medium
Coordination,Aurangabad,4,141217.5,False,7.7,0.0,,,7.6,38.486000000000004,0.0,0.0,0.0,0.0,21.1,50,23.0,50,26.8,50,Low,Low,Low
Coordination,Beed,10,119578.3,False,25.7,0.0,,,9.5965,42.417,0.0,0.0,0.0,0.0,40.8,62,43.2,62,48.0,62,Medium,Medium,Medium
Coordination,Bhiwandi,9,145405.66666666666,False,22.2,0.0,,,8.895,40.1755,0.0,0.0,0.0,0.0,36.5,60,38.7,60,43.1,60,Medium,Medium,Medium
Coordination,Chandrapur,17,135184.29411764705,False,38.1,0.0,,,8.7865,35.588,0.0,0.0,0.0,0.0,51.0,76,53.2,76,57.6,76,Medium,Medium,Medium
Coordination,Dhule,10,85339.9,False,27.3,0.0,,,10.1625,39.802,0.0,0.0,0.0,0.0,41.8,62,44.3,62,49.4,62,Medium,Medium,Medium
Coordination,Jalgaon,7,114039.14285714286,False,15.8,0.0,,,8.879999999999999,37.665,0.0,0.0,0.0,0.0,29.3,56,31.5,56,36.0,56,Low,Low,Medium
Coordination,Jalna,12,171855.08333333334,False,23.9,0.0,,,8.616499999999998,33.054500000000004,0.0,0.0,0.0,0.0,36.0,66,38.1,66,42.4,66,Medium,Medium,Medium
Coordination,Kolhapur,10,101782.4,False,22.5,0.0,,,9.7,40.227999999999994,0.0,0.0,0.0,0.0,37.0,62,39.4,62,44.3,62,Medium,Medium,Medium
Coordination,Latur,9,132676.11111111112,False,20.5,0.0,,,9.7515,39.448,0.0,0.0,0.0,0.0,34.8,60,37.2,60,42.1,60,Low,Medium,Medium
Coordination,Mumbai,7,138660.42857142858,False,18.5,0.0,,,9.267,35.709500000000006,0.0,0.0,0.0,0.0,31.5,56,33.8,56,38.5,56,Low,Low,Medium
Coordination,Nagpur,9,97620.33333333333,False,17.4,0.0,,,9.1105,38.835,0.0,0.0,0.0,0.0,31.3,60,33.6,60,38.2,60,Low,Low,Medium
Coordination,Nanded,11,98160.0,False,22.2,0.0,,,8.637,35.605000000000004,0.0,0.0,0.0,0.0,35.0,64,37.2,64,41.5,64,Medium,Medium,Medium
Coordination,Nashik,9,150379.66666666666,False,21.1,0.0,,,8.586,37.875,0.0,0.0,0.0,0.0,34.6,60,36.8,60,41.0,60,Low,Medium,Medium
Coordination,Osmanabad,13,124699.69230769231,False,28.6,0.0,,,8.059999999999999,37.4765,0.0,0.0,0.0,0.0,41.9,68,43.9,68,47.9,68,Medium,Medium,Medium
Coordination,Parbhani,14,98970.07142857143,False,26.5,0.0,,,9.2835,38.364,0.0,0.0,0.0,0.0,40.3,70,42.7,70,47.3,70,Medium,Medium,Medium
Coordination,Pune,9,120796.55555555556,False,22.2,0.0,,,8.681999999999999,40.851,0.0,0.0,0.0,0.0,36.6,60,38.8,60,43.1,60,Medium,Medium,Medium
Coordination,Raigad,10,114230.0,False,25.7,0.0,,,9.9115,39.47,0.0,0.0,0.0,0.0,40.0,62,42.5,62,47.5,62,Medium,Medium,Medium
Coordination,Sangli,8,77202.5,False,21.9,0.0,,,9.5185,37.182,0.0,0.0,0.0,0.0,35.4,58,37.8,58,42.6,58,Medium,Medium,Medium
Coordination,Satara,8,150375.875,False,17.5,0.0,,,9.8795,40.648,0.0,0.0,0.0,0.0,32.2,58,34.6,58,39.6,58,Low,Low,Medium
Coordination,Solapur,8,140972.125,False,16.7,0.0,,,9.0745,41.6085,0.0,0.0,0.0,0.0,31.5,58,33.7,58,38.3,58,Low,Low,Medium
Coordination,Yavatmal,8,132512.5,False,16.7,0.0,,,9.310500000000001,37.6325,0.0,0.0,0.0,0.0,30.3,58,32.6,58,37.3,58,Low,Low,Medium
Copywriting,Ahmednagar,9,224648.88888888888,False,18.6,0.0,,,8.46,36.595,0.0,0.0,0.0,0.0,31.7,60,33.8,60,38.0,60,Low,Low,Medium
Copywriting,Akola,7,220344.7142857143,False,12.8,0.0,,,9.0,33.019,0.0,0.0,0.0,0.0,25.0,56,27.2,56,31.7,56,Low,Low,Low
Copywriting,Amravati,7,137554.14285714287,False,19.4,0.0,,,8.8925,37.6035,0.0,0.0,0.0,0.0,32.9,56,35.1,56,39.6,56,Low,Medium,Medium
Copywriting,Aurangabad,4,44506.0,False,7.7,0.0,,,7.6,38.486000000000004,0.0,0.0,0.0,0.0,21.1,50,23.0,50,26.8,50,Low,Low,Low
Copywriting,Beed,5,222070.6,False,11.4,0.0,,,9.5965,42.417,0.0,0.0,0.0,0.0,26.5,52,28.9,52,33.7,52,Low,Low,Low
Copywriting,Bhiwandi,4,76977.75,False,8.3,0.0,,,8.895,40.1755,0.0,0.0,0.0,0.0,22.6,50,24.8,50,29.2,50,Low,Low,Low
Copywriting,Chandrapur,11,112707.72727272728,False,23.8,0.0,,,8.7865,35.588,0.0,0.0,0.0,0.0,36.7,64,38.9,64,43.3,64,Medium,Medium,Medium
Copywriting,Dhule,6,132797.0,False,15.2,0.0,,,10.1625,39.802,0.0,0.0,0.0,0.0,29.7,54,32.2,54,37.3,54,Low,Low,Medium
Copywriting,Jalgaon,7,60760.71428571428,False,15.8,0.0,,,8.879999999999999,37.665,0.0,0.0,0.0,0.0,29.3,56,31.5,56,36.0,56,Low,Low,Medium
Copywriting,Jalna,5,116841.2,False,8.7,0.0,,,8.616499999999998,33.054500000000004,0.0,0.0,0.0,0.0,20.8,52,22.9,52,27.2,52,Low,Low,Low
Copywriting,Kolhapur,5,228438.8,False,10.0,0.0,,,9.7,40.227999999999994,0.0,0.0,0.0,0.0,24.5,52,26.9,52,31.8,52,Low,Low,Low
Copywriting,Latur,3,57858.0,False,5.1,0.0,,,9.7515,39.448,0.0,0.0,0.0,0.0,19.4,48,21.8,48,26.7,48,Low,Low,Low
Copywriting,Mumbai,6,139391.33333333334,False,14.8,0.0,,,9.267,35.709500000000006,0.0,0.0,0.0,0.0,27.8,54,30.1,54,34.8,54,Low,Low,Low
Copywriting,Nagpur,1,25975.0,False,0.0,0.0,,,9.1105,38.835,0.0,0.0,0.0,0.0,13.9,44,16.2,44,20.8,44,Low,Low,Low
Copywriting,Nanded,4,155101.75,False,6.7,0.0,,,8.637,35.605000000000004,0.0,0.0,0.0,0.0,19.5,50,21.7,50,26.0,50,Low,Low,Low
Copywriting,Nashik,4,60267.0,False,7.9,0.0,,,8.586,37.875,0.0,0.0,0.0,0.0,21.4,50,23.6,50,27.8,50,Low,Low,Low
Copywriting,Osmanabad,7,190975.57142857142,False,14.3,0.0,,,8.059999999999999,37.4765,0.0,0.0,0.0,0.0,27.6,56,29.6,56,33.6,56,Low,Low,Low
Copywriting,Parbhani,4,106753.5,False,6.1,0.0,,,9.2835,38.364,0.0,0.0,0.0,0.0,19.9,50,22.3,50,26.9,50,Low,Low,Low
Copywriting,Pune,5,320524.4,False,11.1,0.0,,,8.681999999999999,40.851,0.0,0.0,0.0,0.0,25.5,52,27.7,52,32.0,52,Low,Low,Low
Copywriting,Raigad,6,172614.33333333334,False,14.3,0.0,,,9.9115,39.47,0.0,0.0,0.0,0.0,28.6,54,31.1,54,36.1,54,Low,Low,Medium
Copywriting,Sangli,6,82386.83333333333,False,15.6,0.0,,,9.5185,37.182,0.0,0.0,0.0,0.0,29.1,54,31.5,54,36.3,54,Low,Low,Medium
Copywriting,Satara,6,71374.5,False,12.5,0.0,,,9.8795,40.648,0.0,0.0,0.0,0.0,27.2,54,29.6,54,34.6,54,Low,Low,Low
Copywriting,Solapur,4,173658.0,False,7.1,0.0,,,9.0745,41.6085,0.0,0.0,0.0,0.0,21.9,50,24.1,50,28.7,50,Low,Low,Low
Copywriting,Yavatmal,10,170915.3,False,21.4,0.0,,,9.310500000000001,37.6325,0.0,0.0,0.0,0.0,35.0,62,37.3,62,42.0,62,Medium,Medium,Medium
Curriculum Design,Ahmednagar,9,104145.55555555556,False,18.6,0.0,,,8.46,36.595,0.0,0.0,0.0,0.0,31.7,60,33.8,60,38.0,60,Low,Low,Medium
Curriculum Design,Akola,6,136429.83333333334,False,10.6,0.0,,,9.0,33.019,0.0,0.0,0.0,0.0,22.8,54,25.0,54,29.5,54,Low,Low,Low
Curriculum Design,Amravati,8,204957.875,False,22.6,0.0,,,8.8925,37.6035,0.0,0.0,0.0,0.0,36.1,58,38.3,58,42.8,58,Medium,Medium,Medium
Curriculum Design,Aurangabad,7,169874.14285714287,False,15.4,0.0,,,7.6,38.486000000000004,0.0,0.0,0.0,0.0,28.8,56,30.7,56,34.5,56,Low,Low,Low
Curriculum Design,Beed,4,331319.25,False,8.6,0.0,,,9.5965,42.417,0.0,0.0,0.0,0.0,23.7,50,26.1,50,30.9,50,Low,Low,Low
Curriculum Design,Bhiwandi,9,131466.66666666666,False,22.2,0.0,,,8.895,40.1755,0.0,0.0,0.0,0.0,36.5,60,38.7,60,43.1,60,Medium,Medium,Medium
Curriculum Design,Chandrapur,8,143299.375,False,16.7,0.0,,,8.7865,35.588,0.0,0.0,0.0,0.0,29.6,58,31.8,58,36.2,58,Low,Low,Medium
Curriculum Design,Dhule,5,171920.4,False,12.1,0.0,,,10.1625,39.802,0.0,0.0,0.0,0.0,26.6,52,29.1,52,34.2,52,Low,Low,Low
Curriculum Design,Jalgaon,4,163071.25,False,7.9,0.0,,,8.879999999999999,37.665,0.0,0.0,0.0,0.0,21.4,50,23.6,50,28.1,50,Low,Low,Low
Curriculum Design,Jalna,4,105369.75,False,6.5,0.0,,,8.616499999999998,33.054500000000004,0.0,0.0,0.0,0.0,18.6,50,20.7,50,25.0,50,Low,Low,Low
Curriculum Design,Kolhapur,2,64566.5,False,2.5,0.0,,,9.7,40.227999999999994,0.0,0.0,0.0,0.0,17.0,46,19.4,46,24.3,46,Low,Low,Low
Curriculum Design,Latur,5,80470.2,False,10.3,0.0,,,9.7515,39.448,0.0,0.0,0.0,0.0,24.6,52,27.0,52,31.9,52,Low,Low,Low
Curriculum Design,Mumbai,5,123917.6,False,11.1,0.0,,,9.267,35.709500000000006,0.0,0.0,0.0,0.0,24.1,52,26.4,52,31.1,52,Low,Low,Low
Curriculum Design,Nagpur,5,57710.6,False,8.7,0.0,,,9.1105,38.835,0.0,0.0,0.0,0.0,22.6,52,24.9,52,29.5,52,Low,Low,Low
Curriculum Design,Nanded,8,108031.625,False,15.6,0.0,,,8.637,35.605000000000004,0.0,0.0,0.0,0.0,28.4,58,30.6,58,34.9,58,Low,Low,Low
Curriculum Design,Nashik,8,134236.875,False,18.4,0.0,,,8.586,37.875,0.0,0.0,0.0,0.0,31.9,58,34.1,58,38.3,58,Low,Low,Medium
Curriculum Design,Osmanabad,1,342639.0,False,0.0,0.0,,,8.059999999999999,37.4765,0.0,0.0,0.0,0.0,13.3,44,15.3,44,19.3,44,Low,Low,Low
Curriculum Design,Parbhani,9,184830.66666666666,False,16.3,0.0,,,9.2835,38.364,0.0,0.0,0.0,0.0,30.1,60,32.5,60,37.1,60,Low,Low,Medium
Curriculum Design,Pune,5,78014.0,False,11.1,0.0,,,8.681999999999999,40.851,0.0,0.0,0.0,0.0,25.5,52,27.7,52,32.0,52,Low,Low,Low
Curriculum Design,Raigad,2,75489.5,False,2.9,0.0,,,9.9115,39.47,0.0,0.0,0.0,0.0,17.2,46,19.7,46,24.7,46,Low,Low,Low
Curriculum Design,Sangli,2,73071.5,False,3.1,0.0,,,9.5185,37.182,0.0,0.0,0.0,0.0,16.6,46,19.0,46,23.8,46,Low,Low,Low
Curriculum Design,Satara,6,158595.16666666666,False,12.5,0.0,,,9.8795,40.648,0.0,0.0,0.0,0.0,27.2,54,29.6,54,34.6,54,Low,Low,Low
Curriculum Design,Solapur,8,104146.5,False,16.7,0.0,,,9.0745,41.6085,0.0,0.0,0.0,0.0,31.5,58,33.7,58,38.3,58,Low,Low,Medium
Curriculum Design,Yavatmal,7,145303.85714285713,False,14.3,0.0,,,9.310500000000001,37.6325,0.0,0.0,0.0,0.0,27.9,56,30.2,56,34.9,56,Low,Low,Low
Curriculum Development,Ahmednagar,6,117347.83333333333,False,11.6,0.0,,,8.46,36.595,0.0,0.0,0.0,0.0,24.7,54,26.8,54,31.0,54,Low,Low,Low
Curriculum Development,Akola,5,78751.6,False,8.5,0.0,,,9.0,33.019,0.0,0.0,0.0,0.0,20.7,52,22.9,52,27.4,52,Low,Low,Low
Curriculum Development,Amravati,3,84819.33333333333,False,6.5,0.0,,,8.8925,37.6035,0.0,0.0,0.0,0.0,20.0,48,22.2,48,26.7,48,Low,Low,Low
Curriculum Development,Aurangabad,7,233138.2857142857,False,15.4,0.0,,,7.6,38.486000000000004,0.0,0.0,0.0,0.0,28.8,56,30.7,56,34.5,56,Low,Low,Low
Curriculum Development,Beed,8,110918.25,False,20.0,0.0,,,9.5965,42.417,0.0,0.0,0.0,0.0,35.1,58,37.5,58,42.3,58,Medium,Medium,Medium
Curriculum Development,Bhiwandi,3,170797.0,False,5.6,0.0,,,8.895,40.1755,0.0,0.0,0.0,0.0,19.9,48,22.1,48,26.5,48,Low,Low,Low
Curriculum Development,Chandrapur,3,37451.0,False,4.8,0.0,,,8.7865,35.588,0.0,0.0,0.0,0.0,17.7,48,19.9,48,24.3,48,Low,Low,Low
Curriculum Development,Dhule,2,111544.0,False,3.0,0.0,,,10.1625,39.802,0.0,0.0,0.0,0.0,17.5,46,20.0,46,25.1,46,Low,Low,Low
Curriculum Development,Jalgaon,6,158443.33333333334,False,13.2,0.0,,,8.879999999999999,37.665,0.0,0.0,0.0,0.0,26.7,54,28.9,54,33.4,54,Low,Low,Low
Curriculum Development,Jalna,7,175170.0,False,13.0,0.0,,,8.616499999999998,33.054500000000004,0.0,0.0,0.0,0.0,25.1,56,27.2,56,31.5,56,Low,Low,Low
Curriculum Development,Kolhapur,4,192746.5,False,7.5,0.0,,,9.7,40.227999999999994,0.0,0.0,0.0,0.0,22.0,50,24.4,50,29.3,50,Low,Low,Low
Curriculum Development,Latur,7,151268.0,False,15.4,0.0,,,9.7515,39.448,0.0,0.0,0.0,0.0,29.7,56,32.1,56,37.0,56,Low,Low,Medium
Curriculum Development,Mumbai,2,211071.5,False,0.0,0.0,,,9.267,35.709500000000006,0.0,0.0,0.0,0.0,13.0,46,15.3,46,20.0,46,Low,Low,Low
Curriculum Development,Nagpur,5,199259.6,False,8.7,0.0,,,9.1105,38.835,0.0,0.0,0.0,0.0,22.6,52,24.9,52,29.5,52,Low,Low,Low
Curriculum Development,Nanded,7,197494.7142857143,False,13.3,0.0,,,8.637,35.605000000000004,0.0,0.0,0.0,0.0,26.1,56,28.3,56,32.6,56,Low,Low,Low
Curriculum Development,Nashik,7,110452.14285714286,False,15.8,0.0,,,8.586,37.875,0.0,0.0,0.0,0.0,29.3,56,31.5,56,35.7,56,Low,Low,Medium
Curriculum Development,Osmanabad,2,133112.0,False,2.4,0.0,,,8.059999999999999,37.4765,0.0,0.0,0.0,0.0,15.7,46,17.7,46,21.7,46,Low,Low,Low
Curriculum Development,Parbhani,4,110404.5,False,6.1,0.0,,,9.2835,38.364,0.0,0.0,0.0,0.0,19.9,50,22.3,50,26.9,50,Low,Low,Low
Curriculum Development,Pune,2,160277.0,False,2.8,0.0,,,8.681999999999999,40.851,0.0,0.0,0.0,0.0,17.2,46,19.4,46,23.7,46,Low,Low,Low
Curriculum Development,Raigad,5,132700.4,False,11.4,0.0,,,9.9115,39.47,0.0,0.0,0.0,0.0,25.7,52,28.2,52,33.2,52,Low,Low,Low
Curriculum Development,Sangli,5,88148.2,False,12.5,0.0,,,9.5185,37.182,0.0,0.0,0.0,0.0,26.0,52,28.4,52,33.2,52,Low,Low,Low
Curriculum Development,Satara,7,161972.2857142857,False,15.0,0.0,,,9.8795,40.648,0.0,0.0,0.0,0.0,29.7,56,32.1,56,37.1,56,Low,Low,Medium
Curriculum Development,Solapur,5,183386.2,False,9.5,0.0,,,9.0745,41.6085,0.0,0.0,0.0,0.0,24.3,52,26.5,52,31.1,52,Low,Low,Low
Curriculum Development,Yavatmal,6,79879.0,False,11.9,0.0,,,9.310500000000001,37.6325,0.0,0.0,0.0,0.0,25.5,54,27.8,54,32.5,54,Low,Low,Low
Customer Relationship,Ahmednagar,8,43099.875,False,16.3,0.0,,,8.46,36.595,0.0,0.0,0.0,0.0,29.4,58,31.5,58,35.7,58,Low,Low,Medium
Customer Relationship,Akola,6,112918.16666666667,False,10.6,0.0,,,9.0,33.019,0.0,0.0,0.0,0.0,22.8,54,25.0,54,29.5,54,Low,Low,Low
Customer Relationship,Amravati,7,175298.85714285713,False,19.4,0.0,,,8.8925,37.6035,0.0,0.0,0.0,0.0,32.9,56,35.1,56,39.6,56,Low,Medium,Medium
Customer Relationship,Aurangabad,6,86290.83333333333,False,12.8,0.0,,,7.6,38.486000000000004,0.0,0.0,0.0,0.0,26.2,54,28.1,54,31.9,54,Low,Low,Low
Customer Relationship,Beed,4,89808.0,False,8.6,0.0,,,9.5965,42.417,0.0,0.0,0.0,0.0,23.7,50,26.1,50,30.9,50,Low,Low,Low
Customer Relationship,Bhiwandi,8,145718.25,False,19.4,0.0,,,8.895,40.1755,0.0,0.0,0.0,0.0,33.7,58,35.9,58,40.3,58,Low,Medium,Medium
Customer Relationship,Chandrapur,5,159165.0,False,9.5,0.0,,,8.7865,35.588,0.0,0.0,0.0,0.0,22.4,52,24.6,52,29.0,52,Low,Low,Low
Customer Relationship,Dhule,5,51447.4,False,12.1,0.0,,,10.1625,39.802,0.0,0.0,0.0,0.0,26.6,52,29.1,52,34.2,52,Low,Low,Low
Customer Relationship,Jalgaon,7,157502.14285714287,False,15.8,0.0,,,8.879999999999999,37.665,0.0,0.0,0.0,0.0,29.3,56,31.5,56,36.0,56,Low,Low,Medium
Customer Relationship,Jalna,3,221345.66666666666,False,4.3,0.0,,,8.616499999999998,33.054500000000004,0.0,0.0,0.0,0.0,16.4,48,18.5,48,22.8,48,Low,Low,Low
Customer Relationship,Kolhapur,5,147771.2,False,10.0,0.0,,,9.7,40.227999999999994,0.0,0.0,0.0,0.0,24.5,52,26.9,52,31.8,52,Low,Low,Low
Customer Relationship,Latur,3,96878.66666666667,False,5.1,0.0,,,9.7515,39.448,0.0,0.0,0.0,0.0,19.4,48,21.8,48,26.7,48,Low,Low,Low
Customer Relationship,Mumbai,2,199528.0,False,0.0,0.0,,,9.267,35.709500000000006,0.0,0.0,0.0,0.0,13.0,46,15.3,46,20.0,46,Low,Low,Low
Customer Relationship,Nagpur,5,187895.4,False,8.7,0.0,,,9.1105,38.835,0.0,0.0,0.0,0.0,22.6,52,24.9,52,29.5,52,Low,Low,Low
Customer Relationship,Nashik,6,242507.83333333334,False,13.2,0.0,,,8.586,37.875,0.0,0.0,0.0,0.0,26.7,54,28.9,54,33.1,54,Low,Low,Low
Customer Relationship,Osmanabad,8,96733.0,False,16.7,0.0,,,8.059999999999999,37.4765,0.0,0.0,0.0,0.0,30.0,58,32.0,58,36.0,58,Low,Low,Medium
Customer Relationship,Parbhani,4,91365.5,False,6.1,0.0,,,9.2835,38.364,0.0,0.0,0.0,0.0,19.9,50,22.3,50,26.9,50,Low,Low,Low
Customer Relationship,Pune,5,84757.4,False,11.1,0.0,,,8.681999999999999,40.851,0.0,0.0,0.0,0.0,25.5,52,27.7,52,32.0,52,Low,Low,Low
Customer Relationship,Raigad,5,74873.2,False,11.4,0.0,,,9.9115,39.47,0.0,0.0,0.0,0.0,25.7,52,28.2,52,33.2,52,Low,Low,Low
Customer Relationship,Sangli,3,252361.0,False,6.2,0.0,,,9.5185,37.182,0.0,0.0,0.0,0.0,19.7,48,22.1,48,26.9,48,Low,Low,Low
Customer Relationship,Satara,4,84878.0,False,7.5,0.0,,,9.8795,40.648,0.0,0.0,0.0,0.0,22.2,50,24.6,50,29.6,50,Low,Low,Low
Customer Relationship,Solapur,7,59261.28571428572,False,14.3,0.0,,,9.0745,41.6085,0.0,0.0,0.0,0.0,29.1,56,31.3,56,35.9,56,Low,Low,Medium
Customer Relationship,Yavatmal,6,90934.5,False,11.9,0.0,,,9.310500000000001,37.6325,0.0,0.0,0.0,0.0,25.5,54,27.8,54,32.5,54,Low,Low,Low
Customer Service,Ahmednagar,17,193690.41176470587,False,37.2,0.0,,,8.46,36.595,0.0,0.0,0.0,0.0,50.3,76,52.4,76,56.6,76,Medium,Medium,Medium
Customer Service,Akola,24,167591.29166666666,False,48.9,0.0,,,9.0,33.019,0.0,0.0,0.0,0.0,61.1,77,63.3,77,67.8,77,Medium,Medium,High
Customer Service,Amravati,14,126444.07142857143,False,41.9,0.0,,,8.8925,37.6035,0.0,0.0,0.0,0.0,55.4,70,57.6,70,62.1,70,Medium,Medium,Medium
Customer Service,Aurangabad,22,133402.45454545456,False,53.8,0.0,,,7.6,38.486000000000004,0.0,0.0,0.0,0.0,67.2,77,69.1,77,72.9,77,High,High,High
Customer Service,Beed,12,94335.91666666667,False,31.4,0.0,,,9.5965,42.417,0.0,0.0,0.0,0.0,46.5,66,48.9,66,53.7,66,Medium,Medium,Medium
Customer Service,Bhiwandi,16,166078.5,False,41.7,0.0,,,8.895,40.1755,0.0,0.0,0.0,0.0,56.0,74,58.2,74,62.6,74,Medium,Medium,Medium
Customer Service,Chandrapur,16,162086.1875,False,35.7,0.0,,,8.7865,35.588,0.0,0.0,0.0,0.0,48.6,74,50.8,74,55.2,74,Medium,Medium,Medium
Customer Service,Dhule,13,72810.15384615384,False,36.4,0.0,,,10.1625,39.802,0.0,0.0,0.0,0.0,50.9,68,53.4,68,58.5,68,Medium,Medium,Medium
Customer Service,Jalgaon,21,134228.95238095237,False,52.6,0.0,,,8.879999999999999,37.665,0.0,0.0,0.0,0.0,66.1,77,68.3,77,72.8,77,High,High,High
Customer Service,Jalna,17,100077.05882352941,False,34.8,0.0,,,8.616499999999998,33.054500000000004,0.0,0.0,0.0,0.0,46.9,76,49.0,76,53.3,76,Medium,Medium,Medium
Customer Service,Kolhapur,15,144998.53333333333,False,35.0,0.0,,,9.7,40.227999999999994,0.0,0.0,0.0,0.0,49.5,72,51.9,72,56.8,72,Medium,Medium,Medium
Customer Service,Latur,13,130682.30769230769,False,30.8,0.0,,,9.7515,39.448,0.0,0.0,0.0,0.0,45.1,68,47.5,68,52.4,68,Medium,Medium,Medium
Customer Service,Mumbai,14,115871.28571428571,False,44.4,0.0,,,9.267,35.709500000000006,0.0,0.0,0.0,0.0,57.4,70,59.7,70,64.4,70,Medium,Medium,Medium
Customer Service,Nagpur,16,148620.1875,False,32.6,0.0,,,9.1105,38.835,0.0,0.0,0.0,0.0,46.5,74,48.8,74,53.4,74,Medium,Medium,Medium
Customer Service,Nanded,19,128354.31578947368,False,40.0,0.0,,,8.637,35.605000000000004,0.0,0.0,0.0,0.0,52.8,77,55.0,77,59.3,77,Medium,Medium,Medium
Customer Service,Nashik,16,111547.0,False,39.5,0.0,,,8.586,37.875,0.0,0.0,0.0,0.0,53.0,74,55.2,74,59.4,74,Medium,Medium,Medium
Customer Service,Osmanabad,14,145210.2857142857,False,31.0,0.0,,,8.059999999999999,37.4765,0.0,0.0,0.0,0.0,44.3,70,46.3,70,50.3,70,Medium,Medium,Medium
Customer Service,Parbhani,20,146118.1,False,38.8,0.0,,,9.2835,38.364,0.0,0.0,0.0,0.0,52.6,77,55.0,77,59.6,77,Medium,Medium,Medium
Customer Service,Pune,16,133423.875,False,41.7,0.0,,,8.681999999999999,40.851,0.0,0.0,0.0,0.0,56.1,74,58.3,74,62.6,74,Medium,Medium,Medium
Customer Service,Raigad,9,157995.66666666666,False,22.9,0.0,,,9.9115,39.47,0.0,0.0,0.0,0.0,37.2,60,39.7,60,44.7,60,Medium,Medium,Medium
Customer Service,Sangli,12,63481.333333333336,False,34.4,0.0,,,9.5185,37.182,0.0,0.0,0.0,0.0,47.9,66,50.3,66,55.1,66,Medium,Medium,Medium
Customer Service,Satara,12,88836.33333333333,False,27.5,0.0,,,9.8795,40.648,0.0,0.0,0.0,0.0,42.2,66,44.6,66,49.6,66,Medium,Medium,Medium
Customer Service,Solapur,14,126642.0,False,31.0,0.0,,,9.0745,41.6085,0.0,0.0,0.0,0.0,45.8,70,48.0,70,52.6,70,Medium,Medium,Medium
Customer Service,Yavatmal,14,113259.92857142857,False,31.0,0.0,,,9.310500000000001,37.6325,0.0,0.0,0.0,0.0,44.6,70,46.9,70,51.6,70,Medium,Medium,Medium
Data Analysis,Ahmednagar,5,132042.4,True,9.3,20.244999999999997,Medium,Rapidly Growing,8.46,36.595,0.0,0.0,0.0,-5.0,22.5,60,29.6,60,44.0,60,Low,Low,Medium
Data Analysis,Akola,4,119839.5,True,6.4,20.244999999999997,Medium,Rapidly Growing,9.0,33.019,0.0,0.0,0.0,-5.0,18.6,58,25.9,58,40.6,58,Low,Low,Medium
Data Analysis,Amravati,5,198966.0,True,12.9,20.244999999999997,Medium,Rapidly Growing,8.8925,37.6035,0.0,0.0,0.0,-5.0,26.5,60,33.7,60,48.3,60,Low,Low,Medium
Data Analysis,Aurangabad,3,29876.666666666668,True,5.1,20.244999999999997,Medium,Rapidly Growing,7.6,38.486000000000004,0.0,0.0,0.0,-5.0,18.6,56,25.6,56,39.5,56,Low,Low,Medium
Data Analysis,Beed,10,159863.9,True,25.7,20.244999999999997,Medium,Rapidly Growing,9.5965,42.417,0.0,0.0,0.0,-5.0,40.9,70,48.3,70,63.3,70,Medium,Medium,Medium
Data Analysis,Bhiwandi,5,71372.8,True,11.1,20.244999999999997,Medium,Rapidly Growing,8.895,40.1755,0.0,0.0,0.0,-5.0,25.4,60,32.7,60,47.3,60,Low,Low,Medium
Data Analysis,Chandrapur,1,224062.0,True,0.0,20.244999999999997,Medium,Rapidly Growing,8.7865,35.588,0.0,0.0,0.0,-5.0,12.9,52,20.2,52,34.7,52,Low,Low,Low
Data Analysis,Dhule,5,110767.8,True,12.1,20.244999999999997,Medium,Rapidly Growing,10.1625,39.802,0.0,0.0,0.0,-5.0,26.6,60,34.2,60,49.4,60,Low,Low,Medium
Data Analysis,Jalgaon,6,125796.0,True,13.2,20.244999999999997,Medium,Rapidly Growing,8.879999999999999,37.665,0.0,0.0,0.0,-5.0,26.8,62,34.1,62,48.6,62,Low,Low,Medium
Data Analysis,Jalna,5,42378.0,True,8.7,20.244999999999997,Medium,Rapidly Growing,8.616499999999998,33.054500000000004,0.0,0.0,0.0,-5.0,20.8,60,28.0,60,42.5,60,Low,Low,Medium
Data Analysis,Kolhapur,6,176389.5,True,12.5,20.244999999999997,Medium,Rapidly Growing,9.7,40.227999999999994,0.0,0.0,0.0,-5.0,27.1,62,34.5,62,49.5,62,Low,Low,Medium
Data Analysis,Latur,4,58705.5,True,7.7,20.244999999999997,Medium,Rapidly Growing,9.7515,39.448,0.0,0.0,0.0,-5.0,22.0,58,29.5,58,44.5,58,Low,Low,Medium
Data Analysis,Mumbai,5,134019.0,True,11.1,20.244999999999997,Medium,Rapidly Growing,9.267,35.709500000000006,0.0,0.0,0.0,-5.0,24.2,60,31.6,60,46.3,60,Low,Low,Medium
Data Analysis,Nagpur,5,205783.4,True,8.7,20.244999999999997,Medium,Rapidly Growing,9.1105,38.835,0.0,0.0,0.0,-5.0,22.7,60,30.0,60,44.7,60,Low,Low,Medium
Data Analysis,Nanded,3,212252.0,True,4.4,20.244999999999997,Medium,Rapidly Growing,8.637,35.605000000000004,0.0,0.0,0.0,-5.0,17.3,56,24.5,56,39.0,56,Low,Low,Medium
Data Analysis,Nashik,8,124961.625,True,18.4,20.244999999999997,Medium,Rapidly Growing,8.586,37.875,0.0,0.0,0.0,-5.0,32.0,66,39.2,66,53.6,66,Low,Medium,Medium
Data Analysis,Osmanabad,9,135814.55555555556,True,19.0,20.244999999999997,Medium,Rapidly Growing,8.059999999999999,37.4765,0.0,0.0,0.0,-5.0,32.3,68,39.4,68,53.5,68,Low,Medium,Medium
Data Analysis,Parbhani,9,204604.0,True,16.3,20.244999999999997,Medium,Rapidly Growing,9.2835,38.364,0.0,0.0,0.0,-5.0,30.2,68,37.6,68,52.3,68,Low,Medium,Medium
Data Analysis,Pune,9,157613.11111111112,True,22.2,20.244999999999997,Medium,Rapidly Growing,8.681999999999999,40.851,0.0,0.0,0.0,-5.0,36.7,68,43.9,68,58.4,68,Medium,Medium,Medium
Data Analysis,Raigad,2,277333.0,True,2.9,20.244999999999997,Medium,Rapidly Growing,9.9115,39.47,0.0,0.0,0.0,-5.0,17.3,54,24.8,54,39.9,54,Low,Low,Medium
Data Analysis,Sangli,8,172801.625,True,21.9,20.244999999999997,Medium,Rapidly Growing,9.5185,37.182,0.0,0.0,0.0,-5.0,35.5,66,42.9,66,57.8,66,Medium,Medium,Medium
Data Analysis,Satara,7,155253.57142857142,True,15.0,20.244999999999997,Medium,Rapidly Growing,9.8795,40.648,0.0,0.0,0.0,-5.0,29.7,64,37.3,64,52.3,64,Low,Medium,Medium
Data Analysis,Solapur,6,124204.5,True,11.9,20.244999999999997,Medium,Rapidly Growing,9.0745,41.6085,0.0,0.0,0.0,-5.0,26.7,62,34.0,62,48.7,62,Low,Low,Medium
Data Analysis,Yavatmal,4,108902.5,True,7.1,20.244999999999997,Medium,Rapidly Growing,9.310500000000001,37.6325,0.0,0.0,0.0,-5.0,20.8,58,28.2,58,42.9,58,Low,Low,Medium
Deep Learning,Ahmednagar,2,35308.5,True,2.3,28.5175,Low,Rapidly Growing,8.46,36.595,15.0,0.0,15.0,0.0,37.5,54,46.8,54,65.3,54,Medium,Medium,High
Deep Learning,Akola,3,138902.0,True,4.3,28.5175,Low,Rapidly Growing,9.0,33.019,15.0,0.0,15.0,0.0,38.6,56,48.0,56,66.7,56,Medium,Medium,High
Deep Learning,Amravati,1,489095.0,True,0.0,28.5175,Low,Rapidly Growing,8.8925,37.6035,15.0,0.0,15.0,0.0,35.6,52,45.0,52,63.7,52,Medium,Medium,Medium
Deep Learning,Aurangabad,6,164449.5,True,12.8,28.5175,Low,Rapidly Growing,7.6,38.486000000000004,15.0,0.0,15.0,0.0,48.4,62,57.4,62,75.5,62,Medium,Medium,High
Deep Learning,Beed,8,146252.0,True,20.0,28.5175,Low,Rapidly Growing,9.5965,42.417,15.0,0.0,15.0,0.0,57.3,66,66.8,66,85.8,66,Medium,High,High
Deep Learning,Bhiwandi,5,57750.8,True,11.1,28.5175,Low,Rapidly Growing,8.895,40.1755,15.0,0.0,15.0,0.0,47.5,60,56.9,60,75.6,60,Medium,Medium,High
Deep Learning,Chandrapur,11,179356.0,True,23.8,28.5175,Low,Rapidly Growing,8.7865,35.588,15.0,0.0,15.0,0.0,58.8,72,68.1,72,86.8,72,Medium,High,High
Deep Learning,Dhule,3,181468.0,True,6.1,28.5175,Low,Rapidly Growing,10.1625,39.802,15.0,0.0,15.0,0.0,42.7,56,52.4,56,71.7,56,Medium,Medium,High
Deep Learning,Jalgaon,2,192872.5,True,2.6,28.5175,Low,Rapidly Growing,8.879999999999999,37.665,15.0,0.0,15.0,0.0,38.2,54,47.6,54,66.3,54,Medium,Medium,High
Deep Learning,Jalna,6,80060.16666666667,True,10.9,28.5175,Low,Rapidly Growing,8.616499999999998,33.054500000000004,15.0,0.0,15.0,0.0,45.1,62,54.4,62,73.0,62,Medium,Medium,High
Deep Learning,Kolhapur,7,85509.28571428571,True,15.0,28.5175,Low,Rapidly Growing,9.7,40.227999999999994,15.0,0.0,15.0,0.0,51.6,64,61.2,64,80.3,64,Medium,Medium,High
Deep Learning,Latur,5,78718.6,True,10.3,28.5175,Low,Rapidly Growing,9.7515,39.448,15.0,0.0,15.0,0.0,46.7,60,56.3,60,75.4,60,Medium,Medium,High
Deep Learning,Mumbai,7,145017.85714285713,True,18.5,28.5175,Low,Rapidly Growing,9.267,35.709500000000006,15.0,0.0,15.0,0.0,53.7,64,63.1,64,82.0,64,Medium,Medium,High
Deep Learning,Nagpur,4,110343.0,True,6.5,28.5175,Low,Rapidly Growing,9.1105,38.835,15.0,0.0,15.0,0.0,42.6,58,52.0,58,70.8,58,Medium,Medium,High
Deep Learning,Nanded,5,138717.6,True,8.9,28.5175,Low,Rapidly Growing,8.637,35.605000000000004,15.0,0.0,15.0,0.0,43.9,60,53.2,60,71.7,60,Medium,Medium,High
Deep Learning,Nashik,5,273016.6,True,10.5,28.5175,Low,Rapidly Growing,8.586,37.875,15.0,0.0,15.0,0.0,46.1,60,55.4,60,74.0,60,Medium,Medium,High
Deep Learning,Osmanabad,6,213772.66666666666,True,11.9,28.5175,Low,Rapidly Growing,8.059999999999999,37.4765,15.0,0.0,15.0,0.0,47.3,62,56.4,62,74.7,62,Medium,Medium,High
Deep Learning,Parbhani,3,93250.0,True,4.1,28.5175,Low,Rapidly Growing,9.2835,38.364,15.0,0.0,15.0,0.0,40.1,56,49.5,56,68.4,56,Medium,Medium,High
Deep Learning,Pune,9,200158.55555555556,True,22.2,28.5175,Low,Rapidly Growing,8.681999999999999,40.851,15.0,0.0,15.0,0.0,58.8,68,68.1,68,86.7,68,Medium,High,High
Deep Learning,Raigad,5,160372.8,True,11.4,28.5175,Low,Rapidly Growing,9.9115,39.47,15.0,0.0,15.0,0.0,47.8,60,57.5,60,76.7,60,Medium,Medium,High
Deep Learning,Sangli,4,111642.0,True,9.4,28.5175,Low,Rapidly Growing,9.5185,37.182,15.0,0.0,15.0,0.0,45.1,58,54.6,58,73.6,58,Medium,Medium,High
Deep Learning,Satara,5,114871.8,True,10.0,28.5175,Low,Rapidly Growing,9.8795,40.648,15.0,0.0,15.0,0.0,46.8,60,56.4,60,75.6,60,Medium,Medium,High
Deep Learning,Solapur,4,43742.75,True,7.1,28.5175,Low,Rapidly Growing,9.0745,41.6085,15.0,0.0,15.0,0.0,44.0,58,53.4,58,72.2,58,Medium,Medium,High
Deep Learning,Yavatmal,2,127835.5,True,2.4,28.5175,Low,Rapidly Growing,9.310500000000001,37.6325,15.0,0.0,15.0,0.0,38.1,54,47.6,54,66.5,54,Medium,Medium,High
Docker,Ahmednagar,3,141251.0,True,4.7,28.7775,High,Rapidly Growing,8.46,36.595,8.0,0.0,8.0,-15.0,18.0,56,27.3,56,45.9,56,Low,Low,Medium
Docker,Akola,10,173957.4,True,19.1,28.7775,High,Rapidly Growing,9.0,33.019,8.0,0.0,8.0,-15.0,31.5,70,40.9,70,59.8,70,Low,Medium,Medium
Docker,Amravati,6,111220.0,True,16.1,28.7775,High,Rapidly Growing,8.8925,37.6035,8.0,0.0,8.0,-15.0,29.8,62,39.2,62,58.1,62,Low,Medium,Medium
Docker,Aurangabad,5,227875.8,True,10.3,28.7775,High,Rapidly Growing,7.6,38.486000000000004,8.0,0.0,8.0,-15.0,23.9,60,33.0,60,51.2,60,Low,Low,Medium
Docker,Beed,9,111145.22222222222,True,22.9,28.7775,High,Rapidly Growing,9.5965,42.417,8.0,0.0,8.0,-15.0,38.2,68,47.8,68,67.0,68,Medium,Medium,High
Docker,Bhiwandi,10,226815.2,True,25.0,28.7775,High,Rapidly Growing,8.895,40.1755,8.0,0.0,8.0,-15.0,39.5,70,48.9,70,67.7,70,Medium,Medium,High
Docker,Chandrapur,3,161344.66666666666,True,4.8,28.7775,High,Rapidly Growing,8.7865,35.588,8.0,0.0,8.0,-15.0,17.9,56,27.3,56,46.0,56,Low,Low,Medium
Docker,Dhule,6,63772.666666666664,True,15.2,28.7775,High,Rapidly Growing,10.1625,39.802,8.0,0.0,8.0,-15.0,29.9,62,39.6,62,59.1,62,Low,Medium,Medium
Docker,Jalgaon,7,75199.14285714286,True,15.8,28.7775,High,Rapidly Growing,8.879999999999999,37.665,8.0,0.0,8.0,-15.0,29.5,64,38.9,64,57.8,64,Low,Medium,Medium
Docker,Jalna,9,166088.0,True,17.4,28.7775,High,Rapidly Growing,8.616499999999998,33.054500000000004,8.0,0.0,8.0,-15.0,29.7,68,39.0,68,57.7,68,Low,Medium,Medium
Docker,Kolhapur,9,122234.22222222222,True,20.0,28.7775,High,Rapidly Growing,9.7,40.227999999999994,8.0,0.0,8.0,-15.0,34.7,68,44.3,68,63.5,68,Low,Medium,Medium
Docker,Latur,4,197832.75,True,7.7,28.7775,High,Rapidly Growing,9.7515,39.448,8.0,0.0,8.0,-15.0,22.2,58,31.8,58,51.1,58,Low,Low,Medium
Docker,Mumbai,6,131882.33333333334,True,14.8,28.7775,High,Rapidly Growing,9.267,35.709500000000006,8.0,0.0,8.0,-15.0,28.0,62,37.5,62,56.6,62,Low,Medium,Medium
Docker,Nagpur,10,185117.7,True,19.6,28.7775,High,Rapidly Growing,9.1105,38.835,8.0,0.0,8.0,-15.0,33.7,70,43.2,70,62.1,70,Low,Medium,Medium
Docker,Nanded,3,297245.0,True,4.4,28.7775,High,Rapidly Growing,8.637,35.605000000000004,8.0,0.0,8.0,-15.0,17.4,56,26.8,56,45.5,56,Low,Low,Medium
Docker,Nashik,10,78497.0,True,23.7,28.7775,High,Rapidly Growing,8.586,37.875,8.0,0.0,8.0,-15.0,37.4,70,46.7,70,65.4,70,Medium,Medium,High
Docker,Osmanabad,8,88080.25,True,16.7,28.7775,High,Rapidly Growing,8.059999999999999,37.4765,8.0,0.0,8.0,-15.0,30.2,66,39.4,66,57.8,66,Low,Medium,Medium
Docker,Parbhani,9,148253.77777777778,True,16.3,28.7775,High,Rapidly Growing,9.2835,38.364,8.0,0.0,8.0,-15.0,30.3,68,39.8,68,58.9,68,Low,Medium,Medium
Docker,Pune,5,148798.0,True,11.1,28.7775,High,Rapidly Growing,8.681999999999999,40.851,8.0,0.0,8.0,-15.0,25.7,60,35.1,60,53.8,60,Low,Medium,Medium
Docker,Raigad,10,114976.5,True,25.7,28.7775,High,Rapidly Growing,9.9115,39.47,8.0,0.0,8.0,-15.0,40.2,70,49.9,70,69.2,70,Medium,Medium,High
Docker,Sangli,6,81162.5,True,15.6,28.7775,High,Rapidly Growing,9.5185,37.182,8.0,0.0,8.0,-15.0,29.3,62,38.9,62,58.1,62,Low,Medium,Medium
Docker,Satara,5,128088.0,True,10.0,28.7775,High,Rapidly Growing,9.8795,40.648,8.0,0.0,8.0,-15.0,24.9,60,34.5,60,53.9,60,Low,Low,Medium
Docker,Solapur,8,119965.875,True,16.7,28.7775,High,Rapidly Growing,9.0745,41.6085,8.0,0.0,8.0,-15.0,31.6,66,41.1,66,60.0,66,Low,Medium,Medium
Docker,Yavatmal,8,112064.75,True,16.7,28.7775,High,Rapidly Growing,9.310500000000001,37.6325,8.0,0.0,8.0,-15.0,30.5,66,40.0,66,59.1,66,Low,Medium,Medium
Documentation,Ahmednagar,7,107481.42857142857,False,14.0,0.0,,,8.46,36.595,0.0,0.0,0.0,0.0,27.1,56,29.2,56,33.4,56,Low,Low,Low
Documentation,Akola,15,128247.2,False,29.8,0.0,,,9.0,33.019,0.0,0.0,0.0,0.0,42.0,72,44.2,72,48.7,72,Medium,Medium,Medium
Documentation,Amravati,10,172391.0,False,29.0,0.0,,,8.8925,37.6035,0.0,0.0,0.0,0.0,42.5,62,44.7,62,49.2,62,Medium,Medium,Medium
Documentation,Aurangabad,5,137393.6,False,10.3,0.0,,,7.6,38.486000000000004,0.0,0.0,0.0,0.0,23.7,52,25.6,52,29.4,52,Low,Low,Low
Documentation,Beed,10,118039.7,False,25.7,0.0,,,9.5965,42.417,0.0,0.0,0.0,0.0,40.8,62,43.2,62,48.0,62,Medium,Medium,Medium
Documentation,Bhiwandi,7,156794.57142857142,False,16.7,0.0,,,8.895,40.1755,0.0,0.0,0.0,0.0,31.0,56,33.2,56,37.6,56,Low,Low,Medium
Documentation,Chandrapur,16,124063.9375,False,35.7,0.0,,,8.7865,35.588,0.0,0.0,0.0,0.0,48.6,74,50.8,74,55.2,74,Medium,Medium,Medium
Documentation,Dhule,10,86583.3,False,27.3,0.0,,,10.1625,39.802,0.0,0.0,0.0,0.0,41.8,62,44.3,62,49.4,62,Medium,Medium,Medium
Documentation,Jalgaon,9,111432.55555555556,False,21.1,0.0,,,8.879999999999999,37.665,0.0,0.0,0.0,0.0,34.6,60,36.8,60,41.3,60,Low,Medium,Medium
Documentation,Jalna,14,130891.07142857143,False,28.3,0.0,,,8.616499999999998,33.054500000000004,0.0,0.0,0.0,0.0,40.4,70,42.5,70,46.8,70,Medium,Medium,Medium
Documentation,Kolhapur,14,133301.92857142858,False,32.5,0.0,,,9.7,40.227999999999994,0.0,0.0,0.0,0.0,47.0,70,49.4,70,54.3,70,Medium,Medium,Medium
Documentation,Latur,7,139789.85714285713,False,15.4,0.0,,,9.7515,39.448,0.0,0.0,0.0,0.0,29.7,56,32.1,56,37.0,56,Low,Low,Medium
Documentation,Mumbai,8,180293.125,False,22.2,0.0,,,9.267,35.709500000000006,0.0,0.0,0.0,0.0,35.2,58,37.5,58,42.2,58,Medium,Medium,Medium
Documentation,Nagpur,11,106511.18181818182,False,21.7,0.0,,,9.1105,38.835,0.0,0.0,0.0,0.0,35.6,64,37.9,64,42.5,64,Medium,Medium,Medium
Documentation,Nanded,13,106040.15384615384,False,26.7,0.0,,,8.637,35.605000000000004,0.0,0.0,0.0,0.0,39.5,68,41.7,68,46.0,68,Medium,Medium,Medium
Documentation,Nashik,10,169278.4,False,23.7,0.0,,,8.586,37.875,0.0,0.0,0.0,0.0,37.2,62,39.4,62,43.6,62,Medium,Medium,Medium
Documentation,Osmanabad,12,100128.5,False,26.2,0.0,,,8.059999999999999,37.4765,0.0,0.0,0.0,0.0,39.5,66,41.5,66,45.5,66,Medium,Medium,Medium
Documentation,Parbhani,16,140886.1875,False,30.6,0.0,,,9.2835,38.364,0.0,0.0,0.0,0.0,44.4,74,46.8,74,51.4,74,Medium,Medium,Medium
Documentation,Pune,9,135704.66666666666,False,22.2,0.0,,,8.681999999999999,40.851,0.0,0.0,0.0,0.0,36.6,60,38.8,60,43.1,60,Medium,Medium,Medium
Documentation,Raigad,11,114314.63636363637,False,28.6,0.0,,,9.9115,39.47,0.0,0.0,0.0,0.0,42.9,64,45.4,64,50.4,64,Medium,Medium,Medium
Documentation,Sangli,6,80080.66666666667,False,15.6,0.0,,,9.5185,37.182,0.0,0.0,0.0,0.0,29.1,54,31.5,54,36.3,54,Low,Low,Medium
Documentation,Satara,8,136726.25,False,17.5,0.0,,,9.8795,40.648,0.0,0.0,0.0,0.0,32.2,58,34.6,58,39.6,58,Low,Low,Medium
Documentation,Solapur,8,165707.25,False,16.7,0.0,,,9.0745,41.6085,0.0,0.0,0.0,0.0,31.5,58,33.7,58,38.3,58,Low,Low,Medium
Documentation,Yavatmal,6,55430.166666666664,False,11.9,0.0,,,9.310500000000001,37.6325,0.0,0.0,0.0,0.0,25.5,54,27.8,54,32.5,54,Low,Low,Low
Editing,Ahmednagar,9,180035.0,False,18.6,0.0,,,8.46,36.595,0.0,0.0,0.0,0.0,31.7,60,33.8,60,38.0,60,Low,Low,Medium
Editing,Akola,7,149514.0,False,12.8,0.0,,,9.0,33.019,0.0,0.0,0.0,0.0,25.0,56,27.2,56,31.7,56,Low,Low,Low
Editing,Amravati,4,119924.5,False,9.7,0.0,,,8.8925,37.6035,0.0,0.0,0.0,0.0,23.2,50,25.4,50,29.9,50,Low,Low,Low
Editing,Aurangabad,3,53176.666666666664,False,5.1,0.0,,,7.6,38.486000000000004,0.0,0.0,0.0,0.0,18.5,48,20.4,48,24.2,48,Low,Low,Low
Editing,Beed,7,213316.85714285713,False,17.1,0.0,,,9.5965,42.417,0.0,0.0,0.0,0.0,32.2,56,34.6,56,39.4,56,Low,Low,Medium
Editing,Bhiwandi,3,97183.0,False,5.6,0.0,,,8.895,40.1755,0.0,0.0,0.0,0.0,19.9,48,22.1,48,26.5,48,Low,Low,Low
Editing,Chandrapur,11,121714.27272727272,False,23.8,0.0,,,8.7865,35.588,0.0,0.0,0.0,0.0,36.7,64,38.9,64,43.3,64,Medium,Medium,Medium
Editing,Dhule,7,119894.42857142857,False,18.2,0.0,,,10.1625,39.802,0.0,0.0,0.0,0.0,32.7,56,35.2,56,40.3,56,Low,Medium,Medium
Editing,Jalgaon,4,50176.0,False,7.9,0.0,,,8.879999999999999,37.665,0.0,0.0,0.0,0.0,21.4,50,23.6,50,28.1,50,Low,Low,Low
Editing,Jalna,6,101600.66666666667,False,10.9,0.0,,,8.616499999999998,33.054500000000004,0.0,0.0,0.0,0.0,23.0,54,25.1,54,29.4,54,Low,Low,Low
Editing,Kolhapur,4,184090.75,False,7.5,0.0,,,9.7,40.227999999999994,0.0,0.0,0.0,0.0,22.0,50,24.4,50,29.3,50,Low,Low,Low
Editing,Latur,1,105243.0,False,0.0,0.0,,,9.7515,39.448,0.0,0.0,0.0,0.0,14.3,44,16.7,44,21.6,44,Low,Low,Low
Editing,Mumbai,5,121507.8,False,11.1,0.0,,,9.267,35.709500000000006,0.0,0.0,0.0,0.0,24.1,52,26.4,52,31.1,52,Low,Low,Low
Editing,Nagpur,2,36839.5,False,2.2,0.0,,,9.1105,38.835,0.0,0.0,0.0,0.0,16.1,46,18.4,46,23.0,46,Low,Low,Low
Editing,Nanded,6,129465.16666666667,False,11.1,0.0,,,8.637,35.605000000000004,0.0,0.0,0.0,0.0,23.9,54,26.1,54,30.4,54,Low,Low,Low
Editing,Nashik,6,93123.33333333333,False,13.2,0.0,,,8.586,37.875,0.0,0.0,0.0,0.0,26.7,54,28.9,54,33.1,54,Low,Low,Low
Editing,Osmanabad,6,196003.0,False,11.9,0.0,,,8.059999999999999,37.4765,0.0,0.0,0.0,0.0,25.2,54,27.2,54,31.2,54,Low,Low,Low
Editing,Parbhani,4,106753.5,False,6.1,0.0,,,9.2835,38.364,0.0,0.0,0.0,0.0,19.9,50,22.3,50,26.9,50,Low,Low,Low
Editing,Pune,8,226666.25,False,19.4,0.0,,,8.681999999999999,40.851,0.0,0.0,0.0,0.0,33.8,58,36.0,58,40.3,58,Low,Medium,Medium
Editing,Raigad,7,114442.85714285714,False,17.1,0.0,,,9.9115,39.47,0.0,0.0,0.0,0.0,31.4,56,33.9,56,38.9,56,Low,Low,Medium
Editing,Sangli,8,131734.875,False,21.9,0.0,,,9.5185,37.182,0.0,0.0,0.0,0.0,35.4,58,37.8,58,42.6,58,Medium,Medium,Medium
Editing,Satara,4,48104.0,False,7.5,0.0,,,9.8795,40.648,0.0,0.0,0.0,0.0,22.2,50,24.6,50,29.6,50,Low,Low,Low
Editing,Solapur,3,199208.0,False,4.8,0.0,,,9.0745,41.6085,0.0,0.0,0.0,0.0,19.6,48,21.8,48,26.4,48,Low,Low,Low
Editing,Yavatmal,10,154130.4,False,21.4,0.0,,,9.310500000000001,37.6325,0.0,0.0,0.0,0.0,35.0,62,37.3,62,42.0,62,Medium,Medium,Medium
Electrical Systems,Ahmednagar,4,84735.5,False,7.0,0.0,,,8.46,36.595,0.0,0.0,0.0,0.0,20.1,50,22.2,50,26.4,50,Low,Low,Low
Electrical Systems,Akola,6,79734.83333333333,False,10.6,0.0,,,9.0,33.019,0.0,0.0,0.0,0.0,22.8,54,25.0,54,29.5,54,Low,Low,Low
Electrical Systems,Amravati,4,200790.25,False,9.7,0.0,,,8.8925,37.6035,0.0,0.0,0.0,0.0,23.2,50,25.4,50,29.9,50,Low,Low,Low
Electrical Systems,Aurangabad,9,142924.55555555556,False,20.5,0.0,,,7.6,38.486000000000004,0.0,0.0,0.0,0.0,33.9,60,35.8,60,39.6,60,Low,Medium,Medium
Electrical Systems,Beed,8,129538.75,False,20.0,0.0,,,9.5965,42.417,0.0,0.0,0.0,0.0,35.1,58,37.5,58,42.3,58,Medium,Medium,Medium
Electrical Systems,Bhiwandi,7,125338.71428571429,False,16.7,0.0,,,8.895,40.1755,0.0,0.0,0.0,0.0,31.0,56,33.2,56,37.6,56,Low,Low,Medium
Electrical Systems,Chandrapur,5,166900.4,False,9.5,0.0,,,8.7865,35.588,0.0,0.0,0.0,0.0,22.4,52,24.6,52,29.0,52,Low,Low,Low
Electrical Systems,Dhule,7,45020.0,False,18.2,0.0,,,10.1625,39.802,0.0,0.0,0.0,0.0,32.7,56,35.2,56,40.3,56,Low,Medium,Medium
Electrical Systems,Jalgaon,4,164184.5,False,7.9,0.0,,,8.879999999999999,37.665,0.0,0.0,0.0,0.0,21.4,50,23.6,50,28.1,50,Low,Low,Low
Electrical Systems,Jalna,2,109810.0,False,2.2,0.0,,,8.616499999999998,33.054500000000004,0.0,0.0,0.0,0.0,14.3,46,16.4,46,20.7,46,Low,Low,Low
Electrical Systems,Kolhapur,6,85709.5,False,12.5,0.0,,,9.7,40.227999999999994,0.0,0.0,0.0,0.0,27.0,54,29.4,54,34.3,54,Low,Low,Low
Electrical Systems,Latur,11,133966.54545454544,False,25.6,0.0,,,9.7515,39.448,0.0,0.0,0.0,0.0,39.9,64,42.3,64,47.2,64,Medium,Medium,Medium
Electrical Systems,Mumbai,8,223746.125,False,22.2,0.0,,,9.267,35.709500000000006,0.0,0.0,0.0,0.0,35.2,58,37.5,58,42.2,58,Medium,Medium,Medium
Electrical Systems,Nagpur,6,98524.33333333333,False,10.9,0.0,,,9.1105,38.835,0.0,0.0,0.0,0.0,24.8,54,27.1,54,31.7,54,Low,Low,Low
Electrical Systems,Nanded,1,411097.0,False,0.0,0.0,,,8.637,35.605000000000004,0.0,0.0,0.0,0.0,12.8,44,15.0,44,19.3,44,Low,Low,Low
Electrical Systems,Nashik,3,55513.666666666664,False,5.3,0.0,,,8.586,37.875,0.0,0.0,0.0,0.0,18.8,48,21.0,48,25.2,48,Low,Low,Low
Electrical Systems,Osmanabad,7,152033.14285714287,False,14.3,0.0,,,8.059999999999999,37.4765,0.0,0.0,0.0,0.0,27.6,56,29.6,56,33.6,56,Low,Low,Low
Electrical Systems,Parbhani,7,110102.14285714286,False,12.2,0.0,,,9.2835,38.364,0.0,0.0,0.0,0.0,26.0,56,28.4,56,33.0,56,Low,Low,Low
Electrical Systems,Pune,2,66358.5,False,2.8,0.0,,,8.681999999999999,40.851,0.0,0.0,0.0,0.0,17.2,46,19.4,46,23.7,46,Low,Low,Low
Electrical Systems,Raigad,5,151800.0,False,11.4,0.0,,,9.9115,39.47,0.0,0.0,0.0,0.0,25.7,52,28.2,52,33.2,52,Low,Low,Low
Electrical Systems,Sangli,13,147077.6923076923,False,37.5,0.0,,,9.5185,37.182,0.0,0.0,0.0,0.0,51.0,68,53.4,68,58.2,68,Medium,Medium,Medium
Electrical Systems,Satara,5,109806.4,False,10.0,0.0,,,9.8795,40.648,0.0,0.0,0.0,0.0,24.7,52,27.1,52,32.1,52,Low,Low,Low
Electrical Systems,Solapur,5,184541.8,False,9.5,0.0,,,9.0745,41.6085,0.0,0.0,0.0,0.0,24.3,52,26.5,52,31.1,52,Low,Low,Low
Electrical Systems,Yavatmal,6,89592.0,False,11.9,0.0,,,9.310500000000001,37.6325,0.0,0.0,0.0,0.0,25.5,54,27.8,54,32.5,54,Low,Low,Low
Electrical Wiring,Ahmednagar,5,150445.4,False,9.3,0.0,,,8.46,36.595,0.0,0.0,0.0,0.0,22.4,52,24.5,52,28.7,52,Low,Low,Low
Electrical Wiring,Akola,6,116490.33333333333,False,10.6,0.0,,,9.0,33.019,0.0,0.0,0.0,0.0,22.8,54,25.0,54,29.5,54,Low,Low,Low
Electrical Wiring,Amravati,8,152673.0,False,22.6,0.0,,,8.8925,37.6035,0.0,0.0,0.0,0.0,36.1,58,38.3,58,42.8,58,Medium,Medium,Medium
Electrical Wiring,Aurangabad,8,183717.75,False,17.9,0.0,,,7.6,38.486000000000004,0.0,0.0,0.0,0.0,31.3,58,33.2,58,37.0,58,Low,Low,Medium
Electrical Wiring,Beed,6,127911.33333333333,False,14.3,0.0,,,9.5965,42.417,0.0,0.0,0.0,0.0,29.4,54,31.8,54,36.6,54,Low,Low,Medium
Electrical Wiring,Bhiwandi,5,88161.0,False,11.1,0.0,,,8.895,40.1755,0.0,0.0,0.0,0.0,25.4,52,27.6,52,32.0,52,Low,Low,Low
Electrical Wiring,Chandrapur,5,84632.4,False,9.5,0.0,,,8.7865,35.588,0.0,0.0,0.0,0.0,22.4,52,24.6,52,29.0,52,Low,Low,Low
Electrical Wiring,Dhule,6,169043.16666666666,False,15.2,0.0,,,10.1625,39.802,0.0,0.0,0.0,0.0,29.7,54,32.2,54,37.3,54,Low,Low,Medium
Electrical Wiring,Jalgaon,5,188870.2,False,10.5,0.0,,,8.879999999999999,37.665,0.0,0.0,0.0,0.0,24.0,52,26.2,52,30.7,52,Low,Low,Low
Electrical Wiring,Jalna,4,172501.25,False,6.5,0.0,,,8.616499999999998,33.054500000000004,0.0,0.0,0.0,0.0,18.6,50,20.7,50,25.0,50,Low,Low,Low
Electrical Wiring,Kolhapur,6,160011.16666666666,False,12.5,0.0,,,9.7,40.227999999999994,0.0,0.0,0.0,0.0,27.0,54,29.4,54,34.3,54,Low,Low,Low
Electrical Wiring,Latur,3,125502.0,False,5.1,0.0,,,9.7515,39.448,0.0,0.0,0.0,0.0,19.4,48,21.8,48,26.7,48,Low,Low,Low
Electrical Wiring,Mumbai,6,115954.83333333333,False,14.8,0.0,,,9.267,35.709500000000006,0.0,0.0,0.0,0.0,27.8,54,30.1,54,34.8,54,Low,Low,Low
Electrical Wiring,Nagpur,3,359443.3333333333,False,4.3,0.0,,,9.1105,38.835,0.0,0.0,0.0,0.0,18.2,48,20.5,48,25.1,48,Low,Low,Low
Electrical Wiring,Nanded,1,398074.0,False,0.0,0.0,,,8.637,35.605000000000004,0.0,0.0,0.0,0.0,12.8,44,15.0,44,19.3,44,Low,Low,Low
Electrical Wiring,Nashik,5,188071.4,False,10.5,0.0,,,8.586,37.875,0.0,0.0,0.0,0.0,24.0,52,26.2,52,30.4,52,Low,Low,Low
Electrical Wiring,Osmanabad,6,165686.83333333334,False,11.9,0.0,,,8.059999999999999,37.4765,0.0,0.0,0.0,0.0,25.2,54,27.2,54,31.2,54,Low,Low,Low
Electrical Wiring,Parbhani,6,136466.5,False,10.2,0.0,,,9.2835,38.364,0.0,0.0,0.0,0.0,24.0,54,26.4,54,31.0,54,Low,Low,Low
Electrical Wiring,Pune,4,141115.5,False,8.3,0.0,,,8.681999999999999,40.851,0.0,0.0,0.0,0.0,22.7,50,24.9,50,29.2,50,Low,Low,Low
Electrical Wiring,Raigad,4,141407.0,False,8.6,0.0,,,9.9115,39.47,0.0,0.0,0.0,0.0,22.9,50,25.4,50,30.4,50,Low,Low,Low
Electrical Wiring,Sangli,4,163013.5,False,9.4,0.0,,,9.5185,37.182,0.0,0.0,0.0,0.0,22.9,50,25.3,50,30.1,50,Low,Low,Low
Electrical Wiring,Satara,3,211917.33333333334,False,5.0,0.0,,,9.8795,40.648,0.0,0.0,0.0,0.0,19.7,48,22.1,48,27.1,48,Low,Low,Low
Electrical Wiring,Solapur,6,111593.5,False,11.9,0.0,,,9.0745,41.6085,0.0,0.0,0.0,0.0,26.7,54,28.9,54,33.5,54,Low,Low,Low
Electrical Wiring,Yavatmal,6,67495.33333333333,False,11.9,0.0,,,9.310500000000001,37.6325,0.0,0.0,0.0,0.0,25.5,54,27.8,54,32.5,54,Low,Low,Low
Email Marketing,Ahmednagar,3,64408.666666666664,True,4.7,12.665,Low,Growing,8.46,36.595,0.0,0.0,0.0,0.0,21.0,56,26.2,56,36.8,56,Low,Low,Medium
Email Marketing,Akola,3,200105.66666666666,True,4.3,12.665,Low,Growing,9.0,33.019,0.0,0.0,0.0,0.0,19.6,56,25.0,56,35.9,56,Low,Low,Medium
Email Marketing,Amravati,8,206823.875,True,22.6,12.665,Low,Growing,8.8925,37.6035,0.0,0.0,0.0,0.0,39.3,66,44.7,66,55.4,66,Medium,Medium,Medium
Email Marketing,Aurangabad,9,106247.88888888889,True,20.5,12.665,Low,Growing,7.6,38.486000000000004,0.0,0.0,0.0,0.0,37.1,68,42.2,68,52.3,68,Medium,Medium,Medium
Email Marketing,Beed,5,188417.6,True,11.4,12.665,Low,Growing,9.5965,42.417,0.0,0.0,0.0,0.0,29.7,60,35.3,60,46.4,60,Low,Medium,Medium
Email Marketing,Bhiwandi,6,211084.16666666666,True,13.9,12.665,Low,Growing,8.895,40.1755,0.0,0.0,0.0,0.0,31.3,62,36.7,62,47.5,62,Low,Medium,Medium
Email Marketing,Chandrapur,10,261604.6,True,21.4,12.665,Low,Growing,8.7865,35.588,0.0,0.0,0.0,0.0,37.4,70,42.8,70,53.5,70,Medium,Medium,Medium
Email Marketing,Dhule,7,149080.7142857143,True,18.2,12.665,Low,Growing,10.1625,39.802,0.0,0.0,0.0,0.0,35.8,64,41.6,64,53.0,64,Medium,Medium,Medium
Email Marketing,Jalgaon,7,137462.85714285713,True,15.8,12.665,Low,Growing,8.879999999999999,37.665,0.0,0.0,0.0,0.0,32.5,64,37.9,64,48.6,64,Low,Medium,Medium
Email Marketing,Jalna,3,27853.333333333332,True,4.3,12.665,Low,Growing,8.616499999999998,33.054500000000004,0.0,0.0,0.0,0.0,19.5,56,24.9,56,35.5,56,Low,Low,Medium
Email Marketing,Kolhapur,5,177911.2,True,10.0,12.665,Low,Growing,9.7,40.227999999999994,0.0,0.0,0.0,0.0,27.7,60,33.3,60,44.4,60,Low,Low,Medium
Email Marketing,Latur,5,207458.0,True,10.3,12.665,Low,Growing,9.7515,39.448,0.0,0.0,0.0,0.0,27.7,60,33.3,60,44.6,60,Low,Low,Medium
Email Marketing,Mumbai,3,159064.0,True,3.7,12.665,Low,Growing,9.267,35.709500000000006,0.0,0.0,0.0,0.0,19.9,56,25.4,56,36.3,56,Low,Low,Medium
Email Marketing,Nagpur,3,43526.333333333336,True,4.3,12.665,Low,Growing,9.1105,38.835,0.0,0.0,0.0,0.0,21.4,56,26.8,56,37.7,56,Low,Low,Medium
Email Marketing,Nanded,7,122545.57142857143,True,13.3,12.665,Low,Growing,8.637,35.605000000000004,0.0,0.0,0.0,0.0,29.3,64,34.6,64,45.3,64,Low,Low,Medium
Email Marketing,Nashik,4,177395.75,True,7.9,12.665,Low,Growing,8.586,37.875,0.0,0.0,0.0,0.0,24.6,58,29.9,58,40.5,58,Low,Low,Medium
Email Marketing,Osmanabad,8,205524.375,True,16.7,12.665,Low,Growing,8.059999999999999,37.4765,0.0,0.0,0.0,0.0,33.1,66,38.3,66,48.7,66,Low,Medium,Medium
Email Marketing,Parbhani,2,273227.5,True,2.0,12.665,Low,Growing,9.2835,38.364,0.0,0.0,0.0,0.0,19.0,54,24.5,54,35.5,54,Low,Low,Medium
Email Marketing,Pune,4,187793.0,True,8.3,12.665,Low,Growing,8.681999999999999,40.851,0.0,0.0,0.0,0.0,25.9,58,31.2,58,41.9,58,Low,Low,Medium
Email Marketing,Raigad,6,241803.5,True,14.3,12.665,Low,Growing,9.9115,39.47,0.0,0.0,0.0,0.0,31.8,62,37.4,62,48.7,62,Low,Medium,Medium
Email Marketing,Sangli,5,102635.4,True,12.5,12.665,Low,Growing,9.5185,37.182,0.0,0.0,0.0,0.0,29.2,60,34.7,60,45.8,60,Low,Low,Medium
Email Marketing,Satara,6,159280.5,True,12.5,12.665,Low,Growing,9.8795,40.648,0.0,0.0,0.0,0.0,30.3,62,36.0,62,47.2,62,Low,Medium,Medium
Email Marketing,Solapur,2,74038.5,True,2.4,12.665,Low,Growing,9.0745,41.6085,0.0,0.0,0.0,0.0,20.3,54,25.8,54,36.6,54,Low,Low,Medium
Email Marketing,Yavatmal,5,190410.6,True,9.5,12.665,Low,Growing,9.310500000000001,37.6325,0.0,0.0,0.0,0.0,26.3,60,31.8,60,42.8,60,Low,Low,Medium
Emergency Care,Ahmednagar,6,111035.33333333333,True,11.6,14.895,Medium,Growing,8.46,36.595,0.0,0.0,0.0,-5.0,23.4,62,29.3,62,40.9,62,Low,Low,Medium
Emergency Care,Akola,7,104660.57142857143,True,12.8,14.895,Medium,Growing,9.0,33.019,0.0,0.0,0.0,-5.0,23.7,64,29.7,64,41.6,64,Low,Low,Medium
Emergency Care,Amravati,4,178253.25,True,9.7,14.895,Medium,Growing,8.8925,37.6035,0.0,0.0,0.0,-5.0,21.9,58,27.9,58,39.8,58,Low,Low,Medium
Emergency Care,Aurangabad,6,89926.5,True,12.8,14.895,Medium,Growing,7.6,38.486000000000004,0.0,0.0,0.0,-5.0,25.0,62,30.6,62,41.8,62,Low,Low,Medium
Emergency Care,Beed,2,38246.0,True,2.9,14.895,Medium,Growing,9.5965,42.417,0.0,0.0,0.0,-5.0,16.7,54,22.9,54,35.1,54,Low,Low,Medium
Emergency Care,Bhiwandi,6,166009.33333333334,True,13.9,14.895,Medium,Growing,8.895,40.1755,0.0,0.0,0.0,-5.0,26.9,62,32.8,62,44.7,62,Low,Low,Medium
Emergency Care,Chandrapur,4,156295.0,True,7.1,14.895,Medium,Growing,8.7865,35.588,0.0,0.0,0.0,-5.0,18.7,58,24.6,58,36.5,58,Low,Low,Medium
Emergency Care,Dhule,6,84544.83333333333,True,15.2,14.895,Medium,Growing,10.1625,39.802,0.0,0.0,0.0,-5.0,28.4,62,34.7,62,47.2,62,Low,Low,Medium
Emergency Care,Jalgaon,5,157410.4,True,10.5,14.895,Medium,Growing,8.879999999999999,37.665,0.0,0.0,0.0,-5.0,22.7,60,28.7,60,40.6,60,Low,Low,Medium
Emergency Care,Jalna,1,17540.0,True,0.0,14.895,Medium,Growing,8.616499999999998,33.054500000000004,0.0,0.0,0.0,-5.0,10.8,52,16.7,52,28.4,52,Low,Low,Low
Emergency Care,Kolhapur,4,148175.0,True,7.5,14.895,Medium,Growing,9.7,40.227999999999994,0.0,0.0,0.0,-5.0,20.7,58,26.9,58,39.2,58,Low,Low,Medium
Emergency Care,Latur,2,47639.0,True,2.6,14.895,Medium,Growing,9.7515,39.448,0.0,0.0,0.0,-5.0,15.6,54,21.8,54,34.1,54,Low,Low,Low
Emergency Care,Mumbai,6,191885.5,True,14.8,14.895,Medium,Growing,9.267,35.709500000000006,0.0,0.0,0.0,-5.0,26.6,62,32.6,62,44.7,62,Low,Low,Medium
Emergency Care,Nagpur,9,147480.22222222222,True,17.4,14.895,Medium,Growing,9.1105,38.835,0.0,0.0,0.0,-5.0,30.1,68,36.1,68,48.1,68,Low,Medium,Medium
Emergency Care,Nanded,4,264527.75,True,6.7,14.895,Medium,Growing,8.637,35.605000000000004,0.0,0.0,0.0,-5.0,18.3,58,24.1,58,35.9,58,Low,Low,Medium
Emergency Care,Nashik,4,144877.25,True,7.9,14.895,Medium,Growing,8.586,37.875,0.0,0.0,0.0,-5.0,20.1,58,26.0,58,37.7,58,Low,Low,Medium
Emergency Care,Osmanabad,4,44817.0,True,7.1,14.895,Medium,Growing,8.059999999999999,37.4765,0.0,0.0,0.0,-5.0,19.1,58,24.8,58,36.3,58,Low,Low,Medium
Emergency Care,Parbhani,8,173830.375,True,14.3,14.895,Medium,Growing,9.2835,38.364,0.0,0.0,0.0,-5.0,26.9,66,32.9,66,45.0,66,Low,Low,Medium
Emergency Care,Pune,5,59305.4,True,11.1,14.895,Medium,Growing,8.681999999999999,40.851,0.0,0.0,0.0,-5.0,24.2,60,30.1,60,41.9,60,Low,Low,Medium
Emergency Care,Raigad,6,71924.33333333333,True,14.3,14.895,Medium,Growing,9.9115,39.47,0.0,0.0,0.0,-5.0,27.3,62,33.5,62,45.9,62,Low,Low,Medium
Emergency Care,Sangli,6,69919.5,True,15.6,14.895,Medium,Growing,9.5185,37.182,0.0,0.0,0.0,-5.0,27.9,62,34.0,62,46.2,62,Low,Low,Medium
Emergency Care,Satara,7,158153.42857142858,True,15.0,14.895,Medium,Growing,9.8795,40.648,0.0,0.0,0.0,-5.0,28.4,64,34.6,64,47.0,64,Low,Low,Medium
Emergency Care,Solapur,5,156898.0,True,9.5,14.895,Medium,Growing,9.0745,41.6085,0.0,0.0,0.0,-5.0,23.0,60,29.0,60,41.0,60,Low,Low,Medium
Emergency Care,Yavatmal,7,144749.7142857143,True,14.3,14.895,Medium,Growing,9.310500000000001,37.6325,0.0,0.0,0.0,-5.0,26.6,64,32.7,64,44.8,64,Low,Low,Medium
Employee Relations,Ahmednagar,6,177384.0,False,11.6,0.0,,,8.46,36.595,0.0,0.0,0.0,0.0,24.7,54,26.8,54,31.0,54,Low,Low,Low
Employee Relations,Akola,4,133562.75,False,6.4,0.0,,,9.0,33.019,0.0,0.0,0.0,0.0,18.6,50,20.8,50,25.3,50,Low,Low,Low
Employee Relations,Amravati,4,127096.0,False,9.7,0.0,,,8.8925,37.6035,0.0,0.0,0.0,0.0,23.2,50,25.4,50,29.9,50,Low,Low,Low
Employee Relations,Aurangabad,2,255986.5,False,2.6,0.0,,,7.6,38.486000000000004,0.0,0.0,0.0,0.0,16.0,46,17.9,46,21.7,46,Low,Low,Low
Employee Relations,Beed,4,140591.75,False,8.6,0.0,,,9.5965,42.417,0.0,0.0,0.0,0.0,23.7,50,26.1,50,30.9,50,Low,Low,Low
Employee Relations,Bhiwandi,5,126124.8,False,11.1,0.0,,,8.895,40.1755,0.0,0.0,0.0,0.0,25.4,52,27.6,52,32.0,52,Low,Low,Low
Employee Relations,Chandrapur,3,326491.3333333333,False,4.8,0.0,,,8.7865,35.588,0.0,0.0,0.0,0.0,17.7,48,19.9,48,24.3,48,Low,Low,Low
Employee Relations,Dhule,4,68370.5,False,9.1,0.0,,,10.1625,39.802,0.0,0.0,0.0,0.0,23.6,50,26.1,50,31.2,50,Low,Low,Low
Employee Relations,Jalgaon,6,102907.66666666667,False,13.2,0.0,,,8.879999999999999,37.665,0.0,0.0,0.0,0.0,26.7,54,28.9,54,33.4,54,Low,Low,Low
Employee Relations,Jalna,7,87177.28571428571,False,13.0,0.0,,,8.616499999999998,33.054500000000004,0.0,0.0,0.0,0.0,25.1,56,27.2,56,31.5,56,Low,Low,Low
Employee Relations,Kolhapur,4,102929.25,False,7.5,0.0,,,9.7,40.227999999999994,0.0,0.0,0.0,0.0,22.0,50,24.4,50,29.3,50,Low,Low,Low
Employee Relations,Latur,5,37062.8,False,10.3,0.0,,,9.7515,39.448,0.0,0.0,0.0,0.0,24.6,52,27.0,52,31.9,52,Low,Low,Low
Employee Relations,Nagpur,3,92934.0,False,4.3,0.0,,,9.1105,38.835,0.0,0.0,0.0,0.0,18.2,48,20.5,48,25.1,48,Low,Low,Low
Employee Relations,Nanded,6,133763.33333333334,False,11.1,0.0,,,8.637,35.605000000000004,0.0,0.0,0.0,0.0,23.9,54,26.1,54,30.4,54,Low,Low,Low
Employee Relations,Nashik,9,166683.33333333334,False,21.1,0.0,,,8.586,37.875,0.0,0.0,0.0,0.0,34.6,60,36.8,60,41.0,60,Low,Medium,Medium
Employee Relations,Osmanabad,11,121153.18181818182,False,23.8,0.0,,,8.059999999999999,37.4765,0.0,0.0,0.0,0.0,37.1,64,39.1,64,43.1,64,Medium,Medium,Medium
Employee Relations,Pune,7,167443.85714285713,False,16.7,0.0,,,8.681999999999999,40.851,0.0,0.0,0.0,0.0,31.1,56,33.3,56,37.6,56,Low,Low,Medium
Employee Relations,Raigad,11,71255.90909090909,False,28.6,0.0,,,9.9115,39.47,0.0,0.0,0.0,0.0,42.9,64,45.4,64,50.4,64,Medium,Medium,Medium
Employee Relations,Sangli,2,29877.0,False,3.1,0.0,,,9.5185,37.182,0.0,0.0,0.0,0.0,16.6,46,19.0,46,23.8,46,Low,Low,Low
Employee Relations,Satara,9,140980.33333333334,False,20.0,0.0,,,9.8795,40.648,0.0,0.0,0.0,0.0,34.7,60,37.1,60,42.1,60,Low,Medium,Medium
Employee Relations,Solapur,6,59999.333333333336,False,11.9,0.0,,,9.0745,41.6085,0.0,0.0,0.0,0.0,26.7,54,28.9,54,33.5,54,Low,Low,Low
Employee Relations,Yavatmal,3,98048.33333333333,False,4.8,0.0,,,9.310500000000001,37.6325,0.0,0.0,0.0,0.0,18.4,48,20.7,48,25.4,48,Low,Low,Low
Equipment Maintenance,Ahmednagar,8,105820.375,False,16.3,0.0,,,8.46,36.595,0.0,0.0,0.0,0.0,29.4,58,31.5,58,35.7,58,Low,Low,Medium
Equipment Maintenance,Akola,11,74278.90909090909,False,21.3,0.0,,,9.0,33.019,0.0,0.0,0.0,0.0,33.5,64,35.7,64,40.2,64,Low,Medium,Medium
Equipment Maintenance,Amravati,13,158487.07692307694,False,38.7,0.0,,,8.8925,37.6035,0.0,0.0,0.0,0.0,52.2,68,54.4,68,58.9,68,Medium,Medium,Medium
Equipment Maintenance,Aurangabad,17,135315.76470588235,False,41.0,0.0,,,7.6,38.486000000000004,0.0,0.0,0.0,0.0,54.4,76,56.3,76,60.1,76,Medium,Medium,Medium
Equipment Maintenance,Beed,17,144505.35294117648,False,45.7,0.0,,,9.5965,42.417,0.0,0.0,0.0,0.0,60.8,76,63.2,76,68.0,76,Medium,Medium,High
Equipment Maintenance,Bhiwandi,8,143461.25,False,19.4,0.0,,,8.895,40.1755,0.0,0.0,0.0,0.0,33.7,58,35.9,58,40.3,58,Low,Medium,Medium
Equipment Maintenance,Chandrapur,14,116104.07142857143,False,31.0,0.0,,,8.7865,35.588,0.0,0.0,0.0,0.0,43.9,70,46.1,70,50.5,70,Medium,Medium,Medium
Equipment Maintenance,Dhule,14,102070.92857142857,False,39.4,0.0,,,10.1625,39.802,0.0,0.0,0.0,0.0,53.9,70,56.4,70,61.5,70,Medium,Medium,Medium
Equipment Maintenance,Jalgaon,7,232754.85714285713,False,15.8,0.0,,,8.879999999999999,37.665,0.0,0.0,0.0,0.0,29.3,56,31.5,56,36.0,56,Low,Low,Medium
Equipment Maintenance,Jalna,8,137007.5,False,15.2,0.0,,,8.616499999999998,33.054500000000004,0.0,0.0,0.0,0.0,27.3,58,29.4,58,33.7,58,Low,Low,Low
Equipment Maintenance,Kolhapur,11,145530.9090909091,False,25.0,0.0,,,9.7,40.227999999999994,0.0,0.0,0.0,0.0,39.5,64,41.9,64,46.8,64,Medium,Medium,Medium
Equipment Maintenance,Latur,15,166381.73333333334,False,35.9,0.0,,,9.7515,39.448,0.0,0.0,0.0,0.0,50.2,72,52.6,72,57.5,72,Medium,Medium,Medium
Equipment Maintenance,Mumbai,10,166685.3,False,29.6,0.0,,,9.267,35.709500000000006,0.0,0.0,0.0,0.0,42.6,62,44.9,62,49.6,62,Medium,Medium,Medium
Equipment Maintenance,Nagpur,9,210222.77777777778,False,17.4,0.0,,,9.1105,38.835,0.0,0.0,0.0,0.0,31.3,60,33.6,60,38.2,60,Low,Low,Medium
Equipment Maintenance,Nanded,5,159250.0,False,8.9,0.0,,,8.637,35.605000000000004,0.0,0.0,0.0,0.0,21.7,52,23.9,52,28.2,52,Low,Low,Low
Equipment Maintenance,Nashik,11,133934.81818181818,False,26.3,0.0,,,8.586,37.875,0.0,0.0,0.0,0.0,39.8,64,42.0,64,46.2,64,Medium,Medium,Medium
Equipment Maintenance,Osmanabad,15,154809.13333333333,False,33.3,0.0,,,8.059999999999999,37.4765,0.0,0.0,0.0,0.0,46.6,72,48.6,72,52.6,72,Medium,Medium,Medium
Equipment Maintenance,Parbhani,12,110345.0,False,22.4,0.0,,,9.2835,38.364,0.0,0.0,0.0,0.0,36.2,66,38.6,66,43.2,66,Medium,Medium,Medium
Equipment Maintenance,Pune,8,112780.0,False,19.4,0.0,,,8.681999999999999,40.851,0.0,0.0,0.0,0.0,33.8,58,36.0,58,40.3,58,Low,Medium,Medium
Equipment Maintenance,Raigad,11,114177.63636363637,False,28.6,0.0,,,9.9115,39.47,0.0,0.0,0.0,0.0,42.9,64,45.4,64,50.4,64,Medium,Medium,Medium
Equipment Maintenance,Sangli,15,176515.6,False,43.7,0.0,,,9.5185,37.182,0.0,0.0,0.0,0.0,57.2,72,59.6,72,64.4,72,Medium,Medium,Medium
Equipment Maintenance,Satara,7,164382.85714285713,False,15.0,0.0,,,9.8795,40.648,0.0,0.0,0.0,0.0,29.7,56,32.1,56,37.1,56,Low,Low,Medium
Equipment Maintenance,Solapur,8,100704.5,False,16.7,0.0,,,9.0745,41.6085,0.0,0.0,0.0,0.0,31.5,58,33.7,58,38.3,58,Low,Low,Medium
Equipment Maintenance,Yavatmal,13,110504.23076923077,False,28.6,0.0,,,9.310500000000001,37.6325,0.0,0.0,0.0,0.0,42.2,68,44.5,68,49.2,68,Medium,Medium,Medium
Equipment Operation,Ahmednagar,8,133782.25,False,16.3,0.0,,,8.46,36.595,0.0,0.0,0.0,0.0,29.4,58,31.5,58,35.7,58,Low,Low,Medium
Equipment Operation,Akola,7,192951.14285714287,False,12.8,0.0,,,9.0,33.019,0.0,0.0,0.0,0.0,25.0,56,27.2,56,31.7,56,Low,Low,Low
Equipment Operation,Amravati,5,173712.8,False,12.9,0.0,,,8.8925,37.6035,0.0,0.0,0.0,0.0,26.4,52,28.6,52,33.1,52,Low,Low,Low
Equipment Operation,Aurangabad,5,81062.8,False,10.3,0.0,,,7.6,38.486000000000004,0.0,0.0,0.0,0.0,23.7,52,25.6,52,29.4,52,Low,Low,Low
Equipment Operation,Beed,3,155501.33333333334,False,5.7,0.0,,,9.5965,42.417,0.0,0.0,0.0,0.0,20.8,48,23.2,48,28.0,48,Low,Low,Low
Equipment Operation,Bhiwandi,2,71192.0,False,2.8,0.0,,,8.895,40.1755,0.0,0.0,0.0,0.0,17.1,46,19.3,46,23.7,46,Low,Low,Low
Equipment Operation,Chandrapur,6,148017.0,False,11.9,0.0,,,8.7865,35.588,0.0,0.0,0.0,0.0,24.8,54,27.0,54,31.4,54,Low,Low,Low
Equipment Operation,Dhule,4,164613.25,False,9.1,0.0,,,10.1625,39.802,0.0,0.0,0.0,0.0,23.6,50,26.1,50,31.2,50,Low,Low,Low
Equipment Operation,Jalgaon,5,106866.6,False,10.5,0.0,,,8.879999999999999,37.665,0.0,0.0,0.0,0.0,24.0,52,26.2,52,30.7,52,Low,Low,Low
Equipment Operation,Jalna,4,141772.0,False,6.5,0.0,,,8.616499999999998,33.054500000000004,0.0,0.0,0.0,0.0,18.6,50,20.7,50,25.0,50,Low,Low,Low
Equipment Operation,Kolhapur,6,126145.33333333333,False,12.5,0.0,,,9.7,40.227999999999994,0.0,0.0,0.0,0.0,27.0,54,29.4,54,34.3,54,Low,Low,Low
Equipment Operation,Latur,5,297027.6,False,10.3,0.0,,,9.7515,39.448,0.0,0.0,0.0,0.0,24.6,52,27.0,52,31.9,52,Low,Low,Low
Equipment Operation,Mumbai,10,94248.8,False,29.6,0.0,,,9.267,35.709500000000006,0.0,0.0,0.0,0.0,42.6,62,44.9,62,49.6,62,Medium,Medium,Medium
Equipment Operation,Nagpur,5,60132.4,False,8.7,0.0,,,9.1105,38.835,0.0,0.0,0.0,0.0,22.6,52,24.9,52,29.5,52,Low,Low,Low
Equipment Operation,Nanded,6,103459.83333333333,False,11.1,0.0,,,8.637,35.605000000000004,0.0,0.0,0.0,0.0,23.9,54,26.1,54,30.4,54,Low,Low,Low
Equipment Operation,Nashik,5,243487.0,False,10.5,0.0,,,8.586,37.875,0.0,0.0,0.0,0.0,24.0,52,26.2,52,30.4,52,Low,Low,Low
Equipment Operation,Osmanabad,4,50935.5,False,7.1,0.0,,,8.059999999999999,37.4765,0.0,0.0,0.0,0.0,20.4,50,22.4,50,26.4,50,Low,Low,Low
Equipment Operation,Parbhani,9,188513.11111111112,False,16.3,0.0,,,9.2835,38.364,0.0,0.0,0.0,0.0,30.1,60,32.5,60,37.1,60,Low,Low,Medium
Equipment Operation,Pune,9,95886.44444444444,False,22.2,0.0,,,8.681999999999999,40.851,0.0,0.0,0.0,0.0,36.6,60,38.8,60,43.1,60,Medium,Medium,Medium
Equipment Operation,Raigad,3,191378.66666666666,False,5.7,0.0,,,9.9115,39.47,0.0,0.0,0.0,0.0,20.0,48,22.5,48,27.5,48,Low,Low,Low
Equipment Operation,Sangli,5,76575.0,False,12.5,0.0,,,9.5185,37.182,0.0,0.0,0.0,0.0,26.0,52,28.4,52,33.2,52,Low,Low,Low
Equipment Operation,Satara,5,152028.4,False,10.0,0.0,,,9.8795,40.648,0.0,0.0,0.0,0.0,24.7,52,27.1,52,32.1,52,Low,Low,Low
Equipment Operation,Solapur,5,173219.0,False,9.5,0.0,,,9.0745,41.6085,0.0,0.0,0.0,0.0,24.3,52,26.5,52,31.1,52,Low,Low,Low
Equipment Operation,Yavatmal,2,163275.0,False,2.4,0.0,,,9.310500000000001,37.6325,0.0,0.0,0.0,0.0,16.0,46,18.3,46,23.0,46,Low,Low,Low
Excel,Ahmednagar,14,135720.35714285713,False,30.2,0.0,,,8.46,36.595,0.0,0.0,0.0,0.0,43.3,70,45.4,70,49.6,70,Medium,Medium,Medium
Excel,Akola,13,133845.0,False,25.5,0.0,,,9.0,33.019,0.0,0.0,0.0,0.0,37.7,68,39.9,68,44.4,68,Medium,Medium,Medium
Excel,Amravati,13,174968.0,False,38.7,0.0,,,8.8925,37.6035,0.0,0.0,0.0,0.0,52.2,68,54.4,68,58.9,68,Medium,Medium,Medium
Excel,Aurangabad,19,73011.0,False,46.2,0.0,,,7.6,38.486000000000004,0.0,0.0,0.0,0.0,59.6,77,61.5,77,65.3,77,Medium,Medium,High
Excel,Beed,27,130240.33333333333,False,74.3,0.0,,,9.5965,42.417,0.0,0.0,0.0,0.0,89.4,77,91.8,77,96.6,77,High,Very High,Very High
Excel,Bhiwandi,14,131451.2142857143,False,36.1,0.0,,,8.895,40.1755,0.0,0.0,0.0,0.0,50.4,70,52.6,70,57.0,70,Medium,Medium,Medium
Excel,Chandrapur,13,81004.69230769231,False,28.6,0.0,,,8.7865,35.588,0.0,0.0,0.0,0.0,41.5,68,43.7,68,48.1,68,Medium,Medium,Medium
Excel,Dhule,17,102837.29411764706,False,48.5,0.0,,,10.1625,39.802,0.0,0.0,0.0,0.0,63.0,76,65.5,76,70.6,76,Medium,High,High
Excel,Jalgaon,13,114933.30769230769,False,31.6,0.0,,,8.879999999999999,37.665,0.0,0.0,0.0,0.0,45.1,68,47.3,68,51.8,68,Medium,Medium,Medium
Excel,Jalna,17,107300.35294117648,False,34.8,0.0,,,8.616499999999998,33.054500000000004,0.0,0.0,0.0,0.0,46.9,76,49.0,76,53.3,76,Medium,Medium,Medium
Excel,Kolhapur,17,126999.23529411765,False,40.0,0.0,,,9.7,40.227999999999994,0.0,0.0,0.0,0.0,54.5,76,56.9,76,61.8,76,Medium,Medium,Medium
Excel,Latur,12,226309.16666666666,False,28.2,0.0,,,9.7515,39.448,0.0,0.0,0.0,0.0,42.5,66,44.9,66,49.8,66,Medium,Medium,Medium
Excel,Mumbai,16,125537.9375,False,51.9,0.0,,,9.267,35.709500000000006,0.0,0.0,0.0,0.0,64.9,74,67.2,74,71.9,74,Medium,High,High
Excel,Nagpur,22,139502.0,False,45.7,0.0,,,9.1105,38.835,0.0,0.0,0.0,0.0,59.6,77,61.9,77,66.5,77,Medium,Medium,High
Excel,Nanded,11,128207.54545454546,False,22.2,0.0,,,8.637,35.605000000000004,0.0,0.0,0.0,0.0,35.0,64,37.2,64,41.5,64,Medium,Medium,Medium
Excel,Nashik,16,114134.5625,False,39.5,0.0,,,8.586,37.875,0.0,0.0,0.0,0.0,53.0,74,55.2,74,59.4,74,Medium,Medium,Medium
Excel,Osmanabad,18,110607.55555555556,False,40.5,0.0,,,8.059999999999999,37.4765,0.0,0.0,0.0,0.0,53.8,77,55.8,77,59.8,77,Medium,Medium,Medium
Excel,Parbhani,21,199371.0,False,40.8,0.0,,,9.2835,38.364,0.0,0.0,0.0,0.0,54.6,77,57.0,77,61.6,77,Medium,Medium,Medium
Excel,Pune,23,116041.26086956522,False,61.1,0.0,,,8.681999999999999,40.851,0.0,0.0,0.0,0.0,75.5,77,77.7,77,82.0,77,High,High,High
Excel,Raigad,12,167222.16666666666,False,31.4,0.0,,,9.9115,39.47,0.0,0.0,0.0,0.0,45.7,66,48.2,66,53.2,66,Medium,Medium,Medium
Excel,Sangli,25,141427.8,False,75.0,0.0,,,9.5185,37.182,0.0,0.0,0.0,0.0,88.5,77,90.9,77,95.7,77,High,Very High,Very High
Excel,Satara,22,98387.40909090909,False,52.5,0.0,,,9.8795,40.648,0.0,0.0,0.0,0.0,67.2,77,69.6,77,74.6,77,High,High,High
Excel,Solapur,13,112653.53846153847,False,28.6,0.0,,,9.0745,41.6085,0.0,0.0,0.0,0.0,43.4,68,45.6,68,50.2,68,Medium,Medium,Medium
Excel,Yavatmal,19,118603.0,False,42.9,0.0,,,9.310500000000001,37.6325,0.0,0.0,0.0,0.0,56.5,77,58.8,77,63.5,77,Medium,Medium,Medium
Figma,Ahmednagar,7,124311.28571428571,True,14.0,14.2225,Medium,Growing,8.46,36.595,0.0,0.0,0.0,-5.0,25.6,64,31.3,64,42.7,64,Low,Low,Medium
Figma,Akola,5,147699.2,True,8.5,14.2225,Medium,Growing,9.0,33.019,0.0,0.0,0.0,-5.0,19.2,60,25.0,60,36.6,60,Low,Low,Medium
Figma,Amravati,4,176564.5,True,9.7,14.2225,Medium,Growing,8.8925,37.6035,0.0,0.0,0.0,-5.0,21.8,58,27.5,58,39.1,58,Low,Low,Medium
Figma,Aurangabad,5,117769.8,True,10.3,14.2225,Medium,Growing,7.6,38.486000000000004,0.0,0.0,0.0,-5.0,22.3,60,27.8,60,38.7,60,Low,Low,Medium
Figma,Beed,3,150519.0,True,5.7,14.2225,Medium,Growing,9.5965,42.417,0.0,0.0,0.0,-5.0,19.4,56,25.3,56,37.2,56,Low,Low,Medium
Figma,Bhiwandi,3,221427.33333333334,True,5.6,14.2225,Medium,Growing,8.895,40.1755,0.0,0.0,0.0,-5.0,18.4,56,24.2,56,35.8,56,Low,Low,Medium
Figma,Chandrapur,3,124275.0,True,4.8,14.2225,Medium,Growing,8.7865,35.588,0.0,0.0,0.0,-5.0,16.2,56,22.0,56,33.5,56,Low,Low,Low
Figma,Dhule,5,92210.0,True,12.1,14.2225,Medium,Growing,10.1625,39.802,0.0,0.0,0.0,-5.0,25.1,60,31.2,60,43.4,60,Low,Low,Medium
Figma,Jalgaon,5,84694.0,True,10.5,14.2225,Medium,Growing,8.879999999999999,37.665,0.0,0.0,0.0,-5.0,22.6,60,28.4,60,39.9,60,Low,Low,Medium
Figma,Jalna,1,168196.0,True,0.0,14.2225,Medium,Growing,8.616499999999998,33.054500000000004,0.0,0.0,0.0,-5.0,10.6,52,16.3,52,27.8,52,Low,Low,Low
Figma,Kolhapur,3,258218.33333333334,True,5.0,14.2225,Medium,Growing,9.7,40.227999999999994,0.0,0.0,0.0,-5.0,18.0,56,24.0,56,36.0,56,Low,Low,Medium
Figma,Latur,6,146451.66666666666,True,12.8,14.2225,Medium,Growing,9.7515,39.448,0.0,0.0,0.0,-5.0,25.6,62,31.6,62,43.6,62,Low,Low,Medium
Figma,Mumbai,4,184373.25,True,7.4,14.2225,Medium,Growing,9.267,35.709500000000006,0.0,0.0,0.0,-5.0,19.0,58,24.9,58,36.6,58,Low,Low,Medium
Figma,Nagpur,9,152643.33333333334,True,17.4,14.2225,Medium,Growing,9.1105,38.835,0.0,0.0,0.0,-5.0,29.9,68,35.7,68,47.4,68,Low,Medium,Medium
Figma,Nanded,5,47262.8,True,8.9,14.2225,Medium,Growing,8.637,35.605000000000004,0.0,0.0,0.0,-5.0,20.3,60,26.0,60,37.4,60,Low,Low,Medium
Figma,Nashik,6,116042.5,True,13.2,14.2225,Medium,Growing,8.586,37.875,0.0,0.0,0.0,-5.0,25.3,62,31.0,62,42.4,62,Low,Low,Medium
Figma,Osmanabad,6,76156.33333333333,True,11.9,14.2225,Medium,Growing,8.059999999999999,37.4765,0.0,0.0,0.0,-5.0,23.7,62,29.3,62,40.4,62,Low,Low,Medium
Figma,Parbhani,5,43001.4,True,8.2,14.2225,Medium,Growing,9.2835,38.364,0.0,0.0,0.0,-5.0,20.6,60,26.5,60,38.2,60,Low,Low,Medium
Figma,Pune,3,49491.0,True,5.6,14.2225,Medium,Growing,8.681999999999999,40.851,0.0,0.0,0.0,-5.0,18.6,56,24.3,56,35.8,56,Low,Low,Medium
Figma,Raigad,3,147682.33333333334,True,5.7,14.2225,Medium,Growing,9.9115,39.47,0.0,0.0,0.0,-5.0,18.6,56,24.6,56,36.7,56,Low,Low,Medium
Figma,Sangli,4,116602.25,True,9.4,14.2225,Medium,Growing,9.5185,37.182,0.0,0.0,0.0,-5.0,21.5,58,27.4,58,39.3,58,Low,Low,Medium
Figma,Satara,6,98520.83333333333,True,12.5,14.2225,Medium,Growing,9.8795,40.648,0.0,0.0,0.0,-5.0,25.7,62,31.7,62,43.8,62,Low,Low,Medium
Figma,Solapur,4,209120.25,True,7.1,14.2225,Medium,Growing,9.0745,41.6085,0.0,0.0,0.0,-5.0,20.4,58,26.2,58,37.9,58,Low,Low,Medium
Figma,Yavatmal,3,248988.0,True,4.8,14.2225,Medium,Growing,9.310500000000001,37.6325,0.0,0.0,0.0,-5.0,17.0,56,22.9,56,34.6,56,Low,Low,Low
Financial Reporting,Ahmednagar,2,117811.0,False,2.3,0.0,,,8.46,36.595,0.0,0.0,0.0,0.0,15.4,46,17.5,46,21.7,46,Low,Low,Low
Financial Reporting,Akola,6,111594.5,False,10.6,0.0,,,9.0,33.019,0.0,0.0,0.0,0.0,22.8,54,25.0,54,29.5,54,Low,Low,Low
Financial Reporting,Amravati,3,190463.0,False,6.5,0.0,,,8.8925,37.6035,0.0,0.0,0.0,0.0,20.0,48,22.2,48,26.7,48,Low,Low,Low
Financial Reporting,Aurangabad,4,32888.25,False,7.7,0.0,,,7.6,38.486000000000004,0.0,0.0,0.0,0.0,21.1,50,23.0,50,26.8,50,Low,Low,Low
Financial Reporting,Beed,5,132028.4,False,11.4,0.0,,,9.5965,42.417,0.0,0.0,0.0,0.0,26.5,52,28.9,52,33.7,52,Low,Low,Low
Financial Reporting,Bhiwandi,2,238150.0,False,2.8,0.0,,,8.895,40.1755,0.0,0.0,0.0,0.0,17.1,46,19.3,46,23.7,46,Low,Low,Low
Financial Reporting,Chandrapur,7,122981.28571428571,False,14.3,0.0,,,8.7865,35.588,0.0,0.0,0.0,0.0,27.2,56,29.4,56,33.8,56,Low,Low,Low
Financial Reporting,Dhule,4,174012.25,False,9.1,0.0,,,10.1625,39.802,0.0,0.0,0.0,0.0,23.6,50,26.1,50,31.2,50,Low,Low,Low
Financial Reporting,Jalgaon,4,222010.75,False,7.9,0.0,,,8.879999999999999,37.665,0.0,0.0,0.0,0.0,21.4,50,23.6,50,28.1,50,Low,Low,Low
Financial Reporting,Jalna,3,76634.33333333333,False,4.3,0.0,,,8.616499999999998,33.054500000000004,0.0,0.0,0.0,0.0,16.4,48,18.5,48,22.8,48,Low,Low,Low
Financial Reporting,Kolhapur,3,81908.66666666667,False,5.0,0.0,,,9.7,40.227999999999994,0.0,0.0,0.0,0.0,19.5,48,21.9,48,26.8,48,Low,Low,Low
Financial Reporting,Latur,5,191067.4,False,10.3,0.0,,,9.7515,39.448,0.0,0.0,0.0,0.0,24.6,52,27.0,52,31.9,52,Low,Low,Low
Financial Reporting,Mumbai,3,92954.66666666667,False,3.7,0.0,,,9.267,35.709500000000006,0.0,0.0,0.0,0.0,16.7,48,19.0,48,23.7,48,Low,Low,Low
Financial Reporting,Nagpur,5,192947.8,False,8.7,0.0,,,9.1105,38.835,0.0,0.0,0.0,0.0,22.6,52,24.9,52,29.5,52,Low,Low,Low
Financial Reporting,Nanded,5,168053.6,False,8.9,0.0,,,8.637,35.605000000000004,0.0,0.0,0.0,0.0,21.7,52,23.9,52,28.2,52,Low,Low,Low
Financial Reporting,Nashik,6,127828.66666666667,False,13.2,0.0,,,8.586,37.875,0.0,0.0,0.0,0.0,26.7,54,28.9,54,33.1,54,Low,Low,Low
Financial Reporting,Osmanabad,3,109483.0,False,4.8,0.0,,,8.059999999999999,37.4765,0.0,0.0,0.0,0.0,18.1,48,20.1,48,24.1,48,Low,Low,Low
Financial Reporting,Parbhani,5,119621.6,False,8.2,0.0,,,9.2835,38.364,0.0,0.0,0.0,0.0,22.0,52,24.4,52,29.0,52,Low,Low,Low
Financial Reporting,Pune,9,128672.22222222222,False,22.2,0.0,,,8.681999999999999,40.851,0.0,0.0,0.0,0.0,36.6,60,38.8,60,43.1,60,Medium,Medium,Medium
Financial Reporting,Raigad,1,46233.0,False,0.0,0.0,,,9.9115,39.47,0.0,0.0,0.0,0.0,14.3,44,16.8,44,21.8,44,Low,Low,Low
Financial Reporting,Sangli,7,48592.71428571428,False,18.7,0.0,,,9.5185,37.182,0.0,0.0,0.0,0.0,32.2,56,34.6,56,39.4,56,Low,Low,Medium
Financial Reporting,Satara,5,119550.2,False,10.0,0.0,,,9.8795,40.648,0.0,0.0,0.0,0.0,24.7,52,27.1,52,32.1,52,Low,Low,Low
Financial Reporting,Yavatmal,4,208479.5,False,7.1,0.0,,,9.310500000000001,37.6325,0.0,0.0,0.0,0.0,20.7,50,23.0,50,27.7,50,Low,Low,Low
Firewall,Ahmednagar,8,137474.375,False,16.3,0.0,,,8.46,36.595,0.0,0.0,0.0,0.0,29.4,58,31.5,58,35.7,58,Low,Low,Medium
Firewall,Akola,5,133991.0,False,8.5,0.0,,,9.0,33.019,0.0,0.0,0.0,0.0,20.7,52,22.9,52,27.4,52,Low,Low,Low
Firewall,Amravati,4,115385.25,False,9.7,0.0,,,8.8925,37.6035,0.0,0.0,0.0,0.0,23.2,50,25.4,50,29.9,50,Low,Low,Low
Firewall,Aurangabad,8,174227.25,False,17.9,0.0,,,7.6,38.486000000000004,0.0,0.0,0.0,0.0,31.3,58,33.2,58,37.0,58,Low,Low,Medium
Firewall,Beed,6,64602.5,False,14.3,0.0,,,9.5965,42.417,0.0,0.0,0.0,0.0,29.4,54,31.8,54,36.6,54,Low,Low,Medium
Firewall,Bhiwandi,6,146948.0,False,13.9,0.0,,,8.895,40.1755,0.0,0.0,0.0,0.0,28.2,54,30.4,54,34.8,54,Low,Low,Low
Firewall,Chandrapur,8,104293.875,False,16.7,0.0,,,8.7865,35.588,0.0,0.0,0.0,0.0,29.6,58,31.8,58,36.2,58,Low,Low,Medium
Firewall,Dhule,2,116592.5,False,3.0,0.0,,,10.1625,39.802,0.0,0.0,0.0,0.0,17.5,46,20.0,46,25.1,46,Low,Low,Low
Firewall,Jalgaon,5,130961.4,False,10.5,0.0,,,8.879999999999999,37.665,0.0,0.0,0.0,0.0,24.0,52,26.2,52,30.7,52,Low,Low,Low
Firewall,Jalna,6,100079.16666666667,False,10.9,0.0,,,8.616499999999998,33.054500000000004,0.0,0.0,0.0,0.0,23.0,54,25.1,54,29.4,54,Low,Low,Low
Firewall,Kolhapur,2,76816.5,False,2.5,0.0,,,9.7,40.227999999999994,0.0,0.0,0.0,0.0,17.0,46,19.4,46,24.3,46,Low,Low,Low
Firewall,Latur,3,103628.33333333333,False,5.1,0.0,,,9.7515,39.448,0.0,0.0,0.0,0.0,19.4,48,21.8,48,26.7,48,Low,Low,Low
Firewall,Mumbai,4,154124.0,False,7.4,0.0,,,9.267,35.709500000000006,0.0,0.0,0.0,0.0,20.4,50,22.7,50,27.4,50,Low,Low,Low
Firewall,Nagpur,4,84057.75,False,6.5,0.0,,,9.1105,38.835,0.0,0.0,0.0,0.0,20.4,50,22.7,50,27.3,50,Low,Low,Low
Firewall,Nanded,4,139503.5,False,6.7,0.0,,,8.637,35.605000000000004,0.0,0.0,0.0,0.0,19.5,50,21.7,50,26.0,50,Low,Low,Low
Firewall,Nashik,7,243161.7142857143,False,15.8,0.0,,,8.586,37.875,0.0,0.0,0.0,0.0,29.3,56,31.5,56,35.7,56,Low,Low,Medium
Firewall,Osmanabad,7,114170.0,False,14.3,0.0,,,8.059999999999999,37.4765,0.0,0.0,0.0,0.0,27.6,56,29.6,56,33.6,56,Low,Low,Low
Firewall,Parbhani,5,115302.6,False,8.2,0.0,,,9.2835,38.364,0.0,0.0,0.0,0.0,22.0,52,24.4,52,29.0,52,Low,Low,Low
Firewall,Pune,8,182487.375,False,19.4,0.0,,,8.681999999999999,40.851,0.0,0.0,0.0,0.0,33.8,58,36.0,58,40.3,58,Low,Medium,Medium
Firewall,Raigad,5,120778.6,False,11.4,0.0,,,9.9115,39.47,0.0,0.0,0.0,0.0,25.7,52,28.2,52,33.2,52,Low,Low,Low
Firewall,Sangli,11,113197.36363636363,False,31.2,0.0,,,9.5185,37.182,0.0,0.0,0.0,0.0,44.7,64,47.1,64,51.9,64,Medium,Medium,Medium
Firewall,Satara,4,55666.75,False,7.5,0.0,,,9.8795,40.648,0.0,0.0,0.0,0.0,22.2,50,24.6,50,29.6,50,Low,Low,Low
Firewall,Solapur,1,27889.0,False,0.0,0.0,,,9.0745,41.6085,0.0,0.0,0.0,0.0,14.8,44,17.0,44,21.6,44,Low,Low,Low
Firewall,Yavatmal,3,95847.0,False,4.8,0.0,,,9.310500000000001,37.6325,0.0,0.0,0.0,0.0,18.4,48,20.7,48,25.4,48,Low,Low,Low
Forecasting,Ahmednagar,7,166158.42857142858,False,14.0,0.0,,,8.46,36.595,0.0,0.0,0.0,0.0,27.1,56,29.2,56,33.4,56,Low,Low,Low
Forecasting,Akola,2,134216.5,False,2.1,0.0,,,9.0,33.019,0.0,0.0,0.0,0.0,14.3,46,16.5,46,21.0,46,Low,Low,Low
Forecasting,Amravati,5,213333.0,False,12.9,0.0,,,8.8925,37.6035,0.0,0.0,0.0,0.0,26.4,52,28.6,52,33.1,52,Low,Low,Low
Forecasting,Aurangabad,3,37650.666666666664,False,5.1,0.0,,,7.6,38.486000000000004,0.0,0.0,0.0,0.0,18.5,48,20.4,48,24.2,48,Low,Low,Low
Forecasting,Beed,9,117451.33333333333,False,22.9,0.0,,,9.5965,42.417,0.0,0.0,0.0,0.0,38.0,60,40.4,60,45.2,60,Medium,Medium,Medium
Forecasting,Bhiwandi,5,71372.8,False,11.1,0.0,,,8.895,40.1755,0.0,0.0,0.0,0.0,25.4,52,27.6,52,32.0,52,Low,Low,Low
Forecasting,Chandrapur,2,168334.0,False,2.4,0.0,,,8.7865,35.588,0.0,0.0,0.0,0.0,15.3,46,17.5,46,21.9,46,Low,Low,Low
Forecasting,Dhule,5,110767.8,False,12.1,0.0,,,10.1625,39.802,0.0,0.0,0.0,0.0,26.6,52,29.1,52,34.2,52,Low,Low,Low
Forecasting,Jalgaon,5,145146.6,False,10.5,0.0,,,8.879999999999999,37.665,0.0,0.0,0.0,0.0,24.0,52,26.2,52,30.7,52,Low,Low,Low
Forecasting,Jalna,4,41625.5,False,6.5,0.0,,,8.616499999999998,33.054500000000004,0.0,0.0,0.0,0.0,18.6,50,20.7,50,25.0,50,Low,Low,Low
Forecasting,Kolhapur,7,150637.42857142858,False,15.0,0.0,,,9.7,40.227999999999994,0.0,0.0,0.0,0.0,29.5,56,31.9,56,36.8,56,Low,Low,Medium
Forecasting,Latur,4,50650.5,False,7.7,0.0,,,9.7515,39.448,0.0,0.0,0.0,0.0,22.0,50,24.4,50,29.3,50,Low,Low,Low
Forecasting,Mumbai,4,146697.75,False,7.4,0.0,,,9.267,35.709500000000006,0.0,0.0,0.0,0.0,20.4,50,22.7,50,27.4,50,Low,Low,Low
Forecasting,Nagpur,6,157615.83333333334,False,10.9,0.0,,,9.1105,38.835,0.0,0.0,0.0,0.0,24.8,54,27.1,54,31.7,54,Low,Low,Low
Forecasting,Nanded,3,98094.33333333333,False,4.4,0.0,,,8.637,35.605000000000004,0.0,0.0,0.0,0.0,17.2,48,19.4,48,23.7,48,Low,Low,Low
Forecasting,Nashik,6,90142.16666666667,False,13.2,0.0,,,8.586,37.875,0.0,0.0,0.0,0.0,26.7,54,28.9,54,33.1,54,Low,Low,Low
Forecasting,Osmanabad,9,124498.22222222222,False,19.0,0.0,,,8.059999999999999,37.4765,0.0,0.0,0.0,0.0,32.3,60,34.3,60,38.3,60,Low,Low,Medium
Forecasting,Parbhani,12,196274.75,False,22.4,0.0,,,9.2835,38.364,0.0,0.0,0.0,0.0,36.2,66,38.6,66,43.2,66,Medium,Medium,Medium
Forecasting,Pune,12,178372.66666666666,False,30.6,0.0,,,8.681999999999999,40.851,0.0,0.0,0.0,0.0,45.0,66,47.2,66,51.5,66,Medium,Medium,Medium
Forecasting,Raigad,1,241830.0,False,0.0,0.0,,,9.9115,39.47,0.0,0.0,0.0,0.0,14.3,44,16.8,44,21.8,44,Low,Low,Low
Forecasting,Sangli,5,132881.2,False,12.5,0.0,,,9.5185,37.182,0.0,0.0,0.0,0.0,26.0,52,28.4,52,33.2,52,Low,Low,Low
Forecasting,Satara,8,187173.875,False,17.5,0.0,,,9.8795,40.648,0.0,0.0,0.0,0.0,32.2,58,34.6,58,39.6,58,Low,Low,Medium
Forecasting,Solapur,7,114772.0,False,14.3,0.0,,,9.0745,41.6085,0.0,0.0,0.0,0.0,29.1,56,31.3,56,35.9,56,Low,Low,Medium
Forecasting,Yavatmal,3,71243.0,False,4.8,0.0,,,9.310500000000001,37.6325,0.0,0.0,0.0,0.0,18.4,48,20.7,48,25.4,48,Low,Low,Low
GCP,Ahmednagar,1,109793.0,True,0.0,20.665,High,Rapidly Growing,8.46,36.595,8.0,0.0,8.0,-15.0,11.3,52,18.5,52,33.1,52,Low,Low,Low
GCP,Akola,2,83390.5,True,2.1,20.665,High,Rapidly Growing,9.0,33.019,8.0,0.0,8.0,-15.0,12.4,54,19.8,54,34.7,54,Low,Low,Low
GCP,Amravati,7,115360.0,True,19.4,20.665,High,Rapidly Growing,8.8925,37.6035,8.0,0.0,8.0,-15.0,31.1,64,38.5,64,53.2,64,Low,Medium,Medium
GCP,Aurangabad,1,32417.0,True,0.0,20.665,High,Rapidly Growing,7.6,38.486000000000004,8.0,0.0,8.0,-15.0,11.6,52,18.7,52,32.8,52,Low,Low,Low
GCP,Beed,5,120406.8,True,11.4,20.665,High,Rapidly Growing,9.5965,42.417,8.0,0.0,8.0,-15.0,24.7,60,32.3,60,47.4,60,Low,Low,Medium
GCP,Bhiwandi,4,190460.5,True,8.3,20.665,High,Rapidly Growing,8.895,40.1755,8.0,0.0,8.0,-15.0,20.7,58,28.1,58,42.9,58,Low,Low,Medium
GCP,Chandrapur,4,55451.25,True,7.1,20.665,High,Rapidly Growing,8.7865,35.588,8.0,0.0,8.0,-15.0,18.1,58,25.5,58,40.2,58,Low,Low,Medium
GCP,Dhule,4,141706.75,True,9.1,20.665,High,Rapidly Growing,10.1625,39.802,8.0,0.0,8.0,-15.0,21.7,58,29.5,58,44.9,58,Low,Low,Medium
GCP,Jalgaon,1,53220.0,True,0.0,20.665,High,Rapidly Growing,8.879999999999999,37.665,8.0,0.0,8.0,-15.0,11.7,52,19.1,52,33.8,52,Low,Low,Low
GCP,Jalna,5,150648.6,True,8.7,20.665,High,Rapidly Growing,8.616499999999998,33.054500000000004,8.0,0.0,8.0,-15.0,18.9,60,26.3,60,40.9,60,Low,Low,Medium
GCP,Kolhapur,4,65760.0,True,7.5,20.665,High,Rapidly Growing,9.7,40.227999999999994,8.0,0.0,8.0,-15.0,20.2,58,27.8,58,42.9,58,Low,Low,Medium
GCP,Latur,1,174318.0,True,0.0,20.665,High,Rapidly Growing,9.7515,39.448,8.0,0.0,8.0,-15.0,12.4,52,20.0,52,35.3,52,Low,Low,Medium
GCP,Mumbai,5,203136.0,True,11.1,20.665,High,Rapidly Growing,9.267,35.709500000000006,8.0,0.0,8.0,-15.0,22.3,60,29.8,60,44.7,60,Low,Low,Medium
GCP,Nagpur,5,274276.8,True,8.7,20.665,High,Rapidly Growing,9.1105,38.835,8.0,0.0,8.0,-15.0,20.8,60,28.2,60,43.1,60,Low,Low,Medium
GCP,Nanded,1,174734.0,True,0.0,20.665,High,Rapidly Growing,8.637,35.605000000000004,8.0,0.0,8.0,-15.0,11.0,52,18.3,52,33.0,52,Low,Low,Low
GCP,Nashik,9,66308.0,True,21.1,20.665,High,Rapidly Growing,8.586,37.875,8.0,0.0,8.0,-15.0,32.8,68,40.1,68,54.7,68,Low,Medium,Medium
GCP,Osmanabad,3,217705.66666666666,True,4.8,20.665,High,Rapidly Growing,8.059999999999999,37.4765,8.0,0.0,8.0,-15.0,16.2,56,23.4,56,37.8,56,Low,Low,Medium
GCP,Parbhani,4,198729.5,True,6.1,20.665,High,Rapidly Growing,9.2835,38.364,8.0,0.0,8.0,-15.0,18.1,58,25.6,58,40.6,58,Low,Low,Medium
GCP,Pune,3,189460.33333333334,True,5.6,20.665,High,Rapidly Growing,8.681999999999999,40.851,8.0,0.0,8.0,-15.0,18.2,56,25.5,56,40.2,56,Low,Low,Medium
GCP,Raigad,4,119428.25,True,8.6,20.665,High,Rapidly Growing,9.9115,39.47,8.0,0.0,8.0,-15.0,21.1,58,28.7,58,44.0,58,Low,Low,Medium
GCP,Sangli,1,134126.0,True,0.0,20.665,High,Rapidly Growing,9.5185,37.182,8.0,0.0,8.0,-15.0,11.7,52,19.2,52,34.3,52,Low,Low,Low
GCP,Satara,1,73310.0,True,0.0,20.665,High,Rapidly Growing,9.8795,40.648,8.0,0.0,8.0,-15.0,12.8,52,20.5,52,35.7,52,Low,Low,Medium
GCP,Solapur,6,101680.83333333333,True,11.9,20.665,High,Rapidly Growing,9.0745,41.6085,8.0,0.0,8.0,-15.0,24.8,62,32.3,62,47.1,62,Low,Low,Medium
GCP,Yavatmal,2,123897.0,True,2.4,20.665,High,Rapidly Growing,9.310500000000001,37.6325,8.0,0.0,8.0,-15.0,14.2,54,21.7,54,36.7,54,Low,Low,Medium
GST,Ahmednagar,1,220422.0,False,0.0,0.0,,,8.46,36.595,0.0,0.0,0.0,0.0,13.1,44,15.2,44,19.4,44,Low,Low,Low
GST,Akola,5,131722.4,False,8.5,0.0,,,9.0,33.019,0.0,0.0,0.0,0.0,20.7,52,22.9,52,27.4,52,Low,Low,Low
GST,Amravati,6,167574.33333333334,False,16.1,0.0,,,8.8925,37.6035,0.0,0.0,0.0,0.0,29.6,54,31.8,54,36.3,54,Low,Low,Medium
GST,Aurangabad,9,64508.666666666664,False,20.5,0.0,,,7.6,38.486000000000004,0.0,0.0,0.0,0.0,33.9,60,35.8,60,39.6,60,Low,Medium,Medium
GST,Beed,4,124613.75,False,8.6,0.0,,,9.5965,42.417,0.0,0.0,0.0,0.0,23.7,50,26.1,50,30.9,50,Low,Low,Low
GST,Bhiwandi,3,222919.66666666666,False,5.6,0.0,,,8.895,40.1755,0.0,0.0,0.0,0.0,19.9,48,22.1,48,26.5,48,Low,Low,Low
GST,Chandrapur,4,112101.75,False,7.1,0.0,,,8.7865,35.588,0.0,0.0,0.0,0.0,20.0,50,22.2,50,26.6,50,Low,Low,Low
GST,Dhule,6,124713.0,False,15.2,0.0,,,10.1625,39.802,0.0,0.0,0.0,0.0,29.7,54,32.2,54,37.3,54,Low,Low,Medium
GST,Jalgaon,5,135588.8,False,10.5,0.0,,,8.879999999999999,37.665,0.0,0.0,0.0,0.0,24.0,52,26.2,52,30.7,52,Low,Low,Low
GST,Jalna,4,87691.0,False,6.5,0.0,,,8.616499999999998,33.054500000000004,0.0,0.0,0.0,0.0,18.6,50,20.7,50,25.0,50,Low,Low,Low
GST,Kolhapur,5,61855.4,False,10.0,0.0,,,9.7,40.227999999999994,0.0,0.0,0.0,0.0,24.5,52,26.9,52,31.8,52,Low,Low,Low
GST,Latur,3,273892.0,False,5.1,0.0,,,9.7515,39.448,0.0,0.0,0.0,0.0,19.4,48,21.8,48,26.7,48,Low,Low,Low
GST,Mumbai,5,42871.4,False,11.1,0.0,,,9.267,35.709500000000006,0.0,0.0,0.0,0.0,24.1,52,26.4,52,31.1,52,Low,Low,Low
GST,Nagpur,6,132529.33333333334,False,10.9,0.0,,,9.1105,38.835,0.0,0.0,0.0,0.0,24.8,54,27.1,54,31.7,54,Low,Low,Low
GST,Nanded,4,158406.75,False,6.7,0.0,,,8.637,35.605000000000004,0.0,0.0,0.0,0.0,19.5,50,21.7,50,26.0,50,Low,Low,Low
GST,Nashik,2,112340.5,False,2.6,0.0,,,8.586,37.875,0.0,0.0,0.0,0.0,16.1,46,18.3,46,22.5,46,Low,Low,Low
GST,Osmanabad,4,111479.0,False,7.1,0.0,,,8.059999999999999,37.4765,0.0,0.0,0.0,0.0,20.4,50,22.4,50,26.4,50,Low,Low,Low
GST,Parbhani,4,108651.0,False,6.1,0.0,,,9.2835,38.364,0.0,0.0,0.0,0.0,19.9,50,22.3,50,26.9,50,Low,Low,Low
GST,Pune,6,155012.83333333334,False,13.9,0.0,,,8.681999999999999,40.851,0.0,0.0,0.0,0.0,28.3,54,30.5,54,34.8,54,Low,Low,Low
GST,Raigad,2,238776.0,False,2.9,0.0,,,9.9115,39.47,0.0,0.0,0.0,0.0,17.2,46,19.7,46,24.7,46,Low,Low,Low
GST,Sangli,7,70496.85714285714,False,18.7,0.0,,,9.5185,37.182,0.0,0.0,0.0,0.0,32.2,56,34.6,56,39.4,56,Low,Low,Medium
GST,Satara,3,132005.0,False,5.0,0.0,,,9.8795,40.648,0.0,0.0,0.0,0.0,19.7,48,22.1,48,27.1,48,Low,Low,Low
GST,Yavatmal,2,262080.0,False,2.4,0.0,,,9.310500000000001,37.6325,0.0,0.0,0.0,0.0,16.0,46,18.3,46,23.0,46,Low,Low,Low
Git,Ahmednagar,7,130474.0,False,14.0,0.0,,,8.46,36.595,0.0,0.0,0.0,0.0,27.1,56,29.2,56,33.4,56,Low,Low,Low
Git,Akola,8,73883.75,False,14.9,0.0,,,9.0,33.019,0.0,0.0,0.0,0.0,27.1,58,29.3,58,33.8,58,Low,Low,Low
Git,Amravati,10,137985.2,False,29.0,0.0,,,8.8925,37.6035,0.0,0.0,0.0,0.0,42.5,62,44.7,62,49.2,62,Medium,Medium,Medium
Git,Aurangabad,9,166346.11111111112,False,20.5,0.0,,,7.6,38.486000000000004,0.0,0.0,0.0,0.0,33.9,60,35.8,60,39.6,60,Low,Medium,Medium
Git,Beed,11,66378.18181818182,False,28.6,0.0,,,9.5965,42.417,0.0,0.0,0.0,0.0,43.7,64,46.1,64,50.9,64,Medium,Medium,Medium
Git,Bhiwandi,6,214922.0,False,13.9,0.0,,,8.895,40.1755,0.0,0.0,0.0,0.0,28.2,54,30.4,54,34.8,54,Low,Low,Low
Git,Chandrapur,7,101820.0,False,14.3,0.0,,,8.7865,35.588,0.0,0.0,0.0,0.0,27.2,56,29.4,56,33.8,56,Low,Low,Low
Git,Dhule,10,219820.6,False,27.3,0.0,,,10.1625,39.802,0.0,0.0,0.0,0.0,41.8,62,44.3,62,49.4,62,Medium,Medium,Medium
Git,Jalgaon,11,119694.0,False,26.3,0.0,,,8.879999999999999,37.665,0.0,0.0,0.0,0.0,39.8,64,42.0,64,46.5,64,Medium,Medium,Medium
Git,Jalna,5,194051.6,False,8.7,0.0,,,8.616499999999998,33.054500000000004,0.0,0.0,0.0,0.0,20.8,52,22.9,52,27.2,52,Low,Low,Low
Git,Kolhapur,11,138403.72727272726,False,25.0,0.0,,,9.7,40.227999999999994,0.0,0.0,0.0,0.0,39.5,64,41.9,64,46.8,64,Medium,Medium,Medium
Git,Latur,5,158535.2,False,10.3,0.0,,,9.7515,39.448,0.0,0.0,0.0,0.0,24.6,52,27.0,52,31.9,52,Low,Low,Low
Git,Mumbai,11,124429.90909090909,False,33.3,0.0,,,9.267,35.709500000000006,0.0,0.0,0.0,0.0,46.3,64,48.6,64,53.3,64,Medium,Medium,Medium
Git,Nagpur,8,191743.25,False,15.2,0.0,,,9.1105,38.835,0.0,0.0,0.0,0.0,29.1,58,31.4,58,36.0,58,Low,Low,Medium
Git,Nanded,5,161383.2,False,8.9,0.0,,,8.637,35.605000000000004,0.0,0.0,0.0,0.0,21.7,52,23.9,52,28.2,52,Low,Low,Low
Git,Nashik,5,101973.8,False,10.5,0.0,,,8.586,37.875,0.0,0.0,0.0,0.0,24.0,52,26.2,52,30.4,52,Low,Low,Low
Git,Osmanabad,9,98322.22222222222,False,19.0,0.0,,,8.059999999999999,37.4765,0.0,0.0,0.0,0.0,32.3,60,34.3,60,38.3,60,Low,Low,Medium
Git,Parbhani,8,82541.75,False,14.3,0.0,,,9.2835,38.364,0.0,0.0,0.0,0.0,28.1,58,30.5,58,35.1,58,Low,Low,Medium
Git,Pune,4,213908.0,False,8.3,0.0,,,8.681999999999999,40.851,0.0,0.0,0.0,0.0,22.7,50,24.9,50,29.2,50,Low,Low,Low
Git,Raigad,5,225813.0,False,11.4,0.0,,,9.9115,39.47,0.0,0.0,0.0,0.0,25.7,52,28.2,52,33.2,52,Low,Low,Low
Git,Sangli,7,280987.14285714284,False,18.7,0.0,,,9.5185,37.182,0.0,0.0,0.0,0.0,32.2,56,34.6,56,39.4,56,Low,Low,Medium
Git,Satara,12,135696.33333333334,False,27.5,0.0,,,9.8795,40.648,0.0,0.0,0.0,0.0,42.2,66,44.6,66,49.6,66,Medium,Medium,Medium
Git,Solapur,6,39771.0,False,11.9,0.0,,,9.0745,41.6085,0.0,0.0,0.0,0.0,26.7,54,28.9,54,33.5,54,Low,Low,Low
Git,Yavatmal,6,67425.83333333333,False,11.9,0.0,,,9.310500000000001,37.6325,0.0,0.0,0.0,0.0,25.5,54,27.8,54,32.5,54,Low,Low,Low
Google Analytics,Ahmednagar,4,61033.25,True,7.0,10.209999999999999,Low,Growing,8.46,36.595,0.0,0.0,0.0,0.0,22.6,58,27.3,58,36.6,58,Low,Low,Medium
Google Analytics,Akola,3,200105.66666666666,True,4.3,10.209999999999999,Low,Growing,9.0,33.019,0.0,0.0,0.0,0.0,19.0,56,23.8,56,33.4,56,Low,Low,Low
Google Analytics,Amravati,5,125658.6,True,12.9,10.209999999999999,Low,Growing,8.8925,37.6035,0.0,0.0,0.0,0.0,29.0,60,33.7,60,43.3,60,Low,Low,Medium
Google Analytics,Aurangabad,6,60762.333333333336,True,12.8,10.209999999999999,Low,Growing,7.6,38.486000000000004,0.0,0.0,0.0,0.0,28.8,62,33.3,62,42.2,62,Low,Low,Medium
Google Analytics,Beed,7,186745.85714285713,True,17.1,10.209999999999999,Low,Growing,9.5965,42.417,0.0,0.0,0.0,0.0,34.8,64,39.7,64,49.6,64,Low,Medium,Medium
Google Analytics,Bhiwandi,6,162550.0,True,13.9,10.209999999999999,Low,Growing,8.895,40.1755,0.0,0.0,0.0,0.0,30.7,62,35.5,62,45.1,62,Low,Medium,Medium
Google Analytics,Chandrapur,8,269929.5,True,16.7,10.209999999999999,Low,Growing,8.7865,35.588,0.0,0.0,0.0,0.0,32.1,66,36.9,66,46.4,66,Low,Medium,Medium
Google Analytics,Dhule,10,143345.8,True,27.3,10.209999999999999,Low,Growing,10.1625,39.802,0.0,0.0,0.0,0.0,44.3,70,49.4,70,59.6,70,Medium,Medium,Medium
Google Analytics,Jalgaon,7,89382.28571428571,True,15.8,10.209999999999999,Low,Growing,8.879999999999999,37.665,0.0,0.0,0.0,0.0,31.9,64,36.6,64,46.2,64,Low,Medium,Medium
Google Analytics,Jalna,2,33524.0,True,2.2,10.209999999999999,Low,Growing,8.616499999999998,33.054500000000004,0.0,0.0,0.0,0.0,16.8,54,21.5,54,30.9,54,Low,Low,Low
Google Analytics,Kolhapur,6,151166.5,True,12.5,10.209999999999999,Low,Growing,9.7,40.227999999999994,0.0,0.0,0.0,0.0,29.5,62,34.5,62,44.5,62,Low,Low,Medium
Google Analytics,Latur,6,184102.5,True,12.8,10.209999999999999,Low,Growing,9.7515,39.448,0.0,0.0,0.0,0.0,29.6,62,34.6,62,44.6,62,Low,Low,Medium
Google Analytics,Mumbai,3,44660.333333333336,True,3.7,10.209999999999999,Low,Growing,9.267,35.709500000000006,0.0,0.0,0.0,0.0,19.3,56,24.2,56,33.9,56,Low,Low,Low
Google Analytics,Nagpur,3,43526.333333333336,True,4.3,10.209999999999999,Low,Growing,9.1105,38.835,0.0,0.0,0.0,0.0,20.8,56,25.6,56,35.3,56,Low,Low,Medium
Google Analytics,Nanded,8,193746.875,True,15.6,10.209999999999999,Low,Growing,8.637,35.605000000000004,0.0,0.0,0.0,0.0,31.0,66,35.7,66,45.1,66,Low,Medium,Medium
Google Analytics,Nashik,7,194333.0,True,15.8,10.209999999999999,Low,Growing,8.586,37.875,0.0,0.0,0.0,0.0,31.9,64,36.6,64,46.0,64,Low,Medium,Medium
Google Analytics,Osmanabad,6,231955.5,True,11.9,10.209999999999999,Low,Growing,8.059999999999999,37.4765,0.0,0.0,0.0,0.0,27.7,62,32.3,62,41.4,62,Low,Low,Medium
Google Analytics,Parbhani,2,361389.5,True,2.0,10.209999999999999,Low,Growing,9.2835,38.364,0.0,0.0,0.0,0.0,18.4,54,23.3,54,33.0,54,Low,Low,Low
Google Analytics,Pune,8,209087.25,True,19.4,10.209999999999999,Low,Growing,8.681999999999999,40.851,0.0,0.0,0.0,0.0,36.4,66,41.1,66,50.5,66,Medium,Medium,Medium
Google Analytics,Raigad,4,211339.5,True,8.6,10.209999999999999,Low,Growing,9.9115,39.47,0.0,0.0,0.0,0.0,25.5,58,30.5,58,40.6,58,Low,Low,Medium
Google Analytics,Sangli,5,108647.2,True,12.5,10.209999999999999,Low,Growing,9.5185,37.182,0.0,0.0,0.0,0.0,28.6,60,33.5,60,43.4,60,Low,Low,Medium
Google Analytics,Satara,6,114783.33333333333,True,12.5,10.209999999999999,Low,Growing,9.8795,40.648,0.0,0.0,0.0,0.0,29.7,62,34.7,62,44.8,62,Low,Low,Medium
Google Analytics,Solapur,3,57659.666666666664,True,4.8,10.209999999999999,Low,Growing,9.0745,41.6085,0.0,0.0,0.0,0.0,22.1,56,26.9,56,36.6,56,Low,Low,Medium
Google Analytics,Yavatmal,5,190410.6,True,9.5,10.209999999999999,Low,Growing,9.310500000000001,37.6325,0.0,0.0,0.0,0.0,25.7,60,30.6,60,40.3,60,Low,Low,Medium
HRMS,Ahmednagar,6,177384.0,False,11.6,0.0,,,8.46,36.595,0.0,0.0,0.0,0.0,24.7,54,26.8,54,31.0,54,Low,Low,Low
HRMS,Akola,5,168170.4,False,8.5,0.0,,,9.0,33.019,0.0,0.0,0.0,0.0,20.7,52,22.9,52,27.4,52,Low,Low,Low
HRMS,Amravati,5,132109.8,False,12.9,0.0,,,8.8925,37.6035,0.0,0.0,0.0,0.0,26.4,52,28.6,52,33.1,52,Low,Low,Low
HRMS,Aurangabad,1,396694.0,False,0.0,0.0,,,7.6,38.486000000000004,0.0,0.0,0.0,0.0,13.4,44,15.3,44,19.1,44,Low,Low,Low
HRMS,Beed,4,140591.75,False,8.6,0.0,,,9.5965,42.417,0.0,0.0,0.0,0.0,23.7,50,26.1,50,30.9,50,Low,Low,Low
HRMS,Bhiwandi,1,20168.0,False,0.0,0.0,,,8.895,40.1755,0.0,0.0,0.0,0.0,14.3,44,16.5,44,20.9,44,Low,Low,Low
HRMS,Chandrapur,3,284150.6666666667,False,4.8,0.0,,,8.7865,35.588,0.0,0.0,0.0,0.0,17.7,48,19.9,48,24.3,48,Low,Low,Low
HRMS,Dhule,5,76445.8,False,12.1,0.0,,,10.1625,39.802,0.0,0.0,0.0,0.0,26.6,52,29.1,52,34.2,52,Low,Low,Low
HRMS,Jalgaon,6,157074.66666666666,False,13.2,0.0,,,8.879999999999999,37.665,0.0,0.0,0.0,0.0,26.7,54,28.9,54,33.4,54,Low,Low,Low
HRMS,Jalna,7,92019.14285714286,False,13.0,0.0,,,8.616499999999998,33.054500000000004,0.0,0.0,0.0,0.0,25.1,56,27.2,56,31.5,56,Low,Low,Low
HRMS,Kolhapur,5,84270.4,False,10.0,0.0,,,9.7,40.227999999999994,0.0,0.0,0.0,0.0,24.5,52,26.9,52,31.8,52,Low,Low,Low
HRMS,Latur,8,121193.25,False,17.9,0.0,,,9.7515,39.448,0.0,0.0,0.0,0.0,32.2,58,34.6,58,39.5,58,Low,Low,Medium
HRMS,Mumbai,3,156803.66666666666,False,3.7,0.0,,,9.267,35.709500000000006,0.0,0.0,0.0,0.0,16.7,48,19.0,48,23.7,48,Low,Low,Low
HRMS,Nagpur,5,165224.6,False,8.7,0.0,,,9.1105,38.835,0.0,0.0,0.0,0.0,22.6,52,24.9,52,29.5,52,Low,Low,Low
HRMS,Nanded,6,133763.33333333334,False,11.1,0.0,,,8.637,35.605000000000004,0.0,0.0,0.0,0.0,23.9,54,26.1,54,30.4,54,Low,Low,Low
HRMS,Nashik,7,123725.57142857143,False,15.8,0.0,,,8.586,37.875,0.0,0.0,0.0,0.0,29.3,56,31.5,56,35.7,56,Low,Low,Medium
HRMS,Osmanabad,11,160347.81818181818,False,23.8,0.0,,,8.059999999999999,37.4765,0.0,0.0,0.0,0.0,37.1,64,39.1,64,43.1,64,Medium,Medium,Medium
HRMS,Parbhani,1,129069.0,False,0.0,0.0,,,9.2835,38.364,0.0,0.0,0.0,0.0,13.8,44,16.2,44,20.8,44,Low,Low,Low
HRMS,Pune,7,218705.2857142857,False,16.7,0.0,,,8.681999999999999,40.851,0.0,0.0,0.0,0.0,31.1,56,33.3,56,37.6,56,Low,Low,Medium
HRMS,Raigad,11,81536.45454545454,False,28.6,0.0,,,9.9115,39.47,0.0,0.0,0.0,0.0,42.9,64,45.4,64,50.4,64,Medium,Medium,Medium
HRMS,Sangli,4,37328.25,False,9.4,0.0,,,9.5185,37.182,0.0,0.0,0.0,0.0,22.9,50,25.3,50,30.1,50,Low,Low,Low
HRMS,Satara,5,136837.0,False,10.0,0.0,,,9.8795,40.648,0.0,0.0,0.0,0.0,24.7,52,27.1,52,32.1,52,Low,Low,Low
HRMS,Solapur,6,59999.333333333336,False,11.9,0.0,,,9.0745,41.6085,0.0,0.0,0.0,0.0,26.7,54,28.9,54,33.5,54,Low,Low,Low
HRMS,Yavatmal,1,31818.0,False,0.0,0.0,,,9.310500000000001,37.6325,0.0,0.0,0.0,0.0,13.6,44,15.9,44,20.6,44,Low,Low,Low
HTML/CSS,Ahmednagar,12,148146.41666666666,True,25.6,1.4275000000000002,Low,Stable,8.46,36.595,0.0,0.0,0.0,0.0,39.1,74,41.5,74,46.5,74,Medium,Medium,Medium
HTML/CSS,Akola,8,184127.5,True,14.9,1.4275000000000002,Low,Stable,9.0,33.019,0.0,0.0,0.0,0.0,27.4,66,30.0,66,35.2,66,Low,Low,Medium
HTML/CSS,Amravati,8,153200.125,True,22.6,1.4275000000000002,Low,Stable,8.8925,37.6035,0.0,0.0,0.0,0.0,36.5,66,39.0,66,44.2,66,Medium,Medium,Medium
HTML/CSS,Aurangabad,9,115775.0,True,20.5,1.4275000000000002,Low,Stable,7.6,38.486000000000004,0.0,0.0,0.0,0.0,34.3,68,36.6,68,41.1,68,Low,Medium,Medium
HTML/CSS,Beed,7,93833.85714285714,True,17.1,1.4275000000000002,Low,Stable,9.5965,42.417,0.0,0.0,0.0,0.0,32.6,64,35.3,64,40.8,64,Low,Medium,Medium
HTML/CSS,Bhiwandi,7,158896.14285714287,True,16.7,1.4275000000000002,Low,Stable,8.895,40.1755,0.0,0.0,0.0,0.0,31.3,64,33.9,64,39.1,64,Low,Low,Medium
HTML/CSS,Chandrapur,5,101270.0,True,9.5,1.4275000000000002,Low,Stable,8.7865,35.588,0.0,0.0,0.0,0.0,22.7,60,25.3,60,30.4,60,Low,Low,Low
HTML/CSS,Dhule,15,153618.53333333333,True,42.4,1.4275000000000002,Low,Stable,10.1625,39.802,0.0,0.0,0.0,0.0,57.2,80,60.1,80,65.9,80,Medium,Medium,High
HTML/CSS,Jalgaon,8,99030.5,True,18.4,1.4275000000000002,Low,Stable,8.879999999999999,37.665,0.0,0.0,0.0,0.0,32.3,66,34.9,66,40.0,66,Low,Low,Medium
HTML/CSS,Jalna,3,210885.33333333334,True,4.3,1.4275000000000002,Low,Stable,8.616499999999998,33.054500000000004,0.0,0.0,0.0,0.0,16.7,56,19.2,56,24.3,56,Low,Low,Low
HTML/CSS,Kolhapur,6,197688.16666666666,True,12.5,1.4275000000000002,Low,Stable,9.7,40.227999999999994,0.0,0.0,0.0,0.0,27.4,62,30.1,62,35.7,62,Low,Low,Medium
HTML/CSS,Latur,7,171333.57142857142,True,15.4,1.4275000000000002,Low,Stable,9.7515,39.448,0.0,0.0,0.0,0.0,30.0,64,32.8,64,38.4,64,Low,Low,Medium
HTML/CSS,Mumbai,12,123423.66666666667,True,37.0,1.4275000000000002,Low,Stable,9.267,35.709500000000006,0.0,0.0,0.0,0.0,50.4,74,53.1,74,58.4,74,Medium,Medium,Medium
HTML/CSS,Nagpur,18,126404.94444444444,True,37.0,1.4275000000000002,Low,Stable,9.1105,38.835,0.0,0.0,0.0,0.0,51.3,85,53.9,85,59.2,85,Medium,Medium,Medium
HTML/CSS,Nanded,4,160464.25,True,6.7,1.4275000000000002,Low,Stable,8.637,35.605000000000004,0.0,0.0,0.0,0.0,19.9,58,22.4,58,27.4,58,Low,Low,Low
HTML/CSS,Nashik,4,157201.75,True,7.9,1.4275000000000002,Low,Stable,8.586,37.875,0.0,0.0,0.0,0.0,21.8,58,24.3,58,29.3,58,Low,Low,Low
HTML/CSS,Osmanabad,10,129330.1,True,21.4,1.4275000000000002,Low,Stable,8.059999999999999,37.4765,0.0,0.0,0.0,0.0,35.0,70,37.4,70,42.1,70,Medium,Medium,Medium
HTML/CSS,Parbhani,10,76854.8,True,18.4,1.4275000000000002,Low,Stable,9.2835,38.364,0.0,0.0,0.0,0.0,32.6,70,35.3,70,40.6,70,Low,Medium,Medium
HTML/CSS,Pune,2,114063.0,True,2.8,1.4275000000000002,Low,Stable,8.681999999999999,40.851,0.0,0.0,0.0,0.0,17.6,54,20.1,54,25.2,54,Low,Low,Low
HTML/CSS,Raigad,7,116097.71428571429,True,17.1,1.4275000000000002,Low,Stable,9.9115,39.47,0.0,0.0,0.0,0.0,31.8,64,34.6,64,40.3,64,Low,Low,Medium
HTML/CSS,Sangli,9,107243.88888888889,True,25.0,1.4275000000000002,Low,Stable,9.5185,37.182,0.0,0.0,0.0,0.0,38.9,68,41.6,68,47.1,68,Medium,Medium,Medium
HTML/CSS,Satara,12,112605.5,True,27.5,1.4275000000000002,Low,Stable,9.8795,40.648,0.0,0.0,0.0,0.0,42.5,74,45.3,74,51.0,74,Medium,Medium,Medium
HTML/CSS,Solapur,9,115317.55555555556,True,19.0,1.4275000000000002,Low,Stable,9.0745,41.6085,0.0,0.0,0.0,0.0,34.1,68,36.7,68,42.0,68,Low,Medium,Medium
HTML/CSS,Yavatmal,8,112160.0,True,16.7,1.4275000000000002,Low,Stable,9.310500000000001,37.6325,0.0,0.0,0.0,0.0,30.7,66,33.4,66,38.7,66,Low,Low,Medium
Inventory Management,Ahmednagar,23,177089.04347826086,False,51.2,0.0,,,8.46,36.595,0.0,0.0,0.0,0.0,64.3,77,66.4,77,70.6,77,Medium,High,High
Inventory Management,Akola,19,176850.31578947368,False,38.3,0.0,,,9.0,33.019,0.0,0.0,0.0,0.0,50.5,77,52.7,77,57.2,77,Medium,Medium,Medium
Inventory Management,Amravati,22,169988.72727272726,False,67.7,0.0,,,8.8925,37.6035,0.0,0.0,0.0,0.0,81.2,77,83.4,77,87.9,77,High,High,High
Inventory Management,Aurangabad,28,96050.03571428571,False,69.2,0.0,,,7.6,38.486000000000004,0.0,0.0,0.0,0.0,82.6,77,84.5,77,88.3,77,High,High,High
Inventory Management,Beed,19,130525.1052631579,False,51.4,0.0,,,9.5965,42.417,0.0,0.0,0.0,0.0,66.5,77,68.9,77,73.7,77,High,High,High
Inventory Management,Bhiwandi,24,95244.5,False,63.9,0.0,,,8.895,40.1755,0.0,0.0,0.0,0.0,78.2,77,80.4,77,84.8,77,High,High,High
Inventory Management,Chandrapur,14,115634.64285714286,False,31.0,0.0,,,8.7865,35.588,0.0,0.0,0.0,0.0,43.9,70,46.1,70,50.5,70,Medium,Medium,Medium
Inventory Management,Dhule,21,73292.09523809524,False,60.6,0.0,,,10.1625,39.802,0.0,0.0,0.0,0.0,75.1,77,77.6,77,82.7,77,High,High,High
Inventory Management,Jalgaon,26,133531.23076923078,False,65.8,0.0,,,8.879999999999999,37.665,0.0,0.0,0.0,0.0,79.3,77,81.5,77,86.0,77,High,High,High
Inventory Management,Jalna,20,80597.0,False,41.3,0.0,,,8.616499999999998,33.054500000000004,0.0,0.0,0.0,0.0,53.4,77,55.5,77,59.8,77,Medium,Medium,Medium
Inventory Management,Kolhapur,23,180750.5652173913,False,55.0,0.0,,,9.7,40.227999999999994,0.0,0.0,0.0,0.0,69.5,77,71.9,77,76.8,77,High,High,High
Inventory Management,Latur,22,161082.95454545456,False,53.8,0.0,,,9.7515,39.448,0.0,0.0,0.0,0.0,68.1,77,70.5,77,75.4,77,High,High,High
Inventory Management,Mumbai,19,160620.1052631579,False,63.0,0.0,,,9.267,35.709500000000006,0.0,0.0,0.0,0.0,76.0,77,78.3,77,83.0,77,High,High,High
Inventory Management,Nagpur,22,183921.5909090909,False,45.7,0.0,,,9.1105,38.835,0.0,0.0,0.0,0.0,59.6,77,61.9,77,66.5,77,Medium,Medium,High
Inventory Management,Nanded,19,143769.31578947368,False,40.0,0.0,,,8.637,35.605000000000004,0.0,0.0,0.0,0.0,52.8,77,55.0,77,59.3,77,Medium,Medium,Medium
Inventory Management,Nashik,22,116515.77272727272,False,55.3,0.0,,,8.586,37.875,0.0,0.0,0.0,0.0,68.8,77,71.0,77,75.2,77,High,High,High
Inventory Management,Osmanabad,25,159876.96,False,57.1,0.0,,,8.059999999999999,37.4765,0.0,0.0,0.0,0.0,70.4,77,72.4,77,76.4,77,High,High,High
Inventory Management,Parbhani,31,144402.29032258064,False,61.2,0.0,,,9.2835,38.364,0.0,0.0,0.0,0.0,75.0,77,77.4,77,82.0,77,High,High,High
Inventory Management,Pune,28,123826.03571428571,False,75.0,0.0,,,8.681999999999999,40.851,0.0,0.0,0.0,0.0,89.4,77,91.6,77,95.9,77,High,Very High,Very High
Inventory Management,Raigad,18,169649.27777777778,False,48.6,0.0,,,9.9115,39.47,0.0,0.0,0.0,0.0,62.9,77,65.4,77,70.4,77,Medium,High,High
Inventory Management,Sangli,19,135228.05263157896,False,56.2,0.0,,,9.5185,37.182,0.0,0.0,0.0,0.0,69.7,77,72.1,77,76.9,77,High,High,High
Inventory Management,Satara,14,95453.57142857143,False,32.5,0.0,,,9.8795,40.648,0.0,0.0,0.0,0.0,47.2,70,49.6,70,54.6,70,Medium,Medium,Medium
Inventory Management,Solapur,21,150077.52380952382,False,47.6,0.0,,,9.0745,41.6085,0.0,0.0,0.0,0.0,62.4,77,64.6,77,69.2,77,Medium,Medium,High
Inventory Management,Yavatmal,19,172214.1052631579,False,42.9,0.0,,,9.310500000000001,37.6325,0.0,0.0,0.0,0.0,56.5,77,58.8,77,63.5,77,Medium,Medium,Medium
JIRA,Ahmednagar,7,156495.85714285713,False,14.0,0.0,,,8.46,36.595,0.0,0.0,0.0,0.0,27.1,56,29.2,56,33.4,56,Low,Low,Low
JIRA,Akola,9,166215.55555555556,False,17.0,0.0,,,9.0,33.019,0.0,0.0,0.0,0.0,29.2,60,31.4,60,35.9,60,Low,Low,Medium
JIRA,Amravati,6,83846.16666666667,False,16.1,0.0,,,8.8925,37.6035,0.0,0.0,0.0,0.0,29.6,54,31.8,54,36.3,54,Low,Low,Medium
JIRA,Aurangabad,6,157714.0,False,12.8,0.0,,,7.6,38.486000000000004,0.0,0.0,0.0,0.0,26.2,54,28.1,54,31.9,54,Low,Low,Low
JIRA,Beed,4,99047.25,False,8.6,0.0,,,9.5965,42.417,0.0,0.0,0.0,0.0,23.7,50,26.1,50,30.9,50,Low,Low,Low
JIRA,Bhiwandi,10,139951.9,False,25.0,0.0,,,8.895,40.1755,0.0,0.0,0.0,0.0,39.3,62,41.5,62,45.9,62,Medium,Medium,Medium
JIRA,Chandrapur,8,69702.25,False,16.7,0.0,,,8.7865,35.588,0.0,0.0,0.0,0.0,29.6,58,31.8,58,36.2,58,Low,Low,Medium
JIRA,Dhule,6,63094.333333333336,False,15.2,0.0,,,10.1625,39.802,0.0,0.0,0.0,0.0,29.7,54,32.2,54,37.3,54,Low,Low,Medium
JIRA,Jalgaon,5,127350.0,False,10.5,0.0,,,8.879999999999999,37.665,0.0,0.0,0.0,0.0,24.0,52,26.2,52,30.7,52,Low,Low,Low
JIRA,Jalna,14,138156.42857142858,False,28.3,0.0,,,8.616499999999998,33.054500000000004,0.0,0.0,0.0,0.0,40.4,70,42.5,70,46.8,70,Medium,Medium,Medium
JIRA,Kolhapur,6,142681.33333333334,False,12.5,0.0,,,9.7,40.227999999999994,0.0,0.0,0.0,0.0,27.0,54,29.4,54,34.3,54,Low,Low,Low
JIRA,Latur,2,185716.0,False,2.6,0.0,,,9.7515,39.448,0.0,0.0,0.0,0.0,16.9,46,19.3,46,24.2,46,Low,Low,Low
JIRA,Mumbai,9,207029.88888888888,False,25.9,0.0,,,9.267,35.709500000000006,0.0,0.0,0.0,0.0,38.9,60,41.2,60,45.9,60,Medium,Medium,Medium
JIRA,Nagpur,6,128276.66666666667,False,10.9,0.0,,,9.1105,38.835,0.0,0.0,0.0,0.0,24.8,54,27.1,54,31.7,54,Low,Low,Low
JIRA,Nanded,5,241705.8,False,8.9,0.0,,,8.637,35.605000000000004,0.0,0.0,0.0,0.0,21.7,52,23.9,52,28.2,52,Low,Low,Low
JIRA,Nashik,7,91267.28571428571,False,15.8,0.0,,,8.586,37.875,0.0,0.0,0.0,0.0,29.3,56,31.5,56,35.7,56,Low,Low,Medium
JIRA,Osmanabad,4,84164.75,False,7.1,0.0,,,8.059999999999999,37.4765,0.0,0.0,0.0,0.0,20.4,50,22.4,50,26.4,50,Low,Low,Low
JIRA,Parbhani,13,150193.15384615384,False,24.5,0.0,,,9.2835,38.364,0.0,0.0,0.0,0.0,38.3,68,40.7,68,45.3,68,Medium,Medium,Medium
JIRA,Pune,9,89941.88888888889,False,22.2,0.0,,,8.681999999999999,40.851,0.0,0.0,0.0,0.0,36.6,60,38.8,60,43.1,60,Medium,Medium,Medium
JIRA,Raigad,5,145084.0,False,11.4,0.0,,,9.9115,39.47,0.0,0.0,0.0,0.0,25.7,52,28.2,52,33.2,52,Low,Low,Low
JIRA,Sangli,8,193679.875,False,21.9,0.0,,,9.5185,37.182,0.0,0.0,0.0,0.0,35.4,58,37.8,58,42.6,58,Medium,Medium,Medium
JIRA,Satara,15,64167.53333333333,False,35.0,0.0,,,9.8795,40.648,0.0,0.0,0.0,0.0,49.7,72,52.1,72,57.1,72,Medium,Medium,Medium
JIRA,Solapur,5,100514.2,False,9.5,0.0,,,9.0745,41.6085,0.0,0.0,0.0,0.0,24.3,52,26.5,52,31.1,52,Low,Low,Low
JIRA,Yavatmal,13,89164.53846153847,False,28.6,0.0,,,9.310500000000001,37.6325,0.0,0.0,0.0,0.0,42.2,68,44.5,68,49.2,68,Medium,Medium,Medium
Java,Ahmednagar,4,185210.75,True,7.0,12.7875,Low,Growing,8.46,36.595,0.0,0.0,0.0,0.0,23.3,58,28.6,58,39.2,58,Low,Low,Medium
Java,Akola,1,81860.0,True,0.0,12.7875,Low,Growing,9.0,33.019,0.0,0.0,0.0,0.0,15.4,52,20.8,52,31.7,52,Low,Low,Low
Java,Amravati,4,198033.0,True,9.7,12.7875,Low,Growing,8.8925,37.6035,0.0,0.0,0.0,0.0,26.4,58,31.8,58,42.7,58,Low,Low,Medium
Java,Aurangabad,6,170458.16666666666,True,12.8,12.7875,Low,Growing,7.6,38.486000000000004,0.0,0.0,0.0,0.0,29.4,62,34.5,62,44.7,62,Low,Low,Medium
Java,Beed,4,115612.0,True,8.6,12.7875,Low,Growing,9.5965,42.417,0.0,0.0,0.0,0.0,26.9,58,32.5,58,43.7,58,Low,Low,Medium
Java,Bhiwandi,4,172569.25,True,8.3,12.7875,Low,Growing,8.895,40.1755,0.0,0.0,0.0,0.0,25.8,58,31.2,58,42.0,58,Low,Low,Medium
Java,Chandrapur,2,218845.5,True,2.4,12.7875,Low,Growing,8.7865,35.588,0.0,0.0,0.0,0.0,18.5,54,23.9,54,34.7,54,Low,Low,Low
Java,Dhule,4,235903.25,True,9.1,12.7875,Low,Growing,10.1625,39.802,0.0,0.0,0.0,0.0,26.8,58,32.5,58,44.0,58,Low,Low,Medium
Java,Jalgaon,5,77989.6,True,10.5,12.7875,Low,Growing,8.879999999999999,37.665,0.0,0.0,0.0,0.0,27.2,60,32.6,60,43.5,60,Low,Low,Medium
Java,Jalna,3,123003.33333333333,True,4.3,12.7875,Low,Growing,8.616499999999998,33.054500000000004,0.0,0.0,0.0,0.0,19.6,56,24.9,56,35.6,56,Low,Low,Medium
Java,Kolhapur,4,152602.5,True,7.5,12.7875,Low,Growing,9.7,40.227999999999994,0.0,0.0,0.0,0.0,25.2,58,30.8,58,42.1,58,Low,Low,Medium
Java,Latur,7,131035.14285714286,True,15.4,12.7875,Low,Growing,9.7515,39.448,0.0,0.0,0.0,0.0,32.9,64,38.5,64,49.8,64,Low,Medium,Medium
Java,Mumbai,2,37805.5,True,0.0,12.7875,Low,Growing,9.267,35.709500000000006,0.0,0.0,0.0,0.0,16.2,54,21.7,54,32.8,54,Low,Low,Low
Java,Nagpur,6,167702.5,True,10.9,12.7875,Low,Growing,9.1105,38.835,0.0,0.0,0.0,0.0,28.0,62,33.5,62,44.4,62,Low,Low,Medium
Java,Nanded,2,184518.0,True,2.2,12.7875,Low,Growing,8.637,35.605000000000004,0.0,0.0,0.0,0.0,18.2,54,23.6,54,34.3,54,Low,Low,Low
Java,Osmanabad,6,64372.166666666664,True,11.9,12.7875,Low,Growing,8.059999999999999,37.4765,0.0,0.0,0.0,0.0,28.4,62,33.6,62,44.0,62,Low,Low,Medium
Java,Parbhani,4,106995.25,True,6.1,12.7875,Low,Growing,9.2835,38.364,0.0,0.0,0.0,0.0,23.1,58,28.6,58,39.7,58,Low,Low,Medium
Java,Pune,2,75531.0,True,2.8,12.7875,Low,Growing,8.681999999999999,40.851,0.0,0.0,0.0,0.0,20.4,54,25.8,54,36.5,54,Low,Low,Medium
Java,Raigad,7,134770.7142857143,True,17.1,12.7875,Low,Growing,9.9115,39.47,0.0,0.0,0.0,0.0,34.6,64,40.3,64,51.6,64,Low,Medium,Medium
Java,Sangli,3,344097.3333333333,True,6.2,12.7875,Low,Growing,9.5185,37.182,0.0,0.0,0.0,0.0,22.9,56,28.5,56,39.7,56,Low,Low,Medium
Java,Satara,7,83146.14285714286,True,15.0,12.7875,Low,Growing,9.8795,40.648,0.0,0.0,0.0,0.0,32.9,64,38.5,64,49.9,64,Low,Medium,Medium
Java,Solapur,7,95212.0,True,14.3,12.7875,Low,Growing,9.0745,41.6085,0.0,0.0,0.0,0.0,32.2,64,37.7,64,48.6,64,Low,Medium,Medium
Java,Yavatmal,3,88044.33333333333,True,4.8,12.7875,Low,Growing,9.310500000000001,37.6325,0.0,0.0,0.0,0.0,21.6,56,27.1,56,38.2,56,Low,Low,Medium
JavaScript,Ahmednagar,11,153315.54545454544,True,23.3,15.072500000000002,High,Growing,8.46,36.595,0.0,0.0,0.0,-15.0,25.2,72,31.0,72,42.8,72,Low,Low,Medium
JavaScript,Akola,6,147642.5,True,10.6,15.072500000000002,High,Growing,9.0,33.019,0.0,0.0,0.0,-15.0,11.5,62,17.5,62,29.6,62,Low,Low,Low
JavaScript,Amravati,15,134880.26666666666,True,45.2,15.072500000000002,High,Growing,8.8925,37.6035,0.0,0.0,0.0,-15.0,47.5,80,53.5,80,65.4,80,Medium,Medium,High
JavaScript,Aurangabad,6,144549.83333333334,True,12.8,15.072500000000002,High,Growing,7.6,38.486000000000004,0.0,0.0,0.0,-15.0,15.0,62,20.7,62,32.0,62,Low,Low,Low
JavaScript,Beed,7,102832.42857142857,True,17.1,15.072500000000002,High,Growing,9.5965,42.417,0.0,0.0,0.0,-15.0,21.0,64,27.2,64,39.5,64,Low,Low,Medium
JavaScript,Bhiwandi,12,160598.0,True,30.6,15.072500000000002,High,Growing,8.895,40.1755,0.0,0.0,0.0,-15.0,33.6,74,39.6,74,51.6,74,Low,Medium,Medium
JavaScript,Chandrapur,5,135573.2,True,9.5,15.072500000000002,High,Growing,8.7865,35.588,0.0,0.0,0.0,-15.0,11.1,60,17.1,60,29.0,60,Low,Low,Low
JavaScript,Dhule,10,112781.3,True,27.3,15.072500000000002,High,Growing,10.1625,39.802,0.0,0.0,0.0,-15.0,30.5,70,36.9,70,49.5,70,Low,Medium,Medium
JavaScript,Jalgaon,7,123291.85714285714,True,15.8,15.072500000000002,High,Growing,8.879999999999999,37.665,0.0,0.0,0.0,-15.0,18.1,64,24.1,64,36.1,64,Low,Low,Medium
JavaScript,Jalna,4,268426.0,True,6.5,15.072500000000002,High,Growing,8.616499999999998,33.054500000000004,0.0,0.0,0.0,-15.0,7.3,58,13.3,58,25.1,58,Low,Low,Low
JavaScript,Kolhapur,9,97879.11111111111,True,20.0,15.072500000000002,High,Growing,9.7,40.227999999999994,0.0,0.0,0.0,-15.0,23.3,68,29.5,68,41.8,68,Low,Low,Medium
JavaScript,Latur,3,209519.0,True,5.1,15.072500000000002,High,Growing,9.7515,39.448,0.0,0.0,0.0,-15.0,8.1,56,14.3,56,26.8,56,Low,Low,Low
JavaScript,Mumbai,13,101681.07692307692,True,40.7,15.072500000000002,High,Growing,9.267,35.709500000000006,0.0,0.0,0.0,-15.0,42.5,76,48.6,76,60.8,76,Medium,Medium,Medium
JavaScript,Nagpur,9,182810.11111111112,True,17.4,15.072500000000002,High,Growing,9.1105,38.835,0.0,0.0,0.0,-15.0,20.1,68,26.1,68,38.2,68,Low,Low,Medium
JavaScript,Nanded,7,109839.85714285714,True,13.3,15.072500000000002,High,Growing,8.637,35.605000000000004,0.0,0.0,0.0,-15.0,14.9,64,20.8,64,32.7,64,Low,Low,Low
JavaScript,Nashik,8,127194.75,True,18.4,15.072500000000002,High,Growing,8.586,37.875,0.0,0.0,0.0,-15.0,20.7,66,26.6,66,38.4,66,Low,Low,Medium
JavaScript,Osmanabad,9,143734.22222222222,True,19.0,15.072500000000002,High,Growing,8.059999999999999,37.4765,0.0,0.0,0.0,-15.0,21.0,68,26.8,68,38.4,68,Low,Low,Medium
JavaScript,Parbhani,5,139549.4,True,8.2,15.072500000000002,High,Growing,9.2835,38.364,0.0,0.0,0.0,-15.0,10.8,60,16.9,60,29.1,60,Low,Low,Low
JavaScript,Pune,7,100715.14285714286,True,16.7,15.072500000000002,High,Growing,8.681999999999999,40.851,0.0,0.0,0.0,-15.0,19.9,64,25.8,64,37.7,64,Low,Low,Medium
JavaScript,Raigad,9,179530.22222222222,True,22.9,15.072500000000002,High,Growing,9.9115,39.47,0.0,0.0,0.0,-15.0,26.0,68,32.2,68,44.7,68,Low,Low,Medium
JavaScript,Sangli,10,209985.5,True,28.1,15.072500000000002,High,Growing,9.5185,37.182,0.0,0.0,0.0,-15.0,30.4,70,36.6,70,48.8,70,Low,Medium,Medium
JavaScript,Satara,14,112329.07142857143,True,32.5,15.072500000000002,High,Growing,9.8795,40.648,0.0,0.0,0.0,-15.0,35.9,78,42.2,78,54.6,78,Medium,Medium,Medium
JavaScript,Solapur,8,90914.625,True,16.7,15.072500000000002,High,Growing,9.0745,41.6085,0.0,0.0,0.0,-15.0,20.2,66,26.3,66,38.3,66,Low,Low,Medium
JavaScript,Yavatmal,8,83663.25,True,16.7,15.072500000000002,High,Growing,9.310500000000001,37.6325,0.0,0.0,0.0,-15.0,19.1,66,25.2,66,37.4,66,Low,Low,Medium
Jenkins,Ahmednagar,3,42978.666666666664,False,4.7,0.0,,,8.46,36.595,0.0,0.0,0.0,0.0,17.8,48,19.9,48,24.1,48,Low,Low,Low
Jenkins,Akola,3,123184.0,False,4.3,0.0,,,9.0,33.019,0.0,0.0,0.0,0.0,16.5,48,18.7,48,23.2,48,Low,Low,Low
Jenkins,Amravati,3,31807.0,False,6.5,0.0,,,8.8925,37.6035,0.0,0.0,0.0,0.0,20.0,48,22.2,48,26.7,48,Low,Low,Low
Jenkins,Aurangabad,3,154617.0,False,5.1,0.0,,,7.6,38.486000000000004,0.0,0.0,0.0,0.0,18.5,48,20.4,48,24.2,48,Low,Low,Low
Jenkins,Beed,1,120143.0,False,0.0,0.0,,,9.5965,42.417,0.0,0.0,0.0,0.0,15.1,44,17.5,44,22.3,44,Low,Low,Low
Jenkins,Bhiwandi,3,166104.0,False,5.6,0.0,,,8.895,40.1755,0.0,0.0,0.0,0.0,19.9,48,22.1,48,26.5,48,Low,Low,Low
Jenkins,Chandrapur,2,182458.0,False,2.4,0.0,,,8.7865,35.588,0.0,0.0,0.0,0.0,15.3,46,17.5,46,21.9,46,Low,Low,Low
Jenkins,Dhule,2,62637.0,False,3.0,0.0,,,10.1625,39.802,0.0,0.0,0.0,0.0,17.5,46,20.0,46,25.1,46,Low,Low,Low
Jenkins,Jalgaon,4,84280.75,False,7.9,0.0,,,8.879999999999999,37.665,0.0,0.0,0.0,0.0,21.4,50,23.6,50,28.1,50,Low,Low,Low
Jenkins,Jalna,3,189652.0,False,4.3,0.0,,,8.616499999999998,33.054500000000004,0.0,0.0,0.0,0.0,16.4,48,18.5,48,22.8,48,Low,Low,Low
Jenkins,Kolhapur,6,202580.33333333334,False,12.5,0.0,,,9.7,40.227999999999994,0.0,0.0,0.0,0.0,27.0,54,29.4,54,34.3,54,Low,Low,Low
Jenkins,Mumbai,4,118566.25,False,7.4,0.0,,,9.267,35.709500000000006,0.0,0.0,0.0,0.0,20.4,50,22.7,50,27.4,50,Low,Low,Low
Jenkins,Nagpur,3,59498.0,False,4.3,0.0,,,9.1105,38.835,0.0,0.0,0.0,0.0,18.2,48,20.5,48,25.1,48,Low,Low,Low
Jenkins,Nanded,6,262769.8333333333,False,11.1,0.0,,,8.637,35.605000000000004,0.0,0.0,0.0,0.0,23.9,54,26.1,54,30.4,54,Low,Low,Low
Jenkins,Nashik,2,58537.5,False,2.6,0.0,,,8.586,37.875,0.0,0.0,0.0,0.0,16.1,46,18.3,46,22.5,46,Low,Low,Low
Jenkins,Osmanabad,4,85393.0,False,7.1,0.0,,,8.059999999999999,37.4765,0.0,0.0,0.0,0.0,20.4,50,22.4,50,26.4,50,Low,Low,Low
Jenkins,Parbhani,7,161259.7142857143,False,12.2,0.0,,,9.2835,38.364,0.0,0.0,0.0,0.0,26.0,56,28.4,56,33.0,56,Low,Low,Low
Jenkins,Pune,1,20132.0,False,0.0,0.0,,,8.681999999999999,40.851,0.0,0.0,0.0,0.0,14.4,44,16.6,44,20.9,44,Low,Low,Low
Jenkins,Raigad,5,68152.0,False,11.4,0.0,,,9.9115,39.47,0.0,0.0,0.0,0.0,25.7,52,28.2,52,33.2,52,Low,Low,Low
Jenkins,Sangli,5,200811.8,False,12.5,0.0,,,9.5185,37.182,0.0,0.0,0.0,0.0,26.0,52,28.4,52,33.2,52,Low,Low,Low
Jenkins,Satara,3,108223.0,False,5.0,0.0,,,9.8795,40.648,0.0,0.0,0.0,0.0,19.7,48,22.1,48,27.1,48,Low,Low,Low
Jenkins,Solapur,3,75154.0,False,4.8,0.0,,,9.0745,41.6085,0.0,0.0,0.0,0.0,19.6,48,21.8,48,26.4,48,Low,Low,Low
Jenkins,Yavatmal,6,120570.83333333333,False,11.9,0.0,,,9.310500000000001,37.6325,0.0,0.0,0.0,0.0,25.5,54,27.8,54,32.5,54,Low,Low,Low
Kubernetes,Ahmednagar,5,204550.4,True,9.3,24.545,High,Rapidly Growing,8.46,36.595,8.0,0.0,8.0,-15.0,21.5,60,29.8,60,46.3,60,Low,Low,Medium
Kubernetes,Akola,8,203151.875,True,14.9,24.545,High,Rapidly Growing,9.0,33.019,8.0,0.0,8.0,-15.0,26.2,66,34.6,66,51.4,66,Low,Low,Medium
Kubernetes,Amravati,9,128096.11111111111,True,25.8,24.545,High,Rapidly Growing,8.8925,37.6035,8.0,0.0,8.0,-15.0,38.4,68,46.8,68,63.5,68,Medium,Medium,Medium
Kubernetes,Aurangabad,4,277032.25,True,7.7,24.545,High,Rapidly Growing,7.6,38.486000000000004,8.0,0.0,8.0,-15.0,20.3,58,28.3,58,44.4,58,Low,Low,Medium
Kubernetes,Beed,7,141851.7142857143,True,17.1,24.545,High,Rapidly Growing,9.5965,42.417,8.0,0.0,8.0,-15.0,31.4,64,39.9,64,57.0,64,Low,Medium,Medium
Kubernetes,Bhiwandi,9,180356.55555555556,True,22.2,24.545,High,Rapidly Growing,8.895,40.1755,8.0,0.0,8.0,-15.0,35.6,68,44.0,68,60.7,68,Medium,Medium,Medium
Kubernetes,Chandrapur,3,238780.33333333334,True,4.8,24.545,High,Rapidly Growing,8.7865,35.588,8.0,0.0,8.0,-15.0,16.8,56,25.1,56,41.8,56,Low,Low,Medium
Kubernetes,Dhule,4,123534.75,True,9.1,24.545,High,Rapidly Growing,10.1625,39.802,8.0,0.0,8.0,-15.0,22.7,58,31.4,58,48.7,58,Low,Low,Medium
Kubernetes,Jalgaon,9,62985.11111111111,True,21.1,24.545,High,Rapidly Growing,8.879999999999999,37.665,8.0,0.0,8.0,-15.0,33.8,68,42.1,68,58.8,68,Low,Medium,Medium
Kubernetes,Jalna,13,130942.84615384616,True,26.1,24.545,High,Rapidly Growing,8.616499999999998,33.054500000000004,8.0,0.0,8.0,-15.0,37.3,76,45.6,76,62.2,76,Medium,Medium,Medium
Kubernetes,Kolhapur,8,119854.75,True,17.5,24.545,High,Rapidly Growing,9.7,40.227999999999994,8.0,0.0,8.0,-15.0,31.1,66,39.7,66,56.8,66,Low,Medium,Medium
Kubernetes,Latur,3,293697.0,True,5.1,24.545,High,Rapidly Growing,9.7515,39.448,8.0,0.0,8.0,-15.0,18.5,56,27.1,56,44.2,56,Low,Low,Medium
Kubernetes,Mumbai,13,147941.76923076922,True,40.7,24.545,High,Rapidly Growing,9.267,35.709500000000006,8.0,0.0,8.0,-15.0,52.9,76,61.3,76,78.2,76,Medium,Medium,High
Kubernetes,Nagpur,9,210546.22222222222,True,17.4,24.545,High,Rapidly Growing,9.1105,38.835,8.0,0.0,8.0,-15.0,30.5,68,38.9,68,55.7,68,Low,Medium,Medium
Kubernetes,Nanded,4,253080.0,True,6.7,24.545,High,Rapidly Growing,8.637,35.605000000000004,8.0,0.0,8.0,-15.0,18.7,58,27.0,58,43.6,58,Low,Low,Medium
Kubernetes,Nashik,11,64417.36363636364,True,26.3,24.545,High,Rapidly Growing,8.586,37.875,8.0,0.0,8.0,-15.0,38.9,72,47.2,72,63.8,72,Medium,Medium,Medium
Kubernetes,Osmanabad,4,188281.0,True,7.1,24.545,High,Rapidly Growing,8.059999999999999,37.4765,8.0,0.0,8.0,-15.0,19.5,58,27.6,58,43.9,58,Low,Low,Medium
Kubernetes,Parbhani,9,192176.33333333334,True,16.3,24.545,High,Rapidly Growing,9.2835,38.364,8.0,0.0,8.0,-15.0,29.3,68,37.7,68,54.6,68,Low,Medium,Medium
Kubernetes,Pune,5,121878.6,True,11.1,24.545,High,Rapidly Growing,8.681999999999999,40.851,8.0,0.0,8.0,-15.0,24.7,60,33.0,60,49.6,60,Low,Low,Medium
Kubernetes,Raigad,13,106599.84615384616,True,34.3,24.545,High,Rapidly Growing,9.9115,39.47,8.0,0.0,8.0,-15.0,47.8,76,56.4,76,73.6,76,Medium,Medium,High
Kubernetes,Sangli,6,149612.16666666666,True,15.6,24.545,High,Rapidly Growing,9.5185,37.182,8.0,0.0,8.0,-15.0,28.3,62,36.8,62,53.8,62,Low,Medium,Medium
Kubernetes,Satara,7,117809.0,True,15.0,24.545,High,Rapidly Growing,9.8795,40.648,8.0,0.0,8.0,-15.0,28.8,64,37.4,64,54.6,64,Low,Medium,Medium
Kubernetes,Solapur,15,91523.2,True,33.3,24.545,High,Rapidly Growing,9.0745,41.6085,8.0,0.0,8.0,-15.0,47.2,80,55.6,80,72.4,80,Medium,Medium,High
Kubernetes,Yavatmal,7,77501.85714285714,True,14.3,24.545,High,Rapidly Growing,9.310500000000001,37.6325,8.0,0.0,8.0,-15.0,27.1,64,35.5,64,52.4,64,Low,Medium,Medium
LMS,Ahmednagar,10,147383.1,False,20.9,0.0,,,8.46,36.595,0.0,0.0,0.0,0.0,34.0,62,36.1,62,40.3,62,Low,Medium,Medium
LMS,Akola,8,126555.0,False,14.9,0.0,,,9.0,33.019,0.0,0.0,0.0,0.0,27.1,58,29.3,58,33.8,58,Low,Low,Low
LMS,Amravati,4,262812.0,False,9.7,0.0,,,8.8925,37.6035,0.0,0.0,0.0,0.0,23.2,50,25.4,50,29.9,50,Low,Low,Low
LMS,Aurangabad,5,117264.2,False,10.3,0.0,,,7.6,38.486000000000004,0.0,0.0,0.0,0.0,23.7,52,25.6,52,29.4,52,Low,Low,Low
LMS,Beed,7,281122.85714285716,False,17.1,0.0,,,9.5965,42.417,0.0,0.0,0.0,0.0,32.2,56,34.6,56,39.4,56,Low,Low,Medium
LMS,Bhiwandi,12,115798.25,False,30.6,0.0,,,8.895,40.1755,0.0,0.0,0.0,0.0,44.9,66,47.1,66,51.5,66,Medium,Medium,Medium
LMS,Chandrapur,9,152483.0,False,19.0,0.0,,,8.7865,35.588,0.0,0.0,0.0,0.0,31.9,60,34.1,60,38.5,60,Low,Low,Medium
LMS,Dhule,7,202735.42857142858,False,18.2,0.0,,,10.1625,39.802,0.0,0.0,0.0,0.0,32.7,56,35.2,56,40.3,56,Low,Medium,Medium
LMS,Jalgaon,4,219658.75,False,7.9,0.0,,,8.879999999999999,37.665,0.0,0.0,0.0,0.0,21.4,50,23.6,50,28.1,50,Low,Low,Low
LMS,Jalna,6,84504.33333333333,False,10.9,0.0,,,8.616499999999998,33.054500000000004,0.0,0.0,0.0,0.0,23.0,54,25.1,54,29.4,54,Low,Low,Low
LMS,Kolhapur,2,40811.0,False,2.5,0.0,,,9.7,40.227999999999994,0.0,0.0,0.0,0.0,17.0,46,19.4,46,24.3,46,Low,Low,Low
LMS,Latur,5,80470.2,False,10.3,0.0,,,9.7515,39.448,0.0,0.0,0.0,0.0,24.6,52,27.0,52,31.9,52,Low,Low,Low
LMS,Mumbai,4,140198.75,False,7.4,0.0,,,9.267,35.709500000000006,0.0,0.0,0.0,0.0,20.4,50,22.7,50,27.4,50,Low,Low,Low
LMS,Nagpur,3,23735.333333333332,False,4.3,0.0,,,9.1105,38.835,0.0,0.0,0.0,0.0,18.2,48,20.5,48,25.1,48,Low,Low,Low
LMS,Nanded,7,96592.0,False,13.3,0.0,,,8.637,35.605000000000004,0.0,0.0,0.0,0.0,26.1,56,28.3,56,32.6,56,Low,Low,Low
LMS,Nashik,7,144922.7142857143,False,15.8,0.0,,,8.586,37.875,0.0,0.0,0.0,0.0,29.3,56,31.5,56,35.7,56,Low,Low,Medium
LMS,Osmanabad,1,342639.0,False,0.0,0.0,,,8.059999999999999,37.4765,0.0,0.0,0.0,0.0,13.3,44,15.3,44,19.3,44,Low,Low,Low
LMS,Parbhani,7,211435.14285714287,False,12.2,0.0,,,9.2835,38.364,0.0,0.0,0.0,0.0,26.0,56,28.4,56,33.0,56,Low,Low,Low
LMS,Pune,3,97567.66666666667,False,5.6,0.0,,,8.681999999999999,40.851,0.0,0.0,0.0,0.0,20.0,48,22.2,48,26.5,48,Low,Low,Low
LMS,Raigad,2,75489.5,False,2.9,0.0,,,9.9115,39.47,0.0,0.0,0.0,0.0,17.2,46,19.7,46,24.7,46,Low,Low,Low
LMS,Sangli,2,73071.5,False,3.1,0.0,,,9.5185,37.182,0.0,0.0,0.0,0.0,16.6,46,19.0,46,23.8,46,Low,Low,Low
LMS,Satara,6,129528.0,False,12.5,0.0,,,9.8795,40.648,0.0,0.0,0.0,0.0,27.2,54,29.6,54,34.6,54,Low,Low,Low
LMS,Solapur,5,103007.0,False,9.5,0.0,,,9.0745,41.6085,0.0,0.0,0.0,0.0,24.3,52,26.5,52,31.1,52,Low,Low,Low
LMS,Yavatmal,7,139785.14285714287,False,14.3,0.0,,,9.310500000000001,37.6325,0.0,0.0,0.0,0.0,27.9,56,30.2,56,34.9,56,Low,Low,Low
Lab Testing,Ahmednagar,5,151345.4,False,9.3,0.0,,,8.46,36.595,0.0,0.0,0.0,0.0,22.4,52,24.5,52,28.7,52,Low,Low,Low
Lab Testing,Akola,10,151804.2,False,19.1,0.0,,,9.0,33.019,0.0,0.0,0.0,0.0,31.3,62,33.5,62,38.0,62,Low,Low,Medium
Lab Testing,Amravati,5,195677.4,False,12.9,0.0,,,8.8925,37.6035,0.0,0.0,0.0,0.0,26.4,52,28.6,52,33.1,52,Low,Low,Low
Lab Testing,Aurangabad,3,107737.0,False,5.1,0.0,,,7.6,38.486000000000004,0.0,0.0,0.0,0.0,18.5,48,20.4,48,24.2,48,Low,Low,Low
Lab Testing,Beed,3,146445.33333333334,False,5.7,0.0,,,9.5965,42.417,0.0,0.0,0.0,0.0,20.8,48,23.2,48,28.0,48,Low,Low,Low
Lab Testing,Bhiwandi,3,64579.666666666664,False,5.6,0.0,,,8.895,40.1755,0.0,0.0,0.0,0.0,19.9,48,22.1,48,26.5,48,Low,Low,Low
Lab Testing,Chandrapur,5,174213.8,False,9.5,0.0,,,8.7865,35.588,0.0,0.0,0.0,0.0,22.4,52,24.6,52,29.0,52,Low,Low,Low
Lab Testing,Dhule,3,97679.66666666667,False,6.1,0.0,,,10.1625,39.802,0.0,0.0,0.0,0.0,20.6,48,23.1,48,28.2,48,Low,Low,Low
Lab Testing,Jalgaon,5,106866.6,False,10.5,0.0,,,8.879999999999999,37.665,0.0,0.0,0.0,0.0,24.0,52,26.2,52,30.7,52,Low,Low,Low
Lab Testing,Jalna,6,102713.66666666667,False,10.9,0.0,,,8.616499999999998,33.054500000000004,0.0,0.0,0.0,0.0,23.0,54,25.1,54,29.4,54,Low,Low,Low
Lab Testing,Kolhapur,5,145464.6,False,10.0,0.0,,,9.7,40.227999999999994,0.0,0.0,0.0,0.0,24.5,52,26.9,52,31.8,52,Low,Low,Low
Lab Testing,Latur,6,266341.6666666667,False,12.8,0.0,,,9.7515,39.448,0.0,0.0,0.0,0.0,27.1,54,29.5,54,34.4,54,Low,Low,Low
Lab Testing,Mumbai,9,104844.88888888889,False,25.9,0.0,,,9.267,35.709500000000006,0.0,0.0,0.0,0.0,38.9,60,41.2,60,45.9,60,Medium,Medium,Medium
Lab Testing,Nagpur,6,51785.666666666664,False,10.9,0.0,,,9.1105,38.835,0.0,0.0,0.0,0.0,24.8,54,27.1,54,31.7,54,Low,Low,Low
Lab Testing,Nanded,7,120681.85714285714,False,13.3,0.0,,,8.637,35.605000000000004,0.0,0.0,0.0,0.0,26.1,56,28.3,56,32.6,56,Low,Low,Low
Lab Testing,Nashik,6,211610.66666666666,False,13.2,0.0,,,8.586,37.875,0.0,0.0,0.0,0.0,26.7,54,28.9,54,33.1,54,Low,Low,Low
Lab Testing,Osmanabad,6,43876.833333333336,False,11.9,0.0,,,8.059999999999999,37.4765,0.0,0.0,0.0,0.0,25.2,54,27.2,54,31.2,54,Low,Low,Low
Lab Testing,Parbhani,9,200227.55555555556,False,16.3,0.0,,,9.2835,38.364,0.0,0.0,0.0,0.0,30.1,60,32.5,60,37.1,60,Low,Low,Medium
Lab Testing,Pune,6,111165.66666666667,False,13.9,0.0,,,8.681999999999999,40.851,0.0,0.0,0.0,0.0,28.3,54,30.5,54,34.8,54,Low,Low,Low
Lab Testing,Raigad,4,157234.75,False,8.6,0.0,,,9.9115,39.47,0.0,0.0,0.0,0.0,22.9,50,25.4,50,30.4,50,Low,Low,Low
Lab Testing,Sangli,4,88980.0,False,9.4,0.0,,,9.5185,37.182,0.0,0.0,0.0,0.0,22.9,50,25.3,50,30.1,50,Low,Low,Low
Lab Testing,Satara,5,75013.4,False,10.0,0.0,,,9.8795,40.648,0.0,0.0,0.0,0.0,24.7,52,27.1,52,32.1,52,Low,Low,Low
Lab Testing,Solapur,4,203113.25,False,7.1,0.0,,,9.0745,41.6085,0.0,0.0,0.0,0.0,21.9,50,24.1,50,28.7,50,Low,Low,Low
Lab Testing,Yavatmal,3,122532.0,False,4.8,0.0,,,9.310500000000001,37.6325,0.0,0.0,0.0,0.0,18.4,48,20.7,48,25.4,48,Low,Low,Low
Lead Generation,Ahmednagar,5,49532.6,True,9.3,-1.0799999999999998,High,Stable,8.46,36.595,0.0,0.0,0.0,-15.0,7.1,60,9.0,60,12.7,60,Low,Low,Low
Lead Generation,Akola,6,112918.16666666667,True,10.6,-1.0799999999999998,High,Stable,9.0,33.019,0.0,0.0,0.0,-15.0,7.5,62,9.5,62,13.4,62,Low,Low,Low
Lead Generation,Amravati,3,171941.66666666666,True,6.5,-1.0799999999999998,High,Stable,8.8925,37.6035,0.0,0.0,0.0,-15.0,4.7,56,6.7,56,10.6,56,Low,Low,Low
Lead Generation,Aurangabad,6,100602.0,True,12.8,-1.0799999999999998,High,Stable,7.6,38.486000000000004,0.0,0.0,0.0,-15.0,11.0,62,12.6,62,15.9,62,Low,Low,Low
Lead Generation,Beed,4,67627.25,True,8.6,-1.0799999999999998,High,Stable,9.5965,42.417,0.0,0.0,0.0,-15.0,8.5,58,10.6,58,14.8,58,Low,Low,Low
Lead Generation,Bhiwandi,5,153535.2,True,11.1,-1.0799999999999998,High,Stable,8.895,40.1755,0.0,0.0,0.0,-15.0,10.1,60,12.1,60,16.0,60,Low,Low,Low
Lead Generation,Chandrapur,5,140012.8,True,9.5,-1.0799999999999998,High,Stable,8.7865,35.588,0.0,0.0,0.0,-15.0,7.1,60,9.0,60,12.9,60,Low,Low,Low
Lead Generation,Dhule,3,94396.33333333333,True,6.1,-1.0799999999999998,High,Stable,10.1625,39.802,0.0,0.0,0.0,-15.0,5.3,56,7.6,56,12.1,56,Low,Low,Low
Lead Generation,Jalgaon,5,124345.4,True,10.5,-1.0799999999999998,High,Stable,8.879999999999999,37.665,0.0,0.0,0.0,-15.0,8.7,60,10.7,60,14.6,60,Low,Low,Low
Lead Generation,Jalna,4,157410.0,True,6.5,-1.0799999999999998,High,Stable,8.616499999999998,33.054500000000004,0.0,0.0,0.0,-15.0,3.3,58,5.2,58,9.0,58,Low,Low,Low
Lead Generation,Kolhapur,5,147771.2,True,10.0,-1.0799999999999998,High,Stable,9.7,40.227999999999994,0.0,0.0,0.0,-15.0,9.2,60,11.4,60,15.7,60,Low,Low,Low
Lead Generation,Latur,4,97940.5,True,7.7,-1.0799999999999998,High,Stable,9.7515,39.448,0.0,0.0,0.0,-15.0,6.7,58,8.9,58,13.2,58,Low,Low,Low
Lead Generation,Mumbai,2,199528.0,True,0.0,-1.0799999999999998,High,Stable,9.267,35.709500000000006,0.0,0.0,0.0,-15.0,0.0,54,0.0,54,3.9,54,Low,Low,Low
Lead Generation,Nagpur,3,109019.33333333333,True,4.3,-1.0799999999999998,High,Stable,9.1105,38.835,0.0,0.0,0.0,-15.0,3.0,56,5.0,56,9.0,56,Low,Low,Low
Lead Generation,Nanded,1,115056.0,True,0.0,-1.0799999999999998,High,Stable,8.637,35.605000000000004,0.0,0.0,0.0,-15.0,0.0,52,0.0,52,3.2,52,Low,Low,Low
Lead Generation,Nashik,4,152099.5,True,7.9,-1.0799999999999998,High,Stable,8.586,37.875,0.0,0.0,0.0,-15.0,6.1,58,8.0,58,11.8,58,Low,Low,Low
Lead Generation,Osmanabad,7,97770.0,True,14.3,-1.0799999999999998,High,Stable,8.059999999999999,37.4765,0.0,0.0,0.0,-15.0,12.3,64,14.0,64,17.5,64,Low,Low,Low
Lead Generation,Parbhani,5,156383.0,True,8.2,-1.0799999999999998,High,Stable,9.2835,38.364,0.0,0.0,0.0,-15.0,6.8,60,8.8,60,12.9,60,Low,Low,Low
Lead Generation,Pune,5,89740.6,True,11.1,-1.0799999999999998,High,Stable,8.681999999999999,40.851,0.0,0.0,0.0,-15.0,10.3,60,12.2,60,16.0,60,Low,Low,Low
Lead Generation,Raigad,5,76858.8,True,11.4,-1.0799999999999998,High,Stable,9.9115,39.47,0.0,0.0,0.0,-15.0,10.4,60,12.7,60,17.1,60,Low,Low,Low
Lead Generation,Sangli,2,256575.5,True,3.1,-1.0799999999999998,High,Stable,9.5185,37.182,0.0,0.0,0.0,-15.0,1.4,54,3.5,54,7.7,54,Low,Low,Low
Lead Generation,Satara,4,84878.0,True,7.5,-1.0799999999999998,High,Stable,9.8795,40.648,0.0,0.0,0.0,-15.0,6.9,58,9.1,58,13.5,58,Low,Low,Low
Lead Generation,Solapur,8,81853.25,True,16.7,-1.0799999999999998,High,Stable,9.0745,41.6085,0.0,0.0,0.0,-15.0,16.2,66,18.2,66,22.2,66,Low,Low,Low
Lead Generation,Yavatmal,6,151750.83333333334,True,11.9,-1.0799999999999998,High,Stable,9.310500000000001,37.6325,0.0,0.0,0.0,-15.0,10.2,62,12.3,62,16.4,62,Low,Low,Low
Lesson Planning,Ahmednagar,6,98602.5,False,11.6,0.0,,,8.46,36.595,0.0,0.0,0.0,0.0,24.7,54,26.8,54,31.0,54,Low,Low,Low
Lesson Planning,Akola,4,87142.25,False,6.4,0.0,,,9.0,33.019,0.0,0.0,0.0,0.0,18.6,50,20.8,50,25.3,50,Low,Low,Low
Lesson Planning,Amravati,4,97171.0,False,9.7,0.0,,,8.8925,37.6035,0.0,0.0,0.0,0.0,23.2,50,25.4,50,29.9,50,Low,Low,Low
Lesson Planning,Aurangabad,8,246950.25,False,17.9,0.0,,,7.6,38.486000000000004,0.0,0.0,0.0,0.0,31.3,58,33.2,58,37.0,58,Low,Low,Medium
Lesson Planning,Beed,6,134928.33333333334,False,14.3,0.0,,,9.5965,42.417,0.0,0.0,0.0,0.0,29.4,54,31.8,54,36.6,54,Low,Low,Medium
Lesson Planning,Bhiwandi,4,142050.5,False,8.3,0.0,,,8.895,40.1755,0.0,0.0,0.0,0.0,22.6,50,24.8,50,29.2,50,Low,Low,Low
Lesson Planning,Chandrapur,3,94185.33333333333,False,4.8,0.0,,,8.7865,35.588,0.0,0.0,0.0,0.0,17.7,48,19.9,48,24.3,48,Low,Low,Low
Lesson Planning,Dhule,2,111544.0,False,3.0,0.0,,,10.1625,39.802,0.0,0.0,0.0,0.0,17.5,46,20.0,46,25.1,46,Low,Low,Low
Lesson Planning,Jalgaon,8,124790.75,False,18.4,0.0,,,8.879999999999999,37.665,0.0,0.0,0.0,0.0,31.9,58,34.1,58,38.6,58,Low,Low,Medium
Lesson Planning,Jalna,7,171044.14285714287,False,13.0,0.0,,,8.616499999999998,33.054500000000004,0.0,0.0,0.0,0.0,25.1,56,27.2,56,31.5,56,Low,Low,Low
Lesson Planning,Kolhapur,4,192746.5,False,7.5,0.0,,,9.7,40.227999999999994,0.0,0.0,0.0,0.0,22.0,50,24.4,50,29.3,50,Low,Low,Low
Lesson Planning,Latur,8,147285.25,False,17.9,0.0,,,9.7515,39.448,0.0,0.0,0.0,0.0,32.2,58,34.6,58,39.5,58,Low,Low,Medium
Lesson Planning,Mumbai,2,211071.5,False,0.0,0.0,,,9.267,35.709500000000006,0.0,0.0,0.0,0.0,13.0,46,15.3,46,20.0,46,Low,Low,Low
Lesson Planning,Nagpur,7,205209.7142857143,False,13.0,0.0,,,9.1105,38.835,0.0,0.0,0.0,0.0,26.9,56,29.2,56,33.8,56,Low,Low,Low
Lesson Planning,Nanded,7,201474.7142857143,False,13.3,0.0,,,8.637,35.605000000000004,0.0,0.0,0.0,0.0,26.1,56,28.3,56,32.6,56,Low,Low,Low
Lesson Planning,Nashik,7,106380.71428571429,False,15.8,0.0,,,8.586,37.875,0.0,0.0,0.0,0.0,29.3,56,31.5,56,35.7,56,Low,Low,Medium
Lesson Planning,Osmanabad,1,40848.0,False,0.0,0.0,,,8.059999999999999,37.4765,0.0,0.0,0.0,0.0,13.3,44,15.3,44,19.3,44,Low,Low,Low
Lesson Planning,Parbhani,4,46401.5,False,6.1,0.0,,,9.2835,38.364,0.0,0.0,0.0,0.0,19.9,50,22.3,50,26.9,50,Low,Low,Low
Lesson Planning,Pune,2,160277.0,False,2.8,0.0,,,8.681999999999999,40.851,0.0,0.0,0.0,0.0,17.2,46,19.4,46,23.7,46,Low,Low,Low
Lesson Planning,Raigad,5,132700.4,False,11.4,0.0,,,9.9115,39.47,0.0,0.0,0.0,0.0,25.7,52,28.2,52,33.2,52,Low,Low,Low
Lesson Planning,Sangli,9,134564.11111111112,False,25.0,0.0,,,9.5185,37.182,0.0,0.0,0.0,0.0,38.5,60,40.9,60,45.7,60,Medium,Medium,Medium
Lesson Planning,Satara,7,156684.2857142857,False,15.0,0.0,,,9.8795,40.648,0.0,0.0,0.0,0.0,29.7,56,32.1,56,37.1,56,Low,Low,Medium
Lesson Planning,Solapur,5,168396.6,False,9.5,0.0,,,9.0745,41.6085,0.0,0.0,0.0,0.0,24.3,52,26.5,52,31.1,52,Low,Low,Low
Lesson Planning,Yavatmal,7,89867.57142857143,False,14.3,0.0,,,9.310500000000001,37.6325,0.0,0.0,0.0,0.0,27.9,56,30.2,56,34.9,56,Low,Low,Low
Linux,Ahmednagar,5,151668.8,True,9.3,30.282500000000002,Medium,Rapidly Growing,8.46,36.595,0.0,0.0,0.0,-5.0,25.0,60,34.6,60,54.0,60,Low,Low,Medium
Linux,Akola,6,125837.83333333333,True,10.6,30.282500000000002,Medium,Rapidly Growing,9.0,33.019,0.0,0.0,0.0,-5.0,25.3,62,35.1,62,54.8,62,Low,Medium,Medium
Linux,Amravati,11,125351.45454545454,True,32.3,30.282500000000002,Medium,Rapidly Growing,8.8925,37.6035,0.0,0.0,0.0,-5.0,48.4,72,58.2,72,77.8,72,Medium,Medium,High
Linux,Aurangabad,8,183757.0,True,17.9,30.282500000000002,Medium,Rapidly Growing,7.6,38.486000000000004,0.0,0.0,0.0,-5.0,33.9,66,43.4,66,62.3,66,Low,Medium,Medium
Linux,Beed,9,130353.22222222222,True,22.9,30.282500000000002,Medium,Rapidly Growing,9.5965,42.417,0.0,0.0,0.0,-5.0,40.6,68,50.6,68,70.5,68,Medium,Medium,High
Linux,Bhiwandi,6,264223.5,True,13.9,30.282500000000002,Medium,Rapidly Growing,8.895,40.1755,0.0,0.0,0.0,-5.0,30.7,62,40.5,62,60.1,62,Low,Medium,Medium
Linux,Chandrapur,4,135500.75,True,7.1,30.282500000000002,Medium,Rapidly Growing,8.7865,35.588,0.0,0.0,0.0,-5.0,22.5,58,32.3,58,51.8,58,Low,Low,Medium
Linux,Dhule,6,147324.83333333334,True,15.2,30.282500000000002,Medium,Rapidly Growing,10.1625,39.802,0.0,0.0,0.0,-5.0,32.3,62,42.4,62,62.6,62,Low,Medium,Medium
Linux,Jalgaon,9,59797.0,True,21.1,30.282500000000002,Medium,Rapidly Growing,8.879999999999999,37.665,0.0,0.0,0.0,-5.0,37.2,68,47.0,68,66.6,68,Medium,Medium,High
Linux,Jalna,11,122292.72727272728,True,21.7,30.282500000000002,Medium,Rapidly Growing,8.616499999999998,33.054500000000004,0.0,0.0,0.0,-5.0,36.3,72,46.1,72,65.5,72,Medium,Medium,High
Linux,Kolhapur,11,108950.36363636363,True,25.0,30.282500000000002,Medium,Rapidly Growing,9.7,40.227999999999994,0.0,0.0,0.0,-5.0,42.1,72,52.1,72,72.1,72,Medium,Medium,High
Linux,Latur,3,293428.3333333333,True,5.1,30.282500000000002,Medium,Rapidly Growing,9.7515,39.448,0.0,0.0,0.0,-5.0,21.9,56,32.0,56,52.0,56,Low,Low,Medium
Linux,Mumbai,8,114994.25,True,22.2,30.282500000000002,Medium,Rapidly Growing,9.267,35.709500000000006,0.0,0.0,0.0,-5.0,37.8,66,47.7,66,67.5,66,Medium,Medium,High
Linux,Nagpur,8,201918.0,True,15.2,30.282500000000002,Medium,Rapidly Growing,9.1105,38.835,0.0,0.0,0.0,-5.0,31.7,66,41.5,66,61.2,66,Low,Medium,Medium
Linux,Nanded,4,381940.5,True,6.7,30.282500000000002,Medium,Rapidly Growing,8.637,35.605000000000004,0.0,0.0,0.0,-5.0,22.1,58,31.8,58,51.3,58,Low,Low,Medium
Linux,Nashik,12,97613.75,True,28.9,30.282500000000002,Medium,Rapidly Growing,8.586,37.875,0.0,0.0,0.0,-5.0,45.0,74,54.7,74,74.1,74,Medium,Medium,High
Linux,Osmanabad,5,126044.6,True,9.5,30.282500000000002,Medium,Rapidly Growing,8.059999999999999,37.4765,0.0,0.0,0.0,-5.0,25.3,60,34.9,60,54.1,60,Low,Low,Medium
Linux,Parbhani,14,165124.2857142857,True,26.5,30.282500000000002,Medium,Rapidly Growing,9.2835,38.364,0.0,0.0,0.0,-5.0,42.9,78,52.8,78,72.6,78,Medium,Medium,High
Linux,Pune,5,48610.2,True,11.1,30.282500000000002,Medium,Rapidly Growing,8.681999999999999,40.851,0.0,0.0,0.0,-5.0,28.1,60,37.8,60,57.3,60,Low,Medium,Medium
Linux,Raigad,12,93443.33333333333,True,31.4,30.282500000000002,Medium,Rapidly Growing,9.9115,39.47,0.0,0.0,0.0,-5.0,48.3,74,58.3,74,78.4,74,Medium,Medium,High
Linux,Sangli,6,175415.83333333334,True,15.6,30.282500000000002,Medium,Rapidly Growing,9.5185,37.182,0.0,0.0,0.0,-5.0,31.7,62,41.7,62,61.6,62,Low,Medium,Medium
Linux,Satara,4,116748.25,True,7.5,30.282500000000002,Medium,Rapidly Growing,9.8795,40.648,0.0,0.0,0.0,-5.0,24.7,58,34.8,58,54.9,58,Low,Low,Medium
Linux,Solapur,11,111132.0,True,23.8,30.282500000000002,Medium,Rapidly Growing,9.0745,41.6085,0.0,0.0,0.0,-5.0,41.1,72,51.0,72,70.6,72,Medium,Medium,High
Linux,Yavatmal,6,50253.0,True,11.9,30.282500000000002,Medium,Rapidly Growing,9.310500000000001,37.6325,0.0,0.0,0.0,-5.0,28.1,62,38.0,62,57.8,62,Low,Medium,Medium
Logistics,Ahmednagar,14,166829.7857142857,False,30.2,0.0,,,8.46,36.595,0.0,0.0,0.0,0.0,43.3,70,45.4,70,49.6,70,Medium,Medium,Medium
Logistics,Akola,7,164561.7142857143,False,12.8,0.0,,,9.0,33.019,0.0,0.0,0.0,0.0,25.0,56,27.2,56,31.7,56,Low,Low,Low
Logistics,Amravati,13,172995.15384615384,False,38.7,0.0,,,8.8925,37.6035,0.0,0.0,0.0,0.0,52.2,68,54.4,68,58.9,68,Medium,Medium,Medium
Logistics,Aurangabad,10,55799.7,False,23.1,0.0,,,7.6,38.486000000000004,0.0,0.0,0.0,0.0,36.5,62,38.4,62,42.2,62,Medium,Medium,Medium
Logistics,Beed,9,116588.88888888889,False,22.9,0.0,,,9.5965,42.417,0.0,0.0,0.0,0.0,38.0,60,40.4,60,45.2,60,Medium,Medium,Medium
Logistics,Bhiwandi,15,85542.46666666666,False,38.9,0.0,,,8.895,40.1755,0.0,0.0,0.0,0.0,53.2,72,55.4,72,59.8,72,Medium,Medium,Medium
Logistics,Chandrapur,3,126070.0,False,4.8,0.0,,,8.7865,35.588,0.0,0.0,0.0,0.0,17.7,48,19.9,48,24.3,48,Low,Low,Low
Logistics,Dhule,12,102827.16666666667,False,33.3,0.0,,,10.1625,39.802,0.0,0.0,0.0,0.0,47.8,66,50.3,66,55.4,66,Medium,Medium,Medium
Logistics,Jalgaon,11,136972.0,False,26.3,0.0,,,8.879999999999999,37.665,0.0,0.0,0.0,0.0,39.8,64,42.0,64,46.5,64,Medium,Medium,Medium
Logistics,Jalna,10,62247.7,False,19.6,0.0,,,8.616499999999998,33.054500000000004,0.0,0.0,0.0,0.0,31.7,62,33.8,62,38.1,62,Low,Low,Medium
Logistics,Kolhapur,12,161100.25,False,27.5,0.0,,,9.7,40.227999999999994,0.0,0.0,0.0,0.0,42.0,66,44.4,66,49.3,66,Medium,Medium,Medium
Logistics,Latur,15,135607.13333333333,False,35.9,0.0,,,9.7515,39.448,0.0,0.0,0.0,0.0,50.2,72,52.6,72,57.5,72,Medium,Medium,Medium
Logistics,Mumbai,11,187825.81818181818,False,33.3,0.0,,,9.267,35.709500000000006,0.0,0.0,0.0,0.0,46.3,64,48.6,64,53.3,64,Medium,Medium,Medium
Logistics,Nagpur,8,223196.125,False,15.2,0.0,,,9.1105,38.835,0.0,0.0,0.0,0.0,29.1,58,31.4,58,36.0,58,Low,Low,Medium
Logistics,Nanded,9,143770.77777777778,False,17.8,0.0,,,8.637,35.605000000000004,0.0,0.0,0.0,0.0,30.6,60,32.8,60,37.1,60,Low,Low,Medium
Logistics,Nashik,10,107384.5,False,23.7,0.0,,,8.586,37.875,0.0,0.0,0.0,0.0,37.2,62,39.4,62,43.6,62,Medium,Medium,Medium
Logistics,Osmanabad,14,207747.42857142858,False,31.0,0.0,,,8.059999999999999,37.4765,0.0,0.0,0.0,0.0,44.3,70,46.3,70,50.3,70,Medium,Medium,Medium
Logistics,Parbhani,9,233671.22222222222,False,16.3,0.0,,,9.2835,38.364,0.0,0.0,0.0,0.0,30.1,60,32.5,60,37.1,60,Low,Low,Medium
Logistics,Pune,13,107816.23076923077,False,33.3,0.0,,,8.681999999999999,40.851,0.0,0.0,0.0,0.0,47.7,68,49.9,68,54.2,68,Medium,Medium,Medium
Logistics,Raigad,8,163205.5,False,20.0,0.0,,,9.9115,39.47,0.0,0.0,0.0,0.0,34.3,58,36.8,58,41.8,58,Low,Medium,Medium
Logistics,Sangli,14,148634.35714285713,False,40.6,0.0,,,9.5185,37.182,0.0,0.0,0.0,0.0,54.1,70,56.5,70,61.3,70,Medium,Medium,Medium
Logistics,Satara,10,172021.8,False,22.5,0.0,,,9.8795,40.648,0.0,0.0,0.0,0.0,37.2,62,39.6,62,44.6,62,Medium,Medium,Medium
Logistics,Solapur,14,138885.7142857143,False,31.0,0.0,,,9.0745,41.6085,0.0,0.0,0.0,0.0,45.8,70,48.0,70,52.6,70,Medium,Medium,Medium
Logistics,Yavatmal,8,286880.375,False,16.7,0.0,,,9.310500000000001,37.6325,0.0,0.0,0.0,0.0,30.3,58,32.6,58,37.3,58,Low,Low,Medium
MIG Welding,Ahmednagar,6,90965.83333333333,False,11.6,0.0,,,8.46,36.595,0.0,0.0,0.0,0.0,24.7,54,26.8,54,31.0,54,Low,Low,Low
MIG Welding,Akola,2,192677.5,False,2.1,0.0,,,9.0,33.019,0.0,0.0,0.0,0.0,14.3,46,16.5,46,21.0,46,Low,Low,Low
MIG Welding,Amravati,7,109943.14285714286,False,19.4,0.0,,,8.8925,37.6035,0.0,0.0,0.0,0.0,32.9,56,35.1,56,39.6,56,Low,Medium,Medium
MIG Welding,Aurangabad,8,159968.0,False,17.9,0.0,,,7.6,38.486000000000004,0.0,0.0,0.0,0.0,31.3,58,33.2,58,37.0,58,Low,Low,Medium
MIG Welding,Beed,3,40300.0,False,5.7,0.0,,,9.5965,42.417,0.0,0.0,0.0,0.0,20.8,48,23.2,48,28.0,48,Low,Low,Low
MIG Welding,Bhiwandi,7,143973.85714285713,False,16.7,0.0,,,8.895,40.1755,0.0,0.0,0.0,0.0,31.0,56,33.2,56,37.6,56,Low,Low,Medium
MIG Welding,Chandrapur,5,105351.2,False,9.5,0.0,,,8.7865,35.588,0.0,0.0,0.0,0.0,22.4,52,24.6,52,29.0,52,Low,Low,Low
MIG Welding,Dhule,7,105328.0,False,18.2,0.0,,,10.1625,39.802,0.0,0.0,0.0,0.0,32.7,56,35.2,56,40.3,56,Low,Medium,Medium
MIG Welding,Jalgaon,6,236133.33333333334,False,13.2,0.0,,,8.879999999999999,37.665,0.0,0.0,0.0,0.0,26.7,54,28.9,54,33.4,54,Low,Low,Low
MIG Welding,Jalna,6,108424.33333333333,False,10.9,0.0,,,8.616499999999998,33.054500000000004,0.0,0.0,0.0,0.0,23.0,54,25.1,54,29.4,54,Low,Low,Low
MIG Welding,Kolhapur,6,234247.5,False,12.5,0.0,,,9.7,40.227999999999994,0.0,0.0,0.0,0.0,27.0,54,29.4,54,34.3,54,Low,Low,Low
MIG Welding,Latur,8,148808.125,False,17.9,0.0,,,9.7515,39.448,0.0,0.0,0.0,0.0,32.2,58,34.6,58,39.5,58,Low,Low,Medium
MIG Welding,Mumbai,2,31427.5,False,0.0,0.0,,,9.267,35.709500000000006,0.0,0.0,0.0,0.0,13.0,46,15.3,46,20.0,46,Low,Low,Low
MIG Welding,Nagpur,9,296895.8888888889,False,17.4,0.0,,,9.1105,38.835,0.0,0.0,0.0,0.0,31.3,60,33.6,60,38.2,60,Low,Low,Medium
MIG Welding,Nanded,4,44476.0,False,6.7,0.0,,,8.637,35.605000000000004,0.0,0.0,0.0,0.0,19.5,50,21.7,50,26.0,50,Low,Low,Low
MIG Welding,Nashik,10,191393.5,False,23.7,0.0,,,8.586,37.875,0.0,0.0,0.0,0.0,37.2,62,39.4,62,43.6,62,Medium,Medium,Medium
MIG Welding,Osmanabad,6,67579.16666666667,False,11.9,0.0,,,8.059999999999999,37.4765,0.0,0.0,0.0,0.0,25.2,54,27.2,54,31.2,54,Low,Low,Low
MIG Welding,Parbhani,6,217265.16666666666,False,10.2,0.0,,,9.2835,38.364,0.0,0.0,0.0,0.0,24.0,54,26.4,54,31.0,54,Low,Low,Low
MIG Welding,Pune,9,203232.77777777778,False,22.2,0.0,,,8.681999999999999,40.851,0.0,0.0,0.0,0.0,36.6,60,38.8,60,43.1,60,Medium,Medium,Medium
MIG Welding,Raigad,6,141379.83333333334,False,14.3,0.0,,,9.9115,39.47,0.0,0.0,0.0,0.0,28.6,54,31.1,54,36.1,54,Low,Low,Medium
MIG Welding,Sangli,2,41478.5,False,3.1,0.0,,,9.5185,37.182,0.0,0.0,0.0,0.0,16.6,46,19.0,46,23.8,46,Low,Low,Low
MIG Welding,Satara,5,357524.0,False,10.0,0.0,,,9.8795,40.648,0.0,0.0,0.0,0.0,24.7,52,27.1,52,32.1,52,Low,Low,Low
MIG Welding,Solapur,8,103223.375,False,16.7,0.0,,,9.0745,41.6085,0.0,0.0,0.0,0.0,31.5,58,33.7,58,38.3,58,Low,Low,Medium
MIG Welding,Yavatmal,3,119991.33333333333,False,4.8,0.0,,,9.310500000000001,37.6325,0.0,0.0,0.0,0.0,18.4,48,20.7,48,25.4,48,Low,Low,Low
MS Office,Ahmednagar,4,115535.0,False,7.0,0.0,,,8.46,36.595,0.0,0.0,0.0,0.0,20.1,50,22.2,50,26.4,50,Low,Low,Low
MS Office,Akola,7,118410.71428571429,False,12.8,0.0,,,9.0,33.019,0.0,0.0,0.0,0.0,25.0,56,27.2,56,31.7,56,Low,Low,Low
MS Office,Amravati,3,183857.0,False,6.5,0.0,,,8.8925,37.6035,0.0,0.0,0.0,0.0,20.0,48,22.2,48,26.7,48,Low,Low,Low
MS Office,Aurangabad,3,63538.666666666664,False,5.1,0.0,,,7.6,38.486000000000004,0.0,0.0,0.0,0.0,18.5,48,20.4,48,24.2,48,Low,Low,Low
MS Office,Beed,4,240514.75,False,8.6,0.0,,,9.5965,42.417,0.0,0.0,0.0,0.0,23.7,50,26.1,50,30.9,50,Low,Low,Low
MS Office,Bhiwandi,4,103521.25,False,8.3,0.0,,,8.895,40.1755,0.0,0.0,0.0,0.0,22.6,50,24.8,50,29.2,50,Low,Low,Low
MS Office,Chandrapur,11,155950.0909090909,False,23.8,0.0,,,8.7865,35.588,0.0,0.0,0.0,0.0,36.7,64,38.9,64,43.3,64,Medium,Medium,Medium
MS Office,Dhule,6,34542.5,False,15.2,0.0,,,10.1625,39.802,0.0,0.0,0.0,0.0,29.7,54,32.2,54,37.3,54,Low,Low,Medium
MS Office,Jalgaon,4,107635.5,False,7.9,0.0,,,8.879999999999999,37.665,0.0,0.0,0.0,0.0,21.4,50,23.6,50,28.1,50,Low,Low,Low
MS Office,Jalna,9,125112.55555555556,False,17.4,0.0,,,8.616499999999998,33.054500000000004,0.0,0.0,0.0,0.0,29.5,60,31.6,60,35.9,60,Low,Low,Medium
MS Office,Kolhapur,2,30668.0,False,2.5,0.0,,,9.7,40.227999999999994,0.0,0.0,0.0,0.0,17.0,46,19.4,46,24.3,46,Low,Low,Low
MS Office,Latur,7,159096.0,False,15.4,0.0,,,9.7515,39.448,0.0,0.0,0.0,0.0,29.7,56,32.1,56,37.0,56,Low,Low,Medium
MS Office,Mumbai,4,80715.0,False,7.4,0.0,,,9.267,35.709500000000006,0.0,0.0,0.0,0.0,20.4,50,22.7,50,27.4,50,Low,Low,Low
MS Office,Nagpur,6,106985.66666666667,False,10.9,0.0,,,9.1105,38.835,0.0,0.0,0.0,0.0,24.8,54,27.1,54,31.7,54,Low,Low,Low
MS Office,Nanded,4,196606.75,False,6.7,0.0,,,8.637,35.605000000000004,0.0,0.0,0.0,0.0,19.5,50,21.7,50,26.0,50,Low,Low,Low
MS Office,Nashik,1,33582.0,False,0.0,0.0,,,8.586,37.875,0.0,0.0,0.0,0.0,13.5,44,15.7,44,19.9,44,Low,Low,Low
MS Office,Osmanabad,8,165693.75,False,16.7,0.0,,,8.059999999999999,37.4765,0.0,0.0,0.0,0.0,30.0,58,32.0,58,36.0,58,Low,Low,Medium
MS Office,Parbhani,6,136082.16666666666,False,10.2,0.0,,,9.2835,38.364,0.0,0.0,0.0,0.0,24.0,54,26.4,54,31.0,54,Low,Low,Low
MS Office,Pune,5,57995.0,False,11.1,0.0,,,8.681999999999999,40.851,0.0,0.0,0.0,0.0,25.5,52,27.7,52,32.0,52,Low,Low,Low
MS Office,Raigad,4,126112.25,False,8.6,0.0,,,9.9115,39.47,0.0,0.0,0.0,0.0,22.9,50,25.4,50,30.4,50,Low,Low,Low
MS Office,Sangli,4,45240.0,False,9.4,0.0,,,9.5185,37.182,0.0,0.0,0.0,0.0,22.9,50,25.3,50,30.1,50,Low,Low,Low
MS Office,Satara,4,136459.25,False,7.5,0.0,,,9.8795,40.648,0.0,0.0,0.0,0.0,22.2,50,24.6,50,29.6,50,Low,Low,Low
MS Office,Solapur,5,176956.2,False,9.5,0.0,,,9.0745,41.6085,0.0,0.0,0.0,0.0,24.3,52,26.5,52,31.1,52,Low,Low,Low
MS Office,Yavatmal,4,113097.25,False,7.1,0.0,,,9.310500000000001,37.6325,0.0,0.0,0.0,0.0,20.7,50,23.0,50,27.7,50,Low,Low,Low
Machine Maintenance,Ahmednagar,6,79857.66666666667,False,11.6,0.0,,,8.46,36.595,0.0,0.0,0.0,0.0,24.7,54,26.8,54,31.0,54,Low,Low,Low
Machine Maintenance,Akola,4,193554.75,False,6.4,0.0,,,9.0,33.019,0.0,0.0,0.0,0.0,18.6,50,20.8,50,25.3,50,Low,Low,Low
Machine Maintenance,Amravati,10,119722.1,False,29.0,0.0,,,8.8925,37.6035,0.0,0.0,0.0,0.0,42.5,62,44.7,62,49.2,62,Medium,Medium,Medium
Machine Maintenance,Aurangabad,4,46499.0,False,7.7,0.0,,,7.6,38.486000000000004,0.0,0.0,0.0,0.0,21.1,50,23.0,50,26.8,50,Low,Low,Low
Machine Maintenance,Beed,11,142339.63636363635,False,28.6,0.0,,,9.5965,42.417,0.0,0.0,0.0,0.0,43.7,64,46.1,64,50.9,64,Medium,Medium,Medium
Machine Maintenance,Bhiwandi,3,169436.0,False,5.6,0.0,,,8.895,40.1755,0.0,0.0,0.0,0.0,19.9,48,22.1,48,26.5,48,Low,Low,Low
Machine Maintenance,Chandrapur,7,136928.85714285713,False,14.3,0.0,,,8.7865,35.588,0.0,0.0,0.0,0.0,27.2,56,29.4,56,33.8,56,Low,Low,Low
Machine Maintenance,Dhule,4,121040.5,False,9.1,0.0,,,10.1625,39.802,0.0,0.0,0.0,0.0,23.6,50,26.1,50,31.2,50,Low,Low,Low
Machine Maintenance,Jalgaon,3,38534.0,False,5.3,0.0,,,8.879999999999999,37.665,0.0,0.0,0.0,0.0,18.8,48,21.0,48,25.5,48,Low,Low,Low
Machine Maintenance,Jalna,2,44234.0,False,2.2,0.0,,,8.616499999999998,33.054500000000004,0.0,0.0,0.0,0.0,14.3,46,16.4,46,20.7,46,Low,Low,Low
Machine Maintenance,Kolhapur,6,185562.66666666666,False,12.5,0.0,,,9.7,40.227999999999994,0.0,0.0,0.0,0.0,27.0,54,29.4,54,34.3,54,Low,Low,Low
Machine Maintenance,Latur,7,146520.7142857143,False,15.4,0.0,,,9.7515,39.448,0.0,0.0,0.0,0.0,29.7,56,32.1,56,37.0,56,Low,Low,Medium
Machine Maintenance,Mumbai,3,183137.0,False,3.7,0.0,,,9.267,35.709500000000006,0.0,0.0,0.0,0.0,16.7,48,19.0,48,23.7,48,Low,Low,Low
Machine Maintenance,Nagpur,8,71096.25,False,15.2,0.0,,,9.1105,38.835,0.0,0.0,0.0,0.0,29.1,58,31.4,58,36.0,58,Low,Low,Medium
Machine Maintenance,Nanded,1,26700.0,False,0.0,0.0,,,8.637,35.605000000000004,0.0,0.0,0.0,0.0,12.8,44,15.0,44,19.3,44,Low,Low,Low
Machine Maintenance,Nashik,5,133318.0,False,10.5,0.0,,,8.586,37.875,0.0,0.0,0.0,0.0,24.0,52,26.2,52,30.4,52,Low,Low,Low
Machine Maintenance,Osmanabad,4,81093.5,False,7.1,0.0,,,8.059999999999999,37.4765,0.0,0.0,0.0,0.0,20.4,50,22.4,50,26.4,50,Low,Low,Low
Machine Maintenance,Parbhani,7,87106.57142857143,False,12.2,0.0,,,9.2835,38.364,0.0,0.0,0.0,0.0,26.0,56,28.4,56,33.0,56,Low,Low,Low
Machine Maintenance,Pune,4,140863.5,False,8.3,0.0,,,8.681999999999999,40.851,0.0,0.0,0.0,0.0,22.7,50,24.9,50,29.2,50,Low,Low,Low
Machine Maintenance,Raigad,6,80624.0,False,14.3,0.0,,,9.9115,39.47,0.0,0.0,0.0,0.0,28.6,54,31.1,54,36.1,54,Low,Low,Medium
Machine Maintenance,Sangli,3,167923.0,False,6.2,0.0,,,9.5185,37.182,0.0,0.0,0.0,0.0,19.7,48,22.1,48,26.9,48,Low,Low,Low
Machine Maintenance,Satara,6,110033.66666666667,False,12.5,0.0,,,9.8795,40.648,0.0,0.0,0.0,0.0,27.2,54,29.6,54,34.6,54,Low,Low,Low
Machine Maintenance,Solapur,7,216705.2857142857,False,14.3,0.0,,,9.0745,41.6085,0.0,0.0,0.0,0.0,29.1,56,31.3,56,35.9,56,Low,Low,Medium
Machine Maintenance,Yavatmal,8,126484.25,False,16.7,0.0,,,9.310500000000001,37.6325,0.0,0.0,0.0,0.0,30.3,58,32.6,58,37.3,58,Low,Low,Medium
Maintenance,Ahmednagar,5,219712.2,False,9.3,0.0,,,8.46,36.595,0.0,0.0,0.0,0.0,22.4,52,24.5,52,28.7,52,Low,Low,Low
Maintenance,Akola,5,54597.0,False,8.5,0.0,,,9.0,33.019,0.0,0.0,0.0,0.0,20.7,52,22.9,52,27.4,52,Low,Low,Low
Maintenance,Amravati,2,159593.5,False,3.2,0.0,,,8.8925,37.6035,0.0,0.0,0.0,0.0,16.7,46,18.9,46,23.4,46,Low,Low,Low
Maintenance,Aurangabad,11,170288.9090909091,False,25.6,0.0,,,7.6,38.486000000000004,0.0,0.0,0.0,0.0,39.0,64,40.9,64,44.7,64,Medium,Medium,Medium
Maintenance,Beed,6,85276.16666666667,False,14.3,0.0,,,9.5965,42.417,0.0,0.0,0.0,0.0,29.4,54,31.8,54,36.6,54,Low,Low,Medium
Maintenance,Bhiwandi,6,110917.0,False,13.9,0.0,,,8.895,40.1755,0.0,0.0,0.0,0.0,28.2,54,30.4,54,34.8,54,Low,Low,Low
Maintenance,Chandrapur,3,163103.0,False,4.8,0.0,,,8.7865,35.588,0.0,0.0,0.0,0.0,17.7,48,19.9,48,24.3,48,Low,Low,Low
Maintenance,Dhule,6,226271.5,False,15.2,0.0,,,10.1625,39.802,0.0,0.0,0.0,0.0,29.7,54,32.2,54,37.3,54,Low,Low,Medium
Maintenance,Jalgaon,2,240003.0,False,2.6,0.0,,,8.879999999999999,37.665,0.0,0.0,0.0,0.0,16.1,46,18.3,46,22.8,46,Low,Low,Low
Maintenance,Jalna,4,252765.25,False,6.5,0.0,,,8.616499999999998,33.054500000000004,0.0,0.0,0.0,0.0,18.6,50,20.7,50,25.0,50,Low,Low,Low
Maintenance,Kolhapur,8,161649.625,False,17.5,0.0,,,9.7,40.227999999999994,0.0,0.0,0.0,0.0,32.0,58,34.4,58,39.3,58,Low,Low,Medium
Maintenance,Latur,4,61841.75,False,7.7,0.0,,,9.7515,39.448,0.0,0.0,0.0,0.0,22.0,50,24.4,50,29.3,50,Low,Low,Low
Maintenance,Mumbai,5,194122.6,False,11.1,0.0,,,9.267,35.709500000000006,0.0,0.0,0.0,0.0,24.1,52,26.4,52,31.1,52,Low,Low,Low
Maintenance,Nagpur,7,87337.0,False,13.0,0.0,,,9.1105,38.835,0.0,0.0,0.0,0.0,26.9,56,29.2,56,33.8,56,Low,Low,Low
Maintenance,Nanded,7,153572.2857142857,False,13.3,0.0,,,8.637,35.605000000000004,0.0,0.0,0.0,0.0,26.1,56,28.3,56,32.6,56,Low,Low,Low
Maintenance,Nashik,6,86702.83333333333,False,13.2,0.0,,,8.586,37.875,0.0,0.0,0.0,0.0,26.7,54,28.9,54,33.1,54,Low,Low,Low
Maintenance,Osmanabad,5,181926.2,False,9.5,0.0,,,8.059999999999999,37.4765,0.0,0.0,0.0,0.0,22.8,52,24.8,52,28.8,52,Low,Low,Low
Maintenance,Parbhani,4,32903.0,False,6.1,0.0,,,9.2835,38.364,0.0,0.0,0.0,0.0,19.9,50,22.3,50,26.9,50,Low,Low,Low
Maintenance,Pune,8,136065.5,False,19.4,0.0,,,8.681999999999999,40.851,0.0,0.0,0.0,0.0,33.8,58,36.0,58,40.3,58,Low,Medium,Medium
Maintenance,Raigad,3,206327.33333333334,False,5.7,0.0,,,9.9115,39.47,0.0,0.0,0.0,0.0,20.0,48,22.5,48,27.5,48,Low,Low,Low
Maintenance,Sangli,8,129076.625,False,21.9,0.0,,,9.5185,37.182,0.0,0.0,0.0,0.0,35.4,58,37.8,58,42.6,58,Medium,Medium,Medium
Maintenance,Satara,2,139405.5,False,2.5,0.0,,,9.8795,40.648,0.0,0.0,0.0,0.0,17.2,46,19.6,46,24.6,46,Low,Low,Low
Maintenance,Solapur,5,221509.0,False,9.5,0.0,,,9.0745,41.6085,0.0,0.0,0.0,0.0,24.3,52,26.5,52,31.1,52,Low,Low,Low
Maintenance,Yavatmal,7,121874.28571428571,False,14.3,0.0,,,9.310500000000001,37.6325,0.0,0.0,0.0,0.0,27.9,56,30.2,56,34.9,56,Low,Low,Low
Manual Testing,Ahmednagar,4,164754.0,False,7.0,0.0,,,8.46,36.595,0.0,0.0,0.0,0.0,20.1,50,22.2,50,26.4,50,Low,Low,Low
Manual Testing,Akola,6,178670.0,False,10.6,0.0,,,9.0,33.019,0.0,0.0,0.0,0.0,22.8,54,25.0,54,29.5,54,Low,Low,Low
Manual Testing,Amravati,1,23057.0,False,0.0,0.0,,,8.8925,37.6035,0.0,0.0,0.0,0.0,13.5,44,15.7,44,20.2,44,Low,Low,Low
Manual Testing,Aurangabad,8,95079.375,False,17.9,0.0,,,7.6,38.486000000000004,0.0,0.0,0.0,0.0,31.3,58,33.2,58,37.0,58,Low,Low,Medium
Manual Testing,Beed,3,235767.33333333334,False,5.7,0.0,,,9.5965,42.417,0.0,0.0,0.0,0.0,20.8,48,23.2,48,28.0,48,Low,Low,Low
Manual Testing,Bhiwandi,2,234918.5,False,2.8,0.0,,,8.895,40.1755,0.0,0.0,0.0,0.0,17.1,46,19.3,46,23.7,46,Low,Low,Low
Manual Testing,Chandrapur,4,93344.75,False,7.1,0.0,,,8.7865,35.588,0.0,0.0,0.0,0.0,20.0,50,22.2,50,26.6,50,Low,Low,Low
Manual Testing,Dhule,6,194218.33333333334,False,15.2,0.0,,,10.1625,39.802,0.0,0.0,0.0,0.0,29.7,54,32.2,54,37.3,54,Low,Low,Medium
Manual Testing,Jalgaon,9,113265.33333333333,False,21.1,0.0,,,8.879999999999999,37.665,0.0,0.0,0.0,0.0,34.6,60,36.8,60,41.3,60,Low,Medium,Medium
Manual Testing,Jalna,6,125061.16666666667,False,10.9,0.0,,,8.616499999999998,33.054500000000004,0.0,0.0,0.0,0.0,23.0,54,25.1,54,29.4,54,Low,Low,Low
Manual Testing,Kolhapur,5,162794.2,False,10.0,0.0,,,9.7,40.227999999999994,0.0,0.0,0.0,0.0,24.5,52,26.9,52,31.8,52,Low,Low,Low
Manual Testing,Latur,1,344727.0,False,0.0,0.0,,,9.7515,39.448,0.0,0.0,0.0,0.0,14.3,44,16.7,44,21.6,44,Low,Low,Low
Manual Testing,Mumbai,6,150823.5,False,14.8,0.0,,,9.267,35.709500000000006,0.0,0.0,0.0,0.0,27.8,54,30.1,54,34.8,54,Low,Low,Low
Manual Testing,Nagpur,3,83822.33333333333,False,4.3,0.0,,,9.1105,38.835,0.0,0.0,0.0,0.0,18.2,48,20.5,48,25.1,48,Low,Low,Low
Manual Testing,Nanded,7,168096.42857142858,False,13.3,0.0,,,8.637,35.605000000000004,0.0,0.0,0.0,0.0,26.1,56,28.3,56,32.6,56,Low,Low,Low
Manual Testing,Nashik,4,86365.25,False,7.9,0.0,,,8.586,37.875,0.0,0.0,0.0,0.0,21.4,50,23.6,50,27.8,50,Low,Low,Low
Manual Testing,Osmanabad,3,190432.0,False,4.8,0.0,,,8.059999999999999,37.4765,0.0,0.0,0.0,0.0,18.1,48,20.1,48,24.1,48,Low,Low,Low
Manual Testing,Parbhani,5,77246.4,False,8.2,0.0,,,9.2835,38.364,0.0,0.0,0.0,0.0,22.0,52,24.4,52,29.0,52,Low,Low,Low
Manual Testing,Pune,2,35085.0,False,2.8,0.0,,,8.681999999999999,40.851,0.0,0.0,0.0,0.0,17.2,46,19.4,46,23.7,46,Low,Low,Low
Manual Testing,Raigad,1,33805.0,False,0.0,0.0,,,9.9115,39.47,0.0,0.0,0.0,0.0,14.3,44,16.8,44,21.8,44,Low,Low,Low
Manual Testing,Sangli,6,179982.16666666666,False,15.6,0.0,,,9.5185,37.182,0.0,0.0,0.0,0.0,29.1,54,31.5,54,36.3,54,Low,Low,Medium
Manual Testing,Satara,7,86367.28571428571,False,15.0,0.0,,,9.8795,40.648,0.0,0.0,0.0,0.0,29.7,56,32.1,56,37.1,56,Low,Low,Medium
Manual Testing,Solapur,3,247156.0,False,4.8,0.0,,,9.0745,41.6085,0.0,0.0,0.0,0.0,19.6,48,21.8,48,26.4,48,Low,Low,Low
Manual Testing,Yavatmal,9,78370.66666666667,False,19.0,0.0,,,9.310500000000001,37.6325,0.0,0.0,0.0,0.0,32.6,60,34.9,60,39.6,60,Low,Low,Medium
Mechanical Fitting,Ahmednagar,5,189510.0,False,9.3,0.0,,,8.46,36.595,0.0,0.0,0.0,0.0,22.4,52,24.5,52,28.7,52,Low,Low,Low
Mechanical Fitting,Akola,2,62669.0,False,2.1,0.0,,,9.0,33.019,0.0,0.0,0.0,0.0,14.3,46,16.5,46,21.0,46,Low,Low,Low
Mechanical Fitting,Amravati,5,162087.6,False,12.9,0.0,,,8.8925,37.6035,0.0,0.0,0.0,0.0,26.4,52,28.6,52,33.1,52,Low,Low,Low
Mechanical Fitting,Aurangabad,10,139667.2,False,23.1,0.0,,,7.6,38.486000000000004,0.0,0.0,0.0,0.0,36.5,62,38.4,62,42.2,62,Medium,Medium,Medium
Mechanical Fitting,Beed,6,106583.83333333333,False,14.3,0.0,,,9.5965,42.417,0.0,0.0,0.0,0.0,29.4,54,31.8,54,36.6,54,Low,Low,Medium
Mechanical Fitting,Bhiwandi,8,143121.625,False,19.4,0.0,,,8.895,40.1755,0.0,0.0,0.0,0.0,33.7,58,35.9,58,40.3,58,Low,Medium,Medium
Mechanical Fitting,Chandrapur,3,137340.33333333334,False,4.8,0.0,,,8.7865,35.588,0.0,0.0,0.0,0.0,17.7,48,19.9,48,24.3,48,Low,Low,Low
Mechanical Fitting,Dhule,6,226271.5,False,15.2,0.0,,,10.1625,39.802,0.0,0.0,0.0,0.0,29.7,54,32.2,54,37.3,54,Low,Low,Medium
Mechanical Fitting,Jalgaon,5,122558.6,False,10.5,0.0,,,8.879999999999999,37.665,0.0,0.0,0.0,0.0,24.0,52,26.2,52,30.7,52,Low,Low,Low
Mechanical Fitting,Jalna,4,161915.5,False,6.5,0.0,,,8.616499999999998,33.054500000000004,0.0,0.0,0.0,0.0,18.6,50,20.7,50,25.0,50,Low,Low,Low
Mechanical Fitting,Kolhapur,9,169915.66666666666,False,20.0,0.0,,,9.7,40.227999999999994,0.0,0.0,0.0,0.0,34.5,60,36.9,60,41.8,60,Low,Medium,Medium
Mechanical Fitting,Latur,3,75087.33333333333,False,5.1,0.0,,,9.7515,39.448,0.0,0.0,0.0,0.0,19.4,48,21.8,48,26.7,48,Low,Low,Low
Mechanical Fitting,Mumbai,4,176971.0,False,7.4,0.0,,,9.267,35.709500000000006,0.0,0.0,0.0,0.0,20.4,50,22.7,50,27.4,50,Low,Low,Low
Mechanical Fitting,Nagpur,8,101183.625,False,15.2,0.0,,,9.1105,38.835,0.0,0.0,0.0,0.0,29.1,58,31.4,58,36.0,58,Low,Low,Medium
Mechanical Fitting,Nanded,4,166554.0,False,6.7,0.0,,,8.637,35.605000000000004,0.0,0.0,0.0,0.0,19.5,50,21.7,50,26.0,50,Low,Low,Low
Mechanical Fitting,Nashik,8,86360.625,False,18.4,0.0,,,8.586,37.875,0.0,0.0,0.0,0.0,31.9,58,34.1,58,38.3,58,Low,Low,Medium
Mechanical Fitting,Osmanabad,4,139047.25,False,7.1,0.0,,,8.059999999999999,37.4765,0.0,0.0,0.0,0.0,20.4,50,22.4,50,26.4,50,Low,Low,Low
Mechanical Fitting,Parbhani,6,68744.5,False,10.2,0.0,,,9.2835,38.364,0.0,0.0,0.0,0.0,24.0,54,26.4,54,31.0,54,Low,Low,Low
Mechanical Fitting,Pune,6,112376.0,False,13.9,0.0,,,8.681999999999999,40.851,0.0,0.0,0.0,0.0,28.3,54,30.5,54,34.8,54,Low,Low,Low
Mechanical Fitting,Raigad,3,245644.66666666666,False,5.7,0.0,,,9.9115,39.47,0.0,0.0,0.0,0.0,20.0,48,22.5,48,27.5,48,Low,Low,Low
Mechanical Fitting,Sangli,6,168757.5,False,15.6,0.0,,,9.5185,37.182,0.0,0.0,0.0,0.0,29.1,54,31.5,54,36.3,54,Low,Low,Medium
Mechanical Fitting,Satara,3,215916.66666666666,False,5.0,0.0,,,9.8795,40.648,0.0,0.0,0.0,0.0,19.7,48,22.1,48,27.1,48,Low,Low,Low
Mechanical Fitting,Solapur,4,233337.0,False,7.1,0.0,,,9.0745,41.6085,0.0,0.0,0.0,0.0,21.9,50,24.1,50,28.7,50,Low,Low,Low
Mechanical Fitting,Yavatmal,6,169775.83333333334,False,11.9,0.0,,,9.310500000000001,37.6325,0.0,0.0,0.0,0.0,25.5,54,27.8,54,32.5,54,Low,Low,Low
Mechanical Systems,Ahmednagar,5,85017.2,False,9.3,0.0,,,8.46,36.595,0.0,0.0,0.0,0.0,22.4,52,24.5,52,28.7,52,Low,Low,Low
Mechanical Systems,Akola,7,160336.57142857142,False,12.8,0.0,,,9.0,33.019,0.0,0.0,0.0,0.0,25.0,56,27.2,56,31.7,56,Low,Low,Low
Mechanical Systems,Amravati,3,182194.0,False,6.5,0.0,,,8.8925,37.6035,0.0,0.0,0.0,0.0,20.0,48,22.2,48,26.7,48,Low,Low,Low
Mechanical Systems,Aurangabad,12,147216.75,False,28.2,0.0,,,7.6,38.486000000000004,0.0,0.0,0.0,0.0,41.6,66,43.5,66,47.3,66,Medium,Medium,Medium
Mechanical Systems,Beed,7,152601.0,False,17.1,0.0,,,9.5965,42.417,0.0,0.0,0.0,0.0,32.2,56,34.6,56,39.4,56,Low,Low,Medium
Mechanical Systems,Bhiwandi,6,105446.83333333333,False,13.9,0.0,,,8.895,40.1755,0.0,0.0,0.0,0.0,28.2,54,30.4,54,34.8,54,Low,Low,Low
Mechanical Systems,Chandrapur,7,82064.71428571429,False,14.3,0.0,,,8.7865,35.588,0.0,0.0,0.0,0.0,27.2,56,29.4,56,33.8,56,Low,Low,Low
Mechanical Systems,Dhule,5,92196.2,False,12.1,0.0,,,10.1625,39.802,0.0,0.0,0.0,0.0,26.6,52,29.1,52,34.2,52,Low,Low,Low
Mechanical Systems,Jalgaon,5,167888.0,False,10.5,0.0,,,8.879999999999999,37.665,0.0,0.0,0.0,0.0,24.0,52,26.2,52,30.7,52,Low,Low,Low
Mechanical Systems,Jalna,1,35795.0,False,0.0,0.0,,,8.616499999999998,33.054500000000004,0.0,0.0,0.0,0.0,12.1,44,14.2,44,18.5,44,Low,Low,Low
Mechanical Systems,Kolhapur,7,104229.57142857143,False,15.0,0.0,,,9.7,40.227999999999994,0.0,0.0,0.0,0.0,29.5,56,31.9,56,36.8,56,Low,Low,Medium
Mechanical Systems,Latur,11,223159.81818181818,False,25.6,0.0,,,9.7515,39.448,0.0,0.0,0.0,0.0,39.9,64,42.3,64,47.2,64,Medium,Medium,Medium
Mechanical Systems,Mumbai,7,120882.42857142857,False,18.5,0.0,,,9.267,35.709500000000006,0.0,0.0,0.0,0.0,31.5,56,33.8,56,38.5,56,Low,Low,Medium
Mechanical Systems,Nagpur,5,165760.6,False,8.7,0.0,,,9.1105,38.835,0.0,0.0,0.0,0.0,22.6,52,24.9,52,29.5,52,Low,Low,Low
Mechanical Systems,Nanded,3,183510.33333333334,False,4.4,0.0,,,8.637,35.605000000000004,0.0,0.0,0.0,0.0,17.2,48,19.4,48,23.7,48,Low,Low,Low
Mechanical Systems,Nashik,6,103075.33333333333,False,13.2,0.0,,,8.586,37.875,0.0,0.0,0.0,0.0,26.7,54,28.9,54,33.1,54,Low,Low,Low
Mechanical Systems,Osmanabad,7,116341.14285714286,False,14.3,0.0,,,8.059999999999999,37.4765,0.0,0.0,0.0,0.0,27.6,56,29.6,56,33.6,56,Low,Low,Low
Mechanical Systems,Parbhani,7,124983.71428571429,False,12.2,0.0,,,9.2835,38.364,0.0,0.0,0.0,0.0,26.0,56,28.4,56,33.0,56,Low,Low,Low
Mechanical Systems,Pune,3,62049.0,False,5.6,0.0,,,8.681999999999999,40.851,0.0,0.0,0.0,0.0,20.0,48,22.2,48,26.5,48,Low,Low,Low
Mechanical Systems,Raigad,5,125498.6,False,11.4,0.0,,,9.9115,39.47,0.0,0.0,0.0,0.0,25.7,52,28.2,52,33.2,52,Low,Low,Low
Mechanical Systems,Sangli,12,156437.16666666666,False,34.4,0.0,,,9.5185,37.182,0.0,0.0,0.0,0.0,47.9,66,50.3,66,55.1,66,Medium,Medium,Medium
Mechanical Systems,Satara,4,97072.5,False,7.5,0.0,,,9.8795,40.648,0.0,0.0,0.0,0.0,22.2,50,24.6,50,29.6,50,Low,Low,Low
Mechanical Systems,Solapur,5,262652.2,False,9.5,0.0,,,9.0745,41.6085,0.0,0.0,0.0,0.0,24.3,52,26.5,52,31.1,52,Low,Low,Low
Mechanical Systems,Yavatmal,6,89592.0,False,11.9,0.0,,,9.310500000000001,37.6325,0.0,0.0,0.0,0.0,25.5,54,27.8,54,32.5,54,Low,Low,Low
Medical Procedures,Ahmednagar,4,122036.0,False,7.0,0.0,,,8.46,36.595,0.0,0.0,0.0,0.0,20.1,50,22.2,50,26.4,50,Low,Low,Low
Medical Procedures,Akola,4,88704.75,False,6.4,0.0,,,9.0,33.019,0.0,0.0,0.0,0.0,18.6,50,20.8,50,25.3,50,Low,Low,Low
Medical Procedures,Amravati,5,149355.6,False,12.9,0.0,,,8.8925,37.6035,0.0,0.0,0.0,0.0,26.4,52,28.6,52,33.1,52,Low,Low,Low
Medical Procedures,Aurangabad,6,108725.66666666667,False,12.8,0.0,,,7.6,38.486000000000004,0.0,0.0,0.0,0.0,26.2,54,28.1,54,31.9,54,Low,Low,Low
Medical Procedures,Beed,4,81980.25,False,8.6,0.0,,,9.5965,42.417,0.0,0.0,0.0,0.0,23.7,50,26.1,50,30.9,50,Low,Low,Low
Medical Procedures,Bhiwandi,6,166969.66666666666,False,13.9,0.0,,,8.895,40.1755,0.0,0.0,0.0,0.0,28.2,54,30.4,54,34.8,54,Low,Low,Low
Medical Procedures,Chandrapur,6,176508.0,False,11.9,0.0,,,8.7865,35.588,0.0,0.0,0.0,0.0,24.8,54,27.0,54,31.4,54,Low,Low,Low
Medical Procedures,Dhule,6,107566.66666666667,False,15.2,0.0,,,10.1625,39.802,0.0,0.0,0.0,0.0,29.7,54,32.2,54,37.3,54,Low,Low,Medium
Medical Procedures,Jalgaon,4,107416.0,False,7.9,0.0,,,8.879999999999999,37.665,0.0,0.0,0.0,0.0,21.4,50,23.6,50,28.1,50,Low,Low,Low
Medical Procedures,Jalna,1,17540.0,False,0.0,0.0,,,8.616499999999998,33.054500000000004,0.0,0.0,0.0,0.0,12.1,44,14.2,44,18.5,44,Low,Low,Low
Medical Procedures,Kolhapur,4,148422.5,False,7.5,0.0,,,9.7,40.227999999999994,0.0,0.0,0.0,0.0,22.0,50,24.4,50,29.3,50,Low,Low,Low
Medical Procedures,Latur,2,47639.0,False,2.6,0.0,,,9.7515,39.448,0.0,0.0,0.0,0.0,16.9,46,19.3,46,24.2,46,Low,Low,Low
Medical Procedures,Mumbai,5,194693.8,False,11.1,0.0,,,9.267,35.709500000000006,0.0,0.0,0.0,0.0,24.1,52,26.4,52,31.1,52,Low,Low,Low
Medical Procedures,Nagpur,9,178920.66666666666,False,17.4,0.0,,,9.1105,38.835,0.0,0.0,0.0,0.0,31.3,60,33.6,60,38.2,60,Low,Low,Medium
Medical Procedures,Nanded,4,187304.25,False,6.7,0.0,,,8.637,35.605000000000004,0.0,0.0,0.0,0.0,19.5,50,21.7,50,26.0,50,Low,Low,Low
Medical Procedures,Nashik,5,120971.0,False,10.5,0.0,,,8.586,37.875,0.0,0.0,0.0,0.0,24.0,52,26.2,52,30.4,52,Low,Low,Low
Medical Procedures,Osmanabad,6,105188.33333333333,False,11.9,0.0,,,8.059999999999999,37.4765,0.0,0.0,0.0,0.0,25.2,54,27.2,54,31.2,54,Low,Low,Low
Medical Procedures,Parbhani,10,149511.0,False,18.4,0.0,,,9.2835,38.364,0.0,0.0,0.0,0.0,32.2,62,34.6,62,39.2,62,Low,Low,Medium
Medical Procedures,Pune,4,112583.5,False,8.3,0.0,,,8.681999999999999,40.851,0.0,0.0,0.0,0.0,22.7,50,24.9,50,29.2,50,Low,Low,Low
Medical Procedures,Raigad,5,42677.2,False,11.4,0.0,,,9.9115,39.47,0.0,0.0,0.0,0.0,25.7,52,28.2,52,33.2,52,Low,Low,Low
Medical Procedures,Sangli,7,129188.14285714286,False,18.7,0.0,,,9.5185,37.182,0.0,0.0,0.0,0.0,32.2,56,34.6,56,39.4,56,Low,Low,Medium
Medical Procedures,Satara,11,154874.18181818182,False,25.0,0.0,,,9.8795,40.648,0.0,0.0,0.0,0.0,39.7,64,42.1,64,47.1,64,Medium,Medium,Medium
Medical Procedures,Solapur,4,170481.25,False,7.1,0.0,,,9.0745,41.6085,0.0,0.0,0.0,0.0,21.9,50,24.1,50,28.7,50,Low,Low,Low
Medical Procedures,Yavatmal,8,136815.5,False,16.7,0.0,,,9.310500000000001,37.6325,0.0,0.0,0.0,0.0,30.3,58,32.6,58,37.3,58,Low,Low,Medium
Medication Administration,Ahmednagar,6,111035.33333333333,False,11.6,0.0,,,8.46,36.595,0.0,0.0,0.0,0.0,24.7,54,26.8,54,31.0,54,Low,Low,Low
Medication Administration,Akola,6,105057.5,False,10.6,0.0,,,9.0,33.019,0.0,0.0,0.0,0.0,22.8,54,25.0,54,29.5,54,Low,Low,Low
Medication Administration,Amravati,4,157995.75,False,9.7,0.0,,,8.8925,37.6035,0.0,0.0,0.0,0.0,23.2,50,25.4,50,29.9,50,Low,Low,Low
Medication Administration,Aurangabad,7,101324.14285714286,False,15.4,0.0,,,7.6,38.486000000000004,0.0,0.0,0.0,0.0,28.8,56,30.7,56,34.5,56,Low,Low,Low
Medication Administration,Beed,4,113993.5,False,8.6,0.0,,,9.5965,42.417,0.0,0.0,0.0,0.0,23.7,50,26.1,50,30.9,50,Low,Low,Low
Medication Administration,Bhiwandi,3,307002.3333333333,False,5.6,0.0,,,8.895,40.1755,0.0,0.0,0.0,0.0,19.9,48,22.1,48,26.5,48,Low,Low,Low
Medication Administration,Chandrapur,4,137877.0,False,7.1,0.0,,,8.7865,35.588,0.0,0.0,0.0,0.0,20.0,50,22.2,50,26.6,50,Low,Low,Low
Medication Administration,Dhule,5,77154.8,False,12.1,0.0,,,10.1625,39.802,0.0,0.0,0.0,0.0,26.6,52,29.1,52,34.2,52,Low,Low,Low
Medication Administration,Jalgaon,4,168884.25,False,7.9,0.0,,,8.879999999999999,37.665,0.0,0.0,0.0,0.0,21.4,50,23.6,50,28.1,50,Low,Low,Low
Medication Administration,Jalna,1,17540.0,False,0.0,0.0,,,8.616499999999998,33.054500000000004,0.0,0.0,0.0,0.0,12.1,44,14.2,44,18.5,44,Low,Low,Low
Medication Administration,Kolhapur,4,148422.5,False,7.5,0.0,,,9.7,40.227999999999994,0.0,0.0,0.0,0.0,22.0,50,24.4,50,29.3,50,Low,Low,Low
Medication Administration,Latur,2,47639.0,False,2.6,0.0,,,9.7515,39.448,0.0,0.0,0.0,0.0,16.9,46,19.3,46,24.2,46,Low,Low,Low
Medication Administration,Mumbai,5,221906.0,False,11.1,0.0,,,9.267,35.709500000000006,0.0,0.0,0.0,0.0,24.1,52,26.4,52,31.1,52,Low,Low,Low
Medication Administration,Nagpur,7,88837.71428571429,False,13.0,0.0,,,9.1105,38.835,0.0,0.0,0.0,0.0,26.9,56,29.2,56,33.8,56,Low,Low,Low
Medication Administration,Nanded,4,187304.25,False,6.7,0.0,,,8.637,35.605000000000004,0.0,0.0,0.0,0.0,19.5,50,21.7,50,26.0,50,Low,Low,Low
Medication Administration,Nashik,3,35246.0,False,5.3,0.0,,,8.586,37.875,0.0,0.0,0.0,0.0,18.8,48,21.0,48,25.2,48,Low,Low,Low
Medication Administration,Osmanabad,4,44817.0,False,7.1,0.0,,,8.059999999999999,37.4765,0.0,0.0,0.0,0.0,20.4,50,22.4,50,26.4,50,Low,Low,Low
Medication Administration,Parbhani,8,142422.75,False,14.3,0.0,,,9.2835,38.364,0.0,0.0,0.0,0.0,28.1,58,30.5,58,35.1,58,Low,Low,Medium
Medication Administration,Pune,6,94796.16666666667,False,13.9,0.0,,,8.681999999999999,40.851,0.0,0.0,0.0,0.0,28.3,54,30.5,54,34.8,54,Low,Low,Low
Medication Administration,Raigad,6,50312.5,False,14.3,0.0,,,9.9115,39.47,0.0,0.0,0.0,0.0,28.6,54,31.1,54,36.1,54,Low,Low,Medium
Medication Administration,Sangli,8,119565.875,False,21.9,0.0,,,9.5185,37.182,0.0,0.0,0.0,0.0,35.4,58,37.8,58,42.6,58,Medium,Medium,Medium
Medication Administration,Satara,10,122622.3,False,22.5,0.0,,,9.8795,40.648,0.0,0.0,0.0,0.0,37.2,62,39.6,62,44.6,62,Medium,Medium,Medium
Medication Administration,Solapur,4,86259.0,False,7.1,0.0,,,9.0745,41.6085,0.0,0.0,0.0,0.0,21.9,50,24.1,50,28.7,50,Low,Low,Low
Medication Administration,Yavatmal,8,139421.125,False,16.7,0.0,,,9.310500000000001,37.6325,0.0,0.0,0.0,0.0,30.3,58,32.6,58,37.3,58,Low,Low,Medium
Medication Dispensing,Ahmednagar,6,124574.5,False,11.6,0.0,,,8.46,36.595,0.0,0.0,0.0,0.0,24.7,54,26.8,54,31.0,54,Low,Low,Low
Medication Dispensing,Akola,6,147889.83333333334,False,10.6,0.0,,,9.0,33.019,0.0,0.0,0.0,0.0,22.8,54,25.0,54,29.5,54,Low,Low,Low
Medication Dispensing,Amravati,3,237806.0,False,6.5,0.0,,,8.8925,37.6035,0.0,0.0,0.0,0.0,20.0,48,22.2,48,26.7,48,Low,Low,Low
Medication Dispensing,Aurangabad,9,108254.11111111111,False,20.5,0.0,,,7.6,38.486000000000004,0.0,0.0,0.0,0.0,33.9,60,35.8,60,39.6,60,Low,Medium,Medium
Medication Dispensing,Beed,3,130425.66666666667,False,5.7,0.0,,,9.5965,42.417,0.0,0.0,0.0,0.0,20.8,48,23.2,48,28.0,48,Low,Low,Low
Medication Dispensing,Bhiwandi,2,31109.0,False,2.8,0.0,,,8.895,40.1755,0.0,0.0,0.0,0.0,17.1,46,19.3,46,23.7,46,Low,Low,Low
Medication Dispensing,Chandrapur,7,157381.0,False,14.3,0.0,,,8.7865,35.588,0.0,0.0,0.0,0.0,27.2,56,29.4,56,33.8,56,Low,Low,Low
Medication Dispensing,Dhule,7,74208.71428571429,False,18.2,0.0,,,10.1625,39.802,0.0,0.0,0.0,0.0,32.7,56,35.2,56,40.3,56,Low,Medium,Medium
Medication Dispensing,Jalgaon,9,102182.44444444444,False,21.1,0.0,,,8.879999999999999,37.665,0.0,0.0,0.0,0.0,34.6,60,36.8,60,41.3,60,Low,Medium,Medium
Medication Dispensing,Jalna,8,70145.75,False,15.2,0.0,,,8.616499999999998,33.054500000000004,0.0,0.0,0.0,0.0,27.3,58,29.4,58,33.7,58,Low,Low,Low
Medication Dispensing,Kolhapur,5,207082.6,False,10.0,0.0,,,9.7,40.227999999999994,0.0,0.0,0.0,0.0,24.5,52,26.9,52,31.8,52,Low,Low,Low
Medication Dispensing,Latur,5,179544.4,False,10.3,0.0,,,9.7515,39.448,0.0,0.0,0.0,0.0,24.6,52,27.0,52,31.9,52,Low,Low,Low
Medication Dispensing,Mumbai,4,76027.0,False,7.4,0.0,,,9.267,35.709500000000006,0.0,0.0,0.0,0.0,20.4,50,22.7,50,27.4,50,Low,Low,Low
Medication Dispensing,Nagpur,3,319528.0,False,4.3,0.0,,,9.1105,38.835,0.0,0.0,0.0,0.0,18.2,48,20.5,48,25.1,48,Low,Low,Low
Medication Dispensing,Nanded,4,126551.5,False,6.7,0.0,,,8.637,35.605000000000004,0.0,0.0,0.0,0.0,19.5,50,21.7,50,26.0,50,Low,Low,Low
Medication Dispensing,Nashik,7,109917.28571428571,False,15.8,0.0,,,8.586,37.875,0.0,0.0,0.0,0.0,29.3,56,31.5,56,35.7,56,Low,Low,Medium
Medication Dispensing,Osmanabad,5,141958.0,False,9.5,0.0,,,8.059999999999999,37.4765,0.0,0.0,0.0,0.0,22.8,52,24.8,52,28.8,52,Low,Low,Low
Medication Dispensing,Parbhani,8,160572.0,False,14.3,0.0,,,9.2835,38.364,0.0,0.0,0.0,0.0,28.1,58,30.5,58,35.1,58,Low,Low,Medium
Medication Dispensing,Pune,7,117705.71428571429,False,16.7,0.0,,,8.681999999999999,40.851,0.0,0.0,0.0,0.0,31.1,56,33.3,56,37.6,56,Low,Low,Medium
Medication Dispensing,Raigad,8,107128.375,False,20.0,0.0,,,9.9115,39.47,0.0,0.0,0.0,0.0,34.3,58,36.8,58,41.8,58,Low,Medium,Medium
Medication Dispensing,Sangli,5,61199.6,False,12.5,0.0,,,9.5185,37.182,0.0,0.0,0.0,0.0,26.0,52,28.4,52,33.2,52,Low,Low,Low
Medication Dispensing,Satara,3,29661.0,False,5.0,0.0,,,9.8795,40.648,0.0,0.0,0.0,0.0,19.7,48,22.1,48,27.1,48,Low,Low,Low
Medication Dispensing,Solapur,5,145814.6,False,9.5,0.0,,,9.0745,41.6085,0.0,0.0,0.0,0.0,24.3,52,26.5,52,31.1,52,Low,Low,Low
Medication Dispensing,Yavatmal,6,72916.5,False,11.9,0.0,,,9.310500000000001,37.6325,0.0,0.0,0.0,0.0,25.5,54,27.8,54,32.5,54,Low,Low,Low
Microservices,Ahmednagar,3,98690.66666666667,False,4.7,0.0,,,8.46,36.595,0.0,0.0,0.0,0.0,17.8,48,19.9,48,24.1,48,Low,Low,Low
Microservices,Akola,3,201405.66666666666,False,4.3,0.0,,,9.0,33.019,0.0,0.0,0.0,0.0,16.5,48,18.7,48,23.2,48,Low,Low,Low
Microservices,Amravati,7,196471.42857142858,False,19.4,0.0,,,8.8925,37.6035,0.0,0.0,0.0,0.0,32.9,56,35.1,56,39.6,56,Low,Medium,Medium
Microservices,Aurangabad,2,130700.5,False,2.6,0.0,,,7.6,38.486000000000004,0.0,0.0,0.0,0.0,16.0,46,17.9,46,21.7,46,Low,Low,Low
Microservices,Beed,5,66002.4,False,11.4,0.0,,,9.5965,42.417,0.0,0.0,0.0,0.0,26.5,52,28.9,52,33.7,52,Low,Low,Low
Microservices,Bhiwandi,3,95239.33333333333,False,5.6,0.0,,,8.895,40.1755,0.0,0.0,0.0,0.0,19.9,48,22.1,48,26.5,48,Low,Low,Low
Microservices,Chandrapur,2,115251.5,False,2.4,0.0,,,8.7865,35.588,0.0,0.0,0.0,0.0,15.3,46,17.5,46,21.9,46,Low,Low,Low
Microservices,Dhule,3,265652.0,False,6.1,0.0,,,10.1625,39.802,0.0,0.0,0.0,0.0,20.6,48,23.1,48,28.2,48,Low,Low,Low
Microservices,Jalgaon,3,46296.666666666664,False,5.3,0.0,,,8.879999999999999,37.665,0.0,0.0,0.0,0.0,18.8,48,21.0,48,25.5,48,Low,Low,Low
Microservices,Jalna,1,52189.0,False,0.0,0.0,,,8.616499999999998,33.054500000000004,0.0,0.0,0.0,0.0,12.1,44,14.2,44,18.5,44,Low,Low,Low
Microservices,Kolhapur,4,228279.5,False,7.5,0.0,,,9.7,40.227999999999994,0.0,0.0,0.0,0.0,22.0,50,24.4,50,29.3,50,Low,Low,Low
Microservices,Latur,4,97103.25,False,7.7,0.0,,,9.7515,39.448,0.0,0.0,0.0,0.0,22.0,50,24.4,50,29.3,50,Low,Low,Low
Microservices,Mumbai,4,55222.75,False,7.4,0.0,,,9.267,35.709500000000006,0.0,0.0,0.0,0.0,20.4,50,22.7,50,27.4,50,Low,Low,Low
Microservices,Nagpur,5,118687.2,False,8.7,0.0,,,9.1105,38.835,0.0,0.0,0.0,0.0,22.6,52,24.9,52,29.5,52,Low,Low,Low
Microservices,Nanded,4,137979.25,False,6.7,0.0,,,8.637,35.605000000000004,0.0,0.0,0.0,0.0,19.5,50,21.7,50,26.0,50,Low,Low,Low
Microservices,Nashik,2,217229.5,False,2.6,0.0,,,8.586,37.875,0.0,0.0,0.0,0.0,16.1,46,18.3,46,22.5,46,Low,Low,Low
Microservices,Osmanabad,3,114802.66666666667,False,4.8,0.0,,,8.059999999999999,37.4765,0.0,0.0,0.0,0.0,18.1,48,20.1,48,24.1,48,Low,Low,Low
Microservices,Parbhani,3,160095.0,False,4.1,0.0,,,9.2835,38.364,0.0,0.0,0.0,0.0,17.9,48,20.3,48,24.9,48,Low,Low,Low
Microservices,Pune,3,37826.666666666664,False,5.6,0.0,,,8.681999999999999,40.851,0.0,0.0,0.0,0.0,20.0,48,22.2,48,26.5,48,Low,Low,Low
Microservices,Raigad,4,66018.5,False,8.6,0.0,,,9.9115,39.47,0.0,0.0,0.0,0.0,22.9,50,25.4,50,30.4,50,Low,Low,Low
Microservices,Sangli,5,320913.2,False,12.5,0.0,,,9.5185,37.182,0.0,0.0,0.0,0.0,26.0,52,28.4,52,33.2,52,Low,Low,Low
Microservices,Satara,7,172818.42857142858,False,15.0,0.0,,,9.8795,40.648,0.0,0.0,0.0,0.0,29.7,56,32.1,56,37.1,56,Low,Low,Medium
Microservices,Solapur,5,134485.8,False,9.5,0.0,,,9.0745,41.6085,0.0,0.0,0.0,0.0,24.3,52,26.5,52,31.1,52,Low,Low,Low
Microservices,Yavatmal,3,156334.66666666666,False,4.8,0.0,,,9.310500000000001,37.6325,0.0,0.0,0.0,0.0,18.4,48,20.7,48,25.4,48,Low,Low,Low
MongoDB,Ahmednagar,4,233610.75,True,7.0,1.3625,Low,Stable,8.46,36.595,0.0,0.0,0.0,0.0,20.4,58,22.9,58,27.8,58,Low,Low,Low
MongoDB,Akola,5,121348.6,True,8.5,1.3625,Low,Stable,9.0,33.019,0.0,0.0,0.0,0.0,21.0,60,23.6,60,28.8,60,Low,Low,Low
MongoDB,Amravati,5,132957.8,True,12.9,1.3625,Low,Stable,8.8925,37.6035,0.0,0.0,0.0,0.0,26.7,60,29.3,60,34.4,60,Low,Low,Low
MongoDB,Aurangabad,4,115228.75,True,7.7,1.3625,Low,Stable,7.6,38.486000000000004,0.0,0.0,0.0,0.0,21.5,58,23.7,58,28.2,58,Low,Low,Low
MongoDB,Beed,5,114526.6,True,11.4,1.3625,Low,Stable,9.5965,42.417,0.0,0.0,0.0,0.0,26.9,60,29.6,60,35.1,60,Low,Low,Medium
MongoDB,Bhiwandi,6,161328.16666666666,True,13.9,1.3625,Low,Stable,8.895,40.1755,0.0,0.0,0.0,0.0,28.5,62,31.1,62,36.2,62,Low,Low,Medium
MongoDB,Chandrapur,3,115604.66666666667,True,4.8,1.3625,Low,Stable,8.7865,35.588,0.0,0.0,0.0,0.0,18.0,56,20.6,56,25.6,56,Low,Low,Low
MongoDB,Dhule,7,166813.57142857142,True,18.2,1.3625,Low,Stable,10.1625,39.802,0.0,0.0,0.0,0.0,33.0,64,35.9,64,41.7,64,Low,Medium,Medium
MongoDB,Jalgaon,6,170099.33333333334,True,13.2,1.3625,Low,Stable,8.879999999999999,37.665,0.0,0.0,0.0,0.0,27.1,62,29.6,62,34.7,62,Low,Low,Low
MongoDB,Jalna,2,453612.5,True,2.2,1.3625,Low,Stable,8.616499999999998,33.054500000000004,0.0,0.0,0.0,0.0,14.6,54,17.1,54,22.1,54,Low,Low,Low
MongoDB,Kolhapur,2,290102.0,True,2.5,1.3625,Low,Stable,9.7,40.227999999999994,0.0,0.0,0.0,0.0,17.3,54,20.1,54,25.6,54,Low,Low,Low
MongoDB,Latur,2,148352.0,True,2.6,1.3625,Low,Stable,9.7515,39.448,0.0,0.0,0.0,0.0,17.2,54,20.0,54,25.5,54,Low,Low,Low
MongoDB,Mumbai,8,121788.625,True,22.2,1.3625,Low,Stable,9.267,35.709500000000006,0.0,0.0,0.0,0.0,35.6,66,38.2,66,43.5,66,Medium,Medium,Medium
MongoDB,Nagpur,4,219300.5,True,6.5,1.3625,Low,Stable,9.1105,38.835,0.0,0.0,0.0,0.0,20.8,58,23.4,58,28.6,58,Low,Low,Low
MongoDB,Nanded,5,222767.2,True,8.9,1.3625,Low,Stable,8.637,35.605000000000004,0.0,0.0,0.0,0.0,22.1,60,24.6,60,29.6,60,Low,Low,Low
MongoDB,Nashik,4,189743.0,True,7.9,1.3625,Low,Stable,8.586,37.875,0.0,0.0,0.0,0.0,21.7,58,24.2,58,29.2,58,Low,Low,Low
MongoDB,Osmanabad,3,117363.0,True,4.8,1.3625,Low,Stable,8.059999999999999,37.4765,0.0,0.0,0.0,0.0,18.4,56,20.8,56,25.5,56,Low,Low,Low
MongoDB,Parbhani,6,103466.16666666667,True,10.2,1.3625,Low,Stable,9.2835,38.364,0.0,0.0,0.0,0.0,24.4,62,27.0,62,32.4,62,Low,Low,Low
MongoDB,Pune,3,276313.3333333333,True,5.6,1.3625,Low,Stable,8.681999999999999,40.851,0.0,0.0,0.0,0.0,20.4,56,22.9,56,27.9,56,Low,Low,Low
MongoDB,Raigad,6,163007.5,True,14.3,1.3625,Low,Stable,9.9115,39.47,0.0,0.0,0.0,0.0,29.0,62,31.8,62,37.4,62,Low,Low,Medium
MongoDB,Sangli,4,178018.25,True,9.4,1.3625,Low,Stable,9.5185,37.182,0.0,0.0,0.0,0.0,23.3,58,26.0,58,31.4,58,Low,Low,Low
MongoDB,Satara,8,107656.0,True,17.5,1.3625,Low,Stable,9.8795,40.648,0.0,0.0,0.0,0.0,32.5,66,35.3,66,40.9,66,Low,Medium,Medium
MongoDB,Solapur,4,54863.5,True,7.1,1.3625,Low,Stable,9.0745,41.6085,0.0,0.0,0.0,0.0,22.2,58,24.8,58,30.0,58,Low,Low,Low
MongoDB,Yavatmal,5,70718.8,True,9.5,1.3625,Low,Stable,9.310500000000001,37.6325,0.0,0.0,0.0,0.0,23.5,60,26.1,60,31.5,60,Low,Low,Low
NLP,Ahmednagar,1,32027.0,True,0.0,22.92,High,Rapidly Growing,8.46,36.595,15.0,0.0,15.0,-15.0,18.8,52,26.7,52,42.4,52,Low,Low,Medium
NLP,Akola,2,289987.0,True,2.1,22.92,High,Rapidly Growing,9.0,33.019,15.0,0.0,15.0,-15.0,20.0,54,28.0,54,43.9,54,Low,Low,Medium
NLP,Amravati,1,489095.0,True,0.0,22.92,High,Rapidly Growing,8.8925,37.6035,15.0,0.0,15.0,-15.0,19.2,52,27.2,52,43.1,52,Low,Low,Medium
NLP,Aurangabad,6,164052.5,True,12.8,22.92,High,Rapidly Growing,7.6,38.486000000000004,15.0,0.0,15.0,-15.0,32.0,62,39.6,62,54.9,62,Low,Medium,Medium
NLP,Beed,8,142672.25,True,20.0,22.92,High,Rapidly Growing,9.5965,42.417,15.0,0.0,15.0,-15.0,40.9,66,49.0,66,65.2,66,Medium,Medium,High
NLP,Bhiwandi,4,88778.0,True,8.3,22.92,High,Rapidly Growing,8.895,40.1755,15.0,0.0,15.0,-15.0,28.3,58,36.3,58,52.2,58,Low,Medium,Medium
NLP,Chandrapur,11,187816.54545454544,True,23.8,22.92,High,Rapidly Growing,8.7865,35.588,15.0,0.0,15.0,-15.0,42.4,72,50.3,72,66.2,72,Medium,Medium,High
NLP,Dhule,5,149448.0,True,12.1,22.92,High,Rapidly Growing,10.1625,39.802,15.0,0.0,15.0,-15.0,32.3,60,40.6,60,57.1,60,Low,Medium,Medium
NLP,Jalgaon,1,358411.0,True,0.0,22.92,High,Rapidly Growing,8.879999999999999,37.665,15.0,0.0,15.0,-15.0,19.2,52,27.2,52,43.1,52,Low,Low,Medium
NLP,Jalna,6,71604.16666666667,True,10.9,22.92,High,Rapidly Growing,8.616499999999998,33.054500000000004,15.0,0.0,15.0,-15.0,28.7,62,36.6,62,52.4,62,Low,Medium,Medium
NLP,Kolhapur,3,116995.0,True,5.0,22.92,High,Rapidly Growing,9.7,40.227999999999994,15.0,0.0,15.0,-15.0,25.2,56,33.4,56,49.7,56,Low,Low,Medium
NLP,Latur,8,60465.75,True,17.9,22.92,High,Rapidly Growing,9.7515,39.448,15.0,0.0,15.0,-15.0,37.9,66,46.1,66,62.4,66,Medium,Medium,Medium
NLP,Mumbai,10,119435.1,True,29.6,22.92,High,Rapidly Growing,9.267,35.709500000000006,15.0,0.0,15.0,-15.0,48.4,70,56.4,70,72.5,70,Medium,Medium,High
NLP,Nagpur,4,56865.0,True,6.5,22.92,High,Rapidly Growing,9.1105,38.835,15.0,0.0,15.0,-15.0,26.2,58,34.2,58,50.2,58,Low,Low,Medium
NLP,Nanded,5,154254.8,True,8.9,22.92,High,Rapidly Growing,8.637,35.605000000000004,15.0,0.0,15.0,-15.0,27.5,60,35.4,60,51.1,60,Low,Medium,Medium
NLP,Nashik,5,203427.4,True,10.5,22.92,High,Rapidly Growing,8.586,37.875,15.0,0.0,15.0,-15.0,29.7,60,37.6,60,53.4,60,Low,Medium,Medium
NLP,Osmanabad,4,78945.5,True,7.1,22.92,High,Rapidly Growing,8.059999999999999,37.4765,15.0,0.0,15.0,-15.0,26.1,58,33.8,58,49.3,58,Low,Low,Medium
NLP,Parbhani,2,115514.0,True,2.0,22.92,High,Rapidly Growing,9.2835,38.364,15.0,0.0,15.0,-15.0,21.6,54,29.6,54,45.7,54,Low,Low,Medium
NLP,Pune,7,179547.7142857143,True,16.7,22.92,High,Rapidly Growing,8.681999999999999,40.851,15.0,0.0,15.0,-15.0,36.9,64,44.8,64,60.6,64,Medium,Medium,Medium
NLP,Raigad,5,160106.8,True,11.4,22.92,High,Rapidly Growing,9.9115,39.47,15.0,0.0,15.0,-15.0,31.4,60,39.7,60,56.1,60,Low,Medium,Medium
NLP,Sangli,5,96446.4,True,12.5,22.92,High,Rapidly Growing,9.5185,37.182,15.0,0.0,15.0,-15.0,31.8,60,39.9,60,56.1,60,Low,Medium,Medium
NLP,Satara,6,119342.0,True,12.5,22.92,High,Rapidly Growing,9.8795,40.648,15.0,0.0,15.0,-15.0,32.9,62,41.1,62,57.5,62,Low,Medium,Medium
NLP,Solapur,7,100929.0,True,14.3,22.92,High,Rapidly Growing,9.0745,41.6085,15.0,0.0,15.0,-15.0,34.8,64,42.8,64,58.8,64,Low,Medium,Medium
NLP,Yavatmal,4,85604.25,True,7.1,22.92,High,Rapidly Growing,9.310500000000001,37.6325,15.0,0.0,15.0,-15.0,26.4,58,34.5,58,50.6,58,Low,Low,Medium
Negotiation,Ahmednagar,5,40844.8,True,9.3,1.52,High,Stable,8.46,36.595,0.0,0.0,0.0,-15.0,7.8,60,10.3,60,15.3,60,Low,Low,Low
Negotiation,Akola,4,38588.75,True,6.4,1.52,High,Stable,9.0,33.019,0.0,0.0,0.0,-15.0,3.9,58,6.6,58,11.8,58,Low,Low,Low
Negotiation,Amravati,4,234199.0,True,9.7,1.52,High,Stable,8.8925,37.6035,0.0,0.0,0.0,-15.0,8.6,58,11.2,58,16.4,58,Low,Low,Low
Negotiation,Aurangabad,7,99378.0,True,15.4,1.52,High,Stable,7.6,38.486000000000004,0.0,0.0,0.0,-15.0,14.2,64,16.5,64,21.1,64,Low,Low,Low
Negotiation,Beed,5,80880.8,True,11.4,1.52,High,Stable,9.5965,42.417,0.0,0.0,0.0,-15.0,11.9,60,14.7,60,20.2,60,Low,Low,Low
Negotiation,Bhiwandi,6,167225.66666666666,True,13.9,1.52,High,Stable,8.895,40.1755,0.0,0.0,0.0,-15.0,13.6,62,16.2,62,21.4,62,Low,Low,Low
Negotiation,Chandrapur,5,104205.6,True,9.5,1.52,High,Stable,8.7865,35.588,0.0,0.0,0.0,-15.0,7.8,60,10.3,60,15.5,60,Low,Low,Low
Negotiation,Dhule,5,75559.4,True,12.1,1.52,High,Stable,10.1625,39.802,0.0,0.0,0.0,-15.0,12.0,60,14.9,60,20.7,60,Low,Low,Low
Negotiation,Jalgaon,8,141502.0,True,18.4,1.52,High,Stable,8.879999999999999,37.665,0.0,0.0,0.0,-15.0,17.3,66,19.9,66,25.1,66,Low,Low,Low
Negotiation,Jalna,3,229439.0,True,4.3,1.52,High,Stable,8.616499999999998,33.054500000000004,0.0,0.0,0.0,-15.0,1.8,56,4.3,56,9.4,56,Low,Low,Low
Negotiation,Kolhapur,5,149190.0,True,10.0,1.52,High,Stable,9.7,40.227999999999994,0.0,0.0,0.0,-15.0,9.9,60,12.7,60,18.3,60,Low,Low,Low
Negotiation,Latur,3,118815.33333333333,True,5.1,1.52,High,Stable,9.7515,39.448,0.0,0.0,0.0,-15.0,4.8,56,7.6,56,13.2,56,Low,Low,Low
Negotiation,Mumbai,2,199528.0,True,0.0,1.52,High,Stable,9.267,35.709500000000006,0.0,0.0,0.0,-15.0,0.0,54,1.1,54,6.5,54,Low,Low,Low
Negotiation,Nagpur,5,187895.4,True,8.7,1.52,High,Stable,9.1105,38.835,0.0,0.0,0.0,-15.0,8.0,60,10.7,60,16.0,60,Low,Low,Low
Negotiation,Nanded,1,115056.0,True,0.0,1.52,High,Stable,8.637,35.605000000000004,0.0,0.0,0.0,-15.0,0.0,52,0.8,52,5.8,52,Low,Low,Low
Negotiation,Nashik,5,195515.2,True,10.5,1.52,High,Stable,8.586,37.875,0.0,0.0,0.0,-15.0,9.4,60,11.9,60,17.0,60,Low,Low,Low
Negotiation,Osmanabad,10,87375.4,True,21.4,1.52,High,Stable,8.059999999999999,37.4765,0.0,0.0,0.0,-15.0,20.0,70,22.4,70,27.2,70,Low,Low,Low
Negotiation,Parbhani,6,123574.16666666667,True,10.2,1.52,High,Stable,9.2835,38.364,0.0,0.0,0.0,-15.0,9.4,62,12.1,62,17.5,62,Low,Low,Low
Negotiation,Pune,5,53588.0,True,11.1,1.52,High,Stable,8.681999999999999,40.851,0.0,0.0,0.0,-15.0,10.9,60,13.5,60,18.6,60,Low,Low,Low
Negotiation,Raigad,4,63920.0,True,8.6,1.52,High,Stable,9.9115,39.47,0.0,0.0,0.0,-15.0,8.3,58,11.2,58,16.9,58,Low,Low,Low
Negotiation,Sangli,3,252361.0,True,6.2,1.52,High,Stable,9.5185,37.182,0.0,0.0,0.0,-15.0,5.1,56,7.9,56,13.4,56,Low,Low,Low
Negotiation,Satara,5,74343.2,True,10.0,1.52,High,Stable,9.8795,40.648,0.0,0.0,0.0,-15.0,10.0,60,12.9,60,18.6,60,Low,Low,Low
Negotiation,Solapur,9,99009.11111111111,True,19.0,1.52,High,Stable,9.0745,41.6085,0.0,0.0,0.0,-15.0,19.1,68,21.8,68,27.1,68,Low,Low,Low
Negotiation,Yavatmal,8,126750.875,True,16.7,1.52,High,Stable,9.310500000000001,37.6325,0.0,0.0,0.0,-15.0,15.7,66,18.4,66,23.8,66,Low,Low,Low
Network Security,Ahmednagar,8,128883.625,True,16.3,21.495,High,Rapidly Growing,8.46,36.595,8.0,0.0,8.0,-15.0,27.8,66,35.3,66,50.2,66,Low,Medium,Medium
Network Security,Akola,4,85028.0,True,6.4,21.495,High,Rapidly Growing,9.0,33.019,8.0,0.0,8.0,-15.0,16.9,58,24.6,58,39.8,58,Low,Low,Medium
Network Security,Amravati,4,113854.25,True,9.7,21.495,High,Rapidly Growing,8.8925,37.6035,8.0,0.0,8.0,-15.0,21.6,58,29.2,58,44.4,58,Low,Low,Medium
Network Security,Aurangabad,9,177115.88888888888,True,20.5,21.495,High,Rapidly Growing,7.6,38.486000000000004,8.0,0.0,8.0,-15.0,32.3,68,39.6,68,54.1,68,Low,Medium,Medium
Network Security,Beed,8,64130.25,True,20.0,21.495,High,Rapidly Growing,9.5965,42.417,8.0,0.0,8.0,-15.0,33.5,66,41.3,66,56.8,66,Low,Medium,Medium
Network Security,Bhiwandi,9,121533.77777777778,True,22.2,21.495,High,Rapidly Growing,8.895,40.1755,8.0,0.0,8.0,-15.0,34.9,68,42.4,68,57.6,68,Low,Medium,Medium
Network Security,Chandrapur,7,138478.42857142858,True,14.3,21.495,High,Rapidly Growing,8.7865,35.588,8.0,0.0,8.0,-15.0,25.5,64,33.1,64,48.3,64,Low,Low,Medium
Network Security,Dhule,1,204272.0,True,0.0,21.495,High,Rapidly Growing,10.1625,39.802,8.0,0.0,8.0,-15.0,12.9,52,20.8,52,36.6,52,Low,Low,Medium
Network Security,Jalgaon,3,182080.66666666666,True,5.3,21.495,High,Rapidly Growing,8.879999999999999,37.665,8.0,0.0,8.0,-15.0,17.2,56,24.8,56,40.0,56,Low,Low,Medium
Network Security,Jalna,7,132401.7142857143,True,13.0,21.495,High,Rapidly Growing,8.616499999999998,33.054500000000004,8.0,0.0,8.0,-15.0,23.4,64,31.0,64,46.0,64,Low,Low,Medium
Network Security,Kolhapur,2,182181.0,True,2.5,21.495,High,Rapidly Growing,9.7,40.227999999999994,8.0,0.0,8.0,-15.0,15.4,54,23.2,54,38.8,54,Low,Low,Medium
Network Security,Latur,3,90036.0,True,5.1,21.495,High,Rapidly Growing,9.7515,39.448,8.0,0.0,8.0,-15.0,17.7,56,25.6,56,41.2,56,Low,Low,Medium
Network Security,Mumbai,3,201908.66666666666,True,3.7,21.495,High,Rapidly Growing,9.267,35.709500000000006,8.0,0.0,8.0,-15.0,15.1,56,22.8,56,38.2,56,Low,Low,Medium
Network Security,Nagpur,4,174072.25,True,6.5,21.495,High,Rapidly Growing,9.1105,38.835,8.0,0.0,8.0,-15.0,18.8,58,26.5,58,41.8,58,Low,Low,Medium
Network Security,Nanded,4,139503.5,True,6.7,21.495,High,Rapidly Growing,8.637,35.605000000000004,8.0,0.0,8.0,-15.0,17.9,58,25.4,58,40.5,58,Low,Low,Medium
Network Security,Nashik,8,214820.125,True,18.4,21.495,High,Rapidly Growing,8.586,37.875,8.0,0.0,8.0,-15.0,30.3,66,37.8,66,52.8,66,Low,Medium,Medium
Network Security,Osmanabad,8,83099.625,True,16.7,21.495,High,Rapidly Growing,8.059999999999999,37.4765,8.0,0.0,8.0,-15.0,28.3,66,35.7,66,50.5,66,Low,Medium,Medium
Network Security,Parbhani,5,157751.2,True,8.2,21.495,High,Rapidly Growing,9.2835,38.364,8.0,0.0,8.0,-15.0,20.4,60,28.1,60,43.5,60,Low,Low,Medium
Network Security,Pune,7,206339.57142857142,True,16.7,21.495,High,Rapidly Growing,8.681999999999999,40.851,8.0,0.0,8.0,-15.0,29.5,64,37.0,64,52.1,64,Low,Medium,Medium
Network Security,Raigad,5,120778.6,True,11.4,21.495,High,Rapidly Growing,9.9115,39.47,8.0,0.0,8.0,-15.0,24.1,60,31.9,60,47.6,60,Low,Low,Medium
Network Security,Sangli,9,119988.22222222222,True,25.0,21.495,High,Rapidly Growing,9.5185,37.182,8.0,0.0,8.0,-15.0,36.9,68,44.7,68,60.2,68,Medium,Medium,Medium
Network Security,Satara,4,55666.75,True,7.5,21.495,High,Rapidly Growing,9.8795,40.648,8.0,0.0,8.0,-15.0,20.5,58,28.4,58,44.1,58,Low,Low,Medium
Network Security,Solapur,2,85447.5,True,2.4,21.495,High,Rapidly Growing,9.0745,41.6085,8.0,0.0,8.0,-15.0,15.5,54,23.2,54,38.5,54,Low,Low,Medium
Network Security,Yavatmal,3,111500.33333333333,True,4.8,21.495,High,Rapidly Growing,9.310500000000001,37.6325,8.0,0.0,8.0,-15.0,16.8,56,24.5,56,39.9,56,Low,Low,Medium
Networking,Ahmednagar,2,262564.5,False,2.3,0.0,,,8.46,36.595,0.0,0.0,0.0,0.0,15.4,46,17.5,46,21.7,46,Low,Low,Low
Networking,Akola,3,200793.33333333334,False,4.3,0.0,,,9.0,33.019,0.0,0.0,0.0,0.0,16.5,48,18.7,48,23.2,48,Low,Low,Low
Networking,Amravati,3,225134.0,False,6.5,0.0,,,8.8925,37.6035,0.0,0.0,0.0,0.0,20.0,48,22.2,48,26.7,48,Low,Low,Low
Networking,Aurangabad,3,60420.0,False,5.1,0.0,,,7.6,38.486000000000004,0.0,0.0,0.0,0.0,18.5,48,20.4,48,24.2,48,Low,Low,Low
Networking,Beed,7,184220.14285714287,False,17.1,0.0,,,9.5965,42.417,0.0,0.0,0.0,0.0,32.2,56,34.6,56,39.4,56,Low,Low,Medium
Networking,Bhiwandi,5,194059.6,False,11.1,0.0,,,8.895,40.1755,0.0,0.0,0.0,0.0,25.4,52,27.6,52,32.0,52,Low,Low,Low
Networking,Chandrapur,2,48643.5,False,2.4,0.0,,,8.7865,35.588,0.0,0.0,0.0,0.0,15.3,46,17.5,46,21.9,46,Low,Low,Low
Networking,Dhule,2,211144.0,False,3.0,0.0,,,10.1625,39.802,0.0,0.0,0.0,0.0,17.5,46,20.0,46,25.1,46,Low,Low,Low
Networking,Jalgaon,4,51362.0,False,7.9,0.0,,,8.879999999999999,37.665,0.0,0.0,0.0,0.0,21.4,50,23.6,50,28.1,50,Low,Low,Low
Networking,Jalna,5,112204.6,False,8.7,0.0,,,8.616499999999998,33.054500000000004,0.0,0.0,0.0,0.0,20.8,52,22.9,52,27.2,52,Low,Low,Low
Networking,Kolhapur,4,143133.25,False,7.5,0.0,,,9.7,40.227999999999994,0.0,0.0,0.0,0.0,22.0,50,24.4,50,29.3,50,Low,Low,Low
Networking,Latur,4,198034.25,False,7.7,0.0,,,9.7515,39.448,0.0,0.0,0.0,0.0,22.0,50,24.4,50,29.3,50,Low,Low,Low
Networking,Mumbai,4,76887.75,False,7.4,0.0,,,9.267,35.709500000000006,0.0,0.0,0.0,0.0,20.4,50,22.7,50,27.4,50,Low,Low,Low
Networking,Nagpur,4,143932.5,False,6.5,0.0,,,9.1105,38.835,0.0,0.0,0.0,0.0,20.4,50,22.7,50,27.3,50,Low,Low,Low
Networking,Nashik,8,96657.375,False,18.4,0.0,,,8.586,37.875,0.0,0.0,0.0,0.0,31.9,58,34.1,58,38.3,58,Low,Low,Medium
Networking,Osmanabad,3,240416.33333333334,False,4.8,0.0,,,8.059999999999999,37.4765,0.0,0.0,0.0,0.0,18.1,48,20.1,48,24.1,48,Low,Low,Low
Networking,Parbhani,3,150697.33333333334,False,4.1,0.0,,,9.2835,38.364,0.0,0.0,0.0,0.0,17.9,48,20.3,48,24.9,48,Low,Low,Low
Networking,Pune,2,46978.5,False,2.8,0.0,,,8.681999999999999,40.851,0.0,0.0,0.0,0.0,17.2,46,19.4,46,23.7,46,Low,Low,Low
Networking,Raigad,8,103377.5,False,20.0,0.0,,,9.9115,39.47,0.0,0.0,0.0,0.0,34.3,58,36.8,58,41.8,58,Low,Medium,Medium
Networking,Sangli,2,157992.0,False,3.1,0.0,,,9.5185,37.182,0.0,0.0,0.0,0.0,16.6,46,19.0,46,23.8,46,Low,Low,Low
Networking,Satara,2,87411.5,False,2.5,0.0,,,9.8795,40.648,0.0,0.0,0.0,0.0,17.2,46,19.6,46,24.6,46,Low,Low,Low
Networking,Solapur,5,179482.2,False,9.5,0.0,,,9.0745,41.6085,0.0,0.0,0.0,0.0,24.3,52,26.5,52,31.1,52,Low,Low,Low
Networking,Yavatmal,2,83667.5,False,2.4,0.0,,,9.310500000000001,37.6325,0.0,0.0,0.0,0.0,16.0,46,18.3,46,23.0,46,Low,Low,Low
Node.js,Ahmednagar,6,142081.66666666666,True,11.6,3.1825,Medium,Stable,8.46,36.595,0.0,0.0,0.0,-5.0,20.5,62,23.4,62,29.2,62,Low,Low,Low
Node.js,Akola,6,113832.33333333333,True,10.6,3.1825,Medium,Stable,9.0,33.019,0.0,0.0,0.0,-5.0,18.6,62,21.6,62,27.7,62,Low,Low,Low
Node.js,Amravati,6,125168.16666666667,True,16.1,3.1825,Medium,Stable,8.8925,37.6035,0.0,0.0,0.0,-5.0,25.4,62,28.4,62,34.5,62,Low,Low,Low
Node.js,Aurangabad,4,120923.75,True,7.7,3.1825,Medium,Stable,7.6,38.486000000000004,0.0,0.0,0.0,-5.0,16.9,58,19.6,58,25.0,58,Low,Low,Low
Node.js,Beed,5,104996.8,True,11.4,3.1825,Medium,Stable,9.5965,42.417,0.0,0.0,0.0,-5.0,22.3,60,25.5,60,31.9,60,Low,Low,Low
Node.js,Bhiwandi,6,147577.33333333334,True,13.9,3.1825,Medium,Stable,8.895,40.1755,0.0,0.0,0.0,-5.0,24.0,62,27.0,62,33.0,62,Low,Low,Low
Node.js,Chandrapur,3,236642.0,True,4.8,3.1825,Medium,Stable,8.7865,35.588,0.0,0.0,0.0,-5.0,13.5,56,16.5,56,22.4,56,Low,Low,Low
Node.js,Dhule,4,235554.75,True,9.1,3.1825,Medium,Stable,10.1625,39.802,0.0,0.0,0.0,-5.0,19.4,58,22.7,58,29.4,58,Low,Low,Low
Node.js,Jalgaon,3,87200.0,True,5.3,3.1825,Medium,Stable,8.879999999999999,37.665,0.0,0.0,0.0,-5.0,14.6,56,17.6,56,23.7,56,Low,Low,Low
Node.js,Jalna,1,411245.0,True,0.0,3.1825,Medium,Stable,8.616499999999998,33.054500000000004,0.0,0.0,0.0,-5.0,7.9,52,10.8,52,16.7,52,Low,Low,Low
Node.js,Kolhapur,1,87737.0,True,0.0,3.1825,Medium,Stable,9.7,40.227999999999994,0.0,0.0,0.0,-5.0,10.3,52,13.5,52,20.0,52,Low,Low,Low
Node.js,Latur,1,139767.0,True,0.0,3.1825,Medium,Stable,9.7515,39.448,0.0,0.0,0.0,-5.0,10.1,52,13.3,52,19.8,52,Low,Low,Low
Node.js,Mumbai,8,127985.0,True,22.2,3.1825,Medium,Stable,9.267,35.709500000000006,0.0,0.0,0.0,-5.0,31.0,66,34.1,66,40.4,66,Low,Low,Medium
Node.js,Nagpur,8,206286.5,True,15.2,3.1825,Medium,Stable,9.1105,38.835,0.0,0.0,0.0,-5.0,24.9,66,28.0,66,34.1,66,Low,Low,Low
Node.js,Nanded,5,227581.0,True,8.9,3.1825,Medium,Stable,8.637,35.605000000000004,0.0,0.0,0.0,-5.0,17.5,60,20.5,60,26.4,60,Low,Low,Low
Node.js,Nashik,3,185687.0,True,5.3,3.1825,Medium,Stable,8.586,37.875,0.0,0.0,0.0,-5.0,14.6,56,17.5,56,23.4,56,Low,Low,Low
Node.js,Osmanabad,4,99231.25,True,7.1,3.1825,Medium,Stable,8.059999999999999,37.4765,0.0,0.0,0.0,-5.0,16.2,58,19.0,58,24.6,58,Low,Low,Low
Node.js,Parbhani,4,113173.0,True,6.1,3.1825,Medium,Stable,9.2835,38.364,0.0,0.0,0.0,-5.0,15.7,58,18.8,58,25.1,58,Low,Low,Low
Node.js,Pune,1,15830.0,True,0.0,3.1825,Medium,Stable,8.681999999999999,40.851,0.0,0.0,0.0,-5.0,10.2,52,13.2,52,19.1,52,Low,Low,Low
Node.js,Raigad,8,156409.375,True,20.0,3.1825,Medium,Stable,9.9115,39.47,0.0,0.0,0.0,-5.0,30.1,66,33.4,66,39.9,66,Low,Low,Medium
Node.js,Sangli,3,142998.66666666666,True,6.2,3.1825,Medium,Stable,9.5185,37.182,0.0,0.0,0.0,-5.0,15.5,56,18.7,56,25.1,56,Low,Low,Low
Node.js,Satara,5,132900.4,True,10.0,3.1825,Medium,Stable,9.8795,40.648,0.0,0.0,0.0,-5.0,20.5,60,23.7,60,30.3,60,Low,Low,Low
Node.js,Solapur,2,87611.5,True,2.4,3.1825,Medium,Stable,9.0745,41.6085,0.0,0.0,0.0,-5.0,12.9,54,16.0,54,22.1,54,Low,Low,Low
Node.js,Yavatmal,3,94844.33333333333,True,4.8,3.1825,Medium,Stable,9.310500000000001,37.6325,0.0,0.0,0.0,-5.0,14.2,56,17.3,56,23.6,56,Low,Low,Low
NumPy,Ahmednagar,7,85599.85714285714,False,14.0,0.0,,,8.46,36.595,0.0,0.0,0.0,0.0,27.1,56,29.2,56,33.4,56,Low,Low,Low
NumPy,Akola,4,97767.0,False,6.4,0.0,,,9.0,33.019,0.0,0.0,0.0,0.0,18.6,50,20.8,50,25.3,50,Low,Low,Low
NumPy,Amravati,4,75588.5,False,9.7,0.0,,,8.8925,37.6035,0.0,0.0,0.0,0.0,23.2,50,25.4,50,29.9,50,Low,Low,Low
NumPy,Aurangabad,3,128646.0,False,5.1,0.0,,,7.6,38.486000000000004,0.0,0.0,0.0,0.0,18.5,48,20.4,48,24.2,48,Low,Low,Low
NumPy,Beed,7,220160.57142857142,False,17.1,0.0,,,9.5965,42.417,0.0,0.0,0.0,0.0,32.2,56,34.6,56,39.4,56,Low,Low,Medium
NumPy,Bhiwandi,1,45431.0,False,0.0,0.0,,,8.895,40.1755,0.0,0.0,0.0,0.0,14.3,44,16.5,44,20.9,44,Low,Low,Low
NumPy,Chandrapur,4,109864.75,False,7.1,0.0,,,8.7865,35.588,0.0,0.0,0.0,0.0,20.0,50,22.2,50,26.6,50,Low,Low,Low
NumPy,Dhule,4,98791.5,False,9.1,0.0,,,10.1625,39.802,0.0,0.0,0.0,0.0,23.6,50,26.1,50,31.2,50,Low,Low,Low
NumPy,Jalgaon,2,133682.5,False,2.6,0.0,,,8.879999999999999,37.665,0.0,0.0,0.0,0.0,16.1,46,18.3,46,22.8,46,Low,Low,Low
NumPy,Jalna,3,68244.33333333333,False,4.3,0.0,,,8.616499999999998,33.054500000000004,0.0,0.0,0.0,0.0,16.4,48,18.5,48,22.8,48,Low,Low,Low
NumPy,Kolhapur,2,73417.0,False,2.5,0.0,,,9.7,40.227999999999994,0.0,0.0,0.0,0.0,17.0,46,19.4,46,24.3,46,Low,Low,Low
NumPy,Latur,4,326043.5,False,7.7,0.0,,,9.7515,39.448,0.0,0.0,0.0,0.0,22.0,50,24.4,50,29.3,50,Low,Low,Low
NumPy,Mumbai,3,52206.333333333336,False,3.7,0.0,,,9.267,35.709500000000006,0.0,0.0,0.0,0.0,16.7,48,19.0,48,23.7,48,Low,Low,Low
NumPy,Nagpur,4,161244.5,False,6.5,0.0,,,9.1105,38.835,0.0,0.0,0.0,0.0,20.4,50,22.7,50,27.3,50,Low,Low,Low
NumPy,Nanded,5,108882.4,False,8.9,0.0,,,8.637,35.605000000000004,0.0,0.0,0.0,0.0,21.7,52,23.9,52,28.2,52,Low,Low,Low
NumPy,Nashik,3,68969.0,False,5.3,0.0,,,8.586,37.875,0.0,0.0,0.0,0.0,18.8,48,21.0,48,25.2,48,Low,Low,Low
NumPy,Osmanabad,8,164699.5,False,16.7,0.0,,,8.059999999999999,37.4765,0.0,0.0,0.0,0.0,30.0,58,32.0,58,36.0,58,Low,Low,Medium
NumPy,Parbhani,2,109147.0,False,2.0,0.0,,,9.2835,38.364,0.0,0.0,0.0,0.0,15.8,46,18.2,46,22.8,46,Low,Low,Low
NumPy,Pune,3,177175.0,False,5.6,0.0,,,8.681999999999999,40.851,0.0,0.0,0.0,0.0,20.0,48,22.2,48,26.5,48,Low,Low,Low
NumPy,Raigad,1,275835.0,False,0.0,0.0,,,9.9115,39.47,0.0,0.0,0.0,0.0,14.3,44,16.8,44,21.8,44,Low,Low,Low
NumPy,Sangli,9,91045.22222222222,False,25.0,0.0,,,9.5185,37.182,0.0,0.0,0.0,0.0,38.5,60,40.9,60,45.7,60,Medium,Medium,Medium
NumPy,Satara,3,64276.666666666664,False,5.0,0.0,,,9.8795,40.648,0.0,0.0,0.0,0.0,19.7,48,22.1,48,27.1,48,Low,Low,Low
NumPy,Solapur,6,47399.666666666664,False,11.9,0.0,,,9.0745,41.6085,0.0,0.0,0.0,0.0,26.7,54,28.9,54,33.5,54,Low,Low,Low
NumPy,Yavatmal,6,73783.66666666667,False,11.9,0.0,,,9.310500000000001,37.6325,0.0,0.0,0.0,0.0,25.5,54,27.8,54,32.5,54,Low,Low,Low
Pandas,Ahmednagar,5,106753.6,False,9.3,0.0,,,8.46,36.595,0.0,0.0,0.0,0.0,22.4,52,24.5,52,28.7,52,Low,Low,Low
Pandas,Akola,6,149653.66666666666,False,10.6,0.0,,,9.0,33.019,0.0,0.0,0.0,0.0,22.8,54,25.0,54,29.5,54,Low,Low,Low
Pandas,Amravati,7,93803.57142857143,False,19.4,0.0,,,8.8925,37.6035,0.0,0.0,0.0,0.0,32.9,56,35.1,56,39.6,56,Low,Medium,Medium
Pandas,Aurangabad,2,188716.5,False,2.6,0.0,,,7.6,38.486000000000004,0.0,0.0,0.0,0.0,16.0,46,17.9,46,21.7,46,Low,Low,Low
Pandas,Beed,5,214510.6,False,11.4,0.0,,,9.5965,42.417,0.0,0.0,0.0,0.0,26.5,52,28.9,52,33.7,52,Low,Low,Low
Pandas,Bhiwandi,2,45075.0,False,2.8,0.0,,,8.895,40.1755,0.0,0.0,0.0,0.0,17.1,46,19.3,46,23.7,46,Low,Low,Low
Pandas,Chandrapur,1,45926.0,False,0.0,0.0,,,8.7865,35.588,0.0,0.0,0.0,0.0,12.9,44,15.1,44,19.5,44,Low,Low,Low
Pandas,Dhule,5,76899.8,False,12.1,0.0,,,10.1625,39.802,0.0,0.0,0.0,0.0,26.6,52,29.1,52,34.2,52,Low,Low,Low
Pandas,Jalgaon,3,103373.33333333333,False,5.3,0.0,,,8.879999999999999,37.665,0.0,0.0,0.0,0.0,18.8,48,21.0,48,25.5,48,Low,Low,Low
Pandas,Jalna,3,83395.33333333333,False,4.3,0.0,,,8.616499999999998,33.054500000000004,0.0,0.0,0.0,0.0,16.4,48,18.5,48,22.8,48,Low,Low,Low
Pandas,Kolhapur,5,150616.6,False,10.0,0.0,,,9.7,40.227999999999994,0.0,0.0,0.0,0.0,24.5,52,26.9,52,31.8,52,Low,Low,Low
Pandas,Latur,4,251653.75,False,7.7,0.0,,,9.7515,39.448,0.0,0.0,0.0,0.0,22.0,50,24.4,50,29.3,50,Low,Low,Low
Pandas,Mumbai,5,84425.0,False,11.1,0.0,,,9.267,35.709500000000006,0.0,0.0,0.0,0.0,24.1,52,26.4,52,31.1,52,Low,Low,Low
Pandas,Nagpur,3,55423.333333333336,False,4.3,0.0,,,9.1105,38.835,0.0,0.0,0.0,0.0,18.2,48,20.5,48,25.1,48,Low,Low,Low
Pandas,Nanded,5,108882.4,False,8.9,0.0,,,8.637,35.605000000000004,0.0,0.0,0.0,0.0,21.7,52,23.9,52,28.2,52,Low,Low,Low
Pandas,Nashik,3,60419.0,False,5.3,0.0,,,8.586,37.875,0.0,0.0,0.0,0.0,18.8,48,21.0,48,25.2,48,Low,Low,Low
Pandas,Osmanabad,6,144191.16666666666,False,11.9,0.0,,,8.059999999999999,37.4765,0.0,0.0,0.0,0.0,25.2,54,27.2,54,31.2,54,Low,Low,Low
Pandas,Parbhani,1,23110.0,False,0.0,0.0,,,9.2835,38.364,0.0,0.0,0.0,0.0,13.8,44,16.2,44,20.8,44,Low,Low,Low
Pandas,Pune,4,82576.75,False,8.3,0.0,,,8.681999999999999,40.851,0.0,0.0,0.0,0.0,22.7,50,24.9,50,29.2,50,Low,Low,Low
Pandas,Raigad,4,105827.25,False,8.6,0.0,,,9.9115,39.47,0.0,0.0,0.0,0.0,22.9,50,25.4,50,30.4,50,Low,Low,Low
Pandas,Sangli,7,60681.42857142857,False,18.7,0.0,,,9.5185,37.182,0.0,0.0,0.0,0.0,32.2,56,34.6,56,39.4,56,Low,Low,Medium
Pandas,Satara,3,112449.66666666667,False,5.0,0.0,,,9.8795,40.648,0.0,0.0,0.0,0.0,19.7,48,22.1,48,27.1,48,Low,Low,Low
Pandas,Solapur,6,72548.66666666667,False,11.9,0.0,,,9.0745,41.6085,0.0,0.0,0.0,0.0,26.7,54,28.9,54,33.5,54,Low,Low,Low
Pandas,Yavatmal,6,116414.33333333333,False,11.9,0.0,,,9.310500000000001,37.6325,0.0,0.0,0.0,0.0,25.5,54,27.8,54,32.5,54,Low,Low,Low
Patient Care,Ahmednagar,5,101763.4,True,9.3,15.174999999999999,Low,Growing,8.46,36.595,0.0,0.0,0.0,0.0,26.2,60,32.1,60,43.9,60,Low,Low,Medium
Patient Care,Akola,5,87298.2,True,8.5,15.174999999999999,Low,Growing,9.0,33.019,0.0,0.0,0.0,0.0,24.4,60,30.5,60,42.6,60,Low,Low,Medium
Patient Care,Amravati,4,157995.75,True,9.7,15.174999999999999,Low,Growing,8.8925,37.6035,0.0,0.0,0.0,0.0,27.0,58,33.0,58,45.0,58,Low,Low,Medium
Patient Care,Aurangabad,6,137217.5,True,12.8,15.174999999999999,Low,Growing,7.6,38.486000000000004,0.0,0.0,0.0,0.0,30.0,62,35.7,62,47.1,62,Low,Medium,Medium
Patient Care,Beed,5,108631.2,True,11.4,15.174999999999999,Low,Growing,9.5965,42.417,0.0,0.0,0.0,0.0,30.3,60,36.5,60,48.9,60,Low,Medium,Medium
Patient Care,Bhiwandi,5,194094.4,True,11.1,15.174999999999999,Low,Growing,8.895,40.1755,0.0,0.0,0.0,0.0,29.2,60,35.2,60,47.2,60,Low,Medium,Medium
Patient Care,Chandrapur,6,200982.5,True,11.9,15.174999999999999,Low,Growing,8.7865,35.588,0.0,0.0,0.0,0.0,28.6,62,34.6,62,46.5,62,Low,Low,Medium
Patient Care,Dhule,7,109556.42857142857,True,18.2,15.174999999999999,Low,Growing,10.1625,39.802,0.0,0.0,0.0,0.0,36.5,64,42.8,64,55.5,64,Medium,Medium,Medium
Patient Care,Jalgaon,5,97620.8,True,10.5,15.174999999999999,Low,Growing,8.879999999999999,37.665,0.0,0.0,0.0,0.0,27.8,60,33.8,60,45.9,60,Low,Low,Medium
Patient Care,Jalna,1,17540.0,True,0.0,15.174999999999999,Low,Growing,8.616499999999998,33.054500000000004,0.0,0.0,0.0,0.0,15.9,52,21.8,52,33.7,52,Low,Low,Low
Patient Care,Kolhapur,5,123796.6,True,10.0,15.174999999999999,Low,Growing,9.7,40.227999999999994,0.0,0.0,0.0,0.0,28.3,60,34.5,60,46.9,60,Low,Low,Medium
Patient Care,Latur,2,47639.0,True,2.6,15.174999999999999,Low,Growing,9.7515,39.448,0.0,0.0,0.0,0.0,20.7,54,26.9,54,39.4,54,Low,Low,Medium
Patient Care,Mumbai,4,220696.75,True,7.4,15.174999999999999,Low,Growing,9.267,35.709500000000006,0.0,0.0,0.0,0.0,24.2,58,30.3,58,42.6,58,Low,Low,Medium
Patient Care,Nagpur,10,187337.5,True,19.6,15.174999999999999,Low,Growing,9.1105,38.835,0.0,0.0,0.0,0.0,37.3,70,43.4,70,55.5,70,Medium,Medium,Medium
Patient Care,Nanded,4,190716.25,True,6.7,15.174999999999999,Low,Growing,8.637,35.605000000000004,0.0,0.0,0.0,0.0,23.3,58,29.3,58,41.2,58,Low,Low,Medium
Patient Care,Nashik,5,120971.0,True,10.5,15.174999999999999,Low,Growing,8.586,37.875,0.0,0.0,0.0,0.0,27.8,60,33.7,60,45.6,60,Low,Low,Medium
Patient Care,Osmanabad,3,160246.33333333334,True,4.8,15.174999999999999,Low,Growing,8.059999999999999,37.4765,0.0,0.0,0.0,0.0,21.9,56,27.7,56,39.3,56,Low,Low,Medium
Patient Care,Parbhani,8,164748.625,True,14.3,15.174999999999999,Low,Growing,9.2835,38.364,0.0,0.0,0.0,0.0,31.9,66,38.0,66,50.3,66,Low,Medium,Medium
Patient Care,Pune,6,87682.66666666667,True,13.9,15.174999999999999,Low,Growing,8.681999999999999,40.851,0.0,0.0,0.0,0.0,32.1,62,38.1,62,50.0,62,Low,Medium,Medium
Patient Care,Raigad,5,78273.2,True,11.4,15.174999999999999,Low,Growing,9.9115,39.47,0.0,0.0,0.0,0.0,29.5,60,35.8,60,48.3,60,Low,Medium,Medium
Patient Care,Sangli,6,148142.0,True,15.6,15.174999999999999,Low,Growing,9.5185,37.182,0.0,0.0,0.0,0.0,32.9,62,39.1,62,51.4,62,Low,Medium,Medium
Patient Care,Satara,8,136920.5,True,17.5,15.174999999999999,Low,Growing,9.8795,40.648,0.0,0.0,0.0,0.0,36.0,66,42.2,66,54.7,66,Medium,Medium,Medium
Patient Care,Solapur,3,56518.666666666664,True,4.8,15.174999999999999,Low,Growing,9.0745,41.6085,0.0,0.0,0.0,0.0,23.3,56,29.4,56,41.5,56,Low,Low,Medium
Patient Care,Yavatmal,7,188056.2857142857,True,14.3,15.174999999999999,Low,Growing,9.310500000000001,37.6325,0.0,0.0,0.0,0.0,31.7,64,37.8,64,50.1,64,Low,Medium,Medium
Payroll,Ahmednagar,4,175431.75,False,7.0,0.0,,,8.46,36.595,0.0,0.0,0.0,0.0,20.1,50,22.2,50,26.4,50,Low,Low,Low
Payroll,Akola,5,129548.4,False,8.5,0.0,,,9.0,33.019,0.0,0.0,0.0,0.0,20.7,52,22.9,52,27.4,52,Low,Low,Low
Payroll,Amravati,5,148367.4,False,12.9,0.0,,,8.8925,37.6035,0.0,0.0,0.0,0.0,26.4,52,28.6,52,33.1,52,Low,Low,Low
Payroll,Aurangabad,1,396694.0,False,0.0,0.0,,,7.6,38.486000000000004,0.0,0.0,0.0,0.0,13.4,44,15.3,44,19.1,44,Low,Low,Low
Payroll,Beed,3,161279.0,False,5.7,0.0,,,9.5965,42.417,0.0,0.0,0.0,0.0,20.8,48,23.2,48,28.0,48,Low,Low,Low
Payroll,Bhiwandi,3,190554.0,False,5.6,0.0,,,8.895,40.1755,0.0,0.0,0.0,0.0,19.9,48,22.1,48,26.5,48,Low,Low,Low
Payroll,Chandrapur,4,264224.0,False,7.1,0.0,,,8.7865,35.588,0.0,0.0,0.0,0.0,20.0,50,22.2,50,26.6,50,Low,Low,Low
Payroll,Dhule,3,51492.0,False,6.1,0.0,,,10.1625,39.802,0.0,0.0,0.0,0.0,20.6,48,23.1,48,28.2,48,Low,Low,Low
Payroll,Jalgaon,4,37420.5,False,7.9,0.0,,,8.879999999999999,37.665,0.0,0.0,0.0,0.0,21.4,50,23.6,50,28.1,50,Low,Low,Low
Payroll,Jalna,7,86874.85714285714,False,13.0,0.0,,,8.616499999999998,33.054500000000004,0.0,0.0,0.0,0.0,25.1,56,27.2,56,31.5,56,Low,Low,Low
Payroll,Kolhapur,5,114627.8,False,10.0,0.0,,,9.7,40.227999999999994,0.0,0.0,0.0,0.0,24.5,52,26.9,52,31.8,52,Low,Low,Low
Payroll,Latur,6,121796.66666666667,False,12.8,0.0,,,9.7515,39.448,0.0,0.0,0.0,0.0,27.1,54,29.5,54,34.4,54,Low,Low,Low
Payroll,Mumbai,3,153971.33333333334,False,3.7,0.0,,,9.267,35.709500000000006,0.0,0.0,0.0,0.0,16.7,48,19.0,48,23.7,48,Low,Low,Low
Payroll,Nagpur,5,165823.6,False,8.7,0.0,,,9.1105,38.835,0.0,0.0,0.0,0.0,22.6,52,24.9,52,29.5,52,Low,Low,Low
Payroll,Nanded,5,180422.2,False,8.9,0.0,,,8.637,35.605000000000004,0.0,0.0,0.0,0.0,21.7,52,23.9,52,28.2,52,Low,Low,Low
Payroll,Nashik,10,161453.3,False,23.7,0.0,,,8.586,37.875,0.0,0.0,0.0,0.0,37.2,62,39.4,62,43.6,62,Medium,Medium,Medium
Payroll,Osmanabad,12,163992.58333333334,False,26.2,0.0,,,8.059999999999999,37.4765,0.0,0.0,0.0,0.0,39.5,66,41.5,66,45.5,66,Medium,Medium,Medium
Payroll,Parbhani,2,89701.0,False,2.0,0.0,,,9.2835,38.364,0.0,0.0,0.0,0.0,15.8,46,18.2,46,22.8,46,Low,Low,Low
Payroll,Pune,7,140763.85714285713,False,16.7,0.0,,,8.681999999999999,40.851,0.0,0.0,0.0,0.0,31.1,56,33.3,56,37.6,56,Low,Low,Medium
Payroll,Raigad,10,63727.8,False,25.7,0.0,,,9.9115,39.47,0.0,0.0,0.0,0.0,40.0,62,42.5,62,47.5,62,Medium,Medium,Medium
Payroll,Sangli,4,37328.25,False,9.4,0.0,,,9.5185,37.182,0.0,0.0,0.0,0.0,22.9,50,25.3,50,30.1,50,Low,Low,Low
Payroll,Satara,7,116182.14285714286,False,15.0,0.0,,,9.8795,40.648,0.0,0.0,0.0,0.0,29.7,56,32.1,56,37.1,56,Low,Low,Medium
Payroll,Solapur,6,59999.333333333336,False,11.9,0.0,,,9.0745,41.6085,0.0,0.0,0.0,0.0,26.7,54,28.9,54,33.5,54,Low,Low,Low
Payroll,Yavatmal,1,31818.0,False,0.0,0.0,,,9.310500000000001,37.6325,0.0,0.0,0.0,0.0,13.6,44,15.9,44,20.6,44,Low,Low,Low
Penetration Testing,Ahmednagar,7,135383.85714285713,True,14.0,26.817500000000003,Low,Rapidly Growing,8.46,36.595,8.0,0.0,8.0,0.0,41.8,64,50.6,64,68.3,64,Medium,Medium,High
Penetration Testing,Akola,3,139999.66666666666,True,4.3,26.817500000000003,Low,Rapidly Growing,9.0,33.019,8.0,0.0,8.0,0.0,31.2,56,40.1,56,58.0,56,Low,Medium,Medium
Penetration Testing,Amravati,4,115385.25,True,9.7,26.817500000000003,Low,Rapidly Growing,8.8925,37.6035,8.0,0.0,8.0,0.0,37.9,58,46.8,58,64.7,58,Medium,Medium,Medium
Penetration Testing,Aurangabad,8,169910.625,True,17.9,26.817500000000003,Low,Rapidly Growing,7.6,38.486000000000004,8.0,0.0,8.0,0.0,46.1,66,54.7,66,71.9,66,Medium,Medium,High
Penetration Testing,Beed,6,76042.0,True,14.3,26.817500000000003,Low,Rapidly Growing,9.5965,42.417,8.0,0.0,8.0,0.0,44.1,62,53.2,62,71.4,62,Medium,Medium,High
Penetration Testing,Bhiwandi,5,109124.2,True,11.1,26.817500000000003,Low,Rapidly Growing,8.895,40.1755,8.0,0.0,8.0,0.0,40.1,60,49.0,60,66.9,60,Medium,Medium,High
Penetration Testing,Chandrapur,8,111305.5,True,16.7,26.817500000000003,Low,Rapidly Growing,8.7865,35.588,8.0,0.0,8.0,0.0,44.3,66,53.2,66,71.0,66,Medium,Medium,High
Penetration Testing,Dhule,2,114793.5,True,3.0,26.817500000000003,Low,Rapidly Growing,10.1625,39.802,8.0,0.0,8.0,0.0,32.2,54,41.4,54,59.9,54,Low,Medium,Medium
Penetration Testing,Jalgaon,3,160516.0,True,5.3,26.817500000000003,Low,Rapidly Growing,8.879999999999999,37.665,8.0,0.0,8.0,0.0,33.5,56,42.4,56,60.3,56,Low,Medium,Medium
Penetration Testing,Jalna,6,100079.16666666667,True,10.9,26.817500000000003,Low,Rapidly Growing,8.616499999999998,33.054500000000004,8.0,0.0,8.0,0.0,37.7,62,46.5,62,64.3,62,Medium,Medium,Medium
Penetration Testing,Kolhapur,1,30311.0,True,0.0,26.817500000000003,Low,Rapidly Growing,9.7,40.227999999999994,8.0,0.0,8.0,0.0,29.2,52,38.3,52,56.6,52,Low,Medium,Medium
Penetration Testing,Latur,4,81711.25,True,7.7,26.817500000000003,Low,Rapidly Growing,9.7515,39.448,8.0,0.0,8.0,0.0,36.7,58,45.8,58,64.1,58,Medium,Medium,Medium
Penetration Testing,Mumbai,4,208272.25,True,7.4,26.817500000000003,Low,Rapidly Growing,9.267,35.709500000000006,8.0,0.0,8.0,0.0,35.1,58,44.2,58,62.2,58,Medium,Medium,Medium
Penetration Testing,Nagpur,5,152459.0,True,8.7,26.817500000000003,Low,Rapidly Growing,9.1105,38.835,8.0,0.0,8.0,0.0,37.3,60,46.3,60,64.3,60,Medium,Medium,Medium
Penetration Testing,Nanded,3,176914.66666666666,True,4.4,26.817500000000003,Low,Rapidly Growing,8.637,35.605000000000004,8.0,0.0,8.0,0.0,31.9,56,40.8,56,58.5,56,Low,Medium,Medium
Penetration Testing,Nashik,8,214820.125,True,18.4,26.817500000000003,Low,Rapidly Growing,8.586,37.875,8.0,0.0,8.0,0.0,46.6,66,55.5,66,73.2,66,Medium,Medium,High
Penetration Testing,Osmanabad,7,90101.85714285714,True,14.3,26.817500000000003,Low,Rapidly Growing,8.059999999999999,37.4765,8.0,0.0,8.0,0.0,42.3,64,51.0,64,68.4,64,Medium,Medium,High
Penetration Testing,Parbhani,6,202064.33333333334,True,10.2,26.817500000000003,Low,Rapidly Growing,9.2835,38.364,8.0,0.0,8.0,0.0,38.7,62,47.8,62,65.8,62,Medium,Medium,High
Penetration Testing,Pune,9,157923.11111111112,True,22.2,26.817500000000003,Low,Rapidly Growing,8.681999999999999,40.851,8.0,0.0,8.0,0.0,51.3,68,60.2,68,78.0,68,Medium,Medium,High
Penetration Testing,Raigad,2,174714.0,True,2.9,26.817500000000003,Low,Rapidly Growing,9.9115,39.47,8.0,0.0,8.0,0.0,31.9,54,41.1,54,59.5,54,Low,Medium,Medium
Penetration Testing,Sangli,10,121867.4,True,28.1,26.817500000000003,Low,Rapidly Growing,9.5185,37.182,8.0,0.0,8.0,0.0,56.3,70,65.4,70,83.6,70,Medium,High,High
Penetration Testing,Satara,2,30285.5,True,2.5,26.817500000000003,Low,Rapidly Growing,9.8795,40.648,8.0,0.0,8.0,0.0,31.9,54,41.0,54,59.4,54,Low,Medium,Medium
Penetration Testing,Solapur,1,27889.0,True,0.0,26.817500000000003,Low,Rapidly Growing,9.0745,41.6085,8.0,0.0,8.0,0.0,29.5,52,38.4,52,56.4,52,Low,Medium,Medium
Penetration Testing,Yavatmal,4,54918.75,True,7.1,26.817500000000003,Low,Rapidly Growing,9.310500000000001,37.6325,8.0,0.0,8.0,0.0,35.4,58,44.5,58,62.5,58,Medium,Medium,Medium
Pharmacy Software,Ahmednagar,7,146696.0,False,14.0,0.0,,,8.46,36.595,0.0,0.0,0.0,0.0,27.1,56,29.2,56,33.4,56,Low,Low,Low
Pharmacy Software,Akola,6,188099.5,False,10.6,0.0,,,9.0,33.019,0.0,0.0,0.0,0.0,22.8,54,25.0,54,29.5,54,Low,Low,Low
Pharmacy Software,Amravati,2,339344.5,False,3.2,0.0,,,8.8925,37.6035,0.0,0.0,0.0,0.0,16.7,46,18.9,46,23.4,46,Low,Low,Low
Pharmacy Software,Aurangabad,8,99208.75,False,17.9,0.0,,,7.6,38.486000000000004,0.0,0.0,0.0,0.0,31.3,58,33.2,58,37.0,58,Low,Low,Medium
Pharmacy Software,Beed,2,160144.0,False,2.9,0.0,,,9.5965,42.417,0.0,0.0,0.0,0.0,18.0,46,20.4,46,25.2,46,Low,Low,Low
Pharmacy Software,Bhiwandi,5,44823.6,False,11.1,0.0,,,8.895,40.1755,0.0,0.0,0.0,0.0,25.4,52,27.6,52,32.0,52,Low,Low,Low
Pharmacy Software,Chandrapur,6,179740.0,False,11.9,0.0,,,8.7865,35.588,0.0,0.0,0.0,0.0,24.8,54,27.0,54,31.4,54,Low,Low,Low
Pharmacy Software,Dhule,6,81540.0,False,15.2,0.0,,,10.1625,39.802,0.0,0.0,0.0,0.0,29.7,54,32.2,54,37.3,54,Low,Low,Medium
Pharmacy Software,Jalgaon,11,87520.63636363637,False,26.3,0.0,,,8.879999999999999,37.665,0.0,0.0,0.0,0.0,39.8,64,42.0,64,46.5,64,Medium,Medium,Medium
Pharmacy Software,Jalna,7,76468.85714285714,False,13.0,0.0,,,8.616499999999998,33.054500000000004,0.0,0.0,0.0,0.0,25.1,56,27.2,56,31.5,56,Low,Low,Low
Pharmacy Software,Kolhapur,6,205911.33333333334,False,12.5,0.0,,,9.7,40.227999999999994,0.0,0.0,0.0,0.0,27.0,54,29.4,54,34.3,54,Low,Low,Low
Pharmacy Software,Latur,6,153798.33333333334,False,12.8,0.0,,,9.7515,39.448,0.0,0.0,0.0,0.0,27.1,54,29.5,54,34.4,54,Low,Low,Low
Pharmacy Software,Mumbai,4,76027.0,False,7.4,0.0,,,9.267,35.709500000000006,0.0,0.0,0.0,0.0,20.4,50,22.7,50,27.4,50,Low,Low,Low
Pharmacy Software,Nagpur,3,319528.0,False,4.3,0.0,,,9.1105,38.835,0.0,0.0,0.0,0.0,18.2,48,20.5,48,25.1,48,Low,Low,Low
Pharmacy Software,Nanded,3,254505.33333333334,False,4.4,0.0,,,8.637,35.605000000000004,0.0,0.0,0.0,0.0,17.2,48,19.4,48,23.7,48,Low,Low,Low
Pharmacy Software,Nashik,7,110146.28571428571,False,15.8,0.0,,,8.586,37.875,0.0,0.0,0.0,0.0,29.3,56,31.5,56,35.7,56,Low,Low,Medium
Pharmacy Software,Osmanabad,4,98337.5,False,7.1,0.0,,,8.059999999999999,37.4765,0.0,0.0,0.0,0.0,20.4,50,22.4,50,26.4,50,Low,Low,Low
Pharmacy Software,Parbhani,9,178204.66666666666,False,16.3,0.0,,,9.2835,38.364,0.0,0.0,0.0,0.0,30.1,60,32.5,60,37.1,60,Low,Low,Medium
Pharmacy Software,Pune,8,106602.625,False,19.4,0.0,,,8.681999999999999,40.851,0.0,0.0,0.0,0.0,33.8,58,36.0,58,40.3,58,Low,Medium,Medium
Pharmacy Software,Raigad,8,107128.375,False,20.0,0.0,,,9.9115,39.47,0.0,0.0,0.0,0.0,34.3,58,36.8,58,41.8,58,Low,Medium,Medium
Pharmacy Software,Sangli,6,67000.83333333333,False,15.6,0.0,,,9.5185,37.182,0.0,0.0,0.0,0.0,29.1,54,31.5,54,36.3,54,Low,Low,Medium
Pharmacy Software,Satara,3,29661.0,False,5.0,0.0,,,9.8795,40.648,0.0,0.0,0.0,0.0,19.7,48,22.1,48,27.1,48,Low,Low,Low
Pharmacy Software,Solapur,4,173186.0,False,7.1,0.0,,,9.0745,41.6085,0.0,0.0,0.0,0.0,21.9,50,24.1,50,28.7,50,Low,Low,Low
Pharmacy Software,Yavatmal,5,70163.6,False,9.5,0.0,,,9.310500000000001,37.6325,0.0,0.0,0.0,0.0,23.1,52,25.4,52,30.1,52,Low,Low,Low
Power BI,Ahmednagar,10,165099.5,True,20.9,24.02,Low,Rapidly Growing,8.46,36.595,0.0,0.0,0.0,0.0,40.0,70,48.1,70,64.4,70,Medium,Medium,Medium
Power BI,Akola,7,159472.85714285713,True,12.8,24.02,Low,Rapidly Growing,9.0,33.019,0.0,0.0,0.0,0.0,31.0,64,39.2,64,55.7,64,Low,Medium,Medium
Power BI,Amravati,14,126627.5,True,41.9,24.02,Low,Rapidly Growing,8.8925,37.6035,0.0,0.0,0.0,0.0,61.4,78,69.6,78,86.1,78,Medium,High,High
Power BI,Aurangabad,5,268174.4,True,10.3,24.02,Low,Rapidly Growing,7.6,38.486000000000004,0.0,0.0,0.0,0.0,29.8,60,37.7,60,53.5,60,Low,Medium,Medium
Power BI,Beed,10,131340.6,True,25.7,24.02,Low,Rapidly Growing,9.5965,42.417,0.0,0.0,0.0,0.0,46.8,70,55.2,70,72.0,70,Medium,Medium,High
Power BI,Bhiwandi,6,97279.5,True,13.9,24.02,Low,Rapidly Growing,8.895,40.1755,0.0,0.0,0.0,0.0,34.2,62,42.4,62,58.9,62,Low,Medium,Medium
Power BI,Chandrapur,7,46132.28571428572,True,14.3,24.02,Low,Rapidly Growing,8.7865,35.588,0.0,0.0,0.0,0.0,33.2,64,41.4,64,57.8,64,Low,Medium,Medium
Power BI,Dhule,8,99055.875,True,21.2,24.02,Low,Rapidly Growing,10.1625,39.802,0.0,0.0,0.0,0.0,41.7,66,50.2,66,67.3,66,Medium,Medium,High
Power BI,Jalgaon,5,91272.2,True,10.5,24.02,Low,Rapidly Growing,8.879999999999999,37.665,0.0,0.0,0.0,0.0,30.0,60,38.2,60,54.7,60,Low,Medium,Medium
Power BI,Jalna,9,108992.22222222222,True,17.4,24.02,Low,Rapidly Growing,8.616499999999998,33.054500000000004,0.0,0.0,0.0,0.0,35.5,68,43.6,68,60.0,68,Medium,Medium,Medium
Power BI,Kolhapur,8,102054.125,True,17.5,24.02,Low,Rapidly Growing,9.7,40.227999999999994,0.0,0.0,0.0,0.0,38.0,66,46.4,66,63.3,66,Medium,Medium,Medium
Power BI,Latur,3,328915.6666666667,True,5.1,24.02,Low,Rapidly Growing,9.7515,39.448,0.0,0.0,0.0,0.0,25.4,56,33.8,56,50.7,56,Low,Low,Medium
Power BI,Mumbai,6,149416.0,True,14.8,24.02,Low,Rapidly Growing,9.267,35.709500000000006,0.0,0.0,0.0,0.0,33.8,62,42.2,62,58.8,62,Low,Medium,Medium
Power BI,Nagpur,10,131842.0,True,19.6,24.02,Low,Rapidly Growing,9.1105,38.835,0.0,0.0,0.0,0.0,39.5,70,47.8,70,64.4,70,Medium,Medium,Medium
Power BI,Nanded,5,100068.2,True,8.9,24.02,Low,Rapidly Growing,8.637,35.605000000000004,0.0,0.0,0.0,0.0,27.7,60,35.9,60,52.2,60,Low,Medium,Medium
Power BI,Nashik,6,122580.83333333333,True,13.2,24.02,Low,Rapidly Growing,8.586,37.875,0.0,0.0,0.0,0.0,32.7,62,40.9,62,57.2,62,Low,Medium,Medium
Power BI,Osmanabad,8,150914.125,True,16.7,24.02,Low,Rapidly Growing,8.059999999999999,37.4765,0.0,0.0,0.0,0.0,36.0,66,44.0,66,60.0,66,Medium,Medium,Medium
Power BI,Parbhani,7,74624.28571428571,True,12.2,24.02,Low,Rapidly Growing,9.2835,38.364,0.0,0.0,0.0,0.0,32.0,64,40.4,64,57.0,64,Low,Medium,Medium
Power BI,Pune,9,119425.22222222222,True,22.2,24.02,Low,Rapidly Growing,8.681999999999999,40.851,0.0,0.0,0.0,0.0,42.6,68,50.8,68,67.2,68,Medium,Medium,High
Power BI,Raigad,6,111098.0,True,14.3,24.02,Low,Rapidly Growing,9.9115,39.47,0.0,0.0,0.0,0.0,34.6,62,43.1,62,60.1,62,Low,Medium,Medium
Power BI,Sangli,11,130721.63636363637,True,31.2,24.02,Low,Rapidly Growing,9.5185,37.182,0.0,0.0,0.0,0.0,50.7,72,59.1,72,75.9,72,Medium,Medium,High
Power BI,Satara,11,73271.90909090909,True,25.0,24.02,Low,Rapidly Growing,9.8795,40.648,0.0,0.0,0.0,0.0,45.7,72,54.1,72,71.1,72,Medium,Medium,High
Power BI,Solapur,7,104212.28571428571,True,14.3,24.02,Low,Rapidly Growing,9.0745,41.6085,0.0,0.0,0.0,0.0,35.1,64,43.3,64,59.9,64,Medium,Medium,Medium
Power BI,Yavatmal,7,101018.85714285714,True,14.3,24.02,Low,Rapidly Growing,9.310500000000001,37.6325,0.0,0.0,0.0,0.0,33.9,64,42.3,64,58.9,64,Low,Medium,Medium
Precision Tools,Ahmednagar,6,242817.66666666666,False,11.6,0.0,,,8.46,36.595,0.0,0.0,0.0,0.0,24.7,54,26.8,54,31.0,54,Low,Low,Low
Precision Tools,Akola,4,57679.0,False,6.4,0.0,,,9.0,33.019,0.0,0.0,0.0,0.0,18.6,50,20.8,50,25.3,50,Low,Low,Low
Precision Tools,Amravati,4,128346.25,False,9.7,0.0,,,8.8925,37.6035,0.0,0.0,0.0,0.0,23.2,50,25.4,50,29.9,50,Low,Low,Low
Precision Tools,Aurangabad,10,172801.1,False,23.1,0.0,,,7.6,38.486000000000004,0.0,0.0,0.0,0.0,36.5,62,38.4,62,42.2,62,Medium,Medium,Medium
Precision Tools,Beed,4,113849.75,False,8.6,0.0,,,9.5965,42.417,0.0,0.0,0.0,0.0,23.7,50,26.1,50,30.9,50,Low,Low,Low
Precision Tools,Bhiwandi,6,123809.66666666667,False,13.9,0.0,,,8.895,40.1755,0.0,0.0,0.0,0.0,28.2,54,30.4,54,34.8,54,Low,Low,Low
Precision Tools,Chandrapur,4,163210.0,False,7.1,0.0,,,8.7865,35.588,0.0,0.0,0.0,0.0,20.0,50,22.2,50,26.6,50,Low,Low,Low
Precision Tools,Dhule,6,226271.5,False,15.2,0.0,,,10.1625,39.802,0.0,0.0,0.0,0.0,29.7,54,32.2,54,37.3,54,Low,Low,Medium
Precision Tools,Jalgaon,3,95080.0,False,5.3,0.0,,,8.879999999999999,37.665,0.0,0.0,0.0,0.0,18.8,48,21.0,48,25.5,48,Low,Low,Low
Precision Tools,Jalna,3,202399.33333333334,False,4.3,0.0,,,8.616499999999998,33.054500000000004,0.0,0.0,0.0,0.0,16.4,48,18.5,48,22.8,48,Low,Low,Low
Precision Tools,Kolhapur,8,182062.125,False,17.5,0.0,,,9.7,40.227999999999994,0.0,0.0,0.0,0.0,32.0,58,34.4,58,39.3,58,Low,Low,Medium
Precision Tools,Latur,2,97108.5,False,2.6,0.0,,,9.7515,39.448,0.0,0.0,0.0,0.0,16.9,46,19.3,46,24.2,46,Low,Low,Low
Precision Tools,Mumbai,3,302282.0,False,3.7,0.0,,,9.267,35.709500000000006,0.0,0.0,0.0,0.0,16.7,48,19.0,48,23.7,48,Low,Low,Low
Precision Tools,Nagpur,7,107970.42857142857,False,13.0,0.0,,,9.1105,38.835,0.0,0.0,0.0,0.0,26.9,56,29.2,56,33.8,56,Low,Low,Low
Precision Tools,Nanded,5,192110.2,False,8.9,0.0,,,8.637,35.605000000000004,0.0,0.0,0.0,0.0,21.7,52,23.9,52,28.2,52,Low,Low,Low
Precision Tools,Nashik,9,108086.33333333333,False,21.1,0.0,,,8.586,37.875,0.0,0.0,0.0,0.0,34.6,60,36.8,60,41.0,60,Low,Medium,Medium
Precision Tools,Osmanabad,6,193335.66666666666,False,11.9,0.0,,,8.059999999999999,37.4765,0.0,0.0,0.0,0.0,25.2,54,27.2,54,31.2,54,Low,Low,Low
Precision Tools,Parbhani,6,68744.5,False,10.2,0.0,,,9.2835,38.364,0.0,0.0,0.0,0.0,24.0,54,26.4,54,31.0,54,Low,Low,Low
Precision Tools,Pune,5,135814.0,False,11.1,0.0,,,8.681999999999999,40.851,0.0,0.0,0.0,0.0,25.5,52,27.7,52,32.0,52,Low,Low,Low
Precision Tools,Raigad,3,136987.0,False,5.7,0.0,,,9.9115,39.47,0.0,0.0,0.0,0.0,20.0,48,22.5,48,27.5,48,Low,Low,Low
Precision Tools,Sangli,8,153829.0,False,21.9,0.0,,,9.5185,37.182,0.0,0.0,0.0,0.0,35.4,58,37.8,58,42.6,58,Medium,Medium,Medium
Precision Tools,Satara,3,215916.66666666666,False,5.0,0.0,,,9.8795,40.648,0.0,0.0,0.0,0.0,19.7,48,22.1,48,27.1,48,Low,Low,Low
Precision Tools,Solapur,4,275151.5,False,7.1,0.0,,,9.0745,41.6085,0.0,0.0,0.0,0.0,21.9,50,24.1,50,28.7,50,Low,Low,Low
Precision Tools,Yavatmal,6,184472.83333333334,False,11.9,0.0,,,9.310500000000001,37.6325,0.0,0.0,0.0,0.0,25.5,54,27.8,54,32.5,54,Low,Low,Low
Problem Solving,Ahmednagar,3,276500.6666666667,True,4.7,10.2225,Medium,Growing,8.46,36.595,0.0,0.0,0.0,-5.0,15.3,56,20.0,56,29.4,56,Low,Low,Low
Problem Solving,Akola,9,127411.22222222222,True,17.0,10.2225,Medium,Growing,9.0,33.019,0.0,0.0,0.0,-5.0,26.7,68,31.5,68,41.1,68,Low,Low,Medium
Problem Solving,Amravati,5,169389.4,True,12.9,10.2225,Medium,Growing,8.8925,37.6035,0.0,0.0,0.0,-5.0,24.0,60,28.7,60,38.3,60,Low,Low,Medium
Problem Solving,Aurangabad,7,163957.2857142857,True,15.4,10.2225,Medium,Growing,7.6,38.486000000000004,0.0,0.0,0.0,-5.0,26.4,64,30.9,64,39.8,64,Low,Low,Medium
Problem Solving,Beed,3,42926.333333333336,True,5.7,10.2225,Medium,Growing,9.5965,42.417,0.0,0.0,0.0,-5.0,18.4,56,23.3,56,33.2,56,Low,Low,Low
Problem Solving,Bhiwandi,4,220621.0,True,8.3,10.2225,Medium,Growing,8.895,40.1755,0.0,0.0,0.0,-5.0,20.1,58,24.9,58,34.5,58,Low,Low,Low
Problem Solving,Chandrapur,4,178020.5,True,7.1,10.2225,Medium,Growing,8.7865,35.588,0.0,0.0,0.0,-5.0,17.5,58,22.3,58,31.8,58,Low,Low,Low
Problem Solving,Dhule,4,122162.25,True,9.1,10.2225,Medium,Growing,10.1625,39.802,0.0,0.0,0.0,-5.0,21.1,58,26.2,58,36.4,58,Low,Low,Medium
Problem Solving,Jalgaon,5,79305.2,True,10.5,10.2225,Medium,Growing,8.879999999999999,37.665,0.0,0.0,0.0,-5.0,21.6,60,26.4,60,35.9,60,Low,Low,Medium
Problem Solving,Jalna,3,50712.0,True,4.3,10.2225,Medium,Growing,8.616499999999998,33.054500000000004,0.0,0.0,0.0,-5.0,13.9,56,18.6,56,28.1,56,Low,Low,Low
Problem Solving,Kolhapur,5,102300.8,True,10.0,10.2225,Medium,Growing,9.7,40.227999999999994,0.0,0.0,0.0,-5.0,22.0,60,27.0,60,37.0,60,Low,Low,Medium
Problem Solving,Latur,4,115080.25,True,7.7,10.2225,Medium,Growing,9.7515,39.448,0.0,0.0,0.0,-5.0,19.5,58,24.5,58,34.5,58,Low,Low,Low
Problem Solving,Mumbai,3,56257.666666666664,True,3.7,10.2225,Medium,Growing,9.267,35.709500000000006,0.0,0.0,0.0,-5.0,14.3,56,19.2,56,28.9,56,Low,Low,Low
Problem Solving,Nagpur,5,54460.4,True,8.7,10.2225,Medium,Growing,9.1105,38.835,0.0,0.0,0.0,-5.0,20.2,60,25.0,60,34.7,60,Low,Low,Low
Problem Solving,Nanded,9,138846.88888888888,True,17.8,10.2225,Medium,Growing,8.637,35.605000000000004,0.0,0.0,0.0,-5.0,28.2,68,32.9,68,42.3,68,Low,Low,Medium
Problem Solving,Nashik,4,175677.0,True,7.9,10.2225,Medium,Growing,8.586,37.875,0.0,0.0,0.0,-5.0,19.0,58,23.7,58,33.1,58,Low,Low,Low
Problem Solving,Osmanabad,7,229384.85714285713,True,14.3,10.2225,Medium,Growing,8.059999999999999,37.4765,0.0,0.0,0.0,-5.0,25.1,64,29.7,64,38.8,64,Low,Low,Medium
Problem Solving,Parbhani,8,188873.75,True,14.3,10.2225,Medium,Growing,9.2835,38.364,0.0,0.0,0.0,-5.0,25.7,66,30.6,66,40.3,66,Low,Low,Medium
Problem Solving,Pune,3,161527.66666666666,True,5.6,10.2225,Medium,Growing,8.681999999999999,40.851,0.0,0.0,0.0,-5.0,17.6,56,22.3,56,31.8,56,Low,Low,Low
Problem Solving,Raigad,3,63403.333333333336,True,5.7,10.2225,Medium,Growing,9.9115,39.47,0.0,0.0,0.0,-5.0,17.6,56,22.6,56,32.7,56,Low,Low,Low
Problem Solving,Sangli,4,66870.5,True,9.4,10.2225,Medium,Growing,9.5185,37.182,0.0,0.0,0.0,-5.0,20.5,58,25.4,58,35.3,58,Low,Low,Medium
Problem Solving,Satara,4,87428.5,True,7.5,10.2225,Medium,Growing,9.8795,40.648,0.0,0.0,0.0,-5.0,19.7,58,24.7,58,34.8,58,Low,Low,Low
Problem Solving,Solapur,4,134388.25,True,7.1,10.2225,Medium,Growing,9.0745,41.6085,0.0,0.0,0.0,-5.0,19.4,58,24.2,58,33.9,58,Low,Low,Low
Problem Solving,Yavatmal,6,158010.83333333334,True,11.9,10.2225,Medium,Growing,9.310500000000001,37.6325,0.0,0.0,0.0,-5.0,23.1,62,28.0,62,37.7,62,Low,Low,Medium
Process Mapping,Ahmednagar,5,228039.0,False,9.3,0.0,,,8.46,36.595,0.0,0.0,0.0,0.0,22.4,52,24.5,52,28.7,52,Low,Low,Low
Process Mapping,Akola,1,21135.0,False,0.0,0.0,,,9.0,33.019,0.0,0.0,0.0,0.0,12.2,44,14.4,44,18.9,44,Low,Low,Low
Process Mapping,Amravati,7,131513.14285714287,False,19.4,0.0,,,8.8925,37.6035,0.0,0.0,0.0,0.0,32.9,56,35.1,56,39.6,56,Low,Medium,Medium
Process Mapping,Aurangabad,1,491962.0,False,0.0,0.0,,,7.6,38.486000000000004,0.0,0.0,0.0,0.0,13.4,44,15.3,44,19.1,44,Low,Low,Low
Process Mapping,Beed,4,191438.5,False,8.6,0.0,,,9.5965,42.417,0.0,0.0,0.0,0.0,23.7,50,26.1,50,30.9,50,Low,Low,Low
Process Mapping,Bhiwandi,7,105399.85714285714,False,16.7,0.0,,,8.895,40.1755,0.0,0.0,0.0,0.0,31.0,56,33.2,56,37.6,56,Low,Low,Medium
Process Mapping,Chandrapur,5,46486.6,False,9.5,0.0,,,8.7865,35.588,0.0,0.0,0.0,0.0,22.4,52,24.6,52,29.0,52,Low,Low,Low
Process Mapping,Dhule,2,40541.0,False,3.0,0.0,,,10.1625,39.802,0.0,0.0,0.0,0.0,17.5,46,20.0,46,25.1,46,Low,Low,Low
Process Mapping,Jalgaon,4,99109.0,False,7.9,0.0,,,8.879999999999999,37.665,0.0,0.0,0.0,0.0,21.4,50,23.6,50,28.1,50,Low,Low,Low
Process Mapping,Jalna,7,139986.14285714287,False,13.0,0.0,,,8.616499999999998,33.054500000000004,0.0,0.0,0.0,0.0,25.1,56,27.2,56,31.5,56,Low,Low,Low
Process Mapping,Kolhapur,2,36761.5,False,2.5,0.0,,,9.7,40.227999999999994,0.0,0.0,0.0,0.0,17.0,46,19.4,46,24.3,46,Low,Low,Low
Process Mapping,Latur,2,223214.5,False,2.6,0.0,,,9.7515,39.448,0.0,0.0,0.0,0.0,16.9,46,19.3,46,24.2,46,Low,Low,Low
Process Mapping,Mumbai,2,28964.5,False,0.0,0.0,,,9.267,35.709500000000006,0.0,0.0,0.0,0.0,13.0,46,15.3,46,20.0,46,Low,Low,Low
Process Mapping,Nagpur,4,107300.0,False,6.5,0.0,,,9.1105,38.835,0.0,0.0,0.0,0.0,20.4,50,22.7,50,27.3,50,Low,Low,Low
Process Mapping,Nanded,4,115339.75,False,6.7,0.0,,,8.637,35.605000000000004,0.0,0.0,0.0,0.0,19.5,50,21.7,50,26.0,50,Low,Low,Low
Process Mapping,Nashik,2,220816.0,False,2.6,0.0,,,8.586,37.875,0.0,0.0,0.0,0.0,16.1,46,18.3,46,22.5,46,Low,Low,Low
Process Mapping,Osmanabad,2,73879.0,False,2.4,0.0,,,8.059999999999999,37.4765,0.0,0.0,0.0,0.0,15.7,46,17.7,46,21.7,46,Low,Low,Low
Process Mapping,Parbhani,5,77939.4,False,8.2,0.0,,,9.2835,38.364,0.0,0.0,0.0,0.0,22.0,52,24.4,52,29.0,52,Low,Low,Low
Process Mapping,Pune,7,106250.42857142857,False,16.7,0.0,,,8.681999999999999,40.851,0.0,0.0,0.0,0.0,31.1,56,33.3,56,37.6,56,Low,Low,Medium
Process Mapping,Raigad,3,224061.66666666666,False,5.7,0.0,,,9.9115,39.47,0.0,0.0,0.0,0.0,20.0,48,22.5,48,27.5,48,Low,Low,Low
Process Mapping,Sangli,4,209376.0,False,9.4,0.0,,,9.5185,37.182,0.0,0.0,0.0,0.0,22.9,50,25.3,50,30.1,50,Low,Low,Low
Process Mapping,Satara,8,72562.75,False,17.5,0.0,,,9.8795,40.648,0.0,0.0,0.0,0.0,32.2,58,34.6,58,39.6,58,Low,Low,Medium
Process Mapping,Solapur,1,29836.0,False,0.0,0.0,,,9.0745,41.6085,0.0,0.0,0.0,0.0,14.8,44,17.0,44,21.6,44,Low,Low,Low
Process Mapping,Yavatmal,4,120246.5,False,7.1,0.0,,,9.310500000000001,37.6325,0.0,0.0,0.0,0.0,20.7,50,23.0,50,27.7,50,Low,Low,Low
Production Planning,Ahmednagar,4,60962.25,False,7.0,0.0,,,8.46,36.595,0.0,0.0,0.0,0.0,20.1,50,22.2,50,26.4,50,Low,Low,Low
Production Planning,Akola,5,161247.2,False,8.5,0.0,,,9.0,33.019,0.0,0.0,0.0,0.0,20.7,52,22.9,52,27.4,52,Low,Low,Low
Production Planning,Amravati,9,127101.44444444444,False,25.8,0.0,,,8.8925,37.6035,0.0,0.0,0.0,0.0,39.3,60,41.5,60,46.0,60,Medium,Medium,Medium
Production Planning,Aurangabad,4,46499.0,False,7.7,0.0,,,7.6,38.486000000000004,0.0,0.0,0.0,0.0,21.1,50,23.0,50,26.8,50,Low,Low,Low
Production Planning,Beed,12,138191.75,False,31.4,0.0,,,9.5965,42.417,0.0,0.0,0.0,0.0,46.5,66,48.9,66,53.7,66,Medium,Medium,Medium
Production Planning,Bhiwandi,5,130201.8,False,11.1,0.0,,,8.895,40.1755,0.0,0.0,0.0,0.0,25.4,52,27.6,52,32.0,52,Low,Low,Low
Production Planning,Chandrapur,7,136727.0,False,14.3,0.0,,,8.7865,35.588,0.0,0.0,0.0,0.0,27.2,56,29.4,56,33.8,56,Low,Low,Low
Production Planning,Dhule,2,177380.5,False,3.0,0.0,,,10.1625,39.802,0.0,0.0,0.0,0.0,17.5,46,20.0,46,25.1,46,Low,Low,Low
Production Planning,Jalgaon,5,34326.4,False,10.5,0.0,,,8.879999999999999,37.665,0.0,0.0,0.0,0.0,24.0,52,26.2,52,30.7,52,Low,Low,Low
Production Planning,Jalna,3,150181.0,False,4.3,0.0,,,8.616499999999998,33.054500000000004,0.0,0.0,0.0,0.0,16.4,48,18.5,48,22.8,48,Low,Low,Low
Production Planning,Kolhapur,6,173970.33333333334,False,12.5,0.0,,,9.7,40.227999999999994,0.0,0.0,0.0,0.0,27.0,54,29.4,54,34.3,54,Low,Low,Low
Production Planning,Latur,7,146520.7142857143,False,15.4,0.0,,,9.7515,39.448,0.0,0.0,0.0,0.0,29.7,56,32.1,56,37.0,56,Low,Low,Medium
Production Planning,Mumbai,3,295467.0,False,3.7,0.0,,,9.267,35.709500000000006,0.0,0.0,0.0,0.0,16.7,48,19.0,48,23.7,48,Low,Low,Low
Production Planning,Nagpur,6,81974.16666666667,False,10.9,0.0,,,9.1105,38.835,0.0,0.0,0.0,0.0,24.8,54,27.1,54,31.7,54,Low,Low,Low
Production Planning,Nanded,1,335721.0,False,0.0,0.0,,,8.637,35.605000000000004,0.0,0.0,0.0,0.0,12.8,44,15.0,44,19.3,44,Low,Low,Low
Production Planning,Nashik,4,134039.5,False,7.9,0.0,,,8.586,37.875,0.0,0.0,0.0,0.0,21.4,50,23.6,50,27.8,50,Low,Low,Low
Production Planning,Osmanabad,4,81093.5,False,7.1,0.0,,,8.059999999999999,37.4765,0.0,0.0,0.0,0.0,20.4,50,22.4,50,26.4,50,Low,Low,Low
Production Planning,Parbhani,9,121776.55555555556,False,16.3,0.0,,,9.2835,38.364,0.0,0.0,0.0,0.0,30.1,60,32.5,60,37.1,60,Low,Low,Medium
Production Planning,Pune,5,123992.4,False,11.1,0.0,,,8.681999999999999,40.851,0.0,0.0,0.0,0.0,25.5,52,27.7,52,32.0,52,Low,Low,Low
Production Planning,Raigad,5,93407.6,False,11.4,0.0,,,9.9115,39.47,0.0,0.0,0.0,0.0,25.7,52,28.2,52,33.2,52,Low,Low,Low
Production Planning,Sangli,4,133604.0,False,9.4,0.0,,,9.5185,37.182,0.0,0.0,0.0,0.0,22.9,50,25.3,50,30.1,50,Low,Low,Low
Production Planning,Satara,4,140608.25,False,7.5,0.0,,,9.8795,40.648,0.0,0.0,0.0,0.0,22.2,50,24.6,50,29.6,50,Low,Low,Low
Production Planning,Solapur,6,318182.6666666667,False,11.9,0.0,,,9.0745,41.6085,0.0,0.0,0.0,0.0,26.7,54,28.9,54,33.5,54,Low,Low,Low
Production Planning,Yavatmal,9,119990.11111111111,False,19.0,0.0,,,9.310500000000001,37.6325,0.0,0.0,0.0,0.0,32.6,60,34.9,60,39.6,60,Low,Low,Medium
Project Management,Ahmednagar,5,98511.2,True,9.3,13.4275,Low,Growing,8.46,36.595,0.0,0.0,0.0,0.0,25.8,60,31.2,60,42.2,60,Low,Low,Medium
Project Management,Akola,6,129875.0,True,10.6,13.4275,Low,Growing,9.0,33.019,0.0,0.0,0.0,0.0,26.1,62,31.7,62,42.9,62,Low,Low,Medium
Project Management,Amravati,4,248017.0,True,9.7,13.4275,Low,Growing,8.8925,37.6035,0.0,0.0,0.0,0.0,26.6,58,32.1,58,43.3,58,Low,Low,Medium
Project Management,Aurangabad,4,120412.5,True,7.7,13.4275,Low,Growing,7.6,38.486000000000004,0.0,0.0,0.0,0.0,24.5,58,29.8,58,40.3,58,Low,Low,Medium
Project Management,Beed,8,189801.875,True,20.0,13.4275,Low,Growing,9.5965,42.417,0.0,0.0,0.0,0.0,38.5,66,44.2,66,55.7,66,Medium,Medium,Medium
Project Management,Bhiwandi,4,183413.25,True,8.3,13.4275,Low,Growing,8.895,40.1755,0.0,0.0,0.0,0.0,25.9,58,31.5,58,42.7,58,Low,Low,Medium
Project Management,Chandrapur,9,121134.33333333333,True,19.0,13.4275,Low,Growing,8.7865,35.588,0.0,0.0,0.0,0.0,35.2,68,40.8,68,51.9,68,Medium,Medium,Medium
Project Management,Dhule,6,34542.5,True,15.2,13.4275,Low,Growing,10.1625,39.802,0.0,0.0,0.0,0.0,33.0,62,38.9,62,50.7,62,Low,Medium,Medium
Project Management,Jalgaon,5,52888.4,True,10.5,13.4275,Low,Growing,8.879999999999999,37.665,0.0,0.0,0.0,0.0,27.4,60,33.0,60,44.1,60,Low,Low,Medium
Project Management,Jalna,6,157227.33333333334,True,10.9,13.4275,Low,Growing,8.616499999999998,33.054500000000004,0.0,0.0,0.0,0.0,26.3,62,31.8,62,42.9,62,Low,Low,Medium
Project Management,Kolhapur,4,150423.5,True,7.5,13.4275,Low,Growing,9.7,40.227999999999994,0.0,0.0,0.0,0.0,25.4,58,31.1,58,42.7,58,Low,Low,Medium
Project Management,Latur,4,142657.25,True,7.7,13.4275,Low,Growing,9.7515,39.448,0.0,0.0,0.0,0.0,25.3,58,31.1,58,42.7,58,Low,Low,Medium
Project Management,Mumbai,4,80715.0,True,7.4,13.4275,Low,Growing,9.267,35.709500000000006,0.0,0.0,0.0,0.0,23.8,58,29.5,58,40.8,58,Low,Low,Medium
Project Management,Nagpur,6,75375.33333333333,True,10.9,13.4275,Low,Growing,9.1105,38.835,0.0,0.0,0.0,0.0,28.2,62,33.8,62,45.1,62,Low,Low,Medium
Project Management,Nanded,3,180910.0,True,4.4,13.4275,Low,Growing,8.637,35.605000000000004,0.0,0.0,0.0,0.0,20.6,56,26.1,56,37.1,56,Low,Low,Medium
Project Management,Nashik,1,33582.0,True,0.0,13.4275,Low,Growing,8.586,37.875,0.0,0.0,0.0,0.0,16.9,52,22.4,52,33.4,52,Low,Low,Low
Project Management,Osmanabad,9,127789.66666666667,True,19.0,13.4275,Low,Growing,8.059999999999999,37.4765,0.0,0.0,0.0,0.0,35.6,68,41.0,68,51.7,68,Medium,Medium,Medium
Project Management,Parbhani,6,71244.5,True,10.2,13.4275,Low,Growing,9.2835,38.364,0.0,0.0,0.0,0.0,27.4,62,33.1,62,44.4,62,Low,Low,Medium
Project Management,Pune,5,85900.6,True,11.1,13.4275,Low,Growing,8.681999999999999,40.851,0.0,0.0,0.0,0.0,28.9,60,34.4,60,45.5,60,Low,Low,Medium
Project Management,Raigad,5,105438.2,True,11.4,13.4275,Low,Growing,9.9115,39.47,0.0,0.0,0.0,0.0,29.1,60,34.9,60,46.6,60,Low,Low,Medium
Project Management,Sangli,3,53417.666666666664,True,6.2,13.4275,Low,Growing,9.5185,37.182,0.0,0.0,0.0,0.0,23.1,56,28.8,56,40.3,56,Low,Low,Medium
Project Management,Satara,1,25781.0,True,0.0,13.4275,Low,Growing,9.8795,40.648,0.0,0.0,0.0,0.0,18.0,52,23.8,52,35.5,52,Low,Low,Medium
Project Management,Solapur,5,147844.6,True,9.5,13.4275,Low,Growing,9.0745,41.6085,0.0,0.0,0.0,0.0,27.6,60,33.2,60,44.5,60,Low,Low,Medium
Project Management,Yavatmal,6,184717.5,True,11.9,13.4275,Low,Growing,9.310500000000001,37.6325,0.0,0.0,0.0,0.0,28.9,62,34.6,62,45.9,62,Low,Low,Medium
Prototyping,Ahmednagar,8,127887.5,False,16.3,0.0,,,8.46,36.595,0.0,0.0,0.0,0.0,29.4,58,31.5,58,35.7,58,Low,Low,Medium
Prototyping,Akola,5,189529.6,False,8.5,0.0,,,9.0,33.019,0.0,0.0,0.0,0.0,20.7,52,22.9,52,27.4,52,Low,Low,Low
Prototyping,Amravati,3,77749.0,False,6.5,0.0,,,8.8925,37.6035,0.0,0.0,0.0,0.0,20.0,48,22.2,48,26.7,48,Low,Low,Low
Prototyping,Aurangabad,3,46012.666666666664,False,5.1,0.0,,,7.6,38.486000000000004,0.0,0.0,0.0,0.0,18.5,48,20.4,48,24.2,48,Low,Low,Low
Prototyping,Beed,4,88615.0,False,8.6,0.0,,,9.5965,42.417,0.0,0.0,0.0,0.0,23.7,50,26.1,50,30.9,50,Low,Low,Low
Prototyping,Bhiwandi,6,203863.16666666666,False,13.9,0.0,,,8.895,40.1755,0.0,0.0,0.0,0.0,28.2,54,30.4,54,34.8,54,Low,Low,Low
Prototyping,Chandrapur,3,118113.0,False,4.8,0.0,,,8.7865,35.588,0.0,0.0,0.0,0.0,17.7,48,19.9,48,24.3,48,Low,Low,Low
Prototyping,Dhule,5,121724.0,False,12.1,0.0,,,10.1625,39.802,0.0,0.0,0.0,0.0,26.6,52,29.1,52,34.2,52,Low,Low,Low
Prototyping,Jalgaon,5,88987.2,False,10.5,0.0,,,8.879999999999999,37.665,0.0,0.0,0.0,0.0,24.0,52,26.2,52,30.7,52,Low,Low,Low
Prototyping,Jalna,1,229008.0,False,0.0,0.0,,,8.616499999999998,33.054500000000004,0.0,0.0,0.0,0.0,12.1,44,14.2,44,18.5,44,Low,Low,Low
Prototyping,Kolhapur,3,277750.6666666667,False,5.0,0.0,,,9.7,40.227999999999994,0.0,0.0,0.0,0.0,19.5,48,21.9,48,26.8,48,Low,Low,Low
Prototyping,Latur,3,134226.0,False,5.1,0.0,,,9.7515,39.448,0.0,0.0,0.0,0.0,19.4,48,21.8,48,26.7,48,Low,Low,Low
Prototyping,Mumbai,3,95960.33333333333,False,3.7,0.0,,,9.267,35.709500000000006,0.0,0.0,0.0,0.0,16.7,48,19.0,48,23.7,48,Low,Low,Low
Prototyping,Nagpur,10,174486.8,False,19.6,0.0,,,9.1105,38.835,0.0,0.0,0.0,0.0,33.5,62,35.8,62,40.4,62,Low,Medium,Medium
Prototyping,Nanded,3,40450.666666666664,False,4.4,0.0,,,8.637,35.605000000000004,0.0,0.0,0.0,0.0,17.2,48,19.4,48,23.7,48,Low,Low,Low
Prototyping,Nashik,5,129108.4,False,10.5,0.0,,,8.586,37.875,0.0,0.0,0.0,0.0,24.0,52,26.2,52,30.4,52,Low,Low,Low
Prototyping,Osmanabad,6,104538.83333333333,False,11.9,0.0,,,8.059999999999999,37.4765,0.0,0.0,0.0,0.0,25.2,54,27.2,54,31.2,54,Low,Low,Low
Prototyping,Parbhani,3,48856.333333333336,False,4.1,0.0,,,9.2835,38.364,0.0,0.0,0.0,0.0,17.9,48,20.3,48,24.9,48,Low,Low,Low
Prototyping,Pune,3,55629.666666666664,False,5.6,0.0,,,8.681999999999999,40.851,0.0,0.0,0.0,0.0,20.0,48,22.2,48,26.5,48,Low,Low,Low
Prototyping,Raigad,3,147682.33333333334,False,5.7,0.0,,,9.9115,39.47,0.0,0.0,0.0,0.0,20.0,48,22.5,48,27.5,48,Low,Low,Low
Prototyping,Sangli,3,79195.0,False,6.2,0.0,,,9.5185,37.182,0.0,0.0,0.0,0.0,19.7,48,22.1,48,26.9,48,Low,Low,Low
Prototyping,Satara,8,124630.375,False,17.5,0.0,,,9.8795,40.648,0.0,0.0,0.0,0.0,32.2,58,34.6,58,39.6,58,Low,Low,Medium
Prototyping,Solapur,5,240298.4,False,9.5,0.0,,,9.0745,41.6085,0.0,0.0,0.0,0.0,24.3,52,26.5,52,31.1,52,Low,Low,Low
Prototyping,Yavatmal,4,97498.0,False,7.1,0.0,,,9.310500000000001,37.6325,0.0,0.0,0.0,0.0,20.7,50,23.0,50,27.7,50,Low,Low,Low
PyTorch,Akola,2,87230.0,False,2.1,0.0,,,9.0,33.019,15.0,0.0,15.0,0.0,29.3,46,31.5,46,36.0,46,Low,Low,Medium
PyTorch,Amravati,1,489095.0,False,0.0,0.0,,,8.8925,37.6035,15.0,0.0,15.0,0.0,28.5,44,30.7,44,35.2,44,Low,Low,Medium
PyTorch,Aurangabad,8,168054.625,False,17.9,0.0,,,7.6,38.486000000000004,15.0,0.0,15.0,0.0,46.3,58,48.2,58,52.0,58,Medium,Medium,Medium
PyTorch,Beed,6,157525.5,False,14.3,0.0,,,9.5965,42.417,15.0,0.0,15.0,0.0,44.4,54,46.8,54,51.6,54,Medium,Medium,Medium
PyTorch,Bhiwandi,4,88462.5,False,8.3,0.0,,,8.895,40.1755,15.0,0.0,15.0,0.0,37.6,50,39.8,50,44.2,50,Medium,Medium,Medium
PyTorch,Chandrapur,11,187816.54545454544,False,23.8,0.0,,,8.7865,35.588,15.0,0.0,15.0,0.0,51.7,64,53.9,64,58.3,64,Medium,Medium,Medium
PyTorch,Dhule,6,143475.66666666666,False,15.2,0.0,,,10.1625,39.802,15.0,0.0,15.0,0.0,44.7,54,47.2,54,52.3,54,Medium,Medium,Medium
PyTorch,Jalgaon,2,192872.5,False,2.6,0.0,,,8.879999999999999,37.665,15.0,0.0,15.0,0.0,31.1,46,33.3,46,37.8,46,Low,Low,Medium
PyTorch,Jalna,5,53007.8,False,8.7,0.0,,,8.616499999999998,33.054500000000004,15.0,0.0,15.0,0.0,35.8,52,37.9,52,42.2,52,Medium,Medium,Medium
PyTorch,Kolhapur,3,81369.33333333333,False,5.0,0.0,,,9.7,40.227999999999994,15.0,0.0,15.0,0.0,34.5,48,36.9,48,41.8,48,Low,Medium,Medium
PyTorch,Latur,5,86290.8,False,10.3,0.0,,,9.7515,39.448,15.0,0.0,15.0,0.0,39.6,52,42.0,52,46.9,52,Medium,Medium,Medium
PyTorch,Mumbai,8,145178.125,False,22.2,0.0,,,9.267,35.709500000000006,15.0,0.0,15.0,0.0,50.2,58,52.5,58,57.2,58,Medium,Medium,Medium
PyTorch,Nagpur,4,83979.0,False,6.5,0.0,,,9.1105,38.835,15.0,0.0,15.0,0.0,35.4,50,37.7,50,42.3,50,Medium,Medium,Medium
PyTorch,Nanded,5,124309.2,False,8.9,0.0,,,8.637,35.605000000000004,15.0,0.0,15.0,0.0,36.7,52,38.9,52,43.2,52,Medium,Medium,Medium
PyTorch,Nashik,7,195428.85714285713,False,15.8,0.0,,,8.586,37.875,15.0,0.0,15.0,0.0,44.3,56,46.5,56,50.7,56,Medium,Medium,Medium
PyTorch,Osmanabad,9,172751.11111111112,False,19.0,0.0,,,8.059999999999999,37.4765,15.0,0.0,15.0,0.0,47.3,60,49.3,60,53.3,60,Medium,Medium,Medium
PyTorch,Parbhani,3,66981.0,False,4.1,0.0,,,9.2835,38.364,15.0,0.0,15.0,0.0,32.9,48,35.3,48,39.9,48,Low,Medium,Medium
PyTorch,Pune,6,220841.5,False,13.9,0.0,,,8.681999999999999,40.851,15.0,0.0,15.0,0.0,43.3,54,45.5,54,49.8,54,Medium,Medium,Medium
PyTorch,Raigad,5,158789.6,False,11.4,0.0,,,9.9115,39.47,15.0,0.0,15.0,0.0,40.7,52,43.2,52,48.2,52,Medium,Medium,Medium
PyTorch,Sangli,3,172445.66666666666,False,6.2,0.0,,,9.5185,37.182,15.0,0.0,15.0,0.0,34.7,48,37.1,48,41.9,48,Low,Medium,Medium
PyTorch,Satara,4,158311.5,False,7.5,0.0,,,9.8795,40.648,15.0,0.0,15.0,0.0,37.2,50,39.6,50,44.6,50,Medium,Medium,Medium
PyTorch,Solapur,4,175930.5,False,7.1,0.0,,,9.0745,41.6085,15.0,0.0,15.0,0.0,36.9,50,39.1,50,43.7,50,Medium,Medium,Medium
PyTorch,Yavatmal,2,196060.5,False,2.4,0.0,,,9.310500000000001,37.6325,15.0,0.0,15.0,0.0,31.0,46,33.3,46,38.0,46,Low,Low,Medium
Python,Ahmednagar,15,118871.33333333333,True,32.6,14.945,Medium,Growing,8.46,36.595,15.0,0.0,15.0,-5.0,59.4,80,65.3,80,77.0,80,Medium,High,High
Python,Akola,10,154271.1,True,19.1,14.945,Medium,Growing,9.0,33.019,15.0,0.0,15.0,-5.0,45.0,70,51.0,70,63.0,70,Medium,Medium,Medium
Python,Amravati,15,151103.8,True,45.2,14.945,Medium,Growing,8.8925,37.6035,15.0,0.0,15.0,-5.0,72.4,80,78.4,80,90.3,80,High,High,Very High
Python,Aurangabad,17,187311.82352941178,True,41.0,14.945,Medium,Growing,7.6,38.486000000000004,15.0,0.0,15.0,-5.0,68.2,84,73.8,84,85.1,84,High,High,High
Python,Beed,13,211761.46153846153,True,34.3,14.945,Medium,Growing,9.5965,42.417,15.0,0.0,15.0,-5.0,63.2,76,69.3,76,81.6,76,Medium,High,High
Python,Bhiwandi,13,134774.07692307694,True,33.3,14.945,Medium,Growing,8.895,40.1755,15.0,0.0,15.0,-5.0,61.3,76,67.3,76,79.2,76,Medium,High,High
Python,Chandrapur,15,222898.46666666667,True,33.3,14.945,Medium,Growing,8.7865,35.588,15.0,0.0,15.0,-5.0,59.9,80,65.8,80,77.7,80,Medium,High,High
Python,Dhule,16,156308.4375,True,45.5,14.945,Medium,Growing,10.1625,39.802,15.0,0.0,15.0,-5.0,73.7,82,80.0,82,92.5,82,High,High,Very High
Python,Jalgaon,11,107236.63636363637,True,26.3,14.945,Medium,Growing,8.879999999999999,37.665,15.0,0.0,15.0,-5.0,53.6,72,59.5,72,71.4,72,Medium,Medium,High
Python,Jalna,17,94240.35294117648,True,34.8,14.945,Medium,Growing,8.616499999999998,33.054500000000004,15.0,0.0,15.0,-5.0,60.6,84,66.5,84,78.3,84,Medium,High,High
Python,Kolhapur,20,86106.95,True,47.5,14.945,Medium,Growing,9.7,40.227999999999994,15.0,0.0,15.0,-5.0,75.7,85,81.9,85,94.2,85,High,High,Very High
Python,Latur,11,142280.36363636365,True,25.6,14.945,Medium,Growing,9.7515,39.448,15.0,0.0,15.0,-5.0,53.6,72,59.8,72,72.1,72,Medium,Medium,High
Python,Mumbai,19,95897.21052631579,True,63.0,14.945,Medium,Growing,9.267,35.709500000000006,15.0,0.0,15.0,-5.0,89.8,85,95.8,85,107.9,85,High,Very High,Very High
Python,Nagpur,18,118661.77777777778,True,37.0,14.945,Medium,Growing,9.1105,38.835,15.0,0.0,15.0,-5.0,64.7,85,70.7,85,82.7,85,Medium,High,High
Python,Nanded,12,125661.83333333333,True,24.4,14.945,Medium,Growing,8.637,35.605000000000004,15.0,0.0,15.0,-5.0,51.0,74,56.9,74,68.7,74,Medium,Medium,High
Python,Nashik,12,120091.91666666667,True,28.9,14.945,Medium,Growing,8.586,37.875,15.0,0.0,15.0,-5.0,56.1,74,62.0,74,73.8,74,Medium,Medium,High
Python,Osmanabad,18,153024.83333333334,True,40.5,14.945,Medium,Growing,8.059999999999999,37.4765,15.0,0.0,15.0,-5.0,67.5,85,73.2,85,84.7,85,High,High,High
Python,Parbhani,14,151393.64285714287,True,26.5,14.945,Medium,Growing,9.2835,38.364,15.0,0.0,15.0,-5.0,54.1,78,60.1,78,72.2,78,Medium,Medium,High
Python,Pune,15,180361.93333333332,True,38.9,14.945,Medium,Growing,8.681999999999999,40.851,15.0,0.0,15.0,-5.0,67.1,80,73.0,80,84.8,80,High,High,High
Python,Raigad,20,99676.1,True,54.3,14.945,Medium,Growing,9.9115,39.47,15.0,0.0,15.0,-5.0,82.4,85,88.6,85,101.0,85,High,High,Very High
Python,Sangli,26,170737.5,True,78.1,14.945,Medium,Growing,9.5185,37.182,15.0,0.0,15.0,-5.0,105.4,85,111.5,85,123.7,85,Very High,Very High,Very High
Python,Satara,26,121440.38461538461,True,62.5,14.945,Medium,Growing,9.8795,40.648,15.0,0.0,15.0,-5.0,90.9,85,97.1,85,109.5,85,Very High,Very High,Very High
Python,Solapur,20,69897.8,True,45.2,14.945,Medium,Growing,9.0745,41.6085,15.0,0.0,15.0,-5.0,73.7,85,79.7,85,91.7,85,High,High,Very High
Python,Yavatmal,23,100762.43478260869,True,52.4,14.945,Medium,Growing,9.310500000000001,37.6325,15.0,0.0,15.0,-5.0,79.8,85,85.8,85,97.9,85,High,High,Very High
Quality Control,Ahmednagar,7,115992.28571428571,True,14.0,1.1800000000000002,High,Stable,8.46,36.595,5.0,0.0,5.0,-15.0,17.4,64,19.8,64,24.6,64,Low,Low,Low
Quality Control,Akola,12,145120.75,True,23.4,1.1800000000000002,High,Stable,9.0,33.019,5.0,0.0,5.0,-15.0,25.9,74,28.4,74,33.5,74,Low,Low,Low
Quality Control,Amravati,14,129240.07142857143,True,41.9,1.1800000000000002,High,Stable,8.8925,37.6035,5.0,0.0,5.0,-15.0,45.7,78,48.2,78,53.3,78,Medium,Medium,Medium
Quality Control,Aurangabad,10,68437.4,True,23.1,1.1800000000000002,High,Stable,7.6,38.486000000000004,5.0,0.0,5.0,-15.0,26.8,70,29.0,70,33.4,70,Low,Low,Low
Quality Control,Beed,15,135048.66666666666,True,40.0,1.1800000000000002,High,Stable,9.5965,42.417,5.0,0.0,5.0,-15.0,45.4,80,48.1,80,53.5,80,Medium,Medium,Medium
Quality Control,Bhiwandi,5,68721.4,True,11.1,1.1800000000000002,High,Stable,8.895,40.1755,5.0,0.0,5.0,-15.0,15.7,60,18.2,60,23.2,60,Low,Low,Low
Quality Control,Chandrapur,12,138710.33333333334,True,26.2,1.1800000000000002,High,Stable,8.7865,35.588,5.0,0.0,5.0,-15.0,29.4,74,31.9,74,36.8,74,Low,Low,Medium
Quality Control,Dhule,8,113389.5,True,21.2,1.1800000000000002,High,Stable,10.1625,39.802,5.0,0.0,5.0,-15.0,26.0,66,28.8,66,34.5,66,Low,Low,Low
Quality Control,Jalgaon,11,100872.09090909091,True,26.3,1.1800000000000002,High,Stable,8.879999999999999,37.665,5.0,0.0,5.0,-15.0,30.1,72,32.6,72,37.7,72,Low,Low,Medium
Quality Control,Jalna,9,101382.55555555556,True,17.4,1.1800000000000002,High,Stable,8.616499999999998,33.054500000000004,5.0,0.0,5.0,-15.0,19.8,68,22.2,68,27.1,68,Low,Low,Low
Quality Control,Kolhapur,11,164481.9090909091,True,25.0,1.1800000000000002,High,Stable,9.7,40.227999999999994,5.0,0.0,5.0,-15.0,29.8,72,32.5,72,37.9,72,Low,Low,Medium
Quality Control,Latur,9,179830.88888888888,True,20.5,1.1800000000000002,High,Stable,9.7515,39.448,5.0,0.0,5.0,-15.0,25.1,68,27.8,68,33.3,68,Low,Low,Low
Quality Control,Mumbai,12,135869.41666666666,True,37.0,1.1800000000000002,High,Stable,9.267,35.709500000000006,5.0,0.0,5.0,-15.0,40.3,74,42.9,74,48.2,74,Medium,Medium,Medium
Quality Control,Nagpur,10,85183.5,True,19.6,1.1800000000000002,High,Stable,9.1105,38.835,5.0,0.0,5.0,-15.0,23.8,70,26.4,70,31.5,70,Low,Low,Low
Quality Control,Nanded,9,137606.0,True,17.8,1.1800000000000002,High,Stable,8.637,35.605000000000004,5.0,0.0,5.0,-15.0,20.9,68,23.4,68,28.3,68,Low,Low,Low
Quality Control,Nashik,12,186702.5,True,28.9,1.1800000000000002,High,Stable,8.586,37.875,5.0,0.0,5.0,-15.0,32.7,74,35.1,74,40.0,74,Low,Medium,Medium
Quality Control,Osmanabad,7,41004.142857142855,True,14.3,1.1800000000000002,High,Stable,8.059999999999999,37.4765,5.0,0.0,5.0,-15.0,17.9,64,20.2,64,24.8,64,Low,Low,Low
Quality Control,Parbhani,18,145076.05555555556,True,34.7,1.1800000000000002,High,Stable,9.2835,38.364,5.0,0.0,5.0,-15.0,38.8,85,41.4,85,46.7,85,Medium,Medium,Medium
Quality Control,Pune,11,107781.45454545454,True,27.8,1.1800000000000002,High,Stable,8.681999999999999,40.851,5.0,0.0,5.0,-15.0,32.5,72,35.0,72,39.9,72,Low,Medium,Medium
Quality Control,Raigad,9,81408.77777777778,True,22.9,1.1800000000000002,High,Stable,9.9115,39.47,5.0,0.0,5.0,-15.0,27.5,68,30.3,68,35.8,68,Low,Low,Medium
Quality Control,Sangli,9,93574.77777777778,True,25.0,1.1800000000000002,High,Stable,9.5185,37.182,5.0,0.0,5.0,-15.0,28.8,68,31.5,68,36.9,68,Low,Low,Medium
Quality Control,Satara,11,127844.63636363637,True,25.0,1.1800000000000002,High,Stable,9.8795,40.648,5.0,0.0,5.0,-15.0,30.0,72,32.7,72,38.3,72,Low,Low,Medium
Quality Control,Solapur,11,230052.27272727274,True,23.8,1.1800000000000002,High,Stable,9.0745,41.6085,5.0,0.0,5.0,-15.0,28.8,72,31.4,72,36.5,72,Low,Low,Medium
Quality Control,Yavatmal,10,101859.9,True,21.4,1.1800000000000002,High,Stable,9.310500000000001,37.6325,5.0,0.0,5.0,-15.0,25.3,70,27.9,70,33.2,70,Low,Low,Low
QuickBooks,Ahmednagar,2,117811.0,False,2.3,0.0,,,8.46,36.595,0.0,0.0,0.0,0.0,15.4,46,17.5,46,21.7,46,Low,Low,Low
QuickBooks,Akola,4,112801.75,False,6.4,0.0,,,9.0,33.019,0.0,0.0,0.0,0.0,18.6,50,20.8,50,25.3,50,Low,Low,Low
QuickBooks,Amravati,4,166147.75,False,9.7,0.0,,,8.8925,37.6035,0.0,0.0,0.0,0.0,23.2,50,25.4,50,29.9,50,Low,Low,Low
QuickBooks,Aurangabad,5,37030.2,False,10.3,0.0,,,7.6,38.486000000000004,0.0,0.0,0.0,0.0,23.7,52,25.6,52,29.4,52,Low,Low,Low
QuickBooks,Beed,4,139613.75,False,8.6,0.0,,,9.5965,42.417,0.0,0.0,0.0,0.0,23.7,50,26.1,50,30.9,50,Low,Low,Low
QuickBooks,Bhiwandi,3,238577.0,False,5.6,0.0,,,8.895,40.1755,0.0,0.0,0.0,0.0,19.9,48,22.1,48,26.5,48,Low,Low,Low
QuickBooks,Chandrapur,8,91573.5,False,16.7,0.0,,,8.7865,35.588,0.0,0.0,0.0,0.0,29.6,58,31.8,58,36.2,58,Low,Low,Medium
QuickBooks,Dhule,7,109964.14285714286,False,18.2,0.0,,,10.1625,39.802,0.0,0.0,0.0,0.0,32.7,56,35.2,56,40.3,56,Low,Medium,Medium
QuickBooks,Jalgaon,6,69903.16666666667,False,13.2,0.0,,,8.879999999999999,37.665,0.0,0.0,0.0,0.0,26.7,54,28.9,54,33.4,54,Low,Low,Low
QuickBooks,Jalna,1,52549.0,False,0.0,0.0,,,8.616499999999998,33.054500000000004,0.0,0.0,0.0,0.0,12.1,44,14.2,44,18.5,44,Low,Low,Low
QuickBooks,Kolhapur,3,37107.0,False,5.0,0.0,,,9.7,40.227999999999994,0.0,0.0,0.0,0.0,19.5,48,21.9,48,26.8,48,Low,Low,Low
QuickBooks,Latur,4,171648.75,False,7.7,0.0,,,9.7515,39.448,0.0,0.0,0.0,0.0,22.0,50,24.4,50,29.3,50,Low,Low,Low
QuickBooks,Mumbai,5,161522.2,False,11.1,0.0,,,9.267,35.709500000000006,0.0,0.0,0.0,0.0,24.1,52,26.4,52,31.1,52,Low,Low,Low
QuickBooks,Nagpur,7,214792.42857142858,False,13.0,0.0,,,9.1105,38.835,0.0,0.0,0.0,0.0,26.9,56,29.2,56,33.8,56,Low,Low,Low
QuickBooks,Nanded,7,142287.0,False,13.3,0.0,,,8.637,35.605000000000004,0.0,0.0,0.0,0.0,26.1,56,28.3,56,32.6,56,Low,Low,Low
QuickBooks,Nashik,2,233764.5,False,2.6,0.0,,,8.586,37.875,0.0,0.0,0.0,0.0,16.1,46,18.3,46,22.5,46,Low,Low,Low
QuickBooks,Osmanabad,3,36748.0,False,4.8,0.0,,,8.059999999999999,37.4765,0.0,0.0,0.0,0.0,18.1,48,20.1,48,24.1,48,Low,Low,Low
QuickBooks,Parbhani,5,116718.4,False,8.2,0.0,,,9.2835,38.364,0.0,0.0,0.0,0.0,22.0,52,24.4,52,29.0,52,Low,Low,Low
QuickBooks,Pune,6,97972.0,False,13.9,0.0,,,8.681999999999999,40.851,0.0,0.0,0.0,0.0,28.3,54,30.5,54,34.8,54,Low,Low,Low
QuickBooks,Raigad,4,139154.0,False,8.6,0.0,,,9.9115,39.47,0.0,0.0,0.0,0.0,22.9,50,25.4,50,30.4,50,Low,Low,Low
QuickBooks,Sangli,8,80952.125,False,21.9,0.0,,,9.5185,37.182,0.0,0.0,0.0,0.0,35.4,58,37.8,58,42.6,58,Medium,Medium,Medium
QuickBooks,Satara,4,124115.75,False,7.5,0.0,,,9.8795,40.648,0.0,0.0,0.0,0.0,22.2,50,24.6,50,29.6,50,Low,Low,Low
QuickBooks,Yavatmal,3,269048.3333333333,False,4.8,0.0,,,9.310500000000001,37.6325,0.0,0.0,0.0,0.0,18.4,48,20.7,48,25.4,48,Low,Low,Low
REST API,Ahmednagar,11,166914.18181818182,True,23.3,0.9899999999999999,Low,Stable,8.46,36.595,0.0,0.0,0.0,0.0,36.6,72,39.0,72,43.7,72,Medium,Medium,Medium
REST API,Akola,7,90311.71428571429,True,12.8,0.9899999999999999,Low,Stable,9.0,33.019,0.0,0.0,0.0,0.0,25.2,64,27.7,64,32.7,64,Low,Low,Low
REST API,Amravati,12,108675.25,True,35.5,0.9899999999999999,Low,Stable,8.8925,37.6035,0.0,0.0,0.0,0.0,49.3,74,51.7,74,56.7,74,Medium,Medium,Medium
REST API,Aurangabad,8,87529.875,True,17.9,0.9899999999999999,Low,Stable,7.6,38.486000000000004,0.0,0.0,0.0,0.0,31.6,66,33.7,66,38.0,66,Low,Low,Medium
REST API,Beed,11,107886.45454545454,True,28.6,0.9899999999999999,Low,Stable,9.5965,42.417,0.0,0.0,0.0,0.0,44.0,72,46.6,72,51.9,72,Medium,Medium,Medium
REST API,Bhiwandi,9,207921.88888888888,True,22.2,0.9899999999999999,Low,Stable,8.895,40.1755,0.0,0.0,0.0,0.0,36.7,68,39.2,68,44.1,68,Medium,Medium,Medium
REST API,Chandrapur,8,133077.125,True,16.7,0.9899999999999999,Low,Stable,8.7865,35.588,0.0,0.0,0.0,0.0,29.8,66,32.3,66,37.2,66,Low,Low,Medium
REST API,Dhule,9,191229.55555555556,True,24.2,0.9899999999999999,Low,Stable,10.1625,39.802,0.0,0.0,0.0,0.0,38.9,68,41.7,68,47.3,68,Medium,Medium,Medium
REST API,Jalgaon,8,97954.5,True,18.4,0.9899999999999999,Low,Stable,8.879999999999999,37.665,0.0,0.0,0.0,0.0,32.2,66,34.6,66,39.6,66,Low,Low,Medium
REST API,Jalna,6,240600.66666666666,True,10.9,0.9899999999999999,Low,Stable,8.616499999999998,33.054500000000004,0.0,0.0,0.0,0.0,23.2,62,25.6,62,30.4,62,Low,Low,Low
REST API,Kolhapur,8,158204.5,True,17.5,0.9899999999999999,Low,Stable,9.7,40.227999999999994,0.0,0.0,0.0,0.0,32.2,66,34.9,66,40.3,66,Low,Low,Medium
REST API,Latur,6,159585.0,True,12.8,0.9899999999999999,Low,Stable,9.7515,39.448,0.0,0.0,0.0,0.0,27.3,62,30.0,62,35.4,62,Low,Low,Medium
REST API,Mumbai,13,90868.84615384616,True,40.7,0.9899999999999999,Low,Stable,9.267,35.709500000000006,0.0,0.0,0.0,0.0,54.0,76,56.5,76,61.7,76,Medium,Medium,Medium
REST API,Nagpur,11,175895.27272727274,True,21.7,0.9899999999999999,Low,Stable,9.1105,38.835,0.0,0.0,0.0,0.0,35.9,72,38.4,72,43.5,72,Medium,Medium,Medium
REST API,Nanded,6,200669.33333333334,True,11.1,0.9899999999999999,Low,Stable,8.637,35.605000000000004,0.0,0.0,0.0,0.0,24.2,62,26.6,62,31.4,62,Low,Low,Low
REST API,Nashik,7,177491.2857142857,True,15.8,0.9899999999999999,Low,Stable,8.586,37.875,0.0,0.0,0.0,0.0,29.6,64,32.0,64,36.7,64,Low,Low,Medium
REST API,Osmanabad,8,120208.375,True,16.7,0.9899999999999999,Low,Stable,8.059999999999999,37.4765,0.0,0.0,0.0,0.0,30.2,66,32.5,66,37.0,66,Low,Low,Medium
REST API,Parbhani,9,90262.88888888889,True,16.3,0.9899999999999999,Low,Stable,9.2835,38.364,0.0,0.0,0.0,0.0,30.4,68,32.9,68,38.1,68,Low,Low,Medium
REST API,Pune,9,170700.88888888888,True,22.2,0.9899999999999999,Low,Stable,8.681999999999999,40.851,0.0,0.0,0.0,0.0,36.9,68,39.3,68,44.1,68,Medium,Medium,Medium
REST API,Raigad,9,173356.55555555556,True,22.9,0.9899999999999999,Low,Stable,9.9115,39.47,0.0,0.0,0.0,0.0,37.5,68,40.2,68,45.6,68,Medium,Medium,Medium
REST API,Sangli,8,197587.25,True,21.9,0.9899999999999999,Low,Stable,9.5185,37.182,0.0,0.0,0.0,0.0,35.7,66,38.3,66,43.6,66,Medium,Medium,Medium
REST API,Satara,12,113266.91666666667,True,27.5,0.9899999999999999,Low,Stable,9.8795,40.648,0.0,0.0,0.0,0.0,42.4,74,45.1,74,50.6,74,Medium,Medium,Medium
REST API,Solapur,8,92071.5,True,16.7,0.9899999999999999,Low,Stable,9.0745,41.6085,0.0,0.0,0.0,0.0,31.7,66,34.2,66,39.2,66,Low,Low,Medium
REST API,Yavatmal,10,54998.0,True,21.4,0.9899999999999999,Low,Stable,9.310500000000001,37.6325,0.0,0.0,0.0,0.0,35.3,70,37.8,70,43.0,70,Medium,Medium,Medium
React,Ahmednagar,9,164669.55555555556,True,18.6,5.2524999999999995,Low,Stable,8.46,36.595,0.0,0.0,0.0,0.0,33.0,68,36.4,68,43.3,68,Low,Medium,Medium
React,Akola,5,90487.4,True,8.5,5.2524999999999995,Low,Stable,9.0,33.019,0.0,0.0,0.0,0.0,22.0,60,25.5,60,32.7,60,Low,Low,Low
React,Amravati,8,155102.5,True,22.6,5.2524999999999995,Low,Stable,8.8925,37.6035,0.0,0.0,0.0,0.0,37.4,66,41.0,66,48.0,66,Medium,Medium,Medium
React,Aurangabad,2,32203.5,True,2.6,5.2524999999999995,Low,Stable,7.6,38.486000000000004,0.0,0.0,0.0,0.0,17.4,54,20.6,54,27.0,54,Low,Low,Low
React,Beed,3,42529.333333333336,True,5.7,5.2524999999999995,Low,Stable,9.5965,42.417,0.0,0.0,0.0,0.0,22.1,56,25.8,56,33.3,56,Low,Low,Low
React,Bhiwandi,2,407706.5,True,2.8,5.2524999999999995,Low,Stable,8.895,40.1755,0.0,0.0,0.0,0.0,18.4,54,21.9,54,29.0,54,Low,Low,Low
React,Chandrapur,5,179655.6,True,9.5,5.2524999999999995,Low,Stable,8.7865,35.588,0.0,0.0,0.0,0.0,23.7,60,27.2,60,34.2,60,Low,Low,Low
React,Dhule,2,269044.0,True,3.0,5.2524999999999995,Low,Stable,10.1625,39.802,0.0,0.0,0.0,0.0,18.8,54,22.6,54,30.4,54,Low,Low,Low
React,Jalgaon,3,200483.33333333334,True,5.3,5.2524999999999995,Low,Stable,8.879999999999999,37.665,0.0,0.0,0.0,0.0,20.1,56,23.7,56,30.7,56,Low,Low,Low
React,Jalna,2,453612.5,True,2.2,5.2524999999999995,Low,Stable,8.616499999999998,33.054500000000004,0.0,0.0,0.0,0.0,15.6,54,19.1,54,26.0,54,Low,Low,Low
React,Kolhapur,2,196906.5,True,2.5,5.2524999999999995,Low,Stable,9.7,40.227999999999994,0.0,0.0,0.0,0.0,18.3,54,22.0,54,29.5,54,Low,Low,Low
React,Latur,1,139767.0,True,0.0,5.2524999999999995,Low,Stable,9.7515,39.448,0.0,0.0,0.0,0.0,15.6,52,19.3,52,26.8,52,Low,Low,Low
React,Mumbai,8,107893.5,True,22.2,5.2524999999999995,Low,Stable,9.267,35.709500000000006,0.0,0.0,0.0,0.0,36.5,66,40.2,66,47.4,66,Medium,Medium,Medium
React,Nagpur,7,146546.85714285713,True,13.0,5.2524999999999995,Low,Stable,9.1105,38.835,0.0,0.0,0.0,0.0,28.2,64,31.8,64,39.0,64,Low,Low,Medium
React,Nanded,4,219268.25,True,6.7,5.2524999999999995,Low,Stable,8.637,35.605000000000004,0.0,0.0,0.0,0.0,20.9,58,24.3,58,31.3,58,Low,Low,Low
React,Nashik,2,74018.5,True,2.6,5.2524999999999995,Low,Stable,8.586,37.875,0.0,0.0,0.0,0.0,17.4,54,20.9,54,27.8,54,Low,Low,Low
React,Osmanabad,2,130474.5,True,2.4,5.2524999999999995,Low,Stable,8.059999999999999,37.4765,0.0,0.0,0.0,0.0,17.0,54,20.3,54,27.0,54,Low,Low,Low
React,Parbhani,5,83493.8,True,8.2,5.2524999999999995,Low,Stable,9.2835,38.364,0.0,0.0,0.0,0.0,23.3,60,27.0,60,34.2,60,Low,Low,Low
React,Pune,5,136805.4,True,11.1,5.2524999999999995,Low,Stable,8.681999999999999,40.851,0.0,0.0,0.0,0.0,26.8,60,30.3,60,37.3,60,Low,Low,Medium
React,Raigad,7,222089.0,True,17.1,5.2524999999999995,Low,Stable,9.9115,39.47,0.0,0.0,0.0,0.0,32.7,64,36.5,64,44.1,64,Low,Medium,Medium
React,Sangli,3,213979.66666666666,True,6.2,5.2524999999999995,Low,Stable,9.5185,37.182,0.0,0.0,0.0,0.0,21.0,56,24.7,56,32.1,56,Low,Low,Low
React,Satara,6,104198.83333333333,True,12.5,5.2524999999999995,Low,Stable,9.8795,40.648,0.0,0.0,0.0,0.0,28.5,62,32.3,62,39.8,62,Low,Low,Medium
React,Solapur,1,67188.0,True,0.0,5.2524999999999995,Low,Stable,9.0745,41.6085,0.0,0.0,0.0,0.0,16.1,52,19.6,52,26.8,52,Low,Low,Low
React,Yavatmal,2,41275.0,True,2.4,5.2524999999999995,Low,Stable,9.310500000000001,37.6325,0.0,0.0,0.0,0.0,17.3,54,21.0,54,28.3,54,Low,Low,Low
Recruitment,Ahmednagar,3,134599.66666666666,False,4.7,0.0,,,8.46,36.595,0.0,0.0,0.0,0.0,17.8,48,19.9,48,24.1,48,Low,Low,Low
Recruitment,Akola,6,146302.83333333334,False,10.6,0.0,,,9.0,33.019,0.0,0.0,0.0,0.0,22.8,54,25.0,54,29.5,54,Low,Low,Low
Recruitment,Amravati,5,148367.4,False,12.9,0.0,,,8.8925,37.6035,0.0,0.0,0.0,0.0,26.4,52,28.6,52,33.1,52,Low,Low,Low
Recruitment,Aurangabad,2,255986.5,False,2.6,0.0,,,7.6,38.486000000000004,0.0,0.0,0.0,0.0,16.0,46,17.9,46,21.7,46,Low,Low,Low
Recruitment,Beed,4,140591.75,False,8.6,0.0,,,9.5965,42.417,0.0,0.0,0.0,0.0,23.7,50,26.1,50,30.9,50,Low,Low,Low
Recruitment,Bhiwandi,4,152614.0,False,8.3,0.0,,,8.895,40.1755,0.0,0.0,0.0,0.0,22.6,50,24.8,50,29.2,50,Low,Low,Low
Recruitment,Chandrapur,4,264224.0,False,7.1,0.0,,,8.7865,35.588,0.0,0.0,0.0,0.0,20.0,50,22.2,50,26.6,50,Low,Low,Low
Recruitment,Dhule,3,83458.0,False,6.1,0.0,,,10.1625,39.802,0.0,0.0,0.0,0.0,20.6,48,23.1,48,28.2,48,Low,Low,Low
Recruitment,Jalgaon,2,26140.0,False,2.6,0.0,,,8.879999999999999,37.665,0.0,0.0,0.0,0.0,16.1,46,18.3,46,22.8,46,Low,Low,Low
Recruitment,Jalna,7,86445.57142857143,False,13.0,0.0,,,8.616499999999998,33.054500000000004,0.0,0.0,0.0,0.0,25.1,56,27.2,56,31.5,56,Low,Low,Low
Recruitment,Kolhapur,6,113229.33333333333,False,12.5,0.0,,,9.7,40.227999999999994,0.0,0.0,0.0,0.0,27.0,54,29.4,54,34.3,54,Low,Low,Low
Recruitment,Latur,7,115821.42857142857,False,15.4,0.0,,,9.7515,39.448,0.0,0.0,0.0,0.0,29.7,56,32.1,56,37.0,56,Low,Low,Medium
Recruitment,Mumbai,4,158343.0,False,7.4,0.0,,,9.267,35.709500000000006,0.0,0.0,0.0,0.0,20.4,50,22.7,50,27.4,50,Low,Low,Low
Recruitment,Nagpur,3,252071.0,False,4.3,0.0,,,9.1105,38.835,0.0,0.0,0.0,0.0,18.2,48,20.5,48,25.1,48,Low,Low,Low
Recruitment,Nanded,6,135092.0,False,11.1,0.0,,,8.637,35.605000000000004,0.0,0.0,0.0,0.0,23.9,54,26.1,54,30.4,54,Low,Low,Low
Recruitment,Nashik,9,153186.88888888888,False,21.1,0.0,,,8.586,37.875,0.0,0.0,0.0,0.0,34.6,60,36.8,60,41.0,60,Low,Medium,Medium
Recruitment,Osmanabad,13,163240.0,False,28.6,0.0,,,8.059999999999999,37.4765,0.0,0.0,0.0,0.0,41.9,68,43.9,68,47.9,68,Medium,Medium,Medium
Recruitment,Parbhani,2,89701.0,False,2.0,0.0,,,9.2835,38.364,0.0,0.0,0.0,0.0,15.8,46,18.2,46,22.8,46,Low,Low,Low
Recruitment,Pune,6,172740.33333333334,False,13.9,0.0,,,8.681999999999999,40.851,0.0,0.0,0.0,0.0,28.3,54,30.5,54,34.8,54,Low,Low,Low
Recruitment,Raigad,11,71255.90909090909,False,28.6,0.0,,,9.9115,39.47,0.0,0.0,0.0,0.0,42.9,64,45.4,64,50.4,64,Medium,Medium,Medium
Recruitment,Sangli,3,38582.333333333336,False,6.2,0.0,,,9.5185,37.182,0.0,0.0,0.0,0.0,19.7,48,22.1,48,26.9,48,Low,Low,Low
Recruitment,Satara,5,56395.4,False,10.0,0.0,,,9.8795,40.648,0.0,0.0,0.0,0.0,24.7,52,27.1,52,32.1,52,Low,Low,Low
Recruitment,Solapur,6,59999.333333333336,False,11.9,0.0,,,9.0745,41.6085,0.0,0.0,0.0,0.0,26.7,54,28.9,54,33.5,54,Low,Low,Low
Recruitment,Yavatmal,3,98048.33333333333,False,4.8,0.0,,,9.310500000000001,37.6325,0.0,0.0,0.0,0.0,18.4,48,20.7,48,25.4,48,Low,Low,Low
Requirements Gathering,Ahmednagar,4,133694.0,True,7.0,14.594999999999999,High,Growing,8.46,36.595,0.0,0.0,0.0,-15.0,8.7,58,14.5,58,26.0,58,Low,Low,Low
Requirements Gathering,Akola,3,158174.66666666666,True,4.3,14.594999999999999,High,Growing,9.0,33.019,0.0,0.0,0.0,-15.0,5.1,56,11.0,56,22.8,56,Low,Low,Low
Requirements Gathering,Amravati,6,84557.83333333333,True,16.1,14.594999999999999,High,Growing,8.8925,37.6035,0.0,0.0,0.0,-15.0,18.3,62,24.1,62,35.9,62,Low,Low,Medium
Requirements Gathering,Aurangabad,1,51482.0,True,0.0,14.594999999999999,High,Growing,7.6,38.486000000000004,0.0,0.0,0.0,-15.0,2.1,52,7.6,52,18.7,52,Low,Low,Low
Requirements Gathering,Beed,4,59053.25,True,8.6,14.594999999999999,High,Growing,9.5965,42.417,0.0,0.0,0.0,-15.0,12.4,58,18.4,58,30.5,58,Low,Low,Low
Requirements Gathering,Bhiwandi,5,117432.8,True,11.1,14.594999999999999,High,Growing,8.895,40.1755,0.0,0.0,0.0,-15.0,14.0,60,19.9,60,31.6,60,Low,Low,Low
Requirements Gathering,Chandrapur,5,49956.8,True,9.5,14.594999999999999,High,Growing,8.7865,35.588,0.0,0.0,0.0,-15.0,11.0,60,16.9,60,28.6,60,Low,Low,Low
Requirements Gathering,Dhule,4,115009.0,True,9.1,14.594999999999999,High,Growing,10.1625,39.802,0.0,0.0,0.0,-15.0,12.2,58,18.4,58,30.8,58,Low,Low,Low
Requirements Gathering,Jalgaon,2,158536.0,True,2.6,14.594999999999999,High,Growing,8.879999999999999,37.665,0.0,0.0,0.0,-15.0,4.8,54,10.6,54,22.4,54,Low,Low,Low
Requirements Gathering,Jalna,5,142647.8,True,8.7,14.594999999999999,High,Growing,8.616499999999998,33.054500000000004,0.0,0.0,0.0,-15.0,9.4,60,15.2,60,26.8,60,Low,Low,Low
Requirements Gathering,Kolhapur,3,29590.333333333332,True,5.0,14.594999999999999,High,Growing,9.7,40.227999999999994,0.0,0.0,0.0,-15.0,8.1,56,14.2,56,26.4,56,Low,Low,Low
Requirements Gathering,Latur,3,320773.3333333333,True,5.1,14.594999999999999,High,Growing,9.7515,39.448,0.0,0.0,0.0,-15.0,8.0,56,14.1,56,26.3,56,Low,Low,Low
Requirements Gathering,Mumbai,6,221824.83333333334,True,14.8,14.594999999999999,High,Growing,9.267,35.709500000000006,0.0,0.0,0.0,-15.0,16.5,62,22.4,62,34.4,62,Low,Low,Low
Requirements Gathering,Nagpur,4,105030.25,True,6.5,14.594999999999999,High,Growing,9.1105,38.835,0.0,0.0,0.0,-15.0,9.1,58,15.0,58,26.9,58,Low,Low,Low
Requirements Gathering,Nanded,3,148230.0,True,4.4,14.594999999999999,High,Growing,8.637,35.605000000000004,0.0,0.0,0.0,-15.0,5.9,56,11.7,56,23.3,56,Low,Low,Low
Requirements Gathering,Nashik,1,117052.0,True,0.0,14.594999999999999,High,Growing,8.586,37.875,0.0,0.0,0.0,-15.0,2.2,52,8.0,52,19.5,52,Low,Low,Low
Requirements Gathering,Osmanabad,2,110741.0,True,2.4,14.594999999999999,High,Growing,8.059999999999999,37.4765,0.0,0.0,0.0,-15.0,4.3,54,10.0,54,21.3,54,Low,Low,Low
Requirements Gathering,Parbhani,6,147698.83333333334,True,10.2,14.594999999999999,High,Growing,9.2835,38.364,0.0,0.0,0.0,-15.0,12.7,62,18.6,62,30.6,62,Low,Low,Low
Requirements Gathering,Pune,4,63344.0,True,8.3,14.594999999999999,High,Growing,8.681999999999999,40.851,0.0,0.0,0.0,-15.0,11.4,58,17.2,58,28.8,58,Low,Low,Low
Requirements Gathering,Raigad,2,97230.5,True,2.9,14.594999999999999,High,Growing,9.9115,39.47,0.0,0.0,0.0,-15.0,5.9,54,12.0,54,24.2,54,Low,Low,Low
Requirements Gathering,Sangli,7,181779.0,True,18.7,14.594999999999999,High,Growing,9.5185,37.182,0.0,0.0,0.0,-15.0,20.9,64,26.9,64,39.0,64,Low,Low,Medium
Requirements Gathering,Satara,7,70057.42857142857,True,15.0,14.594999999999999,High,Growing,9.8795,40.648,0.0,0.0,0.0,-15.0,18.3,64,24.4,64,36.7,64,Low,Low,Medium
Requirements Gathering,Solapur,1,29836.0,True,0.0,14.594999999999999,High,Growing,9.0745,41.6085,0.0,0.0,0.0,-15.0,3.4,52,9.3,52,21.2,52,Low,Low,Low
Requirements Gathering,Yavatmal,6,89200.16666666667,True,11.9,14.594999999999999,High,Growing,9.310500000000001,37.6325,0.0,0.0,0.0,-15.0,14.2,62,20.1,62,32.1,62,Low,Low,Low
Research,Ahmednagar,7,220191.85714285713,False,14.0,0.0,,,8.46,36.595,0.0,0.0,0.0,0.0,27.1,56,29.2,56,33.4,56,Low,Low,Low
Research,Akola,7,221329.7142857143,False,12.8,0.0,,,9.0,33.019,0.0,0.0,0.0,0.0,25.0,56,27.2,56,31.7,56,Low,Low,Low
Research,Amravati,7,149945.2857142857,False,19.4,0.0,,,8.8925,37.6035,0.0,0.0,0.0,0.0,32.9,56,35.1,56,39.6,56,Low,Medium,Medium
Research,Aurangabad,3,55803.333333333336,False,5.1,0.0,,,7.6,38.486000000000004,0.0,0.0,0.0,0.0,18.5,48,20.4,48,24.2,48,Low,Low,Low
Research,Beed,8,239196.75,False,20.0,0.0,,,9.5965,42.417,0.0,0.0,0.0,0.0,35.1,58,37.5,58,42.3,58,Medium,Medium,Medium
Research,Bhiwandi,3,63247.666666666664,False,5.6,0.0,,,8.895,40.1755,0.0,0.0,0.0,0.0,19.9,48,22.1,48,26.5,48,Low,Low,Low
Research,Chandrapur,11,127864.27272727272,False,23.8,0.0,,,8.7865,35.588,0.0,0.0,0.0,0.0,36.7,64,38.9,64,43.3,64,Medium,Medium,Medium
Research,Dhule,7,219026.42857142858,False,18.2,0.0,,,10.1625,39.802,0.0,0.0,0.0,0.0,32.7,56,35.2,56,40.3,56,Low,Medium,Medium
Research,Jalgaon,6,66299.5,False,13.2,0.0,,,8.879999999999999,37.665,0.0,0.0,0.0,0.0,26.7,54,28.9,54,33.4,54,Low,Low,Low
Research,Jalna,4,27055.75,False,6.5,0.0,,,8.616499999999998,33.054500000000004,0.0,0.0,0.0,0.0,18.6,50,20.7,50,25.0,50,Low,Low,Low
Research,Kolhapur,6,175889.5,False,12.5,0.0,,,9.7,40.227999999999994,0.0,0.0,0.0,0.0,27.0,54,29.4,54,34.3,54,Low,Low,Low
Research,Latur,1,23543.0,False,0.0,0.0,,,9.7515,39.448,0.0,0.0,0.0,0.0,14.3,44,16.7,44,21.6,44,Low,Low,Low
Research,Mumbai,5,106064.6,False,11.1,0.0,,,9.267,35.709500000000006,0.0,0.0,0.0,0.0,24.1,52,26.4,52,31.1,52,Low,Low,Low
Research,Nagpur,1,25975.0,False,0.0,0.0,,,9.1105,38.835,0.0,0.0,0.0,0.0,13.9,44,16.2,44,20.8,44,Low,Low,Low
Research,Nanded,6,111941.33333333333,False,11.1,0.0,,,8.637,35.605000000000004,0.0,0.0,0.0,0.0,23.9,54,26.1,54,30.4,54,Low,Low,Low
Research,Nashik,6,85025.66666666667,False,13.2,0.0,,,8.586,37.875,0.0,0.0,0.0,0.0,26.7,54,28.9,54,33.1,54,Low,Low,Low
Research,Osmanabad,6,211355.83333333334,False,11.9,0.0,,,8.059999999999999,37.4765,0.0,0.0,0.0,0.0,25.2,54,27.2,54,31.2,54,Low,Low,Low
Research,Parbhani,3,188380.0,False,4.1,0.0,,,9.2835,38.364,0.0,0.0,0.0,0.0,17.9,48,20.3,48,24.9,48,Low,Low,Low
Research,Pune,7,196727.14285714287,False,16.7,0.0,,,8.681999999999999,40.851,0.0,0.0,0.0,0.0,31.1,56,33.3,56,37.6,56,Low,Low,Medium
Research,Raigad,9,123096.22222222222,False,22.9,0.0,,,9.9115,39.47,0.0,0.0,0.0,0.0,37.2,60,39.7,60,44.7,60,Medium,Medium,Medium
Research,Sangli,6,102185.0,False,15.6,0.0,,,9.5185,37.182,0.0,0.0,0.0,0.0,29.1,54,31.5,54,36.3,54,Low,Low,Medium
Research,Satara,4,54561.0,False,7.5,0.0,,,9.8795,40.648,0.0,0.0,0.0,0.0,22.2,50,24.6,50,29.6,50,Low,Low,Low
Research,Solapur,4,187166.25,False,7.1,0.0,,,9.0745,41.6085,0.0,0.0,0.0,0.0,21.9,50,24.1,50,28.7,50,Low,Low,Low
Research,Yavatmal,5,226181.4,False,9.5,0.0,,,9.310500000000001,37.6325,0.0,0.0,0.0,0.0,23.1,52,25.4,52,30.1,52,Low,Low,Low
Risk Assessment,Ahmednagar,8,138183.75,True,16.3,21.765,High,Rapidly Growing,8.46,36.595,0.0,0.0,0.0,-15.0,19.8,66,27.4,66,42.5,66,Low,Low,Medium
Risk Assessment,Akola,5,133991.0,True,8.5,21.765,High,Rapidly Growing,9.0,33.019,0.0,0.0,0.0,-15.0,11.1,60,18.8,60,34.2,60,Low,Low,Low
Risk Assessment,Amravati,5,97684.8,True,12.9,21.765,High,Rapidly Growing,8.8925,37.6035,0.0,0.0,0.0,-15.0,16.8,60,24.5,60,39.8,60,Low,Low,Medium
Risk Assessment,Aurangabad,9,160098.66666666666,True,20.5,21.765,High,Rapidly Growing,7.6,38.486000000000004,0.0,0.0,0.0,-15.0,24.4,68,31.7,68,46.4,68,Low,Low,Medium
Risk Assessment,Beed,7,89620.85714285714,True,17.1,21.765,High,Rapidly Growing,9.5965,42.417,0.0,0.0,0.0,-15.0,22.7,64,30.5,64,46.2,64,Low,Low,Medium
Risk Assessment,Bhiwandi,8,100026.125,True,19.4,21.765,High,Rapidly Growing,8.895,40.1755,0.0,0.0,0.0,-15.0,24.1,66,31.8,66,47.1,66,Low,Low,Medium
Risk Assessment,Chandrapur,7,148035.14285714287,True,14.3,21.765,High,Rapidly Growing,8.7865,35.588,0.0,0.0,0.0,-15.0,17.6,64,25.3,64,40.5,64,Low,Low,Medium
Risk Assessment,Dhule,3,83879.33333333333,True,6.1,21.765,High,Rapidly Growing,10.1625,39.802,0.0,0.0,0.0,-15.0,11.0,56,19.0,56,35.0,56,Low,Low,Medium
Risk Assessment,Jalgaon,4,124596.0,True,7.9,21.765,High,Rapidly Growing,8.879999999999999,37.665,0.0,0.0,0.0,-15.0,11.9,58,19.5,58,34.8,58,Low,Low,Low
Risk Assessment,Jalna,6,134204.0,True,10.9,21.765,High,Rapidly Growing,8.616499999999998,33.054500000000004,0.0,0.0,0.0,-15.0,13.4,62,21.0,62,36.2,62,Low,Low,Medium
Risk Assessment,Kolhapur,2,76816.5,True,2.5,21.765,High,Rapidly Growing,9.7,40.227999999999994,0.0,0.0,0.0,-15.0,7.4,54,15.3,54,31.0,54,Low,Low,Low
Risk Assessment,Latur,4,81711.25,True,7.7,21.765,High,Rapidly Growing,9.7515,39.448,0.0,0.0,0.0,-15.0,12.4,58,20.3,58,36.1,58,Low,Low,Medium
Risk Assessment,Mumbai,5,218041.8,True,11.1,21.765,High,Rapidly Growing,9.267,35.709500000000006,0.0,0.0,0.0,-15.0,14.6,60,22.3,60,37.8,60,Low,Low,Medium
Risk Assessment,Nagpur,4,84057.75,True,6.5,21.765,High,Rapidly Growing,9.1105,38.835,0.0,0.0,0.0,-15.0,10.9,58,18.6,58,34.0,58,Low,Low,Low
Risk Assessment,Nanded,4,139503.5,True,6.7,21.765,High,Rapidly Growing,8.637,35.605000000000004,0.0,0.0,0.0,-15.0,10.0,58,17.6,58,32.8,58,Low,Low,Low
Risk Assessment,Nashik,8,215327.375,True,18.4,21.765,High,Rapidly Growing,8.586,37.875,0.0,0.0,0.0,-15.0,22.4,66,29.9,66,45.1,66,Low,Low,Medium
Risk Assessment,Osmanabad,5,86843.0,True,9.5,21.765,High,Rapidly Growing,8.059999999999999,37.4765,0.0,0.0,0.0,-15.0,13.2,60,20.7,60,35.6,60,Low,Low,Medium
Risk Assessment,Parbhani,7,172551.0,True,12.2,21.765,High,Rapidly Growing,9.2835,38.364,0.0,0.0,0.0,-15.0,16.5,64,24.2,64,39.8,64,Low,Low,Medium
Risk Assessment,Pune,8,129626.0,True,19.4,21.765,High,Rapidly Growing,8.681999999999999,40.851,0.0,0.0,0.0,-15.0,24.3,66,31.9,66,47.1,66,Low,Low,Medium
Risk Assessment,Raigad,3,179937.66666666666,True,5.7,21.765,High,Rapidly Growing,9.9115,39.47,0.0,0.0,0.0,-15.0,10.5,56,18.4,56,34.2,56,Low,Low,Low
Risk Assessment,Sangli,10,107669.8,True,28.1,21.765,High,Rapidly Growing,9.5185,37.182,0.0,0.0,0.0,-15.0,32.1,70,39.9,70,55.5,70,Low,Medium,Medium
Risk Assessment,Satara,3,56253.0,True,5.0,21.765,High,Rapidly Growing,9.8795,40.648,0.0,0.0,0.0,-15.0,10.1,56,18.0,56,33.8,56,Low,Low,Low
Risk Assessment,Solapur,3,66261.33333333333,True,4.8,21.765,High,Rapidly Growing,9.0745,41.6085,0.0,0.0,0.0,-15.0,10.0,56,17.7,56,33.1,56,Low,Low,Low
Risk Assessment,Yavatmal,3,85364.33333333333,True,4.8,21.765,High,Rapidly Growing,9.310500000000001,37.6325,0.0,0.0,0.0,-15.0,8.9,56,16.6,56,32.2,56,Low,Low,Low
SAP,Ahmednagar,3,107262.66666666667,False,4.7,0.0,,,8.46,36.595,0.0,0.0,0.0,0.0,17.8,48,19.9,48,24.1,48,Low,Low,Low
SAP,Akola,4,156058.5,False,6.4,0.0,,,9.0,33.019,0.0,0.0,0.0,0.0,18.6,50,20.8,50,25.3,50,Low,Low,Low
SAP,Amravati,4,211260.5,False,9.7,0.0,,,8.8925,37.6035,0.0,0.0,0.0,0.0,23.2,50,25.4,50,29.9,50,Low,Low,Low
SAP,Aurangabad,5,28927.6,False,10.3,0.0,,,7.6,38.486000000000004,0.0,0.0,0.0,0.0,23.7,52,25.6,52,29.4,52,Low,Low,Low
SAP,Beed,9,167164.55555555556,False,22.9,0.0,,,9.5965,42.417,0.0,0.0,0.0,0.0,38.0,60,40.4,60,45.2,60,Medium,Medium,Medium
SAP,Bhiwandi,4,111835.75,False,8.3,0.0,,,8.895,40.1755,0.0,0.0,0.0,0.0,22.6,50,24.8,50,29.2,50,Low,Low,Low
SAP,Chandrapur,2,168334.0,False,2.4,0.0,,,8.7865,35.588,0.0,0.0,0.0,0.0,15.3,46,17.5,46,21.9,46,Low,Low,Low
SAP,Dhule,5,112134.0,False,12.1,0.0,,,10.1625,39.802,0.0,0.0,0.0,0.0,26.6,52,29.1,52,34.2,52,Low,Low,Low
SAP,Jalgaon,3,48853.333333333336,False,5.3,0.0,,,8.879999999999999,37.665,0.0,0.0,0.0,0.0,18.8,48,21.0,48,25.5,48,Low,Low,Low
SAP,Jalna,6,40138.5,False,10.9,0.0,,,8.616499999999998,33.054500000000004,0.0,0.0,0.0,0.0,23.0,54,25.1,54,29.4,54,Low,Low,Low
SAP,Kolhapur,8,164386.25,False,17.5,0.0,,,9.7,40.227999999999994,0.0,0.0,0.0,0.0,32.0,58,34.4,58,39.3,58,Low,Low,Medium
SAP,Latur,5,52481.6,False,10.3,0.0,,,9.7515,39.448,0.0,0.0,0.0,0.0,24.6,52,27.0,52,31.9,52,Low,Low,Low
SAP,Mumbai,7,117082.28571428571,False,18.5,0.0,,,9.267,35.709500000000006,0.0,0.0,0.0,0.0,31.5,56,33.8,56,38.5,56,Low,Low,Medium
SAP,Nagpur,8,217169.0,False,15.2,0.0,,,9.1105,38.835,0.0,0.0,0.0,0.0,29.1,58,31.4,58,36.0,58,Low,Low,Medium
SAP,Nanded,4,185064.25,False,6.7,0.0,,,8.637,35.605000000000004,0.0,0.0,0.0,0.0,19.5,50,21.7,50,26.0,50,Low,Low,Low
SAP,Nashik,7,137554.2857142857,False,15.8,0.0,,,8.586,37.875,0.0,0.0,0.0,0.0,29.3,56,31.5,56,35.7,56,Low,Low,Medium
SAP,Osmanabad,9,109777.33333333333,False,19.0,0.0,,,8.059999999999999,37.4765,0.0,0.0,0.0,0.0,32.3,60,34.3,60,38.3,60,Low,Low,Medium
SAP,Parbhani,9,200211.44444444444,False,16.3,0.0,,,9.2835,38.364,0.0,0.0,0.0,0.0,30.1,60,32.5,60,37.1,60,Low,Low,Medium
SAP,Pune,10,172387.7,False,25.0,0.0,,,8.681999999999999,40.851,0.0,0.0,0.0,0.0,39.4,62,41.6,62,45.9,62,Medium,Medium,Medium
SAP,Sangli,8,187763.625,False,21.9,0.0,,,9.5185,37.182,0.0,0.0,0.0,0.0,35.4,58,37.8,58,42.6,58,Medium,Medium,Medium
SAP,Satara,4,248077.25,False,7.5,0.0,,,9.8795,40.648,0.0,0.0,0.0,0.0,22.2,50,24.6,50,29.6,50,Low,Low,Low
SAP,Solapur,7,146126.85714285713,False,14.3,0.0,,,9.0745,41.6085,0.0,0.0,0.0,0.0,29.1,56,31.3,56,35.9,56,Low,Low,Medium
SAP,Yavatmal,1,19188.0,False,0.0,0.0,,,9.310500000000001,37.6325,0.0,0.0,0.0,0.0,13.6,44,15.9,44,20.6,44,Low,Low,Low
SEM,Ahmednagar,5,56940.6,True,9.3,10.7375,High,Growing,8.46,36.595,0.0,0.0,0.0,-15.0,10.1,60,14.9,60,24.5,60,Low,Low,Low
SEM,Akola,3,200105.66666666666,True,4.3,10.7375,High,Growing,9.0,33.019,0.0,0.0,0.0,-15.0,4.1,56,9.1,56,18.9,56,Low,Low,Low
SEM,Amravati,6,252484.66666666666,True,16.1,10.7375,High,Growing,8.8925,37.6035,0.0,0.0,0.0,-15.0,17.3,62,22.2,62,32.0,62,Low,Low,Low
SEM,Aurangabad,6,126094.33333333333,True,12.8,10.7375,High,Growing,7.6,38.486000000000004,0.0,0.0,0.0,-15.0,13.9,62,18.5,62,27.7,62,Low,Low,Low
SEM,Beed,5,157542.4,True,11.4,10.7375,High,Growing,9.5965,42.417,0.0,0.0,0.0,-15.0,14.2,60,19.3,60,29.5,60,Low,Low,Low
SEM,Bhiwandi,6,177123.0,True,13.9,10.7375,High,Growing,8.895,40.1755,0.0,0.0,0.0,-15.0,15.9,62,20.8,62,30.6,62,Low,Low,Low
SEM,Chandrapur,10,261604.6,True,21.4,10.7375,High,Growing,8.7865,35.588,0.0,0.0,0.0,-15.0,22.0,70,26.8,70,36.6,70,Low,Low,Medium
SEM,Dhule,8,132779.375,True,21.2,10.7375,High,Growing,10.1625,39.802,0.0,0.0,0.0,-15.0,23.4,66,28.6,66,39.0,66,Low,Low,Medium
SEM,Jalgaon,8,124012.75,True,18.4,10.7375,High,Growing,8.879999999999999,37.665,0.0,0.0,0.0,-15.0,19.6,66,24.5,66,34.3,66,Low,Low,Low
SEM,Jalna,4,82642.5,True,6.5,10.7375,High,Growing,8.616499999999998,33.054500000000004,0.0,0.0,0.0,-15.0,6.3,58,11.1,58,20.8,58,Low,Low,Low
SEM,Kolhapur,6,151166.5,True,12.5,10.7375,High,Growing,9.7,40.227999999999994,0.0,0.0,0.0,-15.0,14.7,62,19.8,62,30.0,62,Low,Low,Low
SEM,Latur,7,165250.0,True,15.4,10.7375,High,Growing,9.7515,39.448,0.0,0.0,0.0,-15.0,17.4,64,22.5,64,32.7,64,Low,Low,Low
SEM,Mumbai,2,41882.5,True,0.0,10.7375,High,Growing,9.267,35.709500000000006,0.0,0.0,0.0,-15.0,0.7,54,5.7,54,15.7,54,Low,Low,Low
SEM,Nagpur,4,51352.75,True,6.5,10.7375,High,Growing,9.1105,38.835,0.0,0.0,0.0,-15.0,8.1,58,13.1,58,23.0,58,Low,Low,Low
SEM,Nanded,6,270002.0,True,11.1,10.7375,High,Growing,8.637,35.605000000000004,0.0,0.0,0.0,-15.0,11.6,62,16.5,62,26.2,62,Low,Low,Low
SEM,Nashik,7,160156.2857142857,True,15.8,10.7375,High,Growing,8.586,37.875,0.0,0.0,0.0,-15.0,17.0,64,21.8,64,31.5,64,Low,Low,Low
SEM,Osmanabad,8,188785.0,True,16.7,10.7375,High,Growing,8.059999999999999,37.4765,0.0,0.0,0.0,-15.0,17.6,66,22.3,66,31.7,66,Low,Low,Low
SEM,Parbhani,2,361389.5,True,2.0,10.7375,High,Growing,9.2835,38.364,0.0,0.0,0.0,-15.0,3.5,54,8.5,54,18.5,54,Low,Low,Low
SEM,Pune,5,191308.6,True,11.1,10.7375,High,Growing,8.681999999999999,40.851,0.0,0.0,0.0,-15.0,13.2,60,18.1,60,27.8,60,Low,Low,Low
SEM,Raigad,5,191564.6,True,11.4,10.7375,High,Growing,9.9115,39.47,0.0,0.0,0.0,-15.0,13.4,60,18.6,60,28.9,60,Low,Low,Low
SEM,Sangli,4,175239.25,True,9.4,10.7375,High,Growing,9.5185,37.182,0.0,0.0,0.0,-15.0,10.6,58,15.7,58,25.8,58,Low,Low,Low
SEM,Satara,7,150511.57142857142,True,15.0,10.7375,High,Growing,9.8795,40.648,0.0,0.0,0.0,-15.0,17.3,64,22.5,64,32.8,64,Low,Low,Low
SEM,Solapur,5,65421.2,True,9.5,10.7375,High,Growing,9.0745,41.6085,0.0,0.0,0.0,-15.0,11.9,60,16.9,60,26.8,60,Low,Low,Low
SEM,Yavatmal,5,174300.8,True,9.5,10.7375,High,Growing,9.310500000000001,37.6325,0.0,0.0,0.0,-15.0,10.8,60,15.8,60,25.8,60,Low,Low,Low
SEO,Ahmednagar,11,117644.90909090909,True,23.3,8.745,Low,Growing,8.46,36.595,0.0,0.0,0.0,0.0,38.6,72,42.9,72,51.5,72,Medium,Medium,Medium
SEO,Akola,10,200578.1,True,19.1,8.745,Low,Growing,9.0,33.019,0.0,0.0,0.0,0.0,33.4,70,37.9,70,46.8,70,Low,Medium,Medium
SEO,Amravati,13,133025.15384615384,True,38.7,8.745,Low,Growing,8.8925,37.6035,0.0,0.0,0.0,0.0,54.4,76,58.8,76,67.6,76,Medium,Medium,High
SEO,Aurangabad,10,104922.0,True,23.1,8.745,Low,Growing,7.6,38.486000000000004,0.0,0.0,0.0,0.0,38.7,70,42.8,70,51.0,70,Medium,Medium,Medium
SEO,Beed,11,165267.0909090909,True,28.6,8.745,Low,Growing,9.5965,42.417,0.0,0.0,0.0,0.0,45.9,72,50.5,72,59.7,72,Medium,Medium,Medium
SEO,Bhiwandi,9,173117.11111111112,True,22.2,8.745,Low,Growing,8.895,40.1755,0.0,0.0,0.0,0.0,38.7,68,43.1,68,51.9,68,Medium,Medium,Medium
SEO,Chandrapur,20,213349.75,True,45.2,8.745,Low,Growing,8.7865,35.588,0.0,0.0,0.0,0.0,60.3,85,64.6,85,73.4,85,Medium,Medium,High
SEO,Dhule,16,164756.9375,True,45.5,8.745,Low,Growing,10.1625,39.802,0.0,0.0,0.0,0.0,62.2,82,66.9,82,76.3,82,Medium,High,High
SEO,Jalgaon,13,77590.84615384616,True,31.6,8.745,Low,Growing,8.879999999999999,37.665,0.0,0.0,0.0,0.0,47.3,76,51.7,76,60.5,76,Medium,Medium,Medium
SEO,Jalna,7,89888.28571428571,True,13.0,8.745,Low,Growing,8.616499999999998,33.054500000000004,0.0,0.0,0.0,0.0,27.3,64,31.6,64,40.3,64,Low,Low,Medium
SEO,Kolhapur,10,194807.9,True,22.5,8.745,Low,Growing,9.7,40.227999999999994,0.0,0.0,0.0,0.0,39.2,70,43.8,70,53.0,70,Medium,Medium,Medium
SEO,Latur,8,154175.125,True,17.9,8.745,Low,Growing,9.7515,39.448,0.0,0.0,0.0,0.0,34.4,66,39.0,66,48.2,66,Low,Medium,Medium
SEO,Mumbai,10,98300.8,True,29.6,8.745,Low,Growing,9.267,35.709500000000006,0.0,0.0,0.0,0.0,44.8,70,49.3,70,58.3,70,Medium,Medium,Medium
SEO,Nagpur,4,54388.0,True,6.5,8.745,Low,Growing,9.1105,38.835,0.0,0.0,0.0,0.0,22.6,58,27.1,58,36.0,58,Low,Low,Medium
SEO,Nanded,11,126024.72727272728,True,22.2,8.745,Low,Growing,8.637,35.605000000000004,0.0,0.0,0.0,0.0,37.2,72,41.6,72,50.3,72,Medium,Medium,Medium
SEO,Nashik,12,132334.16666666666,True,28.9,8.745,Low,Growing,8.586,37.875,0.0,0.0,0.0,0.0,44.6,74,48.9,74,57.6,74,Medium,Medium,Medium
SEO,Osmanabad,16,193160.9375,True,35.7,8.745,Low,Growing,8.059999999999999,37.4765,0.0,0.0,0.0,0.0,51.1,82,55.3,82,63.7,82,Medium,Medium,Medium
SEO,Parbhani,7,149410.7142857143,True,12.2,8.745,Low,Growing,9.2835,38.364,0.0,0.0,0.0,0.0,28.2,64,32.7,64,41.7,64,Low,Low,Medium
SEO,Pune,11,193813.18181818182,True,27.8,8.745,Low,Growing,8.681999999999999,40.851,0.0,0.0,0.0,0.0,44.4,72,48.8,72,57.5,72,Medium,Medium,Medium
SEO,Raigad,10,209444.2,True,25.7,8.745,Low,Growing,9.9115,39.47,0.0,0.0,0.0,0.0,42.2,70,46.9,70,56.2,70,Medium,Medium,Medium
SEO,Sangli,13,145646.61538461538,True,37.5,8.745,Low,Growing,9.5185,37.182,0.0,0.0,0.0,0.0,53.2,76,57.8,76,66.9,76,Medium,Medium,High
SEO,Satara,13,111321.53846153847,True,30.0,8.745,Low,Growing,9.8795,40.648,0.0,0.0,0.0,0.0,46.9,76,51.5,76,60.8,76,Medium,Medium,Medium
SEO,Solapur,5,173228.4,True,9.5,8.745,Low,Growing,9.0745,41.6085,0.0,0.0,0.0,0.0,26.4,60,30.9,60,39.8,60,Low,Low,Medium
SEO,Yavatmal,14,156101.0,True,31.0,8.745,Low,Growing,9.310500000000001,37.6325,0.0,0.0,0.0,0.0,46.8,78,51.3,78,60.3,78,Medium,Medium,Medium
SIEM,Ahmednagar,6,108032.0,True,11.6,24.8125,Medium,Rapidly Growing,8.46,36.595,8.0,0.0,8.0,-5.0,33.9,62,42.2,62,58.9,62,Low,Medium,Medium
SIEM,Akola,1,208792.0,True,0.0,24.8125,Medium,Rapidly Growing,9.0,33.019,8.0,0.0,8.0,-5.0,21.4,52,29.8,52,46.7,52,Low,Low,Medium
SIEM,Amravati,5,97684.8,True,12.9,24.8125,Medium,Rapidly Growing,8.8925,37.6035,8.0,0.0,8.0,-5.0,35.6,60,44.0,60,60.9,60,Medium,Medium,Medium
SIEM,Aurangabad,8,169910.625,True,17.9,24.8125,Medium,Rapidly Growing,7.6,38.486000000000004,8.0,0.0,8.0,-5.0,40.5,66,48.7,66,64.9,66,Medium,Medium,Medium
SIEM,Beed,6,91842.0,True,14.3,24.8125,Medium,Rapidly Growing,9.5965,42.417,8.0,0.0,8.0,-5.0,38.6,62,47.2,62,64.4,62,Medium,Medium,Medium
SIEM,Bhiwandi,6,67853.16666666667,True,13.9,24.8125,Medium,Rapidly Growing,8.895,40.1755,8.0,0.0,8.0,-5.0,37.4,62,45.8,62,62.7,62,Medium,Medium,Medium
SIEM,Chandrapur,7,120609.14285714286,True,14.3,24.8125,Medium,Rapidly Growing,8.7865,35.588,8.0,0.0,8.0,-5.0,36.4,64,44.8,64,61.6,64,Medium,Medium,Medium
SIEM,Dhule,3,148106.33333333334,True,6.1,24.8125,Medium,Rapidly Growing,10.1625,39.802,8.0,0.0,8.0,-5.0,29.8,56,38.5,56,56.0,56,Low,Medium,Medium
SIEM,Jalgaon,4,140769.5,True,7.9,24.8125,Medium,Rapidly Growing,8.879999999999999,37.665,8.0,0.0,8.0,-5.0,30.6,58,39.0,58,55.9,58,Low,Medium,Medium
SIEM,Jalna,6,138144.33333333334,True,10.9,24.8125,Medium,Rapidly Growing,8.616499999999998,33.054500000000004,8.0,0.0,8.0,-5.0,32.2,62,40.5,62,57.2,62,Low,Medium,Medium
SIEM,Kolhapur,3,131557.66666666666,True,5.0,24.8125,Medium,Rapidly Growing,9.7,40.227999999999994,8.0,0.0,8.0,-5.0,28.7,56,37.3,56,54.6,56,Low,Medium,Medium
SIEM,Latur,3,90036.0,True,5.1,24.8125,Medium,Rapidly Growing,9.7515,39.448,8.0,0.0,8.0,-5.0,28.6,56,37.2,56,54.5,56,Low,Medium,Medium
SIEM,Mumbai,4,215711.5,True,7.4,24.8125,Medium,Rapidly Growing,9.267,35.709500000000006,8.0,0.0,8.0,-5.0,29.6,58,38.2,58,55.2,58,Low,Medium,Medium
SIEM,Nagpur,5,152459.0,True,8.7,24.8125,Medium,Rapidly Growing,9.1105,38.835,8.0,0.0,8.0,-5.0,31.8,60,40.3,60,57.3,60,Low,Medium,Medium
SIEM,Nanded,4,139503.5,True,6.7,24.8125,Medium,Rapidly Growing,8.637,35.605000000000004,8.0,0.0,8.0,-5.0,28.7,58,37.1,58,53.8,58,Low,Medium,Medium
SIEM,Nashik,8,215327.375,True,18.4,24.8125,Medium,Rapidly Growing,8.586,37.875,8.0,0.0,8.0,-5.0,41.1,66,49.5,66,66.2,66,Medium,Medium,High
SIEM,Osmanabad,9,110258.66666666667,True,19.0,24.8125,Medium,Rapidly Growing,8.059999999999999,37.4765,8.0,0.0,8.0,-5.0,41.5,68,49.7,68,66.1,68,Medium,Medium,High
SIEM,Parbhani,7,98591.71428571429,True,12.2,24.8125,Medium,Rapidly Growing,9.2835,38.364,8.0,0.0,8.0,-5.0,35.2,64,43.8,64,60.8,64,Medium,Medium,Medium
SIEM,Pune,10,153199.6,True,25.0,24.8125,Medium,Rapidly Growing,8.681999999999999,40.851,8.0,0.0,8.0,-5.0,48.6,70,57.0,70,73.7,70,Medium,Medium,High
SIEM,Raigad,4,122968.0,True,8.6,24.8125,Medium,Rapidly Growing,9.9115,39.47,8.0,0.0,8.0,-5.0,32.1,58,40.8,58,58.2,58,Low,Medium,Medium
SIEM,Sangli,8,109962.875,True,21.9,24.8125,Medium,Rapidly Growing,9.5185,37.182,8.0,0.0,8.0,-5.0,44.6,66,53.2,66,70.4,66,Medium,Medium,High
SIEM,Satara,4,55666.75,True,7.5,24.8125,Medium,Rapidly Growing,9.8795,40.648,8.0,0.0,8.0,-5.0,31.4,58,40.0,58,57.4,58,Low,Medium,Medium
SIEM,Solapur,1,76440.0,True,0.0,24.8125,Medium,Rapidly Growing,9.0745,41.6085,8.0,0.0,8.0,-5.0,24.0,52,32.4,52,49.4,52,Low,Low,Medium
SIEM,Yavatmal,3,115435.33333333333,True,4.8,24.8125,Medium,Rapidly Growing,9.310500000000001,37.6325,8.0,0.0,8.0,-5.0,27.6,56,36.2,56,53.2,56,Low,Medium,Medium
SQL,Ahmednagar,27,121099.0,True,60.5,23.2375,Low,Rapidly Growing,8.46,36.595,0.0,0.0,0.0,0.0,79.4,85,87.3,85,103.2,85,High,High,Very High
SQL,Akola,20,119047.7,True,40.4,23.2375,Low,Rapidly Growing,9.0,33.019,0.0,0.0,0.0,0.0,58.4,85,66.4,85,82.5,85,Medium,High,High
SQL,Amravati,22,154967.5909090909,True,67.7,23.2375,Low,Rapidly Growing,8.8925,37.6035,0.0,0.0,0.0,0.0,87.0,85,95.0,85,111.1,85,High,Very High,Very High
SQL,Aurangabad,24,122730.95833333333,True,59.0,23.2375,Low,Rapidly Growing,7.6,38.486000000000004,0.0,0.0,0.0,0.0,78.3,85,86.0,85,101.4,85,High,High,Very High
SQL,Beed,22,156725.4090909091,True,60.0,23.2375,Low,Rapidly Growing,9.5965,42.417,0.0,0.0,0.0,0.0,80.9,85,89.1,85,105.6,85,High,High,Very High
SQL,Bhiwandi,21,142869.38095238095,True,55.6,23.2375,Low,Rapidly Growing,8.895,40.1755,0.0,0.0,0.0,0.0,75.7,85,83.7,85,99.8,85,High,High,Very High
SQL,Chandrapur,23,138518.52173913043,True,52.4,23.2375,Low,Rapidly Growing,8.7865,35.588,0.0,0.0,0.0,0.0,71.1,85,79.1,85,95.1,85,High,High,Very High
SQL,Dhule,28,155992.57142857142,True,81.8,23.2375,Low,Rapidly Growing,10.1625,39.802,0.0,0.0,0.0,0.0,102.1,85,110.4,85,127.1,85,Very High,Very High,Very High
SQL,Jalgaon,19,124769.94736842105,True,47.4,23.2375,Low,Rapidly Growing,8.879999999999999,37.665,0.0,0.0,0.0,0.0,66.7,85,74.8,85,90.8,85,High,High,Very High
SQL,Jalna,33,146644.15151515152,True,69.6,23.2375,Low,Rapidly Growing,8.616499999999998,33.054500000000004,0.0,0.0,0.0,0.0,87.5,85,95.4,85,111.4,85,High,Very High,Very High
SQL,Kolhapur,26,132209.07692307694,True,62.5,23.2375,Low,Rapidly Growing,9.7,40.227999999999994,0.0,0.0,0.0,0.0,82.8,85,91.0,85,107.5,85,High,Very High,Very High
SQL,Latur,23,206903.8260869565,True,56.4,23.2375,Low,Rapidly Growing,9.7515,39.448,0.0,0.0,0.0,0.0,76.5,85,84.7,85,101.2,85,High,High,Very High
SQL,Mumbai,29,123662.6551724138,True,100.0,23.2375,Low,Rapidly Growing,9.267,35.709500000000006,0.0,0.0,0.0,0.0,118.8,85,127.0,85,130.0,85,Very High,Very High,Very High
SQL,Nagpur,20,99491.3,True,41.3,23.2375,Low,Rapidly Growing,9.1105,38.835,0.0,0.0,0.0,0.0,61.0,85,69.1,85,85.3,85,Medium,High,High
SQL,Nanded,22,137106.81818181818,True,46.7,23.2375,Low,Rapidly Growing,8.637,35.605000000000004,0.0,0.0,0.0,0.0,65.4,85,73.3,85,89.3,85,High,High,High
SQL,Nashik,23,123849.65217391304,True,57.9,23.2375,Low,Rapidly Growing,8.586,37.875,0.0,0.0,0.0,0.0,77.2,85,85.2,85,101.1,85,High,High,Very High
SQL,Osmanabad,25,165636.64,True,57.1,23.2375,Low,Rapidly Growing,8.059999999999999,37.4765,0.0,0.0,0.0,0.0,76.2,85,84.0,85,99.6,85,High,High,Very High
SQL,Parbhani,26,110248.42307692308,True,51.0,23.2375,Low,Rapidly Growing,9.2835,38.364,0.0,0.0,0.0,0.0,70.6,85,78.8,85,95.0,85,High,High,Very High
SQL,Pune,26,127124.84615384616,True,69.4,23.2375,Low,Rapidly Growing,8.681999999999999,40.851,0.0,0.0,0.0,0.0,89.6,85,97.6,85,113.6,85,High,Very High,Very High
SQL,Raigad,20,168228.0,True,54.3,23.2375,Low,Rapidly Growing,9.9115,39.47,0.0,0.0,0.0,0.0,74.4,85,82.7,85,99.3,85,High,High,Very High
SQL,Sangli,33,155883.24242424243,True,100.0,23.2375,Low,Rapidly Growing,9.5185,37.182,0.0,0.0,0.0,0.0,119.3,85,127.5,85,130.0,85,Very High,Very High,Very High
SQL,Satara,30,104963.9,True,72.5,23.2375,Low,Rapidly Growing,9.8795,40.648,0.0,0.0,0.0,0.0,93.0,85,101.3,85,117.8,85,Very High,Very High,Very High
SQL,Solapur,21,103973.76190476191,True,47.6,23.2375,Low,Rapidly Growing,9.0745,41.6085,0.0,0.0,0.0,0.0,68.2,85,76.2,85,92.4,85,High,High,Very High
SQL,Yavatmal,29,108315.10344827586,True,66.7,23.2375,Low,Rapidly Growing,9.310500000000001,37.6325,0.0,0.0,0.0,0.0,86.1,85,94.3,85,110.5,85,High,Very High,Very High
Safety,Ahmednagar,11,116060.0,False,23.3,0.0,,,8.46,36.595,0.0,0.0,0.0,0.0,36.4,64,38.5,64,42.7,64,Medium,Medium,Medium
Safety,Akola,15,102922.33333333333,False,29.8,0.0,,,9.0,33.019,0.0,0.0,0.0,0.0,42.0,72,44.2,72,48.7,72,Medium,Medium,Medium
Safety,Amravati,9,171844.0,False,25.8,0.0,,,8.8925,37.6035,0.0,0.0,0.0,0.0,39.3,60,41.5,60,46.0,60,Medium,Medium,Medium
Safety,Aurangabad,13,151543.84615384616,False,30.8,0.0,,,7.6,38.486000000000004,0.0,0.0,0.0,0.0,44.2,68,46.1,68,49.9,68,Medium,Medium,Medium
Safety,Beed,10,171342.7,False,25.7,0.0,,,9.5965,42.417,0.0,0.0,0.0,0.0,40.8,62,43.2,62,48.0,62,Medium,Medium,Medium
Safety,Bhiwandi,9,116496.88888888889,False,22.2,0.0,,,8.895,40.1755,0.0,0.0,0.0,0.0,36.5,60,38.7,60,43.1,60,Medium,Medium,Medium
Safety,Chandrapur,13,77685.92307692308,False,28.6,0.0,,,8.7865,35.588,0.0,0.0,0.0,0.0,41.5,68,43.7,68,48.1,68,Medium,Medium,Medium
Safety,Dhule,10,89842.1,False,27.3,0.0,,,10.1625,39.802,0.0,0.0,0.0,0.0,41.8,62,44.3,62,49.4,62,Medium,Medium,Medium
Safety,Jalgaon,12,180385.0,False,28.9,0.0,,,8.879999999999999,37.665,0.0,0.0,0.0,0.0,42.4,66,44.6,66,49.1,66,Medium,Medium,Medium
Safety,Jalna,6,130587.16666666667,False,10.9,0.0,,,8.616499999999998,33.054500000000004,0.0,0.0,0.0,0.0,23.0,54,25.1,54,29.4,54,Low,Low,Low
Safety,Kolhapur,10,117507.2,False,22.5,0.0,,,9.7,40.227999999999994,0.0,0.0,0.0,0.0,37.0,62,39.4,62,44.3,62,Medium,Medium,Medium
Safety,Latur,14,183011.7857142857,False,33.3,0.0,,,9.7515,39.448,0.0,0.0,0.0,0.0,47.6,70,50.0,70,54.9,70,Medium,Medium,Medium
Safety,Mumbai,17,159222.0588235294,False,55.6,0.0,,,9.267,35.709500000000006,0.0,0.0,0.0,0.0,68.6,76,70.9,76,75.6,76,High,High,High
Safety,Nagpur,14,115910.21428571429,False,28.3,0.0,,,9.1105,38.835,0.0,0.0,0.0,0.0,42.2,70,44.5,70,49.1,70,Medium,Medium,Medium
Safety,Nanded,7,172270.85714285713,False,13.3,0.0,,,8.637,35.605000000000004,0.0,0.0,0.0,0.0,26.1,56,28.3,56,32.6,56,Low,Low,Low
Safety,Nashik,11,147648.54545454544,False,26.3,0.0,,,8.586,37.875,0.0,0.0,0.0,0.0,39.8,64,42.0,64,46.2,64,Medium,Medium,Medium
Safety,Osmanabad,11,128544.72727272728,False,23.8,0.0,,,8.059999999999999,37.4765,0.0,0.0,0.0,0.0,37.1,64,39.1,64,43.1,64,Medium,Medium,Medium
Safety,Parbhani,11,131624.72727272726,False,20.4,0.0,,,9.2835,38.364,0.0,0.0,0.0,0.0,34.2,64,36.6,64,41.2,64,Low,Medium,Medium
Safety,Pune,12,92363.25,False,30.6,0.0,,,8.681999999999999,40.851,0.0,0.0,0.0,0.0,45.0,66,47.2,66,51.5,66,Medium,Medium,Medium
Safety,Raigad,7,152821.2857142857,False,17.1,0.0,,,9.9115,39.47,0.0,0.0,0.0,0.0,31.4,56,33.9,56,38.9,56,Low,Low,Medium
Safety,Sangli,15,152434.13333333333,False,43.7,0.0,,,9.5185,37.182,0.0,0.0,0.0,0.0,57.2,72,59.6,72,64.4,72,Medium,Medium,Medium
Safety,Satara,11,110269.18181818182,False,25.0,0.0,,,9.8795,40.648,0.0,0.0,0.0,0.0,39.7,64,42.1,64,47.1,64,Medium,Medium,Medium
Safety,Solapur,10,220415.0,False,21.4,0.0,,,9.0745,41.6085,0.0,0.0,0.0,0.0,36.2,62,38.4,62,43.0,62,Medium,Medium,Medium
Safety,Yavatmal,6,157482.83333333334,False,11.9,0.0,,,9.310500000000001,37.6325,0.0,0.0,0.0,0.0,25.5,54,27.8,54,32.5,54,Low,Low,Low
Safety Standards,Ahmednagar,23,121984.69565217392,False,51.2,0.0,,,8.46,36.595,0.0,0.0,0.0,0.0,64.3,77,66.4,77,70.6,77,Medium,High,High
Safety Standards,Akola,19,136077.2105263158,False,38.3,0.0,,,9.0,33.019,0.0,0.0,0.0,0.0,50.5,77,52.7,77,57.2,77,Medium,Medium,Medium
Safety Standards,Amravati,32,145357.78125,False,100.0,0.0,,,8.8925,37.6035,0.0,0.0,0.0,0.0,113.5,77,115.7,77,120.2,77,Very High,Very High,Very High
Safety Standards,Aurangabad,27,127205.77777777778,False,66.7,0.0,,,7.6,38.486000000000004,0.0,0.0,0.0,0.0,80.1,77,82.0,77,85.8,77,High,High,High
Safety Standards,Beed,24,107309.16666666667,False,65.7,0.0,,,9.5965,42.417,0.0,0.0,0.0,0.0,80.8,77,83.2,77,88.0,77,High,High,High
Safety Standards,Bhiwandi,23,95047.21739130435,False,61.1,0.0,,,8.895,40.1755,0.0,0.0,0.0,0.0,75.4,77,77.6,77,82.0,77,High,High,High
Safety Standards,Chandrapur,15,124464.53333333334,False,33.3,0.0,,,8.7865,35.588,0.0,0.0,0.0,0.0,46.2,72,48.4,72,52.8,72,Medium,Medium,Medium
Safety Standards,Dhule,22,113224.22727272728,False,63.6,0.0,,,10.1625,39.802,0.0,0.0,0.0,0.0,78.1,77,80.6,77,85.7,77,High,High,High
Safety Standards,Jalgaon,20,152727.75,False,50.0,0.0,,,8.879999999999999,37.665,0.0,0.0,0.0,0.0,63.5,77,65.7,77,70.2,77,Medium,High,High
Safety Standards,Jalna,24,124906.29166666667,False,50.0,0.0,,,8.616499999999998,33.054500000000004,0.0,0.0,0.0,0.0,62.1,77,64.2,77,68.5,77,Medium,Medium,High
Safety Standards,Kolhapur,20,186969.45,False,47.5,0.0,,,9.7,40.227999999999994,0.0,0.0,0.0,0.0,62.0,77,64.4,77,69.3,77,Medium,Medium,High
Safety Standards,Latur,19,161424.26315789475,False,46.2,0.0,,,9.7515,39.448,0.0,0.0,0.0,0.0,60.5,77,62.9,77,67.8,77,Medium,Medium,High
Safety Standards,Mumbai,16,166218.5625,False,51.9,0.0,,,9.267,35.709500000000006,0.0,0.0,0.0,0.0,64.9,74,67.2,74,71.9,74,Medium,High,High
Safety Standards,Nagpur,21,238973.2857142857,False,43.5,0.0,,,9.1105,38.835,0.0,0.0,0.0,0.0,57.4,77,59.7,77,64.3,77,Medium,Medium,Medium
Safety Standards,Nanded,16,129299.6875,False,33.3,0.0,,,8.637,35.605000000000004,0.0,0.0,0.0,0.0,46.1,74,48.3,74,52.6,74,Medium,Medium,Medium
Safety Standards,Nashik,27,170546.1851851852,False,68.4,0.0,,,8.586,37.875,0.0,0.0,0.0,0.0,81.9,77,84.1,77,88.3,77,High,High,High
Safety Standards,Osmanabad,20,165731.55,False,45.2,0.0,,,8.059999999999999,37.4765,0.0,0.0,0.0,0.0,58.5,77,60.5,77,64.5,77,Medium,Medium,Medium
Safety Standards,Parbhani,18,153592.0,False,34.7,0.0,,,9.2835,38.364,0.0,0.0,0.0,0.0,48.5,77,50.9,77,55.5,77,Medium,Medium,Medium
Safety Standards,Pune,23,146669.86956521738,False,61.1,0.0,,,8.681999999999999,40.851,0.0,0.0,0.0,0.0,75.5,77,77.7,77,82.0,77,High,High,High
Safety Standards,Raigad,19,94176.68421052632,False,51.4,0.0,,,9.9115,39.47,0.0,0.0,0.0,0.0,65.7,77,68.2,77,73.2,77,High,High,High
Safety Standards,Sangli,19,125335.84210526316,False,56.2,0.0,,,9.5185,37.182,0.0,0.0,0.0,0.0,69.7,77,72.1,77,76.9,77,High,High,High
Safety Standards,Satara,13,199359.61538461538,False,30.0,0.0,,,9.8795,40.648,0.0,0.0,0.0,0.0,44.7,68,47.1,68,52.1,68,Medium,Medium,Medium
Safety Standards,Solapur,28,131972.82142857142,False,64.3,0.0,,,9.0745,41.6085,0.0,0.0,0.0,0.0,79.1,77,81.3,77,85.9,77,High,High,High
Safety Standards,Yavatmal,20,172351.85,False,45.2,0.0,,,9.310500000000001,37.6325,0.0,0.0,0.0,0.0,58.8,77,61.1,77,65.8,77,Medium,Medium,High
Sales,Ahmednagar,5,248620.8,False,9.3,0.0,,,8.46,36.595,0.0,0.0,0.0,0.0,22.4,52,24.5,52,28.7,52,Low,Low,Low
Sales,Akola,6,185565.33333333334,False,10.6,0.0,,,9.0,33.019,0.0,0.0,0.0,0.0,22.8,54,25.0,54,29.5,54,Low,Low,Low
Sales,Amravati,6,67798.0,False,16.1,0.0,,,8.8925,37.6035,0.0,0.0,0.0,0.0,29.6,54,31.8,54,36.3,54,Low,Low,Medium
Sales,Aurangabad,7,148686.42857142858,False,15.4,0.0,,,7.6,38.486000000000004,0.0,0.0,0.0,0.0,28.8,56,30.7,56,34.5,56,Low,Low,Low
Sales,Beed,4,112778.5,False,8.6,0.0,,,9.5965,42.417,0.0,0.0,0.0,0.0,23.7,50,26.1,50,30.9,50,Low,Low,Low
Sales,Bhiwandi,6,227991.16666666666,False,13.9,0.0,,,8.895,40.1755,0.0,0.0,0.0,0.0,28.2,54,30.4,54,34.8,54,Low,Low,Low
Sales,Chandrapur,3,38087.333333333336,False,4.8,0.0,,,8.7865,35.588,0.0,0.0,0.0,0.0,17.7,48,19.9,48,24.3,48,Low,Low,Low
Sales,Dhule,3,27346.333333333332,False,6.1,0.0,,,10.1625,39.802,0.0,0.0,0.0,0.0,20.6,48,23.1,48,28.2,48,Low,Low,Low
Sales,Jalgaon,4,221616.75,False,7.9,0.0,,,8.879999999999999,37.665,0.0,0.0,0.0,0.0,21.4,50,23.6,50,28.1,50,Low,Low,Low
Sales,Jalna,5,192848.0,False,8.7,0.0,,,8.616499999999998,33.054500000000004,0.0,0.0,0.0,0.0,20.8,52,22.9,52,27.2,52,Low,Low,Low
Sales,Kolhapur,6,216547.5,False,12.5,0.0,,,9.7,40.227999999999994,0.0,0.0,0.0,0.0,27.0,54,29.4,54,34.3,54,Low,Low,Low
Sales,Latur,4,146928.5,False,7.7,0.0,,,9.7515,39.448,0.0,0.0,0.0,0.0,22.0,50,24.4,50,29.3,50,Low,Low,Low
Sales,Mumbai,9,159311.66666666666,False,25.9,0.0,,,9.267,35.709500000000006,0.0,0.0,0.0,0.0,38.9,60,41.2,60,45.9,60,Medium,Medium,Medium
Sales,Nagpur,7,198159.42857142858,False,13.0,0.0,,,9.1105,38.835,0.0,0.0,0.0,0.0,26.9,56,29.2,56,33.8,56,Low,Low,Low
Sales,Nanded,2,60038.5,False,2.2,0.0,,,8.637,35.605000000000004,0.0,0.0,0.0,0.0,15.0,46,17.2,46,21.5,46,Low,Low,Low
Sales,Nashik,6,160318.33333333334,False,13.2,0.0,,,8.586,37.875,0.0,0.0,0.0,0.0,26.7,54,28.9,54,33.1,54,Low,Low,Low
Sales,Osmanabad,5,83968.0,False,9.5,0.0,,,8.059999999999999,37.4765,0.0,0.0,0.0,0.0,22.8,52,24.8,52,28.8,52,Low,Low,Low
Sales,Parbhani,6,67229.5,False,10.2,0.0,,,9.2835,38.364,0.0,0.0,0.0,0.0,24.0,54,26.4,54,31.0,54,Low,Low,Low
Sales,Pune,5,116885.4,False,11.1,0.0,,,8.681999999999999,40.851,0.0,0.0,0.0,0.0,25.5,52,27.7,52,32.0,52,Low,Low,Low
Sales,Raigad,2,297586.5,False,2.9,0.0,,,9.9115,39.47,0.0,0.0,0.0,0.0,17.2,46,19.7,46,24.7,46,Low,Low,Low
Sales,Sangli,1,41864.0,False,0.0,0.0,,,9.5185,37.182,0.0,0.0,0.0,0.0,13.5,44,15.9,44,20.7,44,Low,Low,Low
Sales,Satara,4,159190.75,False,7.5,0.0,,,9.8795,40.648,0.0,0.0,0.0,0.0,22.2,50,24.6,50,29.6,50,Low,Low,Low
Sales,Solapur,6,181659.33333333334,False,11.9,0.0,,,9.0745,41.6085,0.0,0.0,0.0,0.0,26.7,54,28.9,54,33.5,54,Low,Low,Low
Sales,Yavatmal,3,149463.33333333334,False,4.8,0.0,,,9.310500000000001,37.6325,0.0,0.0,0.0,0.0,18.4,48,20.7,48,25.4,48,Low,Low,Low
Sample Collection,Ahmednagar,8,133782.25,False,16.3,0.0,,,8.46,36.595,0.0,0.0,0.0,0.0,29.4,58,31.5,58,35.7,58,Low,Low,Medium
Sample Collection,Akola,7,194103.85714285713,False,12.8,0.0,,,9.0,33.019,0.0,0.0,0.0,0.0,25.0,56,27.2,56,31.7,56,Low,Low,Low
Sample Collection,Amravati,5,186212.4,False,12.9,0.0,,,8.8925,37.6035,0.0,0.0,0.0,0.0,26.4,52,28.6,52,33.1,52,Low,Low,Low
Sample Collection,Aurangabad,4,87224.5,False,7.7,0.0,,,7.6,38.486000000000004,0.0,0.0,0.0,0.0,21.1,50,23.0,50,26.8,50,Low,Low,Low
Sample Collection,Beed,4,122398.5,False,8.6,0.0,,,9.5965,42.417,0.0,0.0,0.0,0.0,23.7,50,26.1,50,30.9,50,Low,Low,Low
Sample Collection,Bhiwandi,1,51355.0,False,0.0,0.0,,,8.895,40.1755,0.0,0.0,0.0,0.0,14.3,44,16.5,44,20.9,44,Low,Low,Low
Sample Collection,Chandrapur,6,148017.0,False,11.9,0.0,,,8.7865,35.588,0.0,0.0,0.0,0.0,24.8,54,27.0,54,31.4,54,Low,Low,Low
Sample Collection,Dhule,4,182073.5,False,9.1,0.0,,,10.1625,39.802,0.0,0.0,0.0,0.0,23.6,50,26.1,50,31.2,50,Low,Low,Low
Sample Collection,Jalgaon,5,181301.6,False,10.5,0.0,,,8.879999999999999,37.665,0.0,0.0,0.0,0.0,24.0,52,26.2,52,30.7,52,Low,Low,Low
Sample Collection,Jalna,6,102713.66666666667,False,10.9,0.0,,,8.616499999999998,33.054500000000004,0.0,0.0,0.0,0.0,23.0,54,25.1,54,29.4,54,Low,Low,Low
Sample Collection,Kolhapur,4,74037.5,False,7.5,0.0,,,9.7,40.227999999999994,0.0,0.0,0.0,0.0,22.0,50,24.4,50,29.3,50,Low,Low,Low
Sample Collection,Latur,3,256185.66666666666,False,5.1,0.0,,,9.7515,39.448,0.0,0.0,0.0,0.0,19.4,48,21.8,48,26.7,48,Low,Low,Low
Sample Collection,Mumbai,9,124684.22222222222,False,25.9,0.0,,,9.267,35.709500000000006,0.0,0.0,0.0,0.0,38.9,60,41.2,60,45.9,60,Medium,Medium,Medium
Sample Collection,Nagpur,7,93648.85714285714,False,13.0,0.0,,,9.1105,38.835,0.0,0.0,0.0,0.0,26.9,56,29.2,56,33.8,56,Low,Low,Low
Sample Collection,Nanded,6,136633.0,False,11.1,0.0,,,8.637,35.605000000000004,0.0,0.0,0.0,0.0,23.9,54,26.1,54,30.4,54,Low,Low,Low
Sample Collection,Nashik,6,211610.66666666666,False,13.2,0.0,,,8.586,37.875,0.0,0.0,0.0,0.0,26.7,54,28.9,54,33.1,54,Low,Low,Low
Sample Collection,Osmanabad,5,41018.8,False,9.5,0.0,,,8.059999999999999,37.4765,0.0,0.0,0.0,0.0,22.8,52,24.8,52,28.8,52,Low,Low,Low
Sample Collection,Parbhani,9,180838.11111111112,False,16.3,0.0,,,9.2835,38.364,0.0,0.0,0.0,0.0,30.1,60,32.5,60,37.1,60,Low,Low,Medium
Sample Collection,Pune,9,107441.77777777778,False,22.2,0.0,,,8.681999999999999,40.851,0.0,0.0,0.0,0.0,36.6,60,38.8,60,43.1,60,Medium,Medium,Medium
Sample Collection,Raigad,3,164541.66666666666,False,5.7,0.0,,,9.9115,39.47,0.0,0.0,0.0,0.0,20.0,48,22.5,48,27.5,48,Low,Low,Low
Sample Collection,Sangli,4,44854.75,False,9.4,0.0,,,9.5185,37.182,0.0,0.0,0.0,0.0,22.9,50,25.3,50,30.1,50,Low,Low,Low
Sample Collection,Satara,3,224228.0,False,5.0,0.0,,,9.8795,40.648,0.0,0.0,0.0,0.0,19.7,48,22.1,48,27.1,48,Low,Low,Low
Sample Collection,Solapur,3,195403.0,False,4.8,0.0,,,9.0745,41.6085,0.0,0.0,0.0,0.0,19.6,48,21.8,48,26.4,48,Low,Low,Low
Sample Collection,Yavatmal,3,226067.33333333334,False,4.8,0.0,,,9.310500000000001,37.6325,0.0,0.0,0.0,0.0,18.4,48,20.7,48,25.4,48,Low,Low,Low
Scikit-learn,Ahmednagar,3,72375.33333333333,False,4.7,0.0,,,8.46,36.595,0.0,0.0,0.0,0.0,17.8,48,19.9,48,24.1,48,Low,Low,Low
Scikit-learn,Akola,5,176354.4,False,8.5,0.0,,,9.0,33.019,0.0,0.0,0.0,0.0,20.7,52,22.9,52,27.4,52,Low,Low,Low
Scikit-learn,Amravati,1,489095.0,False,0.0,0.0,,,8.8925,37.6035,0.0,0.0,0.0,0.0,13.5,44,15.7,44,20.2,44,Low,Low,Low
Scikit-learn,Aurangabad,3,196588.33333333334,False,5.1,0.0,,,7.6,38.486000000000004,0.0,0.0,0.0,0.0,18.5,48,20.4,48,24.2,48,Low,Low,Low
Scikit-learn,Beed,7,143390.14285714287,False,17.1,0.0,,,9.5965,42.417,0.0,0.0,0.0,0.0,32.2,56,34.6,56,39.4,56,Low,Low,Medium
Scikit-learn,Bhiwandi,3,45223.0,False,5.6,0.0,,,8.895,40.1755,0.0,0.0,0.0,0.0,19.9,48,22.1,48,26.5,48,Low,Low,Low
Scikit-learn,Chandrapur,6,103441.16666666667,False,11.9,0.0,,,8.7865,35.588,0.0,0.0,0.0,0.0,24.8,54,27.0,54,31.4,54,Low,Low,Low
Scikit-learn,Dhule,7,134961.0,False,18.2,0.0,,,10.1625,39.802,0.0,0.0,0.0,0.0,32.7,56,35.2,56,40.3,56,Low,Medium,Medium
Scikit-learn,Jalgaon,2,192872.5,False,2.6,0.0,,,8.879999999999999,37.665,0.0,0.0,0.0,0.0,16.1,46,18.3,46,22.8,46,Low,Low,Low
Scikit-learn,Jalna,6,94085.33333333333,False,10.9,0.0,,,8.616499999999998,33.054500000000004,0.0,0.0,0.0,0.0,23.0,54,25.1,54,29.4,54,Low,Low,Low
Scikit-learn,Kolhapur,5,74467.0,False,10.0,0.0,,,9.7,40.227999999999994,0.0,0.0,0.0,0.0,24.5,52,26.9,52,31.8,52,Low,Low,Low
Scikit-learn,Latur,4,79651.0,False,7.7,0.0,,,9.7515,39.448,0.0,0.0,0.0,0.0,22.0,50,24.4,50,29.3,50,Low,Low,Low
Scikit-learn,Mumbai,10,113028.2,False,29.6,0.0,,,9.267,35.709500000000006,0.0,0.0,0.0,0.0,42.6,62,44.9,62,49.6,62,Medium,Medium,Medium
Scikit-learn,Nagpur,4,139332.0,False,6.5,0.0,,,9.1105,38.835,0.0,0.0,0.0,0.0,20.4,50,22.7,50,27.3,50,Low,Low,Low
Scikit-learn,Nanded,3,141569.66666666666,False,4.4,0.0,,,8.637,35.605000000000004,0.0,0.0,0.0,0.0,17.2,48,19.4,48,23.7,48,Low,Low,Low
Scikit-learn,Nashik,5,207210.4,False,10.5,0.0,,,8.586,37.875,0.0,0.0,0.0,0.0,24.0,52,26.2,52,30.4,52,Low,Low,Low
Scikit-learn,Osmanabad,8,179850.25,False,16.7,0.0,,,8.059999999999999,37.4765,0.0,0.0,0.0,0.0,30.0,58,32.0,58,36.0,58,Low,Low,Medium
Scikit-learn,Parbhani,3,93250.0,False,4.1,0.0,,,9.2835,38.364,0.0,0.0,0.0,0.0,17.9,48,20.3,48,24.9,48,Low,Low,Low
Scikit-learn,Pune,5,188619.4,False,11.1,0.0,,,8.681999999999999,40.851,0.0,0.0,0.0,0.0,25.5,52,27.7,52,32.0,52,Low,Low,Low
Scikit-learn,Raigad,3,72170.33333333333,False,5.7,0.0,,,9.9115,39.47,0.0,0.0,0.0,0.0,20.0,48,22.5,48,27.5,48,Low,Low,Low
Scikit-learn,Sangli,4,218443.25,False,9.4,0.0,,,9.5185,37.182,0.0,0.0,0.0,0.0,22.9,50,25.3,50,30.1,50,Low,Low,Low
Scikit-learn,Satara,3,199447.33333333334,False,5.0,0.0,,,9.8795,40.648,0.0,0.0,0.0,0.0,19.7,48,22.1,48,27.1,48,Low,Low,Low
Scikit-learn,Solapur,6,52821.666666666664,False,11.9,0.0,,,9.0745,41.6085,0.0,0.0,0.0,0.0,26.7,54,28.9,54,33.5,54,Low,Low,Low
Scikit-learn,Yavatmal,5,141637.4,False,9.5,0.0,,,9.310500000000001,37.6325,0.0,0.0,0.0,0.0,23.1,52,25.4,52,30.1,52,Low,Low,Low
Selenium,Ahmednagar,4,142487.5,False,7.0,0.0,,,8.46,36.595,0.0,0.0,0.0,0.0,20.1,50,22.2,50,26.4,50,Low,Low,Low
Selenium,Akola,5,208702.2,False,8.5,0.0,,,9.0,33.019,0.0,0.0,0.0,0.0,20.7,52,22.9,52,27.4,52,Low,Low,Low
Selenium,Aurangabad,2,90105.5,False,2.6,0.0,,,7.6,38.486000000000004,0.0,0.0,0.0,0.0,16.0,46,17.9,46,21.7,46,Low,Low,Low
Selenium,Beed,3,249267.33333333334,False,5.7,0.0,,,9.5965,42.417,0.0,0.0,0.0,0.0,20.8,48,23.2,48,28.0,48,Low,Low,Low
Selenium,Bhiwandi,7,158607.85714285713,False,16.7,0.0,,,8.895,40.1755,0.0,0.0,0.0,0.0,31.0,56,33.2,56,37.6,56,Low,Low,Medium
Selenium,Chandrapur,5,78705.2,False,9.5,0.0,,,8.7865,35.588,0.0,0.0,0.0,0.0,22.4,52,24.6,52,29.0,52,Low,Low,Low
Selenium,Dhule,6,192450.0,False,15.2,0.0,,,10.1625,39.802,0.0,0.0,0.0,0.0,29.7,54,32.2,54,37.3,54,Low,Low,Medium
Selenium,Jalgaon,7,112850.14285714286,False,15.8,0.0,,,8.879999999999999,37.665,0.0,0.0,0.0,0.0,29.3,56,31.5,56,36.0,56,Low,Low,Medium
Selenium,Jalna,3,134027.33333333334,False,4.3,0.0,,,8.616499999999998,33.054500000000004,0.0,0.0,0.0,0.0,16.4,48,18.5,48,22.8,48,Low,Low,Low
Selenium,Kolhapur,3,155942.66666666666,False,5.0,0.0,,,9.7,40.227999999999994,0.0,0.0,0.0,0.0,19.5,48,21.9,48,26.8,48,Low,Low,Low
Selenium,Latur,3,288326.3333333333,False,5.1,0.0,,,9.7515,39.448,0.0,0.0,0.0,0.0,19.4,48,21.8,48,26.7,48,Low,Low,Low
Selenium,Mumbai,8,121818.75,False,22.2,0.0,,,9.267,35.709500000000006,0.0,0.0,0.0,0.0,35.2,58,37.5,58,42.2,58,Medium,Medium,Medium
Selenium,Nagpur,3,142311.66666666666,False,4.3,0.0,,,9.1105,38.835,0.0,0.0,0.0,0.0,18.2,48,20.5,48,25.1,48,Low,Low,Low
Selenium,Nanded,6,126358.83333333333,False,11.1,0.0,,,8.637,35.605000000000004,0.0,0.0,0.0,0.0,23.9,54,26.1,54,30.4,54,Low,Low,Low
Selenium,Nashik,5,75455.8,False,10.5,0.0,,,8.586,37.875,0.0,0.0,0.0,0.0,24.0,52,26.2,52,30.4,52,Low,Low,Low
Selenium,Osmanabad,5,199665.6,False,9.5,0.0,,,8.059999999999999,37.4765,0.0,0.0,0.0,0.0,22.8,52,24.8,52,28.8,52,Low,Low,Low
Selenium,Parbhani,4,82709.0,False,6.1,0.0,,,9.2835,38.364,0.0,0.0,0.0,0.0,19.9,50,22.3,50,26.9,50,Low,Low,Low
Selenium,Pune,2,119299.5,False,2.8,0.0,,,8.681999999999999,40.851,0.0,0.0,0.0,0.0,17.2,46,19.4,46,23.7,46,Low,Low,Low
Selenium,Sangli,4,261745.25,False,9.4,0.0,,,9.5185,37.182,0.0,0.0,0.0,0.0,22.9,50,25.3,50,30.1,50,Low,Low,Low
Selenium,Satara,5,64131.8,False,10.0,0.0,,,9.8795,40.648,0.0,0.0,0.0,0.0,24.7,52,27.1,52,32.1,52,Low,Low,Low
Selenium,Solapur,3,261263.66666666666,False,4.8,0.0,,,9.0745,41.6085,0.0,0.0,0.0,0.0,19.6,48,21.8,48,26.4,48,Low,Low,Low
Selenium,Yavatmal,7,78744.42857142857,False,14.3,0.0,,,9.310500000000001,37.6325,0.0,0.0,0.0,0.0,27.9,56,30.2,56,34.9,56,Low,Low,Low
Sketch,Ahmednagar,7,131459.14285714287,False,14.0,0.0,,,8.46,36.595,0.0,0.0,0.0,0.0,27.1,56,29.2,56,33.4,56,Low,Low,Low
Sketch,Akola,5,144467.2,False,8.5,0.0,,,9.0,33.019,0.0,0.0,0.0,0.0,20.7,52,22.9,52,27.4,52,Low,Low,Low
Sketch,Amravati,1,15413.0,False,0.0,0.0,,,8.8925,37.6035,0.0,0.0,0.0,0.0,13.5,44,15.7,44,20.2,44,Low,Low,Low
Sketch,Aurangabad,5,112588.2,False,10.3,0.0,,,7.6,38.486000000000004,0.0,0.0,0.0,0.0,23.7,52,25.6,52,29.4,52,Low,Low,Low
Sketch,Beed,5,66868.2,False,11.4,0.0,,,9.5965,42.417,0.0,0.0,0.0,0.0,26.5,52,28.9,52,33.7,52,Low,Low,Low
Sketch,Bhiwandi,6,228843.33333333334,False,13.9,0.0,,,8.895,40.1755,0.0,0.0,0.0,0.0,28.2,54,30.4,54,34.8,54,Low,Low,Low
Sketch,Chandrapur,4,116835.0,False,7.1,0.0,,,8.7865,35.588,0.0,0.0,0.0,0.0,20.0,50,22.2,50,26.6,50,Low,Low,Low
Sketch,Dhule,5,100302.6,False,12.1,0.0,,,10.1625,39.802,0.0,0.0,0.0,0.0,26.6,52,29.1,52,34.2,52,Low,Low,Low
Sketch,Jalgaon,3,125299.0,False,5.3,0.0,,,8.879999999999999,37.665,0.0,0.0,0.0,0.0,18.8,48,21.0,48,25.5,48,Low,Low,Low
Sketch,Jalna,3,146740.33333333334,False,4.3,0.0,,,8.616499999999998,33.054500000000004,0.0,0.0,0.0,0.0,16.4,48,18.5,48,22.8,48,Low,Low,Low
Sketch,Kolhapur,2,221896.5,False,2.5,0.0,,,9.7,40.227999999999994,0.0,0.0,0.0,0.0,17.0,46,19.4,46,24.3,46,Low,Low,Low
Sketch,Latur,5,99390.8,False,10.3,0.0,,,9.7515,39.448,0.0,0.0,0.0,0.0,24.6,52,27.0,52,31.9,52,Low,Low,Low
Sketch,Mumbai,2,138591.5,False,0.0,0.0,,,9.267,35.709500000000006,0.0,0.0,0.0,0.0,13.0,46,15.3,46,20.0,46,Low,Low,Low
Sketch,Nagpur,7,192184.0,False,13.0,0.0,,,9.1105,38.835,0.0,0.0,0.0,0.0,26.9,56,29.2,56,33.8,56,Low,Low,Low
Sketch,Nanded,2,268587.5,False,2.2,0.0,,,8.637,35.605000000000004,0.0,0.0,0.0,0.0,15.0,46,17.2,46,21.5,46,Low,Low,Low
Sketch,Nashik,2,176395.0,False,2.6,0.0,,,8.586,37.875,0.0,0.0,0.0,0.0,16.1,46,18.3,46,22.5,46,Low,Low,Low
Sketch,Osmanabad,7,56959.0,False,14.3,0.0,,,8.059999999999999,37.4765,0.0,0.0,0.0,0.0,27.6,56,29.6,56,33.6,56,Low,Low,Low
Sketch,Parbhani,4,59988.5,False,6.1,0.0,,,9.2835,38.364,0.0,0.0,0.0,0.0,19.9,50,22.3,50,26.9,50,Low,Low,Low
Sketch,Pune,4,65304.25,False,8.3,0.0,,,8.681999999999999,40.851,0.0,0.0,0.0,0.0,22.7,50,24.9,50,29.2,50,Low,Low,Low
Sketch,Raigad,3,166860.66666666666,False,5.7,0.0,,,9.9115,39.47,0.0,0.0,0.0,0.0,20.0,48,22.5,48,27.5,48,Low,Low,Low
Sketch,Sangli,4,113896.75,False,9.4,0.0,,,9.5185,37.182,0.0,0.0,0.0,0.0,22.9,50,25.3,50,30.1,50,Low,Low,Low
Sketch,Satara,8,88544.75,False,17.5,0.0,,,9.8795,40.648,0.0,0.0,0.0,0.0,32.2,58,34.6,58,39.6,58,Low,Low,Medium
Sketch,Solapur,5,154350.2,False,9.5,0.0,,,9.0745,41.6085,0.0,0.0,0.0,0.0,24.3,52,26.5,52,31.1,52,Low,Low,Low
Sketch,Yavatmal,4,184216.5,False,7.1,0.0,,,9.310500000000001,37.6325,0.0,0.0,0.0,0.0,20.7,50,23.0,50,27.7,50,Low,Low,Low
Social Media Marketing,Ahmednagar,4,61033.25,True,7.0,11.5325,High,Growing,8.46,36.595,0.0,0.0,0.0,-15.0,8.0,58,13.0,58,23.0,58,Low,Low,Low
Social Media Marketing,Akola,3,200105.66666666666,True,4.3,11.5325,High,Growing,9.0,33.019,0.0,0.0,0.0,-15.0,4.3,56,9.5,56,19.7,56,Low,Low,Low
Social Media Marketing,Amravati,7,115920.14285714286,True,19.4,11.5325,High,Growing,8.8925,37.6035,0.0,0.0,0.0,-15.0,20.8,64,25.9,64,36.1,64,Low,Low,Medium
Social Media Marketing,Aurangabad,7,58598.71428571428,True,15.4,11.5325,High,Growing,7.6,38.486000000000004,0.0,0.0,0.0,-15.0,16.7,64,21.5,64,31.1,64,Low,Low,Low
Social Media Marketing,Beed,8,170162.125,True,20.0,11.5325,High,Growing,9.5965,42.417,0.0,0.0,0.0,-15.0,23.0,66,28.3,66,38.9,66,Low,Low,Medium
Social Media Marketing,Bhiwandi,7,185975.85714285713,True,16.7,11.5325,High,Growing,8.895,40.1755,0.0,0.0,0.0,-15.0,18.9,64,24.0,64,34.2,64,Low,Low,Low
Social Media Marketing,Chandrapur,9,285265.55555555556,True,19.0,11.5325,High,Growing,8.7865,35.588,0.0,0.0,0.0,-15.0,19.8,68,24.8,68,35.0,68,Low,Low,Medium
Social Media Marketing,Dhule,10,159258.3,True,27.3,11.5325,High,Growing,10.1625,39.802,0.0,0.0,0.0,-15.0,29.7,70,35.1,70,45.9,70,Low,Medium,Medium
Social Media Marketing,Jalgaon,7,109578.42857142857,True,15.8,11.5325,High,Growing,8.879999999999999,37.665,0.0,0.0,0.0,-15.0,17.2,64,22.3,64,32.5,64,Low,Low,Low
Social Media Marketing,Jalna,3,27853.333333333332,True,4.3,11.5325,High,Growing,8.616499999999998,33.054500000000004,0.0,0.0,0.0,-15.0,4.3,56,9.3,56,19.4,56,Low,Low,Low
Social Media Marketing,Kolhapur,4,135340.0,True,7.5,11.5325,High,Growing,9.7,40.227999999999994,0.0,0.0,0.0,-15.0,9.9,58,15.2,58,25.8,58,Low,Low,Low
Social Media Marketing,Latur,7,165250.0,True,15.4,11.5325,High,Growing,9.7515,39.448,0.0,0.0,0.0,-15.0,17.6,64,22.9,64,33.5,64,Low,Low,Low
Social Media Marketing,Mumbai,5,126626.8,True,11.1,11.5325,High,Growing,9.267,35.709500000000006,0.0,0.0,0.0,-15.0,12.0,60,17.2,60,27.6,60,Low,Low,Low
Social Media Marketing,Nagpur,3,62135.333333333336,True,4.3,11.5325,High,Growing,9.1105,38.835,0.0,0.0,0.0,-15.0,6.1,56,11.3,56,21.6,56,Low,Low,Low
Social Media Marketing,Nanded,8,216508.875,True,15.6,11.5325,High,Growing,8.637,35.605000000000004,0.0,0.0,0.0,-15.0,16.3,66,21.4,66,31.5,66,Low,Low,Low
Social Media Marketing,Nashik,8,173563.0,True,18.4,11.5325,High,Growing,8.586,37.875,0.0,0.0,0.0,-15.0,19.8,66,24.8,66,34.9,66,Low,Low,Low
Social Media Marketing,Osmanabad,7,164436.14285714287,True,14.3,11.5325,High,Growing,8.059999999999999,37.4765,0.0,0.0,0.0,-15.0,15.4,64,20.3,64,30.1,64,Low,Low,Low
Social Media Marketing,Parbhani,1,476024.0,True,0.0,11.5325,High,Growing,9.2835,38.364,0.0,0.0,0.0,-15.0,1.7,52,6.9,52,17.3,52,Low,Low,Low
Social Media Marketing,Pune,8,209087.25,True,19.4,11.5325,High,Growing,8.681999999999999,40.851,0.0,0.0,0.0,-15.0,21.7,66,26.8,66,36.9,66,Low,Low,Medium
Social Media Marketing,Raigad,5,279742.2,True,11.4,11.5325,High,Growing,9.9115,39.47,0.0,0.0,0.0,-15.0,13.6,60,19.0,60,29.7,60,Low,Low,Low
Social Media Marketing,Sangli,5,164443.4,True,12.5,11.5325,High,Growing,9.5185,37.182,0.0,0.0,0.0,-15.0,13.9,60,19.2,60,29.7,60,Low,Low,Low
Social Media Marketing,Satara,8,193805.5,True,17.5,11.5325,High,Growing,9.8795,40.648,0.0,0.0,0.0,-15.0,20.0,66,25.4,66,36.1,66,Low,Low,Medium
Social Media Marketing,Solapur,2,72311.0,True,2.4,11.5325,High,Growing,9.0745,41.6085,0.0,0.0,0.0,-15.0,5.0,54,10.2,54,20.5,54,Low,Low,Low
Social Media Marketing,Yavatmal,5,190410.6,True,9.5,11.5325,High,Growing,9.310500000000001,37.6325,0.0,0.0,0.0,-15.0,11.0,60,16.2,60,26.6,60,Low,Low,Low
Statistics,Ahmednagar,3,45779.666666666664,False,4.7,0.0,,,8.46,36.595,0.0,0.0,0.0,0.0,17.8,48,19.9,48,24.1,48,Low,Low,Low
Statistics,Akola,3,250348.0,False,4.3,0.0,,,9.0,33.019,0.0,0.0,0.0,0.0,16.5,48,18.7,48,23.2,48,Low,Low,Low
Statistics,Amravati,7,165846.57142857142,False,19.4,0.0,,,8.8925,37.6035,0.0,0.0,0.0,0.0,32.9,56,35.1,56,39.6,56,Low,Medium,Medium
Statistics,Aurangabad,7,157843.85714285713,False,15.4,0.0,,,7.6,38.486000000000004,0.0,0.0,0.0,0.0,28.8,56,30.7,56,34.5,56,Low,Low,Low
Statistics,Beed,6,261595.33333333334,False,14.3,0.0,,,9.5965,42.417,0.0,0.0,0.0,0.0,29.4,54,31.8,54,36.6,54,Low,Low,Medium
Statistics,Chandrapur,1,187068.0,False,0.0,0.0,,,8.7865,35.588,0.0,0.0,0.0,0.0,12.9,44,15.1,44,19.5,44,Low,Low,Low
Statistics,Dhule,5,96536.0,False,12.1,0.0,,,10.1625,39.802,0.0,0.0,0.0,0.0,26.6,52,29.1,52,34.2,52,Low,Low,Low
Statistics,Jalgaon,1,55770.0,False,0.0,0.0,,,8.879999999999999,37.665,0.0,0.0,0.0,0.0,13.5,44,15.7,44,20.2,44,Low,Low,Low
Statistics,Jalna,4,89356.5,False,6.5,0.0,,,8.616499999999998,33.054500000000004,0.0,0.0,0.0,0.0,18.6,50,20.7,50,25.0,50,Low,Low,Low
Statistics,Kolhapur,2,31593.5,False,2.5,0.0,,,9.7,40.227999999999994,0.0,0.0,0.0,0.0,17.0,46,19.4,46,24.3,46,Low,Low,Low
Statistics,Latur,6,232400.16666666666,False,12.8,0.0,,,9.7515,39.448,0.0,0.0,0.0,0.0,27.1,54,29.5,54,34.4,54,Low,Low,Low
Statistics,Mumbai,3,42983.666666666664,False,3.7,0.0,,,9.267,35.709500000000006,0.0,0.0,0.0,0.0,16.7,48,19.0,48,23.7,48,Low,Low,Low
Statistics,Nagpur,4,149934.5,False,6.5,0.0,,,9.1105,38.835,0.0,0.0,0.0,0.0,20.4,50,22.7,50,27.3,50,Low,Low,Low
Statistics,Nanded,5,108882.4,False,8.9,0.0,,,8.637,35.605000000000004,0.0,0.0,0.0,0.0,21.7,52,23.9,52,28.2,52,Low,Low,Low
Statistics,Nashik,2,36115.0,False,2.6,0.0,,,8.586,37.875,0.0,0.0,0.0,0.0,16.1,46,18.3,46,22.5,46,Low,Low,Low
Statistics,Osmanabad,2,79954.0,False,2.4,0.0,,,8.059999999999999,37.4765,0.0,0.0,0.0,0.0,15.7,46,17.7,46,21.7,46,Low,Low,Low
Statistics,Parbhani,2,109147.0,False,2.0,0.0,,,9.2835,38.364,0.0,0.0,0.0,0.0,15.8,46,18.2,46,22.8,46,Low,Low,Low
Statistics,Pune,4,82607.75,False,8.3,0.0,,,8.681999999999999,40.851,0.0,0.0,0.0,0.0,22.7,50,24.9,50,29.2,50,Low,Low,Low
Statistics,Raigad,4,111403.25,False,8.6,0.0,,,9.9115,39.47,0.0,0.0,0.0,0.0,22.9,50,25.4,50,30.4,50,Low,Low,Low
Statistics,Sangli,7,73059.0,False,18.7,0.0,,,9.5185,37.182,0.0,0.0,0.0,0.0,32.2,56,34.6,56,39.4,56,Low,Low,Medium
Statistics,Satara,5,75050.4,False,10.0,0.0,,,9.8795,40.648,0.0,0.0,0.0,0.0,24.7,52,27.1,52,32.1,52,Low,Low,Low
Statistics,Solapur,4,67480.5,False,7.1,0.0,,,9.0745,41.6085,0.0,0.0,0.0,0.0,21.9,50,24.1,50,28.7,50,Low,Low,Low
Statistics,Yavatmal,4,125784.75,False,7.1,0.0,,,9.310500000000001,37.6325,0.0,0.0,0.0,0.0,20.7,50,23.0,50,27.7,50,Low,Low,Low
TIG Welding,Ahmednagar,5,104341.2,False,9.3,0.0,,,8.46,36.595,0.0,0.0,0.0,0.0,22.4,52,24.5,52,28.7,52,Low,Low,Low
TIG Welding,Akola,2,78948.5,False,2.1,0.0,,,9.0,33.019,0.0,0.0,0.0,0.0,14.3,46,16.5,46,21.0,46,Low,Low,Low
TIG Welding,Amravati,7,109943.14285714286,False,19.4,0.0,,,8.8925,37.6035,0.0,0.0,0.0,0.0,32.9,56,35.1,56,39.6,56,Low,Medium,Medium
TIG Welding,Aurangabad,8,167780.25,False,17.9,0.0,,,7.6,38.486000000000004,0.0,0.0,0.0,0.0,31.3,58,33.2,58,37.0,58,Low,Low,Medium
TIG Welding,Beed,2,39819.0,False,2.9,0.0,,,9.5965,42.417,0.0,0.0,0.0,0.0,18.0,46,20.4,46,25.2,46,Low,Low,Low
TIG Welding,Bhiwandi,8,129819.875,False,19.4,0.0,,,8.895,40.1755,0.0,0.0,0.0,0.0,33.7,58,35.9,58,40.3,58,Low,Medium,Medium
TIG Welding,Chandrapur,3,76734.66666666667,False,4.8,0.0,,,8.7865,35.588,0.0,0.0,0.0,0.0,17.7,48,19.9,48,24.3,48,Low,Low,Low
TIG Welding,Dhule,8,136627.25,False,21.2,0.0,,,10.1625,39.802,0.0,0.0,0.0,0.0,35.7,58,38.2,58,43.3,58,Medium,Medium,Medium
TIG Welding,Jalgaon,3,219668.0,False,5.3,0.0,,,8.879999999999999,37.665,0.0,0.0,0.0,0.0,18.8,48,21.0,48,25.5,48,Low,Low,Low
TIG Welding,Jalna,7,145670.2857142857,False,13.0,0.0,,,8.616499999999998,33.054500000000004,0.0,0.0,0.0,0.0,25.1,56,27.2,56,31.5,56,Low,Low,Low
TIG Welding,Kolhapur,3,176600.33333333334,False,5.0,0.0,,,9.7,40.227999999999994,0.0,0.0,0.0,0.0,19.5,48,21.9,48,26.8,48,Low,Low,Low
TIG Welding,Latur,10,145359.7,False,23.1,0.0,,,9.7515,39.448,0.0,0.0,0.0,0.0,37.4,62,39.8,62,44.7,62,Medium,Medium,Medium
TIG Welding,Mumbai,4,68585.0,False,7.4,0.0,,,9.267,35.709500000000006,0.0,0.0,0.0,0.0,20.4,50,22.7,50,27.4,50,Low,Low,Low
TIG Welding,Nagpur,5,283808.2,False,8.7,0.0,,,9.1105,38.835,0.0,0.0,0.0,0.0,22.6,52,24.9,52,29.5,52,Low,Low,Low
TIG Welding,Nanded,4,44558.75,False,6.7,0.0,,,8.637,35.605000000000004,0.0,0.0,0.0,0.0,19.5,50,21.7,50,26.0,50,Low,Low,Low
TIG Welding,Nashik,10,190794.1,False,23.7,0.0,,,8.586,37.875,0.0,0.0,0.0,0.0,37.2,62,39.4,62,43.6,62,Medium,Medium,Medium
TIG Welding,Osmanabad,4,94346.25,False,7.1,0.0,,,8.059999999999999,37.4765,0.0,0.0,0.0,0.0,20.4,50,22.4,50,26.4,50,Low,Low,Low
TIG Welding,Parbhani,7,192212.85714285713,False,12.2,0.0,,,9.2835,38.364,0.0,0.0,0.0,0.0,26.0,56,28.4,56,33.0,56,Low,Low,Low
TIG Welding,Pune,9,196434.55555555556,False,22.2,0.0,,,8.681999999999999,40.851,0.0,0.0,0.0,0.0,36.6,60,38.8,60,43.1,60,Medium,Medium,Medium
TIG Welding,Raigad,6,156593.16666666666,False,14.3,0.0,,,9.9115,39.47,0.0,0.0,0.0,0.0,28.6,54,31.1,54,36.1,54,Low,Low,Medium
TIG Welding,Sangli,2,109601.0,False,3.1,0.0,,,9.5185,37.182,0.0,0.0,0.0,0.0,16.6,46,19.0,46,23.8,46,Low,Low,Low
TIG Welding,Satara,3,433085.0,False,5.0,0.0,,,9.8795,40.648,0.0,0.0,0.0,0.0,19.7,48,22.1,48,27.1,48,Low,Low,Low
TIG Welding,Solapur,6,88768.83333333333,False,11.9,0.0,,,9.0745,41.6085,0.0,0.0,0.0,0.0,26.7,54,28.9,54,33.5,54,Low,Low,Low
TIG Welding,Yavatmal,5,142796.4,False,9.5,0.0,,,9.310500000000001,37.6325,0.0,0.0,0.0,0.0,23.1,52,25.4,52,30.1,52,Low,Low,Low
Tableau,Ahmednagar,2,77898.0,True,2.3,28.955,Low,Rapidly Growing,8.46,36.595,0.0,0.0,0.0,0.0,22.6,54,32.0,54,50.7,54,Low,Low,Medium
Tableau,Akola,5,176293.4,True,8.5,28.955,Low,Rapidly Growing,9.0,33.019,0.0,0.0,0.0,0.0,27.9,60,37.4,60,56.4,60,Low,Medium,Medium
Tableau,Amravati,5,221282.0,True,12.9,28.955,Low,Rapidly Growing,8.8925,37.6035,0.0,0.0,0.0,0.0,33.6,60,43.1,60,62.0,60,Low,Medium,Medium
Tableau,Aurangabad,4,181709.0,True,7.7,28.955,Low,Rapidly Growing,7.6,38.486000000000004,0.0,0.0,0.0,0.0,28.4,58,37.5,58,55.8,58,Low,Medium,Medium
Tableau,Beed,5,264541.2,True,11.4,28.955,Low,Rapidly Growing,9.5965,42.417,0.0,0.0,0.0,0.0,33.8,60,43.4,60,62.7,60,Low,Medium,Medium
Tableau,Bhiwandi,2,70081.0,True,2.8,28.955,Low,Rapidly Growing,8.895,40.1755,0.0,0.0,0.0,0.0,24.3,54,33.8,54,52.7,54,Low,Low,Medium
Tableau,Chandrapur,5,130387.2,True,9.5,28.955,Low,Rapidly Growing,8.7865,35.588,0.0,0.0,0.0,0.0,29.6,60,39.0,60,57.9,60,Low,Medium,Medium
Tableau,Dhule,4,133177.0,True,9.1,28.955,Low,Rapidly Growing,10.1625,39.802,0.0,0.0,0.0,0.0,30.8,58,40.6,58,60.2,58,Low,Medium,Medium
Tableau,Jalgaon,3,103373.33333333333,True,5.3,28.955,Low,Rapidly Growing,8.879999999999999,37.665,0.0,0.0,0.0,0.0,26.1,56,35.5,56,54.4,56,Low,Medium,Medium
Tableau,Jalna,2,85181.5,True,2.2,28.955,Low,Rapidly Growing,8.616499999999998,33.054500000000004,0.0,0.0,0.0,0.0,21.5,54,30.9,54,49.7,54,Low,Low,Medium
Tableau,Kolhapur,6,130897.83333333333,True,12.5,28.955,Low,Rapidly Growing,9.7,40.227999999999994,0.0,0.0,0.0,0.0,34.2,62,43.9,62,63.2,62,Low,Medium,Medium
Tableau,Latur,5,298463.0,True,10.3,28.955,Low,Rapidly Growing,9.7515,39.448,0.0,0.0,0.0,0.0,31.8,60,41.5,60,60.8,60,Low,Medium,Medium
Tableau,Mumbai,4,80516.5,True,7.4,28.955,Low,Rapidly Growing,9.267,35.709500000000006,0.0,0.0,0.0,0.0,27.7,58,37.2,58,56.3,58,Low,Medium,Medium
Tableau,Nagpur,6,93028.5,True,10.9,28.955,Low,Rapidly Growing,9.1105,38.835,0.0,0.0,0.0,0.0,32.1,62,41.6,62,60.6,62,Low,Medium,Medium
Tableau,Nanded,2,41165.0,True,2.2,28.955,Low,Rapidly Growing,8.637,35.605000000000004,0.0,0.0,0.0,0.0,22.3,54,31.7,54,50.5,54,Low,Low,Medium
Tableau,Nashik,3,58933.666666666664,True,5.3,28.955,Low,Rapidly Growing,8.586,37.875,0.0,0.0,0.0,0.0,26.0,56,35.4,56,54.2,56,Low,Medium,Medium
Tableau,Osmanabad,3,170933.33333333334,True,4.8,28.955,Low,Rapidly Growing,8.059999999999999,37.4765,0.0,0.0,0.0,0.0,25.3,56,34.6,56,53.1,56,Low,Low,Medium
Tableau,Parbhani,1,23110.0,True,0.0,28.955,Low,Rapidly Growing,9.2835,38.364,0.0,0.0,0.0,0.0,21.1,52,30.6,52,49.7,52,Low,Low,Medium
Tableau,Pune,4,189434.0,True,8.3,28.955,Low,Rapidly Growing,8.681999999999999,40.851,0.0,0.0,0.0,0.0,30.0,58,39.4,58,58.2,58,Low,Medium,Medium
Tableau,Raigad,3,134753.66666666666,True,5.7,28.955,Low,Rapidly Growing,9.9115,39.47,0.0,0.0,0.0,0.0,27.3,56,37.0,56,56.4,56,Low,Medium,Medium
Tableau,Sangli,5,69873.2,True,12.5,28.955,Low,Rapidly Growing,9.5185,37.182,0.0,0.0,0.0,0.0,33.3,60,42.9,60,62.1,60,Low,Medium,Medium
Tableau,Satara,4,79924.0,True,7.5,28.955,Low,Rapidly Growing,9.8795,40.648,0.0,0.0,0.0,0.0,29.4,58,39.1,58,58.5,58,Low,Medium,Medium
Tableau,Solapur,3,89788.66666666667,True,4.8,28.955,Low,Rapidly Growing,9.0745,41.6085,0.0,0.0,0.0,0.0,26.8,56,36.3,56,55.3,56,Low,Medium,Medium
Tableau,Yavatmal,5,45935.6,True,9.5,28.955,Low,Rapidly Growing,9.310500000000001,37.6325,0.0,0.0,0.0,0.0,30.4,60,39.9,60,59.1,60,Low,Medium,Medium
Tally,Ahmednagar,1,15200.0,False,0.0,0.0,,,8.46,36.595,0.0,0.0,0.0,0.0,13.1,44,15.2,44,19.4,44,Low,Low,Low
Tally,Akola,5,73653.8,False,8.5,0.0,,,9.0,33.019,0.0,0.0,0.0,0.0,20.7,52,22.9,52,27.4,52,Low,Low,Low
Tally,Amravati,5,154773.0,False,12.9,0.0,,,8.8925,37.6035,0.0,0.0,0.0,0.0,26.4,52,28.6,52,33.1,52,Low,Low,Low
Tally,Aurangabad,5,65825.0,False,10.3,0.0,,,7.6,38.486000000000004,0.0,0.0,0.0,0.0,23.7,52,25.6,52,29.4,52,Low,Low,Low
Tally,Beed,5,122048.8,False,11.4,0.0,,,9.5965,42.417,0.0,0.0,0.0,0.0,26.5,52,28.9,52,33.7,52,Low,Low,Low
Tally,Bhiwandi,2,180094.5,False,2.8,0.0,,,8.895,40.1755,0.0,0.0,0.0,0.0,17.1,46,19.3,46,23.7,46,Low,Low,Low
Tally,Chandrapur,9,87947.0,False,19.0,0.0,,,8.7865,35.588,0.0,0.0,0.0,0.0,31.9,60,34.1,60,38.5,60,Low,Low,Medium
Tally,Dhule,6,134445.83333333334,False,15.2,0.0,,,10.1625,39.802,0.0,0.0,0.0,0.0,29.7,54,32.2,54,37.3,54,Low,Low,Medium
Tally,Jalgaon,6,127394.16666666667,False,13.2,0.0,,,8.879999999999999,37.665,0.0,0.0,0.0,0.0,26.7,54,28.9,54,33.4,54,Low,Low,Low
Tally,Jalna,4,87691.0,False,6.5,0.0,,,8.616499999999998,33.054500000000004,0.0,0.0,0.0,0.0,18.6,50,20.7,50,25.0,50,Low,Low,Low
Tally,Kolhapur,5,68947.4,False,10.0,0.0,,,9.7,40.227999999999994,0.0,0.0,0.0,0.0,24.5,52,26.9,52,31.8,52,Low,Low,Low
Tally,Latur,4,114117.75,False,7.7,0.0,,,9.7515,39.448,0.0,0.0,0.0,0.0,22.0,50,24.4,50,29.3,50,Low,Low,Low
Tally,Mumbai,7,146690.7142857143,False,18.5,0.0,,,9.267,35.709500000000006,0.0,0.0,0.0,0.0,31.5,56,33.8,56,38.5,56,Low,Low,Medium
Tally,Nagpur,7,127863.71428571429,False,13.0,0.0,,,9.1105,38.835,0.0,0.0,0.0,0.0,26.9,56,29.2,56,33.8,56,Low,Low,Low
Tally,Nanded,5,123243.2,False,8.9,0.0,,,8.637,35.605000000000004,0.0,0.0,0.0,0.0,21.7,52,23.9,52,28.2,52,Low,Low,Low
Tally,Nashik,2,37381.0,False,2.6,0.0,,,8.586,37.875,0.0,0.0,0.0,0.0,16.1,46,18.3,46,22.5,46,Low,Low,Low
Tally,Osmanabad,3,138704.66666666666,False,4.8,0.0,,,8.059999999999999,37.4765,0.0,0.0,0.0,0.0,18.1,48,20.1,48,24.1,48,Low,Low,Low
Tally,Parbhani,6,225294.16666666666,False,10.2,0.0,,,9.2835,38.364,0.0,0.0,0.0,0.0,24.0,54,26.4,54,31.0,54,Low,Low,Low
Tally,Pune,8,112865.125,False,19.4,0.0,,,8.681999999999999,40.851,0.0,0.0,0.0,0.0,33.8,58,36.0,58,40.3,58,Low,Medium,Medium
Tally,Raigad,3,170127.66666666666,False,5.7,0.0,,,9.9115,39.47,0.0,0.0,0.0,0.0,20.0,48,22.5,48,27.5,48,Low,Low,Low
Tally,Sangli,5,111961.6,False,12.5,0.0,,,9.5185,37.182,0.0,0.0,0.0,0.0,26.0,52,28.4,52,33.2,52,Low,Low,Low
Tally,Satara,3,106114.33333333333,False,5.0,0.0,,,9.8795,40.648,0.0,0.0,0.0,0.0,19.7,48,22.1,48,27.1,48,Low,Low,Low
Tally,Yavatmal,2,41291.5,False,2.4,0.0,,,9.310500000000001,37.6325,0.0,0.0,0.0,0.0,16.0,46,18.3,46,23.0,46,Low,Low,Low
Taxation,Ahmednagar,2,117811.0,False,2.3,0.0,,,8.46,36.595,0.0,0.0,0.0,0.0,15.4,46,17.5,46,21.7,46,Low,Low,Low
Taxation,Akola,4,100696.0,False,6.4,0.0,,,9.0,33.019,0.0,0.0,0.0,0.0,18.6,50,20.8,50,25.3,50,Low,Low,Low
Taxation,Amravati,5,226607.4,False,12.9,0.0,,,8.8925,37.6035,0.0,0.0,0.0,0.0,26.4,52,28.6,52,33.1,52,Low,Low,Low
Taxation,Aurangabad,8,47047.875,False,17.9,0.0,,,7.6,38.486000000000004,0.0,0.0,0.0,0.0,31.3,58,33.2,58,37.0,58,Low,Low,Medium
Taxation,Beed,4,109302.0,False,8.6,0.0,,,9.5965,42.417,0.0,0.0,0.0,0.0,23.7,50,26.1,50,30.9,50,Low,Low,Low
Taxation,Bhiwandi,3,144658.33333333334,False,5.6,0.0,,,8.895,40.1755,0.0,0.0,0.0,0.0,19.9,48,22.1,48,26.5,48,Low,Low,Low
Taxation,Chandrapur,11,90321.54545454546,False,23.8,0.0,,,8.7865,35.588,0.0,0.0,0.0,0.0,36.7,64,38.9,64,43.3,64,Medium,Medium,Medium
Taxation,Dhule,7,193501.14285714287,False,18.2,0.0,,,10.1625,39.802,0.0,0.0,0.0,0.0,32.7,56,35.2,56,40.3,56,Low,Medium,Medium
Taxation,Jalgaon,6,117558.5,False,13.2,0.0,,,8.879999999999999,37.665,0.0,0.0,0.0,0.0,26.7,54,28.9,54,33.4,54,Low,Low,Low
Taxation,Kolhapur,6,60276.0,False,12.5,0.0,,,9.7,40.227999999999994,0.0,0.0,0.0,0.0,27.0,54,29.4,54,34.3,54,Low,Low,Low
Taxation,Latur,4,215982.0,False,7.7,0.0,,,9.7515,39.448,0.0,0.0,0.0,0.0,22.0,50,24.4,50,29.3,50,Low,Low,Low
Taxation,Mumbai,4,169794.0,False,7.4,0.0,,,9.267,35.709500000000006,0.0,0.0,0.0,0.0,20.4,50,22.7,50,27.4,50,Low,Low,Low
Taxation,Nagpur,8,200551.875,False,15.2,0.0,,,9.1105,38.835,0.0,0.0,0.0,0.0,29.1,58,31.4,58,36.0,58,Low,Low,Medium
Taxation,Nanded,5,151180.0,False,8.9,0.0,,,8.637,35.605000000000004,0.0,0.0,0.0,0.0,21.7,52,23.9,52,28.2,52,Low,Low,Low
Taxation,Nashik,3,163392.0,False,5.3,0.0,,,8.586,37.875,0.0,0.0,0.0,0.0,18.8,48,21.0,48,25.2,48,Low,Low,Low
Taxation,Osmanabad,5,101222.8,False,9.5,0.0,,,8.059999999999999,37.4765,0.0,0.0,0.0,0.0,22.8,52,24.8,52,28.8,52,Low,Low,Low
Taxation,Parbhani,6,77720.33333333333,False,10.2,0.0,,,9.2835,38.364,0.0,0.0,0.0,0.0,24.0,54,26.4,54,31.0,54,Low,Low,Low
Taxation,Pune,9,127956.88888888889,False,22.2,0.0,,,8.681999999999999,40.851,0.0,0.0,0.0,0.0,36.6,60,38.8,60,43.1,60,Medium,Medium,Medium
Taxation,Raigad,1,30403.0,False,0.0,0.0,,,9.9115,39.47,0.0,0.0,0.0,0.0,14.3,44,16.8,44,21.8,44,Low,Low,Low
Taxation,Sangli,5,55358.0,False,12.5,0.0,,,9.5185,37.182,0.0,0.0,0.0,0.0,26.0,52,28.4,52,33.2,52,Low,Low,Low
Taxation,Satara,4,124362.0,False,7.5,0.0,,,9.8795,40.648,0.0,0.0,0.0,0.0,22.2,50,24.6,50,29.6,50,Low,Low,Low
Taxation,Yavatmal,5,173682.4,False,9.5,0.0,,,9.310500000000001,37.6325,0.0,0.0,0.0,0.0,23.1,52,25.4,52,30.1,52,Low,Low,Low
Team Leadership,Ahmednagar,7,128375.14285714286,False,14.0,0.0,,,8.46,36.595,0.0,0.0,0.0,0.0,27.1,56,29.2,56,33.4,56,Low,Low,Low
Team Leadership,Akola,3,231725.0,False,4.3,0.0,,,9.0,33.019,0.0,0.0,0.0,0.0,16.5,48,18.7,48,23.2,48,Low,Low,Low
Team Leadership,Amravati,8,180019.75,False,22.6,0.0,,,8.8925,37.6035,0.0,0.0,0.0,0.0,36.1,58,38.3,58,42.8,58,Medium,Medium,Medium
Team Leadership,Aurangabad,4,85245.5,False,7.7,0.0,,,7.6,38.486000000000004,0.0,0.0,0.0,0.0,21.1,50,23.0,50,26.8,50,Low,Low,Low
Team Leadership,Beed,4,98000.0,False,8.6,0.0,,,9.5965,42.417,0.0,0.0,0.0,0.0,23.7,50,26.1,50,30.9,50,Low,Low,Low
Team Leadership,Bhiwandi,11,96773.36363636363,False,27.8,0.0,,,8.895,40.1755,0.0,0.0,0.0,0.0,42.1,64,44.3,64,48.7,64,Medium,Medium,Medium
Team Leadership,Chandrapur,1,41542.0,False,0.0,0.0,,,8.7865,35.588,0.0,0.0,0.0,0.0,12.9,44,15.1,44,19.5,44,Low,Low,Low
Team Leadership,Dhule,8,72946.875,False,21.2,0.0,,,10.1625,39.802,0.0,0.0,0.0,0.0,35.7,58,38.2,58,43.3,58,Medium,Medium,Medium
Team Leadership,Jalgaon,5,88831.0,False,10.5,0.0,,,8.879999999999999,37.665,0.0,0.0,0.0,0.0,24.0,52,26.2,52,30.7,52,Low,Low,Low
Team Leadership,Jalna,4,54801.75,False,6.5,0.0,,,8.616499999999998,33.054500000000004,0.0,0.0,0.0,0.0,18.6,50,20.7,50,25.0,50,Low,Low,Low
Team Leadership,Kolhapur,5,162405.4,False,10.0,0.0,,,9.7,40.227999999999994,0.0,0.0,0.0,0.0,24.5,52,26.9,52,31.8,52,Low,Low,Low
Team Leadership,Latur,9,195027.44444444444,False,20.5,0.0,,,9.7515,39.448,0.0,0.0,0.0,0.0,34.8,60,37.2,60,42.1,60,Low,Medium,Medium
Team Leadership,Mumbai,5,239875.2,False,11.1,0.0,,,9.267,35.709500000000006,0.0,0.0,0.0,0.0,24.1,52,26.4,52,31.1,52,Low,Low,Low
Team Leadership,Nagpur,4,208079.75,False,6.5,0.0,,,9.1105,38.835,0.0,0.0,0.0,0.0,20.4,50,22.7,50,27.3,50,Low,Low,Low
Team Leadership,Nanded,4,144393.0,False,6.7,0.0,,,8.637,35.605000000000004,0.0,0.0,0.0,0.0,19.5,50,21.7,50,26.0,50,Low,Low,Low
Team Leadership,Nashik,6,87501.33333333333,False,13.2,0.0,,,8.586,37.875,0.0,0.0,0.0,0.0,26.7,54,28.9,54,33.1,54,Low,Low,Low
Team Leadership,Osmanabad,7,224268.14285714287,False,14.3,0.0,,,8.059999999999999,37.4765,0.0,0.0,0.0,0.0,27.6,56,29.6,56,33.6,56,Low,Low,Low
Team Leadership,Parbhani,2,42044.0,False,2.0,0.0,,,9.2835,38.364,0.0,0.0,0.0,0.0,15.8,46,18.2,46,22.8,46,Low,Low,Low
Team Leadership,Pune,6,147968.5,False,13.9,0.0,,,8.681999999999999,40.851,0.0,0.0,0.0,0.0,28.3,54,30.5,54,34.8,54,Low,Low,Low
Team Leadership,Raigad,4,96336.75,False,8.6,0.0,,,9.9115,39.47,0.0,0.0,0.0,0.0,22.9,50,25.4,50,30.4,50,Low,Low,Low
Team Leadership,Sangli,6,213893.16666666666,False,15.6,0.0,,,9.5185,37.182,0.0,0.0,0.0,0.0,29.1,54,31.5,54,36.3,54,Low,Low,Medium
Team Leadership,Satara,1,37159.0,False,0.0,0.0,,,9.8795,40.648,0.0,0.0,0.0,0.0,14.7,44,17.1,44,22.1,44,Low,Low,Low
Team Leadership,Solapur,7,165286.7142857143,False,14.3,0.0,,,9.0745,41.6085,0.0,0.0,0.0,0.0,29.1,56,31.3,56,35.9,56,Low,Low,Medium
Team Leadership,Yavatmal,5,256183.4,False,9.5,0.0,,,9.310500000000001,37.6325,0.0,0.0,0.0,0.0,23.1,52,25.4,52,30.1,52,Low,Low,Low
TensorFlow,Ahmednagar,2,89268.0,False,2.3,0.0,,,8.46,36.595,15.0,0.0,15.0,0.0,30.4,46,32.5,46,36.7,46,Low,Low,Medium
TensorFlow,Akola,3,122544.0,False,4.3,0.0,,,9.0,33.019,15.0,0.0,15.0,0.0,31.5,48,33.7,48,38.2,48,Low,Low,Medium
TensorFlow,Amravati,1,489095.0,False,0.0,0.0,,,8.8925,37.6035,15.0,0.0,15.0,0.0,28.5,44,30.7,44,35.2,44,Low,Low,Medium
TensorFlow,Aurangabad,4,216267.0,False,7.7,0.0,,,7.6,38.486000000000004,15.0,0.0,15.0,0.0,36.1,50,38.0,50,41.8,50,Medium,Medium,Medium
TensorFlow,Beed,7,163056.85714285713,False,17.1,0.0,,,9.5965,42.417,15.0,0.0,15.0,0.0,47.2,56,49.6,56,54.4,56,Medium,Medium,Medium
TensorFlow,Bhiwandi,6,52933.833333333336,False,13.9,0.0,,,8.895,40.1755,15.0,0.0,15.0,0.0,43.2,54,45.4,54,49.8,54,Medium,Medium,Medium
TensorFlow,Chandrapur,5,313831.4,False,9.5,0.0,,,8.7865,35.588,15.0,0.0,15.0,0.0,37.4,52,39.6,52,44.0,52,Medium,Medium,Medium
TensorFlow,Dhule,6,128323.83333333333,False,15.2,0.0,,,10.1625,39.802,15.0,0.0,15.0,0.0,44.7,54,47.2,54,52.3,54,Medium,Medium,Medium
TensorFlow,Jalgaon,1,358411.0,False,0.0,0.0,,,8.879999999999999,37.665,15.0,0.0,15.0,0.0,28.5,44,30.7,44,35.2,44,Low,Low,Medium
TensorFlow,Jalna,6,53328.5,False,10.9,0.0,,,8.616499999999998,33.054500000000004,15.0,0.0,15.0,0.0,38.0,54,40.1,54,44.4,54,Medium,Medium,Medium
TensorFlow,Kolhapur,4,71192.75,False,7.5,0.0,,,9.7,40.227999999999994,15.0,0.0,15.0,0.0,37.0,50,39.4,50,44.3,50,Medium,Medium,Medium
TensorFlow,Latur,8,102687.25,False,17.9,0.0,,,9.7515,39.448,15.0,0.0,15.0,0.0,47.2,58,49.6,58,54.5,58,Medium,Medium,Medium
TensorFlow,Mumbai,7,112852.85714285714,False,18.5,0.0,,,9.267,35.709500000000006,15.0,0.0,15.0,0.0,46.5,56,48.8,56,53.5,56,Medium,Medium,Medium
TensorFlow,Nagpur,5,81367.4,False,8.7,0.0,,,9.1105,38.835,15.0,0.0,15.0,0.0,37.6,52,39.9,52,44.5,52,Medium,Medium,Medium
TensorFlow,Nanded,6,150922.83333333334,False,11.1,0.0,,,8.637,35.605000000000004,15.0,0.0,15.0,0.0,38.9,54,41.1,54,45.4,54,Medium,Medium,Medium
TensorFlow,Nashik,6,194256.83333333334,False,13.2,0.0,,,8.586,37.875,15.0,0.0,15.0,0.0,41.7,54,43.9,54,48.1,54,Medium,Medium,Medium
TensorFlow,Osmanabad,7,215274.42857142858,False,14.3,0.0,,,8.059999999999999,37.4765,15.0,0.0,15.0,0.0,42.6,56,44.6,56,48.6,56,Medium,Medium,Medium
TensorFlow,Parbhani,3,66981.0,False,4.1,0.0,,,9.2835,38.364,15.0,0.0,15.0,0.0,32.9,48,35.3,48,39.9,48,Low,Medium,Medium
TensorFlow,Pune,9,187340.66666666666,False,22.2,0.0,,,8.681999999999999,40.851,15.0,0.0,15.0,0.0,51.6,60,53.8,60,58.1,60,Medium,Medium,Medium
TensorFlow,Raigad,4,174531.25,False,8.6,0.0,,,9.9115,39.47,15.0,0.0,15.0,0.0,37.9,50,40.4,50,45.4,50,Medium,Medium,Medium
TensorFlow,Sangli,6,156478.0,False,15.6,0.0,,,9.5185,37.182,15.0,0.0,15.0,0.0,44.1,54,46.5,54,51.3,54,Medium,Medium,Medium
TensorFlow,Satara,3,75043.33333333333,False,5.0,0.0,,,9.8795,40.648,15.0,0.0,15.0,0.0,34.7,48,37.1,48,42.1,48,Low,Medium,Medium
TensorFlow,Solapur,7,112517.14285714286,False,14.3,0.0,,,9.0745,41.6085,15.0,0.0,15.0,0.0,44.1,56,46.3,56,50.9,56,Medium,Medium,Medium
TensorFlow,Yavatmal,4,170459.0,False,7.1,0.0,,,9.310500000000001,37.6325,15.0,0.0,15.0,0.0,35.7,50,38.0,50,42.7,50,Medium,Medium,Medium
Terraform,Ahmednagar,1,109793.0,True,0.0,31.5775,Medium,Rapidly Growing,8.46,36.595,0.0,0.0,0.0,-5.0,16.0,52,26.0,52,46.0,52,Low,Low,Medium
Terraform,Akola,4,236512.5,True,6.4,31.5775,Medium,Rapidly Growing,9.0,33.019,0.0,0.0,0.0,-5.0,21.5,58,31.6,58,51.9,58,Low,Low,Medium
Terraform,Amravati,7,151753.7142857143,True,19.4,31.5775,Medium,Rapidly Growing,8.8925,37.6035,0.0,0.0,0.0,-5.0,35.8,64,45.9,64,66.2,64,Medium,Medium,High
Terraform,Aurangabad,2,31941.0,True,2.6,31.5775,Medium,Rapidly Growing,7.6,38.486000000000004,0.0,0.0,0.0,-5.0,18.9,54,28.7,54,48.3,54,Low,Low,Medium
Terraform,Beed,6,156035.66666666666,True,14.3,31.5775,Medium,Rapidly Growing,9.5965,42.417,0.0,0.0,0.0,-5.0,32.3,62,42.6,62,63.2,62,Low,Medium,Medium
Terraform,Bhiwandi,4,199562.0,True,8.3,31.5775,Medium,Rapidly Growing,8.895,40.1755,0.0,0.0,0.0,-5.0,25.5,58,35.6,58,55.8,58,Low,Medium,Medium
Terraform,Chandrapur,4,103469.75,True,7.1,31.5775,Medium,Rapidly Growing,8.7865,35.588,0.0,0.0,0.0,-5.0,22.9,58,33.0,58,53.1,58,Low,Low,Medium
Terraform,Dhule,3,66148.0,True,6.1,31.5775,Medium,Rapidly Growing,10.1625,39.802,0.0,0.0,0.0,-5.0,23.5,56,33.9,56,54.8,56,Low,Low,Medium
Terraform,Jalgaon,2,105129.0,True,2.6,31.5775,Medium,Rapidly Growing,8.879999999999999,37.665,0.0,0.0,0.0,-5.0,19.0,54,29.1,54,49.4,54,Low,Low,Medium
Terraform,Jalna,1,44004.0,True,0.0,31.5775,Medium,Rapidly Growing,8.616499999999998,33.054500000000004,0.0,0.0,0.0,-5.0,15.0,52,25.0,52,45.1,52,Low,Low,Medium
Terraform,Kolhapur,4,64277.25,True,7.5,31.5775,Medium,Rapidly Growing,9.7,40.227999999999994,0.0,0.0,0.0,-5.0,24.9,58,35.2,58,55.8,58,Low,Medium,Medium
Terraform,Latur,4,263852.25,True,7.7,31.5775,Medium,Rapidly Growing,9.7515,39.448,0.0,0.0,0.0,-5.0,24.9,58,35.2,58,55.9,58,Low,Medium,Medium
Terraform,Mumbai,5,99496.6,True,11.1,31.5775,Medium,Rapidly Growing,9.267,35.709500000000006,0.0,0.0,0.0,-5.0,27.0,60,37.2,60,57.7,60,Low,Medium,Medium
Terraform,Nagpur,7,203521.7142857143,True,13.0,31.5775,Medium,Rapidly Growing,9.1105,38.835,0.0,0.0,0.0,-5.0,29.8,64,40.0,64,60.3,64,Low,Medium,Medium
Terraform,Nanded,1,174734.0,True,0.0,31.5775,Medium,Rapidly Growing,8.637,35.605000000000004,0.0,0.0,0.0,-5.0,15.7,52,25.8,52,45.9,52,Low,Low,Medium
Terraform,Nashik,11,97742.54545454546,True,26.3,31.5775,Medium,Rapidly Growing,8.586,37.875,0.0,0.0,0.0,-5.0,42.7,72,52.7,72,72.8,72,Medium,Medium,High
Terraform,Osmanabad,2,119299.5,True,2.4,31.5775,Medium,Rapidly Growing,8.059999999999999,37.4765,0.0,0.0,0.0,-5.0,18.6,54,28.5,54,48.3,54,Low,Low,Medium
Terraform,Parbhani,5,159925.4,True,8.2,31.5775,Medium,Rapidly Growing,9.2835,38.364,0.0,0.0,0.0,-5.0,24.9,60,35.1,60,55.6,60,Low,Medium,Medium
Terraform,Pune,4,70562.25,True,8.3,31.5775,Medium,Rapidly Growing,8.681999999999999,40.851,0.0,0.0,0.0,-5.0,25.6,58,35.7,58,55.8,58,Low,Medium,Medium
Terraform,Raigad,6,139153.16666666666,True,14.3,31.5775,Medium,Rapidly Growing,9.9115,39.47,0.0,0.0,0.0,-5.0,31.5,62,41.9,62,62.6,62,Low,Medium,Medium
Terraform,Sangli,2,157992.0,True,3.1,31.5775,Medium,Rapidly Growing,9.5185,37.182,0.0,0.0,0.0,-5.0,19.5,54,29.8,54,50.4,54,Low,Low,Medium
Terraform,Satara,2,88070.0,True,2.5,31.5775,Medium,Rapidly Growing,9.8795,40.648,0.0,0.0,0.0,-5.0,20.1,54,30.4,54,51.2,54,Low,Low,Medium
Terraform,Solapur,5,130678.8,True,9.5,31.5775,Medium,Rapidly Growing,9.0745,41.6085,0.0,0.0,0.0,-5.0,27.1,60,37.3,60,57.6,60,Low,Medium,Medium
Terraform,Yavatmal,1,202258.0,True,0.0,31.5775,Medium,Rapidly Growing,9.310500000000001,37.6325,0.0,0.0,0.0,-5.0,16.5,52,26.7,52,47.2,52,Low,Low,Medium
Testing,Ahmednagar,3,155248.66666666666,False,4.7,0.0,,,8.46,36.595,0.0,0.0,0.0,0.0,17.8,48,19.9,48,24.1,48,Low,Low,Low
Testing,Akola,5,134309.6,False,8.5,0.0,,,9.0,33.019,0.0,0.0,0.0,0.0,20.7,52,22.9,52,27.4,52,Low,Low,Low
Testing,Aurangabad,5,112799.2,False,10.3,0.0,,,7.6,38.486000000000004,0.0,0.0,0.0,0.0,23.7,52,25.6,52,29.4,52,Low,Low,Low
Testing,Beed,3,173187.66666666666,False,5.7,0.0,,,9.5965,42.417,0.0,0.0,0.0,0.0,20.8,48,23.2,48,28.0,48,Low,Low,Low
Testing,Bhiwandi,4,137962.0,False,8.3,0.0,,,8.895,40.1755,0.0,0.0,0.0,0.0,22.6,50,24.8,50,29.2,50,Low,Low,Low
Testing,Chandrapur,3,34915.333333333336,False,4.8,0.0,,,8.7865,35.588,0.0,0.0,0.0,0.0,17.7,48,19.9,48,24.3,48,Low,Low,Low
Testing,Dhule,7,144697.85714285713,False,18.2,0.0,,,10.1625,39.802,0.0,0.0,0.0,0.0,32.7,56,35.2,56,40.3,56,Low,Medium,Medium
Testing,Jalgaon,8,133256.0,False,18.4,0.0,,,8.879999999999999,37.665,0.0,0.0,0.0,0.0,31.9,58,34.1,58,38.6,58,Low,Low,Medium
Testing,Jalna,3,28414.0,False,4.3,0.0,,,8.616499999999998,33.054500000000004,0.0,0.0,0.0,0.0,16.4,48,18.5,48,22.8,48,Low,Low,Low
Testing,Kolhapur,4,172058.75,False,7.5,0.0,,,9.7,40.227999999999994,0.0,0.0,0.0,0.0,22.0,50,24.4,50,29.3,50,Low,Low,Low
Testing,Latur,2,415800.0,False,2.6,0.0,,,9.7515,39.448,0.0,0.0,0.0,0.0,16.9,46,19.3,46,24.2,46,Low,Low,Low
Testing,Mumbai,5,118674.8,False,11.1,0.0,,,9.267,35.709500000000006,0.0,0.0,0.0,0.0,24.1,52,26.4,52,31.1,52,Low,Low,Low
Testing,Nagpur,4,136522.5,False,6.5,0.0,,,9.1105,38.835,0.0,0.0,0.0,0.0,20.4,50,22.7,50,27.3,50,Low,Low,Low
Testing,Nanded,6,152250.16666666666,False,11.1,0.0,,,8.637,35.605000000000004,0.0,0.0,0.0,0.0,23.9,54,26.1,54,30.4,54,Low,Low,Low
Testing,Nashik,5,76976.2,False,10.5,0.0,,,8.586,37.875,0.0,0.0,0.0,0.0,24.0,52,26.2,52,30.4,52,Low,Low,Low
Testing,Osmanabad,1,259190.0,False,0.0,0.0,,,8.059999999999999,37.4765,0.0,0.0,0.0,0.0,13.3,44,15.3,44,19.3,44,Low,Low,Low
Testing,Parbhani,6,121392.5,False,10.2,0.0,,,9.2835,38.364,0.0,0.0,0.0,0.0,24.0,54,26.4,54,31.0,54,Low,Low,Low
Testing,Pune,3,71018.66666666667,False,5.6,0.0,,,8.681999999999999,40.851,0.0,0.0,0.0,0.0,20.0,48,22.2,48,26.5,48,Low,Low,Low
Testing,Raigad,1,19430.0,False,0.0,0.0,,,9.9115,39.47,0.0,0.0,0.0,0.0,14.3,44,16.8,44,21.8,44,Low,Low,Low
Testing,Sangli,5,229363.4,False,12.5,0.0,,,9.5185,37.182,0.0,0.0,0.0,0.0,26.0,52,28.4,52,33.2,52,Low,Low,Low
Testing,Satara,9,128653.11111111111,False,20.0,0.0,,,9.8795,40.648,0.0,0.0,0.0,0.0,34.7,60,37.1,60,42.1,60,Low,Medium,Medium
Testing,Solapur,5,165967.8,False,9.5,0.0,,,9.0745,41.6085,0.0,0.0,0.0,0.0,24.3,52,26.5,52,31.1,52,Low,Low,Low
Testing,Yavatmal,5,87281.4,False,9.5,0.0,,,9.310500000000001,37.6325,0.0,0.0,0.0,0.0,23.1,52,25.4,52,30.1,52,Low,Low,Low
Tracking Systems,Ahmednagar,2,91451.0,False,2.3,0.0,,,8.46,36.595,0.0,0.0,0.0,0.0,15.4,46,17.5,46,21.7,46,Low,Low,Low
Tracking Systems,Akola,9,72537.33333333333,False,17.0,0.0,,,9.0,33.019,0.0,0.0,0.0,0.0,29.2,60,31.4,60,35.9,60,Low,Low,Medium
Tracking Systems,Amravati,5,144530.8,False,12.9,0.0,,,8.8925,37.6035,0.0,0.0,0.0,0.0,26.4,52,28.6,52,33.1,52,Low,Low,Low
Tracking Systems,Aurangabad,2,119788.5,False,2.6,0.0,,,7.6,38.486000000000004,0.0,0.0,0.0,0.0,16.0,46,17.9,46,21.7,46,Low,Low,Low
Tracking Systems,Beed,3,62538.666666666664,False,5.7,0.0,,,9.5965,42.417,0.0,0.0,0.0,0.0,20.8,48,23.2,48,28.0,48,Low,Low,Low
Tracking Systems,Bhiwandi,3,115198.33333333333,False,5.6,0.0,,,8.895,40.1755,0.0,0.0,0.0,0.0,19.9,48,22.1,48,26.5,48,Low,Low,Low
Tracking Systems,Chandrapur,7,64657.71428571428,False,14.3,0.0,,,8.7865,35.588,0.0,0.0,0.0,0.0,27.2,56,29.4,56,33.8,56,Low,Low,Low
Tracking Systems,Dhule,3,206876.33333333334,False,6.1,0.0,,,10.1625,39.802,0.0,0.0,0.0,0.0,20.6,48,23.1,48,28.2,48,Low,Low,Low
Tracking Systems,Jalgaon,4,48378.25,False,7.9,0.0,,,8.879999999999999,37.665,0.0,0.0,0.0,0.0,21.4,50,23.6,50,28.1,50,Low,Low,Low
Tracking Systems,Jalna,5,251773.0,False,8.7,0.0,,,8.616499999999998,33.054500000000004,0.0,0.0,0.0,0.0,20.8,52,22.9,52,27.2,52,Low,Low,Low
Tracking Systems,Kolhapur,8,131811.0,False,17.5,0.0,,,9.7,40.227999999999994,0.0,0.0,0.0,0.0,32.0,58,34.4,58,39.3,58,Low,Low,Medium
Tracking Systems,Latur,1,57764.0,False,0.0,0.0,,,9.7515,39.448,0.0,0.0,0.0,0.0,14.3,44,16.7,44,21.6,44,Low,Low,Low
Tracking Systems,Mumbai,3,215921.0,False,3.7,0.0,,,9.267,35.709500000000006,0.0,0.0,0.0,0.0,16.7,48,19.0,48,23.7,48,Low,Low,Low
Tracking Systems,Nagpur,4,126228.75,False,6.5,0.0,,,9.1105,38.835,0.0,0.0,0.0,0.0,20.4,50,22.7,50,27.3,50,Low,Low,Low
Tracking Systems,Nanded,8,82913.5,False,15.6,0.0,,,8.637,35.605000000000004,0.0,0.0,0.0,0.0,28.4,58,30.6,58,34.9,58,Low,Low,Low
Tracking Systems,Nashik,9,150845.11111111112,False,21.1,0.0,,,8.586,37.875,0.0,0.0,0.0,0.0,34.6,60,36.8,60,41.0,60,Low,Medium,Medium
Tracking Systems,Osmanabad,5,68390.6,False,9.5,0.0,,,8.059999999999999,37.4765,0.0,0.0,0.0,0.0,22.8,52,24.8,52,28.8,52,Low,Low,Low
Tracking Systems,Parbhani,5,107215.4,False,8.2,0.0,,,9.2835,38.364,0.0,0.0,0.0,0.0,22.0,52,24.4,52,29.0,52,Low,Low,Low
Tracking Systems,Pune,5,117762.8,False,11.1,0.0,,,8.681999999999999,40.851,0.0,0.0,0.0,0.0,25.5,52,27.7,52,32.0,52,Low,Low,Low
Tracking Systems,Raigad,6,88894.16666666667,False,14.3,0.0,,,9.9115,39.47,0.0,0.0,0.0,0.0,28.6,54,31.1,54,36.1,54,Low,Low,Medium
Tracking Systems,Sangli,5,97351.6,False,12.5,0.0,,,9.5185,37.182,0.0,0.0,0.0,0.0,26.0,52,28.4,52,33.2,52,Low,Low,Low
Tracking Systems,Satara,5,136092.4,False,10.0,0.0,,,9.8795,40.648,0.0,0.0,0.0,0.0,24.7,52,27.1,52,32.1,52,Low,Low,Low
Tracking Systems,Solapur,5,174075.2,False,9.5,0.0,,,9.0745,41.6085,0.0,0.0,0.0,0.0,24.3,52,26.5,52,31.1,52,Low,Low,Low
Tracking Systems,Yavatmal,2,25701.5,False,2.4,0.0,,,9.310500000000001,37.6325,0.0,0.0,0.0,0.0,16.0,46,18.3,46,23.0,46,Low,Low,Low
Training Delivery,Ahmednagar,9,124672.55555555556,False,18.6,0.0,,,8.46,36.595,0.0,0.0,0.0,0.0,31.7,60,33.8,60,38.0,60,Low,Low,Medium
Training Delivery,Akola,7,136775.2857142857,False,12.8,0.0,,,9.0,33.019,0.0,0.0,0.0,0.0,25.0,56,27.2,56,31.7,56,Low,Low,Low
Training Delivery,Amravati,4,223877.5,False,9.7,0.0,,,8.8925,37.6035,0.0,0.0,0.0,0.0,23.2,50,25.4,50,29.9,50,Low,Low,Low
Training Delivery,Aurangabad,6,149366.33333333334,False,12.8,0.0,,,7.6,38.486000000000004,0.0,0.0,0.0,0.0,26.2,54,28.1,54,31.9,54,Low,Low,Low
Training Delivery,Beed,8,297037.125,False,20.0,0.0,,,9.5965,42.417,0.0,0.0,0.0,0.0,35.1,58,37.5,58,42.3,58,Medium,Medium,Medium
Training Delivery,Bhiwandi,9,98619.44444444444,False,22.2,0.0,,,8.895,40.1755,0.0,0.0,0.0,0.0,36.5,60,38.7,60,43.1,60,Medium,Medium,Medium
Training Delivery,Chandrapur,7,165703.0,False,14.3,0.0,,,8.7865,35.588,0.0,0.0,0.0,0.0,27.2,56,29.4,56,33.8,56,Low,Low,Low
Training Delivery,Dhule,6,186965.66666666666,False,15.2,0.0,,,10.1625,39.802,0.0,0.0,0.0,0.0,29.7,54,32.2,54,37.3,54,Low,Low,Medium
Training Delivery,Jalgaon,4,163071.25,False,7.9,0.0,,,8.879999999999999,37.665,0.0,0.0,0.0,0.0,21.4,50,23.6,50,28.1,50,Low,Low,Low
Training Delivery,Jalna,5,55929.8,False,8.7,0.0,,,8.616499999999998,33.054500000000004,0.0,0.0,0.0,0.0,20.8,52,22.9,52,27.2,52,Low,Low,Low
Training Delivery,Kolhapur,3,61431.0,False,5.0,0.0,,,9.7,40.227999999999994,0.0,0.0,0.0,0.0,19.5,48,21.9,48,26.8,48,Low,Low,Low
Training Delivery,Latur,4,45403.25,False,7.7,0.0,,,9.7515,39.448,0.0,0.0,0.0,0.0,22.0,50,24.4,50,29.3,50,Low,Low,Low
Training Delivery,Mumbai,5,123917.6,False,11.1,0.0,,,9.267,35.709500000000006,0.0,0.0,0.0,0.0,24.1,52,26.4,52,31.1,52,Low,Low,Low
Training Delivery,Nagpur,5,62461.2,False,8.7,0.0,,,9.1105,38.835,0.0,0.0,0.0,0.0,22.6,52,24.9,52,29.5,52,Low,Low,Low
Training Delivery,Nanded,7,115754.28571428571,False,13.3,0.0,,,8.637,35.605000000000004,0.0,0.0,0.0,0.0,26.1,56,28.3,56,32.6,56,Low,Low,Low
Training Delivery,Nashik,6,93082.33333333333,False,13.2,0.0,,,8.586,37.875,0.0,0.0,0.0,0.0,26.7,54,28.9,54,33.1,54,Low,Low,Low
Training Delivery,Osmanabad,1,342639.0,False,0.0,0.0,,,8.059999999999999,37.4765,0.0,0.0,0.0,0.0,13.3,44,15.3,44,19.3,44,Low,Low,Low
Training Delivery,Parbhani,9,184830.66666666666,False,16.3,0.0,,,9.2835,38.364,0.0,0.0,0.0,0.0,30.1,60,32.5,60,37.1,60,Low,Low,Medium
Training Delivery,Pune,4,47387.5,False,8.3,0.0,,,8.681999999999999,40.851,0.0,0.0,0.0,0.0,22.7,50,24.9,50,29.2,50,Low,Low,Low
Training Delivery,Raigad,2,75489.5,False,2.9,0.0,,,9.9115,39.47,0.0,0.0,0.0,0.0,17.2,46,19.7,46,24.7,46,Low,Low,Low
Training Delivery,Sangli,2,73071.5,False,3.1,0.0,,,9.5185,37.182,0.0,0.0,0.0,0.0,16.6,46,19.0,46,23.8,46,Low,Low,Low
Training Delivery,Satara,7,129529.57142857143,False,15.0,0.0,,,9.8795,40.648,0.0,0.0,0.0,0.0,29.7,56,32.1,56,37.1,56,Low,Low,Medium
Training Delivery,Solapur,7,88337.14285714286,False,14.3,0.0,,,9.0745,41.6085,0.0,0.0,0.0,0.0,29.1,56,31.3,56,35.9,56,Low,Low,Medium
Training Delivery,Yavatmal,6,162927.33333333334,False,11.9,0.0,,,9.310500000000001,37.6325,0.0,0.0,0.0,0.0,25.5,54,27.8,54,32.5,54,Low,Low,Low
Transportation Management,Ahmednagar,5,105347.4,False,9.3,0.0,,,8.46,36.595,0.0,0.0,0.0,0.0,22.4,52,24.5,52,28.7,52,Low,Low,Low
Transportation Management,Akola,9,82737.55555555556,False,17.0,0.0,,,9.0,33.019,0.0,0.0,0.0,0.0,29.2,60,31.4,60,35.9,60,Low,Low,Medium
Transportation Management,Amravati,5,123407.8,False,12.9,0.0,,,8.8925,37.6035,0.0,0.0,0.0,0.0,26.4,52,28.6,52,33.1,52,Low,Low,Low
Transportation Management,Aurangabad,2,119788.5,False,2.6,0.0,,,7.6,38.486000000000004,0.0,0.0,0.0,0.0,16.0,46,17.9,46,21.7,46,Low,Low,Low
Transportation Management,Beed,2,31076.0,False,2.9,0.0,,,9.5965,42.417,0.0,0.0,0.0,0.0,18.0,46,20.4,46,25.2,46,Low,Low,Low
Transportation Management,Bhiwandi,2,137945.0,False,2.8,0.0,,,8.895,40.1755,0.0,0.0,0.0,0.0,17.1,46,19.3,46,23.7,46,Low,Low,Low
Transportation Management,Chandrapur,4,116109.25,False,7.1,0.0,,,8.7865,35.588,0.0,0.0,0.0,0.0,20.0,50,22.2,50,26.6,50,Low,Low,Low
Transportation Management,Dhule,5,140914.0,False,12.1,0.0,,,10.1625,39.802,0.0,0.0,0.0,0.0,26.6,52,29.1,52,34.2,52,Low,Low,Low
Transportation Management,Jalgaon,5,94617.6,False,10.5,0.0,,,8.879999999999999,37.665,0.0,0.0,0.0,0.0,24.0,52,26.2,52,30.7,52,Low,Low,Low
Transportation Management,Jalna,3,189539.0,False,4.3,0.0,,,8.616499999999998,33.054500000000004,0.0,0.0,0.0,0.0,16.4,48,18.5,48,22.8,48,Low,Low,Low
Transportation Management,Kolhapur,8,99980.25,False,17.5,0.0,,,9.7,40.227999999999994,0.0,0.0,0.0,0.0,32.0,58,34.4,58,39.3,58,Low,Low,Medium
Transportation Management,Latur,3,36932.333333333336,False,5.1,0.0,,,9.7515,39.448,0.0,0.0,0.0,0.0,19.4,48,21.8,48,26.7,48,Low,Low,Low
Transportation Management,Mumbai,2,86855.5,False,0.0,0.0,,,9.267,35.709500000000006,0.0,0.0,0.0,0.0,13.0,46,15.3,46,20.0,46,Low,Low,Low
Transportation Management,Nagpur,5,107030.8,False,8.7,0.0,,,9.1105,38.835,0.0,0.0,0.0,0.0,22.6,52,24.9,52,29.5,52,Low,Low,Low
Transportation Management,Nanded,8,83850.375,False,15.6,0.0,,,8.637,35.605000000000004,0.0,0.0,0.0,0.0,28.4,58,30.6,58,34.9,58,Low,Low,Low
Transportation Management,Nashik,10,168519.1,False,23.7,0.0,,,8.586,37.875,0.0,0.0,0.0,0.0,37.2,62,39.4,62,43.6,62,Medium,Medium,Medium
Transportation Management,Osmanabad,6,59773.666666666664,False,11.9,0.0,,,8.059999999999999,37.4765,0.0,0.0,0.0,0.0,25.2,54,27.2,54,31.2,54,Low,Low,Low
Transportation Management,Parbhani,5,117077.6,False,8.2,0.0,,,9.2835,38.364,0.0,0.0,0.0,0.0,22.0,52,24.4,52,29.0,52,Low,Low,Low
Transportation Management,Pune,5,136806.4,False,11.1,0.0,,,8.681999999999999,40.851,0.0,0.0,0.0,0.0,25.5,52,27.7,52,32.0,52,Low,Low,Low
Transportation Management,Raigad,7,138958.14285714287,False,17.1,0.0,,,9.9115,39.47,0.0,0.0,0.0,0.0,31.4,56,33.9,56,38.9,56,Low,Low,Medium
Transportation Management,Sangli,4,121611.75,False,9.4,0.0,,,9.5185,37.182,0.0,0.0,0.0,0.0,22.9,50,25.3,50,30.1,50,Low,Low,Low
Transportation Management,Satara,3,132787.0,False,5.0,0.0,,,9.8795,40.648,0.0,0.0,0.0,0.0,19.7,48,22.1,48,27.1,48,Low,Low,Low
Transportation Management,Solapur,5,131550.8,False,9.5,0.0,,,9.0745,41.6085,0.0,0.0,0.0,0.0,24.3,52,26.5,52,31.1,52,Low,Low,Low
Transportation Management,Yavatmal,3,28793.0,False,4.8,0.0,,,9.310500000000001,37.6325,0.0,0.0,0.0,0.0,18.4,48,20.7,48,25.4,48,Low,Low,Low
Troubleshooting,Ahmednagar,11,82918.18181818182,False,23.3,0.0,,,8.46,36.595,0.0,0.0,0.0,0.0,36.4,64,38.5,64,42.7,64,Medium,Medium,Medium
Troubleshooting,Akola,15,126227.2,False,29.8,0.0,,,9.0,33.019,0.0,0.0,0.0,0.0,42.0,72,44.2,72,48.7,72,Medium,Medium,Medium
Troubleshooting,Amravati,10,178354.6,False,29.0,0.0,,,8.8925,37.6035,0.0,0.0,0.0,0.0,42.5,62,44.7,62,49.2,62,Medium,Medium,Medium
Troubleshooting,Aurangabad,19,158960.68421052632,False,46.2,0.0,,,7.6,38.486000000000004,0.0,0.0,0.0,0.0,59.6,77,61.5,77,65.3,77,Medium,Medium,High
Troubleshooting,Beed,17,121137.4705882353,False,45.7,0.0,,,9.5965,42.417,0.0,0.0,0.0,0.0,60.8,76,63.2,76,68.0,76,Medium,Medium,High
Troubleshooting,Bhiwandi,9,129421.88888888889,False,22.2,0.0,,,8.895,40.1755,0.0,0.0,0.0,0.0,36.5,60,38.7,60,43.1,60,Medium,Medium,Medium
Troubleshooting,Chandrapur,11,153341.45454545456,False,23.8,0.0,,,8.7865,35.588,0.0,0.0,0.0,0.0,36.7,64,38.9,64,43.3,64,Medium,Medium,Medium
Troubleshooting,Dhule,13,107610.76923076923,False,36.4,0.0,,,10.1625,39.802,0.0,0.0,0.0,0.0,50.9,68,53.4,68,58.5,68,Medium,Medium,Medium
Troubleshooting,Jalgaon,8,255552.75,False,18.4,0.0,,,8.879999999999999,37.665,0.0,0.0,0.0,0.0,31.9,58,34.1,58,38.6,58,Low,Low,Medium
Troubleshooting,Jalna,8,140835.625,False,15.2,0.0,,,8.616499999999998,33.054500000000004,0.0,0.0,0.0,0.0,27.3,58,29.4,58,33.7,58,Low,Low,Low
Troubleshooting,Kolhapur,13,129730.46153846153,False,30.0,0.0,,,9.7,40.227999999999994,0.0,0.0,0.0,0.0,44.5,68,46.9,68,51.8,68,Medium,Medium,Medium
Troubleshooting,Latur,12,200954.5,False,28.2,0.0,,,9.7515,39.448,0.0,0.0,0.0,0.0,42.5,66,44.9,66,49.8,66,Medium,Medium,Medium
Troubleshooting,Mumbai,13,208272.0,False,40.7,0.0,,,9.267,35.709500000000006,0.0,0.0,0.0,0.0,53.7,68,56.0,68,60.7,68,Medium,Medium,Medium
Troubleshooting,Nagpur,7,180338.2857142857,False,13.0,0.0,,,9.1105,38.835,0.0,0.0,0.0,0.0,26.9,56,29.2,56,33.8,56,Low,Low,Low
Troubleshooting,Nanded,5,235563.4,False,8.9,0.0,,,8.637,35.605000000000004,0.0,0.0,0.0,0.0,21.7,52,23.9,52,28.2,52,Low,Low,Low
Troubleshooting,Nashik,11,137210.0,False,26.3,0.0,,,8.586,37.875,0.0,0.0,0.0,0.0,39.8,64,42.0,64,46.2,64,Medium,Medium,Medium
Troubleshooting,Osmanabad,15,136369.13333333333,False,33.3,0.0,,,8.059999999999999,37.4765,0.0,0.0,0.0,0.0,46.6,72,48.6,72,52.6,72,Medium,Medium,Medium
Troubleshooting,Parbhani,13,128850.38461538461,False,24.5,0.0,,,9.2835,38.364,0.0,0.0,0.0,0.0,38.3,68,40.7,68,45.3,68,Medium,Medium,Medium
Troubleshooting,Pune,7,107229.85714285714,False,16.7,0.0,,,8.681999999999999,40.851,0.0,0.0,0.0,0.0,31.1,56,33.3,56,37.6,56,Low,Low,Medium
Troubleshooting,Raigad,8,95541.625,False,20.0,0.0,,,9.9115,39.47,0.0,0.0,0.0,0.0,34.3,58,36.8,58,41.8,58,Low,Medium,Medium
Troubleshooting,Sangli,16,132390.4375,False,46.9,0.0,,,9.5185,37.182,0.0,0.0,0.0,0.0,60.4,74,62.8,74,67.6,74,Medium,Medium,High
Troubleshooting,Satara,5,166323.2,False,10.0,0.0,,,9.8795,40.648,0.0,0.0,0.0,0.0,24.7,52,27.1,52,32.1,52,Low,Low,Low
Troubleshooting,Solapur,13,173016.6923076923,False,28.6,0.0,,,9.0745,41.6085,0.0,0.0,0.0,0.0,43.4,68,45.6,68,50.2,68,Medium,Medium,Medium
Troubleshooting,Yavatmal,10,110949.5,False,21.4,0.0,,,9.310500000000001,37.6325,0.0,0.0,0.0,0.0,35.0,62,37.3,62,42.0,62,Medium,Medium,Medium
User Research,Ahmednagar,6,134490.16666666666,False,11.6,0.0,,,8.46,36.595,0.0,0.0,0.0,0.0,24.7,54,26.8,54,31.0,54,Low,Low,Low
User Research,Akola,6,131787.83333333334,False,10.6,0.0,,,9.0,33.019,0.0,0.0,0.0,0.0,22.8,54,25.0,54,29.5,54,Low,Low,Low
User Research,Amravati,2,317494.5,False,3.2,0.0,,,8.8925,37.6035,0.0,0.0,0.0,0.0,16.7,46,18.9,46,23.4,46,Low,Low,Low
User Research,Aurangabad,6,110457.16666666667,False,12.8,0.0,,,7.6,38.486000000000004,0.0,0.0,0.0,0.0,26.2,54,28.1,54,31.9,54,Low,Low,Low
User Research,Beed,4,124088.25,False,8.6,0.0,,,9.5965,42.417,0.0,0.0,0.0,0.0,23.7,50,26.1,50,30.9,50,Low,Low,Low
User Research,Bhiwandi,4,236050.25,False,8.3,0.0,,,8.895,40.1755,0.0,0.0,0.0,0.0,22.6,50,24.8,50,29.2,50,Low,Low,Low
User Research,Chandrapur,5,115564.4,False,9.5,0.0,,,8.7865,35.588,0.0,0.0,0.0,0.0,22.4,52,24.6,52,29.0,52,Low,Low,Low
User Research,Dhule,7,121803.28571428571,False,18.2,0.0,,,10.1625,39.802,0.0,0.0,0.0,0.0,32.7,56,35.2,56,40.3,56,Low,Medium,Medium
User Research,Jalgaon,4,144713.75,False,7.9,0.0,,,8.879999999999999,37.665,0.0,0.0,0.0,0.0,21.4,50,23.6,50,28.1,50,Low,Low,Low
User Research,Jalna,2,136012.5,False,2.2,0.0,,,8.616499999999998,33.054500000000004,0.0,0.0,0.0,0.0,14.3,46,16.4,46,20.7,46,Low,Low,Low
User Research,Kolhapur,1,337494.0,False,0.0,0.0,,,9.7,40.227999999999994,0.0,0.0,0.0,0.0,14.5,44,16.9,44,21.8,44,Low,Low,Low
User Research,Latur,7,139028.85714285713,False,15.4,0.0,,,9.7515,39.448,0.0,0.0,0.0,0.0,29.7,56,32.1,56,37.0,56,Low,Low,Medium
User Research,Mumbai,2,312732.5,False,0.0,0.0,,,9.267,35.709500000000006,0.0,0.0,0.0,0.0,13.0,46,15.3,46,20.0,46,Low,Low,Low
User Research,Nagpur,4,119750.0,False,6.5,0.0,,,9.1105,38.835,0.0,0.0,0.0,0.0,20.4,50,22.7,50,27.3,50,Low,Low,Low
User Research,Nanded,4,157750.5,False,6.7,0.0,,,8.637,35.605000000000004,0.0,0.0,0.0,0.0,19.5,50,21.7,50,26.0,50,Low,Low,Low
User Research,Nashik,4,149454.5,False,7.9,0.0,,,8.586,37.875,0.0,0.0,0.0,0.0,21.4,50,23.6,50,27.8,50,Low,Low,Low
User Research,Osmanabad,8,79390.875,False,16.7,0.0,,,8.059999999999999,37.4765,0.0,0.0,0.0,0.0,30.0,58,32.0,58,36.0,58,Low,Low,Medium
User Research,Parbhani,2,85758.0,False,2.0,0.0,,,9.2835,38.364,0.0,0.0,0.0,0.0,15.8,46,18.2,46,22.8,46,Low,Low,Low
User Research,Pune,2,103536.0,False,2.8,0.0,,,8.681999999999999,40.851,0.0,0.0,0.0,0.0,17.2,46,19.4,46,23.7,46,Low,Low,Low
User Research,Raigad,2,60970.5,False,2.9,0.0,,,9.9115,39.47,0.0,0.0,0.0,0.0,17.2,46,19.7,46,24.7,46,Low,Low,Low
User Research,Sangli,4,82522.75,False,9.4,0.0,,,9.5185,37.182,0.0,0.0,0.0,0.0,22.9,50,25.3,50,30.1,50,Low,Low,Low
User Research,Satara,6,145510.83333333334,False,12.5,0.0,,,9.8795,40.648,0.0,0.0,0.0,0.0,27.2,54,29.6,54,34.6,54,Low,Low,Low
User Research,Solapur,3,238986.0,False,4.8,0.0,,,9.0745,41.6085,0.0,0.0,0.0,0.0,19.6,48,21.8,48,26.4,48,Low,Low,Low
User Research,Yavatmal,3,151147.66666666666,False,4.8,0.0,,,9.310500000000001,37.6325,0.0,0.0,0.0,0.0,18.4,48,20.7,48,25.4,48,Low,Low,Low
Vital Signs,Ahmednagar,5,122307.4,False,9.3,0.0,,,8.46,36.595,0.0,0.0,0.0,0.0,22.4,52,24.5,52,28.7,52,Low,Low,Low
Vital Signs,Akola,4,106930.0,False,6.4,0.0,,,9.0,33.019,0.0,0.0,0.0,0.0,18.6,50,20.8,50,25.3,50,Low,Low,Low
Vital Signs,Amravati,4,179508.5,False,9.7,0.0,,,8.8925,37.6035,0.0,0.0,0.0,0.0,23.2,50,25.4,50,29.9,50,Low,Low,Low
Vital Signs,Aurangabad,7,106314.85714285714,False,15.4,0.0,,,7.6,38.486000000000004,0.0,0.0,0.0,0.0,28.8,56,30.7,56,34.5,56,Low,Low,Low
Vital Signs,Beed,5,108631.2,False,11.4,0.0,,,9.5965,42.417,0.0,0.0,0.0,0.0,26.5,52,28.9,52,33.7,52,Low,Low,Low
Vital Signs,Bhiwandi,6,96798.16666666667,False,13.9,0.0,,,8.895,40.1755,0.0,0.0,0.0,0.0,28.2,54,30.4,54,34.8,54,Low,Low,Low
Vital Signs,Chandrapur,5,189763.6,False,9.5,0.0,,,8.7865,35.588,0.0,0.0,0.0,0.0,22.4,52,24.6,52,29.0,52,Low,Low,Low
Vital Signs,Dhule,7,109556.42857142857,False,18.2,0.0,,,10.1625,39.802,0.0,0.0,0.0,0.0,32.7,56,35.2,56,40.3,56,Low,Medium,Medium
Vital Signs,Jalgaon,5,126323.8,False,10.5,0.0,,,8.879999999999999,37.665,0.0,0.0,0.0,0.0,24.0,52,26.2,52,30.7,52,Low,Low,Low
Vital Signs,Jalna,1,17540.0,False,0.0,0.0,,,8.616499999999998,33.054500000000004,0.0,0.0,0.0,0.0,12.1,44,14.2,44,18.5,44,Low,Low,Low
Vital Signs,Kolhapur,4,148175.0,False,7.5,0.0,,,9.7,40.227999999999994,0.0,0.0,0.0,0.0,22.0,50,24.4,50,29.3,50,Low,Low,Low
Vital Signs,Latur,2,47639.0,False,2.6,0.0,,,9.7515,39.448,0.0,0.0,0.0,0.0,16.9,46,19.3,46,24.2,46,Low,Low,Low
Vital Signs,Mumbai,6,191885.5,False,14.8,0.0,,,9.267,35.709500000000006,0.0,0.0,0.0,0.0,27.8,54,30.1,54,34.8,54,Low,Low,Low
Vital Signs,Nagpur,10,181096.0,False,19.6,0.0,,,9.1105,38.835,0.0,0.0,0.0,0.0,33.5,62,35.8,62,40.4,62,Low,Medium,Medium
Vital Signs,Nanded,4,190716.25,False,6.7,0.0,,,8.637,35.605000000000004,0.0,0.0,0.0,0.0,19.5,50,21.7,50,26.0,50,Low,Low,Low
Vital Signs,Nashik,4,144161.0,False,7.9,0.0,,,8.586,37.875,0.0,0.0,0.0,0.0,21.4,50,23.6,50,27.8,50,Low,Low,Low
Vital Signs,Osmanabad,5,110012.8,False,9.5,0.0,,,8.059999999999999,37.4765,0.0,0.0,0.0,0.0,22.8,52,24.8,52,28.8,52,Low,Low,Low
Vital Signs,Parbhani,10,149511.0,False,18.4,0.0,,,9.2835,38.364,0.0,0.0,0.0,0.0,32.2,62,34.6,62,39.2,62,Low,Low,Medium
Vital Signs,Pune,5,59305.4,False,11.1,0.0,,,8.681999999999999,40.851,0.0,0.0,0.0,0.0,25.5,52,27.7,52,32.0,52,Low,Low,Low
Vital Signs,Raigad,7,74290.71428571429,False,17.1,0.0,,,9.9115,39.47,0.0,0.0,0.0,0.0,31.4,56,33.9,56,38.9,56,Low,Low,Medium
Vital Signs,Sangli,6,152013.0,False,15.6,0.0,,,9.5185,37.182,0.0,0.0,0.0,0.0,29.1,54,31.5,54,36.3,54,Low,Low,Medium
Vital Signs,Satara,8,136893.75,False,17.5,0.0,,,9.8795,40.648,0.0,0.0,0.0,0.0,32.2,58,34.6,58,39.6,58,Low,Low,Medium
Vital Signs,Solapur,5,156898.0,False,9.5,0.0,,,9.0745,41.6085,0.0,0.0,0.0,0.0,24.3,52,26.5,52,31.1,52,Low,Low,Low
Vital Signs,Yavatmal,9,173738.0,False,19.0,0.0,,,9.310500000000001,37.6325,0.0,0.0,0.0,0.0,32.6,60,34.9,60,39.6,60,Low,Low,Medium
WMS,Ahmednagar,7,63513.142857142855,False,14.0,0.0,,,8.46,36.595,0.0,0.0,0.0,0.0,27.1,56,29.2,56,33.4,56,Low,Low,Low
WMS,Akola,4,179114.25,False,6.4,0.0,,,9.0,33.019,0.0,0.0,0.0,0.0,18.6,50,20.8,50,25.3,50,Low,Low,Low
WMS,Amravati,11,158125.54545454544,False,32.3,0.0,,,8.8925,37.6035,0.0,0.0,0.0,0.0,45.8,64,48.0,64,52.5,64,Medium,Medium,Medium
WMS,Aurangabad,7,91881.85714285714,False,15.4,0.0,,,7.6,38.486000000000004,0.0,0.0,0.0,0.0,28.8,56,30.7,56,34.5,56,Low,Low,Low
WMS,Beed,5,93357.0,False,11.4,0.0,,,9.5965,42.417,0.0,0.0,0.0,0.0,26.5,52,28.9,52,33.7,52,Low,Low,Low
WMS,Bhiwandi,11,105982.27272727272,False,27.8,0.0,,,8.895,40.1755,0.0,0.0,0.0,0.0,42.1,64,44.3,64,48.7,64,Medium,Medium,Medium
WMS,Chandrapur,1,41542.0,False,0.0,0.0,,,8.7865,35.588,0.0,0.0,0.0,0.0,12.9,44,15.1,44,19.5,44,Low,Low,Low
WMS,Dhule,7,93679.14285714286,False,18.2,0.0,,,10.1625,39.802,0.0,0.0,0.0,0.0,32.7,56,35.2,56,40.3,56,Low,Medium,Medium
WMS,Jalgaon,5,149834.2,False,10.5,0.0,,,8.879999999999999,37.665,0.0,0.0,0.0,0.0,24.0,52,26.2,52,30.7,52,Low,Low,Low
WMS,Jalna,5,68363.2,False,8.7,0.0,,,8.616499999999998,33.054500000000004,0.0,0.0,0.0,0.0,20.8,52,22.9,52,27.2,52,Low,Low,Low
WMS,Kolhapur,5,160566.4,False,10.0,0.0,,,9.7,40.227999999999994,0.0,0.0,0.0,0.0,24.5,52,26.9,52,31.8,52,Low,Low,Low
WMS,Latur,10,177169.9,False,23.1,0.0,,,9.7515,39.448,0.0,0.0,0.0,0.0,37.4,62,39.8,62,44.7,62,Medium,Medium,Medium
WMS,Mumbai,3,224758.33333333334,False,3.7,0.0,,,9.267,35.709500000000006,0.0,0.0,0.0,0.0,16.7,48,19.0,48,23.7,48,Low,Low,Low
WMS,Nagpur,4,152482.5,False,6.5,0.0,,,9.1105,38.835,0.0,0.0,0.0,0.0,20.4,50,22.7,50,27.3,50,Low,Low,Low
WMS,Nanded,6,136602.0,False,11.1,0.0,,,8.637,35.605000000000004,0.0,0.0,0.0,0.0,23.9,54,26.1,54,30.4,54,Low,Low,Low
WMS,Nashik,7,77156.14285714286,False,15.8,0.0,,,8.586,37.875,0.0,0.0,0.0,0.0,29.3,56,31.5,56,35.7,56,Low,Low,Medium
WMS,Osmanabad,8,259938.5,False,16.7,0.0,,,8.059999999999999,37.4765,0.0,0.0,0.0,0.0,30.0,58,32.0,58,36.0,58,Low,Low,Medium
WMS,Parbhani,2,147802.5,False,2.0,0.0,,,9.2835,38.364,0.0,0.0,0.0,0.0,15.8,46,18.2,46,22.8,46,Low,Low,Low
WMS,Pune,7,159881.0,False,16.7,0.0,,,8.681999999999999,40.851,0.0,0.0,0.0,0.0,31.1,56,33.3,56,37.6,56,Low,Low,Medium
WMS,Raigad,6,159094.0,False,14.3,0.0,,,9.9115,39.47,0.0,0.0,0.0,0.0,28.6,54,31.1,54,36.1,54,Low,Low,Medium
WMS,Sangli,6,213893.16666666666,False,15.6,0.0,,,9.5185,37.182,0.0,0.0,0.0,0.0,29.1,54,31.5,54,36.3,54,Low,Low,Medium
WMS,Satara,3,46074.333333333336,False,5.0,0.0,,,9.8795,40.648,0.0,0.0,0.0,0.0,19.7,48,22.1,48,27.1,48,Low,Low,Low
WMS,Solapur,5,125400.8,False,9.5,0.0,,,9.0745,41.6085,0.0,0.0,0.0,0.0,24.3,52,26.5,52,31.1,52,Low,Low,Low
WMS,Yavatmal,7,299602.4285714286,False,14.3,0.0,,,9.310500000000001,37.6325,0.0,0.0,0.0,0.0,27.9,56,30.2,56,34.9,56,Low,Low,Low
Wireframing,Ahmednagar,10,114819.6,False,20.9,0.0,,,8.46,36.595,0.0,0.0,0.0,0.0,34.0,62,36.1,62,40.3,62,Low,Medium,Medium
Wireframing,Akola,3,47749.666666666664,False,4.3,0.0,,,9.0,33.019,0.0,0.0,0.0,0.0,16.5,48,18.7,48,23.2,48,Low,Low,Low
Wireframing,Amravati,1,28599.0,False,0.0,0.0,,,8.8925,37.6035,0.0,0.0,0.0,0.0,13.5,44,15.7,44,20.2,44,Low,Low,Low
Wireframing,Aurangabad,2,84436.5,False,2.6,0.0,,,7.6,38.486000000000004,0.0,0.0,0.0,0.0,16.0,46,17.9,46,21.7,46,Low,Low,Low
Wireframing,Beed,3,73215.66666666667,False,5.7,0.0,,,9.5965,42.417,0.0,0.0,0.0,0.0,20.8,48,23.2,48,28.0,48,Low,Low,Low
Wireframing,Bhiwandi,3,132606.33333333334,False,5.6,0.0,,,8.895,40.1755,0.0,0.0,0.0,0.0,19.9,48,22.1,48,26.5,48,Low,Low,Low
Wireframing,Chandrapur,3,124275.0,False,4.8,0.0,,,8.7865,35.588,0.0,0.0,0.0,0.0,17.7,48,19.9,48,24.3,48,Low,Low,Low
Wireframing,Dhule,6,119605.83333333333,False,15.2,0.0,,,10.1625,39.802,0.0,0.0,0.0,0.0,29.7,54,32.2,54,37.3,54,Low,Low,Medium
Wireframing,Jalgaon,4,147198.0,False,7.9,0.0,,,8.879999999999999,37.665,0.0,0.0,0.0,0.0,21.4,50,23.6,50,28.1,50,Low,Low,Low
Wireframing,Jalna,1,229008.0,False,0.0,0.0,,,8.616499999999998,33.054500000000004,0.0,0.0,0.0,0.0,12.1,44,14.2,44,18.5,44,Low,Low,Low
Wireframing,Kolhapur,4,220238.5,False,7.5,0.0,,,9.7,40.227999999999994,0.0,0.0,0.0,0.0,22.0,50,24.4,50,29.3,50,Low,Low,Low
Wireframing,Latur,5,165449.2,False,10.3,0.0,,,9.7515,39.448,0.0,0.0,0.0,0.0,24.6,52,27.0,52,31.9,52,Low,Low,Low
Wireframing,Mumbai,3,230377.0,False,3.7,0.0,,,9.267,35.709500000000006,0.0,0.0,0.0,0.0,16.7,48,19.0,48,23.7,48,Low,Low,Low
Wireframing,Nagpur,7,113688.85714285714,False,13.0,0.0,,,9.1105,38.835,0.0,0.0,0.0,0.0,26.9,56,29.2,56,33.8,56,Low,Low,Low
Wireframing,Nanded,3,56094.0,False,4.4,0.0,,,8.637,35.605000000000004,0.0,0.0,0.0,0.0,17.2,48,19.4,48,23.7,48,Low,Low,Low
Wireframing,Nashik,3,119176.33333333333,False,5.3,0.0,,,8.586,37.875,0.0,0.0,0.0,0.0,18.8,48,21.0,48,25.2,48,Low,Low,Low
Wireframing,Osmanabad,5,106117.0,False,9.5,0.0,,,8.059999999999999,37.4765,0.0,0.0,0.0,0.0,22.8,52,24.8,52,28.8,52,Low,Low,Low
Wireframing,Parbhani,4,70862.5,False,6.1,0.0,,,9.2835,38.364,0.0,0.0,0.0,0.0,19.9,50,22.3,50,26.9,50,Low,Low,Low
Wireframing,Pune,1,94328.0,False,0.0,0.0,,,8.681999999999999,40.851,0.0,0.0,0.0,0.0,14.4,44,16.6,44,20.9,44,Low,Low,Low
Wireframing,Sangli,2,43176.0,False,3.1,0.0,,,9.5185,37.182,0.0,0.0,0.0,0.0,16.6,46,19.0,46,23.8,46,Low,Low,Low
Wireframing,Satara,6,90106.5,False,12.5,0.0,,,9.8795,40.648,0.0,0.0,0.0,0.0,27.2,54,29.6,54,34.6,54,Low,Low,Low
Wireframing,Solapur,3,209155.0,False,4.8,0.0,,,9.0745,41.6085,0.0,0.0,0.0,0.0,19.6,48,21.8,48,26.4,48,Low,Low,Low
Wireframing,Yavatmal,4,148967.5,False,7.1,0.0,,,9.310500000000001,37.6325,0.0,0.0,0.0,0.0,20.7,50,23.0,50,27.7,50,Low,Low,Low
WordPress,Ahmednagar,7,267882.4285714286,False,14.0,0.0,,,8.46,36.595,0.0,0.0,0.0,0.0,27.1,56,29.2,56,33.4,56,Low,Low,Low
WordPress,Akola,6,209784.83333333334,False,10.6,0.0,,,9.0,33.019,0.0,0.0,0.0,0.0,22.8,54,25.0,54,29.5,54,Low,Low,Low
WordPress,Amravati,8,134086.875,False,22.6,0.0,,,8.8925,37.6035,0.0,0.0,0.0,0.0,36.1,58,38.3,58,42.8,58,Medium,Medium,Medium
WordPress,Aurangabad,1,28939.0,False,0.0,0.0,,,7.6,38.486000000000004,0.0,0.0,0.0,0.0,13.4,44,15.3,44,19.1,44,Low,Low,Low
WordPress,Beed,7,221773.2857142857,False,17.1,0.0,,,9.5965,42.417,0.0,0.0,0.0,0.0,32.2,56,34.6,56,39.4,56,Low,Low,Medium
WordPress,Bhiwandi,4,76977.75,False,8.3,0.0,,,8.895,40.1755,0.0,0.0,0.0,0.0,22.6,50,24.8,50,29.2,50,Low,Low,Low
WordPress,Chandrapur,11,135644.72727272726,False,23.8,0.0,,,8.7865,35.588,0.0,0.0,0.0,0.0,36.7,64,38.9,64,43.3,64,Medium,Medium,Medium
WordPress,Dhule,3,214408.0,False,6.1,0.0,,,10.1625,39.802,0.0,0.0,0.0,0.0,20.6,48,23.1,48,28.2,48,Low,Low,Low
WordPress,Jalgaon,5,53084.4,False,10.5,0.0,,,8.879999999999999,37.665,0.0,0.0,0.0,0.0,24.0,52,26.2,52,30.7,52,Low,Low,Low
WordPress,Jalna,4,81716.25,False,6.5,0.0,,,8.616499999999998,33.054500000000004,0.0,0.0,0.0,0.0,18.6,50,20.7,50,25.0,50,Low,Low,Low
WordPress,Kolhapur,6,175889.5,False,12.5,0.0,,,9.7,40.227999999999994,0.0,0.0,0.0,0.0,27.0,54,29.4,54,34.3,54,Low,Low,Low
WordPress,Latur,2,75015.5,False,2.6,0.0,,,9.7515,39.448,0.0,0.0,0.0,0.0,16.9,46,19.3,46,24.2,46,Low,Low,Low
WordPress,Mumbai,6,123756.83333333333,False,14.8,0.0,,,9.267,35.709500000000006,0.0,0.0,0.0,0.0,27.8,54,30.1,54,34.8,54,Low,Low,Low
WordPress,Nagpur,1,25975.0,False,0.0,0.0,,,9.1105,38.835,0.0,0.0,0.0,0.0,13.9,44,16.2,44,20.8,44,Low,Low,Low
WordPress,Nanded,5,149132.8,False,8.9,0.0,,,8.637,35.605000000000004,0.0,0.0,0.0,0.0,21.7,52,23.9,52,28.2,52,Low,Low,Low
WordPress,Nashik,4,102462.75,False,7.9,0.0,,,8.586,37.875,0.0,0.0,0.0,0.0,21.4,50,23.6,50,27.8,50,Low,Low,Low
WordPress,Osmanabad,7,190975.57142857142,False,14.3,0.0,,,8.059999999999999,37.4765,0.0,0.0,0.0,0.0,27.6,56,29.6,56,33.6,56,Low,Low,Low
WordPress,Parbhani,4,152420.75,False,6.1,0.0,,,9.2835,38.364,0.0,0.0,0.0,0.0,19.9,50,22.3,50,26.9,50,Low,Low,Low
WordPress,Pune,9,213469.88888888888,False,22.2,0.0,,,8.681999999999999,40.851,0.0,0.0,0.0,0.0,36.6,60,38.8,60,43.1,60,Medium,Medium,Medium
WordPress,Raigad,9,134315.44444444444,False,22.9,0.0,,,9.9115,39.47,0.0,0.0,0.0,0.0,37.2,60,39.7,60,44.7,60,Medium,Medium,Medium
WordPress,Sangli,7,148896.0,False,18.7,0.0,,,9.5185,37.182,0.0,0.0,0.0,0.0,32.2,56,34.6,56,39.4,56,Low,Low,Medium
WordPress,Satara,6,71374.5,False,12.5,0.0,,,9.8795,40.648,0.0,0.0,0.0,0.0,27.2,54,29.6,54,34.6,54,Low,Low,Low
WordPress,Solapur,1,33195.0,False,0.0,0.0,,,9.0745,41.6085,0.0,0.0,0.0,0.0,14.8,44,17.0,44,21.6,44,Low,Low,Low
WordPress,Yavatmal,7,180270.0,False,14.3,0.0,,,9.310500000000001,37.6325,0.0,0.0,0.0,0.0,27.9,56,30.2,56,34.9,56,Low,Low,Low
Zendesk,Ahmednagar,3,259071.0,False,4.7,0.0,,,8.46,36.595,0.0,0.0,0.0,0.0,17.8,48,19.9,48,24.1,48,Low,Low,Low
Zendesk,Akola,6,129804.66666666667,False,10.6,0.0,,,9.0,33.019,0.0,0.0,0.0,0.0,22.8,54,25.0,54,29.5,54,Low,Low,Low
Zendesk,Amravati,4,71124.75,False,9.7,0.0,,,8.8925,37.6035,0.0,0.0,0.0,0.0,23.2,50,25.4,50,29.9,50,Low,Low,Low
Zendesk,Aurangabad,5,132543.2,False,10.3,0.0,,,7.6,38.486000000000004,0.0,0.0,0.0,0.0,23.7,52,25.6,52,29.4,52,Low,Low,Low
Zendesk,Beed,5,65845.4,False,11.4,0.0,,,9.5965,42.417,0.0,0.0,0.0,0.0,26.5,52,28.9,52,33.7,52,Low,Low,Low
Zendesk,Bhiwandi,4,240979.25,False,8.3,0.0,,,8.895,40.1755,0.0,0.0,0.0,0.0,22.6,50,24.8,50,29.2,50,Low,Low,Low
Zendesk,Chandrapur,3,287826.3333333333,False,4.8,0.0,,,8.7865,35.588,0.0,0.0,0.0,0.0,17.7,48,19.9,48,24.3,48,Low,Low,Low
Zendesk,Dhule,3,145522.66666666666,False,6.1,0.0,,,10.1625,39.802,0.0,0.0,0.0,0.0,20.6,48,23.1,48,28.2,48,Low,Low,Low
Zendesk,Jalgaon,4,124782.25,False,7.9,0.0,,,8.879999999999999,37.665,0.0,0.0,0.0,0.0,21.4,50,23.6,50,28.1,50,Low,Low,Low
Zendesk,Jalna,2,31510.0,False,2.2,0.0,,,8.616499999999998,33.054500000000004,0.0,0.0,0.0,0.0,14.3,46,16.4,46,20.7,46,Low,Low,Low
Zendesk,Kolhapur,4,56254.5,False,7.5,0.0,,,9.7,40.227999999999994,0.0,0.0,0.0,0.0,22.0,50,24.4,50,29.3,50,Low,Low,Low
Zendesk,Latur,4,96811.75,False,7.7,0.0,,,9.7515,39.448,0.0,0.0,0.0,0.0,22.0,50,24.4,50,29.3,50,Low,Low,Low
Zendesk,Mumbai,3,106278.0,False,3.7,0.0,,,9.267,35.709500000000006,0.0,0.0,0.0,0.0,16.7,48,19.0,48,23.7,48,Low,Low,Low
Zendesk,Nagpur,6,48360.333333333336,False,10.9,0.0,,,9.1105,38.835,0.0,0.0,0.0,0.0,24.8,54,27.1,54,31.7,54,Low,Low,Low
Zendesk,Nanded,12,116191.5,False,24.4,0.0,,,8.637,35.605000000000004,0.0,0.0,0.0,0.0,37.2,66,39.4,66,43.7,66,Medium,Medium,Medium
Zendesk,Nashik,5,147450.2,False,10.5,0.0,,,8.586,37.875,0.0,0.0,0.0,0.0,24.0,52,26.2,52,30.4,52,Low,Low,Low
Zendesk,Osmanabad,5,243980.4,False,9.5,0.0,,,8.059999999999999,37.4765,0.0,0.0,0.0,0.0,22.8,52,24.8,52,28.8,52,Low,Low,Low
Zendesk,Parbhani,8,200960.375,False,14.3,0.0,,,9.2835,38.364,0.0,0.0,0.0,0.0,28.1,58,30.5,58,35.1,58,Low,Low,Medium
Zendesk,Pune,4,128379.25,False,8.3,0.0,,,8.681999999999999,40.851,0.0,0.0,0.0,0.0,22.7,50,24.9,50,29.2,50,Low,Low,Low
Zendesk,Raigad,4,172906.75,False,8.6,0.0,,,9.9115,39.47,0.0,0.0,0.0,0.0,22.9,50,25.4,50,30.4,50,Low,Low,Low
Zendesk,Sangli,3,83844.66666666667,False,6.2,0.0,,,9.5185,37.182,0.0,0.0,0.0,0.0,19.7,48,22.1,48,26.9,48,Low,Low,Low
Zendesk,Satara,4,87428.5,False,7.5,0.0,,,9.8795,40.648,0.0,0.0,0.0,0.0,22.2,50,24.6,50,29.6,50,Low,Low,Low
Zendesk,Solapur,5,115613.6,False,9.5,0.0,,,9.0745,41.6085,0.0,0.0,0.0,0.0,24.3,52,26.5,52,31.1,52,Low,Low,Low
Zendesk,Yavatmal,7,139280.2857142857,False,14.3,0.0,,,9.310500000000001,37.6325,0.0,0.0,0.0,0.0,27.9,56,30.2,56,34.9,56,Low,Low,Low
